RowIdx,CellName,Animal,Session,IsSpatial,IsSignif,IsOmit,LLHrel,LLHrel_omit,LLHrel_L1L2,LLHrel_BG,LLHrel_Spd,pval_omit
1,M26004_20260318_cell#1,1,1,0,0,0,0.967029613852077,0.990214602428862,NaN,NaN,NaN,1
2,M26004_20260318_cell#2,1,1,1,1,0,1.19798345642479,0.993722393648287,NaN,NaN,NaN,1
3,M26004_20260318_cell#3,1,1,1,1,0,1.22925626014917,0.975084234752641,NaN,NaN,NaN,1
4,M26004_20260318_cell#4,1,1,1,1,0,1.38493897574516,0.93679334967906,NaN,NaN,NaN,1
5,M26004_20260318_cell#5,1,1,1,1,0,1.11194128540471,0.985232466527971,NaN,NaN,NaN,1
6,M26004_20260318_cell#6,1,1,0,0,0,0.981513831848534,0.954544789244804,NaN,NaN,NaN,1
7,M26004_20260318_cell#7,1,1,1,1,0,1.2346651308308,0.983820406093038,NaN,NaN,NaN,1
9,M26004_20260318_cell#9,1,1,1,1,0,1.31811991362227,1.00649519775655,NaN,NaN,NaN,0.980378839105167
10,M26004_20260318_cell#10,1,1,1,1,0,1.21548794048617,1.00081855979068,NaN,NaN,NaN,1
11,M26004_20260318_cell#11,1,1,1,1,0,1.43130725882968,0.991744313773352,NaN,NaN,NaN,1
12,M26004_20260318_cell#12,1,1,1,1,0,1.69703511271875,0.961618311964321,NaN,NaN,NaN,1
13,M26004_20260318_cell#13,1,1,0,0,0,1.00216700545577,0.908608871692056,NaN,NaN,NaN,1
14,M26004_20260318_cell#14,1,1,1,1,0,1.04751956163244,1.01028197438585,NaN,NaN,NaN,0.00189762149838768
15,M26004_20260318_cell#15,1,1,1,1,0,1.1122156602372,0.989424411556298,NaN,NaN,NaN,1
16,M26004_20260318_cell#16,1,1,0,0,0,0.933985675101086,0.989393420357729,NaN,NaN,NaN,1
17,M26004_20260318_cell#17,1,1,1,1,0,1.47192702146644,0.952536978334868,NaN,NaN,NaN,1
18,M26004_20260318_cell#18,1,1,1,1,0,1.05919382348369,0.974901511331947,NaN,NaN,NaN,1
19,M26004_20260318_cell#19,1,1,1,1,0,1.2258216497622,0.998611437526156,NaN,NaN,NaN,1
20,M26004_20260318_cell#20,1,1,1,1,1,1.24994784465002,1.01576618993003,NaN,NaN,NaN,0
21,M26004_20260318_cell#21,1,1,1,1,0,1.37090337831757,0.98227798533751,NaN,NaN,NaN,1
22,M26004_20260318_cell#22,1,1,1,1,0,1.0747490731402,0.932669029440267,NaN,NaN,NaN,1
24,M26004_20260318_cell#24,1,1,0,0,0,0.95564422828776,0.961452114315334,NaN,NaN,NaN,1
25,M26004_20260318_cell#25,1,1,0,1,0,1.01416617016264,NaN,NaN,NaN,NaN,NaN
26,M26004_20260318_cell#26,1,1,1,1,0,1.34029881498891,0.997172680244279,NaN,NaN,NaN,1
27,M26004_20260318_cell#27,1,1,1,1,0,1.0546007277605,0.974376412531173,NaN,NaN,NaN,1
28,M26004_20260318_cell#28,1,1,1,1,0,1.14282773118811,0.983464807039647,NaN,NaN,NaN,1
29,M26004_20260318_cell#29,1,1,1,1,0,1.22255911643304,0.962015739323965,NaN,NaN,NaN,1
30,M26004_20260318_cell#30,1,1,1,1,0,1.11222160513672,0.989455254377723,NaN,NaN,NaN,1
31,M26004_20260318_cell#31,1,1,1,1,1,1.16952953242024,1.02100581228509,NaN,NaN,NaN,0
32,M26004_20260318_cell#32,1,1,1,1,0,1.06247672696143,1.00123167668571,NaN,NaN,NaN,0.782035044147368
33,M26004_20260318_cell#33,1,1,0,0,0,1.00148984906567,0.995756959204354,NaN,NaN,NaN,1
34,M26004_20260318_cell#34,1,1,1,1,0,1.26297275499174,0.954892122116318,NaN,NaN,NaN,1
35,M26004_20260318_cell#35,1,1,1,1,0,1.74532252066682,0.980404000660862,NaN,NaN,NaN,1
36,M26004_20260318_cell#36,1,1,0,0,0,0.93563694296488,1.00259579922175,NaN,NaN,NaN,0.999954200256903
37,M26004_20260318_cell#37,1,1,1,1,0,1.07574464514608,0.969963378080567,NaN,NaN,NaN,1
38,M26004_20260318_cell#38,1,1,1,1,0,1.02282107217642,0.986426155097314,NaN,NaN,NaN,1
39,M26004_20260318_cell#39,1,1,1,1,0,1.09432096494795,0.968930432139577,NaN,NaN,NaN,1
40,M26004_20260318_cell#40,1,1,0,0,0,0.914363213854914,0.9523660826275,NaN,NaN,NaN,1
41,M26004_20260318_cell#41,1,1,1,1,0,1.05808528362567,0.971333579678157,NaN,NaN,NaN,1
42,M26004_20260318_cell#42,1,1,0,0,0,1.00883821245773,0.907660521753019,NaN,NaN,NaN,1
43,M26004_20260318_cell#43,1,1,1,1,0,1.22311686770555,0.955694627801842,NaN,NaN,NaN,1
44,M26004_20260318_cell#44,1,1,1,1,0,1.09238522858274,0.934560912129083,NaN,NaN,NaN,1
45,M26004_20260318_cell#45,1,1,1,1,0,1.17000414001688,0.982855898216302,NaN,NaN,NaN,1
46,M26004_20260318_cell#46,1,1,1,1,1,1.63366638344252,1.05368254906223,NaN,NaN,NaN,1.62747146648101e-07
47,M26004_20260318_cell#47,1,1,1,1,0,1.04293097340303,0.988600716095081,NaN,NaN,NaN,1
48,M26004_20260318_cell#48,1,1,1,1,0,1.31070624575807,0.960903019590968,NaN,NaN,NaN,1
49,M26004_20260318_cell#49,1,1,1,1,0,1.10304690856232,0.941921429700846,NaN,NaN,NaN,1
50,M26004_20260318_cell#50,1,1,0,0,0,0.993265212903697,0.978475034343873,NaN,NaN,NaN,1
51,M26004_20260318_cell#51,1,1,1,1,0,1.37302507319823,0.991259655954213,NaN,NaN,NaN,1
52,M26004_20260318_cell#52,1,1,1,1,0,1.24014030034583,0.993356451740995,NaN,NaN,NaN,1
53,M26004_20260318_cell#53,1,1,0,0,0,0.991644637532093,0.997160394276468,NaN,NaN,NaN,1
54,M26004_20260318_cell#54,1,1,1,1,0,1.08839253845724,1.00191627695487,NaN,NaN,NaN,2.09342843060512e-09
55,M26004_20260318_cell#55,1,1,1,1,0,1.04600210768877,1.00396994873466,NaN,NaN,NaN,0.333894957310129
56,M26004_20260318_cell#56,1,1,1,1,0,1.0208800997697,0.994282810176536,NaN,NaN,NaN,1
57,M26004_20260318_cell#57,1,1,0,0,0,0.931810523260351,0.981633831067498,NaN,NaN,NaN,1
58,M26004_20260318_cell#58,1,1,1,1,0,1.53687669479821,0.976753785311506,NaN,NaN,NaN,1
59,M26004_20260318_cell#59,1,1,1,1,0,1.1645112645703,0.981808803009287,NaN,NaN,NaN,1
60,M26004_20260318_cell#60,1,1,1,1,0,1.60004800785483,0.931305279148953,NaN,NaN,NaN,1
61,M26004_20260318_cell#61,1,1,1,1,0,1.20700967441317,0.932109997579989,NaN,NaN,NaN,1
62,M26004_20260318_cell#62,1,1,0,0,0,1.00297274550467,0.99912277944897,NaN,NaN,NaN,1
63,M26004_20260318_cell#63,1,1,1,1,0,1.185962916937,0.900383798793806,NaN,NaN,NaN,1
64,M26004_20260318_cell#64,1,1,1,1,0,1.27654767570254,0.964394572360381,NaN,NaN,NaN,1
65,M26004_20260318_cell#65,1,1,1,1,0,1.6556999592584,0.995502593475258,NaN,NaN,NaN,1
66,M26004_20260318_cell#66,1,1,0,0,0,0.979058673641145,0.991743269301784,NaN,NaN,NaN,1
67,M26004_20260318_cell#67,1,1,1,1,0,1.01809865181484,1.00130244672105,NaN,NaN,NaN,0.413239075441854
68,M26004_20260318_cell#68,1,1,1,1,0,1.12086127327309,0.955131702077589,NaN,NaN,NaN,1
69,M26004_20260318_cell#69,1,1,1,1,0,1.05455891285525,0.994985628328389,NaN,NaN,NaN,1
70,M26004_20260318_cell#70,1,1,1,1,0,1.3318762851698,0.995359521166781,NaN,NaN,NaN,1
72,M26004_20260318_cell#72,1,1,1,1,1,1.20828581640301,1.01524846699423,NaN,NaN,NaN,2.44360087719997e-13
73,M26004_20260318_cell#73,1,1,0,0,0,0.92474699778328,0.968136052334894,NaN,NaN,NaN,1
74,M26004_20260318_cell#74,1,1,1,1,0,1.28668262406806,0.951650044852852,NaN,NaN,NaN,1
75,M26004_20260318_cell#75,1,1,0,0,0,0.908590759617214,0.930037019374873,NaN,NaN,NaN,1
76,M26004_20260318_cell#76,1,1,1,1,0,1.16895342924348,0.969363981228318,NaN,NaN,NaN,1
77,M26004_20260318_cell#77,1,1,1,1,0,1.05981782615105,0.966761350801732,NaN,NaN,NaN,1
78,M26004_20260318_cell#78,1,1,1,1,0,1.11811201903968,0.985618956924232,NaN,NaN,NaN,1
79,M26004_20260318_cell#79,1,1,1,1,0,1.36624491218008,0.958144121819696,NaN,NaN,NaN,1
80,M26004_20260318_cell#80,1,1,0,0,0,1.00132535472548,0.986667004917809,NaN,NaN,NaN,1
81,M26004_20260318_cell#81,1,1,1,1,0,1.45644819664593,0.985150030072843,NaN,NaN,NaN,1
82,M26004_20260318_cell#82,1,1,0,0,0,0.946744463690551,0.978900184659846,NaN,NaN,NaN,1
83,M26004_20260318_cell#83,1,1,0,0,0,1.05088559826196,0.863465881044892,NaN,NaN,NaN,1
86,M26004_20260318_cell#86,1,1,1,1,0,1.31157544137469,0.898888861790701,NaN,NaN,NaN,1
87,M26004_20260318_cell#87,1,1,1,1,0,1.21117742539288,0.935554728794879,NaN,NaN,NaN,1
88,M26004_20260318_cell#88,1,1,1,1,0,1.22322939685548,0.945981688433334,NaN,NaN,NaN,1
90,M26004_20260318_cell#90,1,1,0,0,0,1.01263446759466,0.955982295197928,NaN,NaN,NaN,1
91,M26004_20260318_cell#91,1,1,1,1,0,1.1236725750564,0.951883137869054,NaN,NaN,NaN,1
92,M26004_20260318_cell#92,1,1,0,0,0,1.01463735128406,0.884239726238564,NaN,NaN,NaN,1
94,M26004_20260318_cell#94,1,1,0,0,1,0.979910149121827,1.16856453851111,NaN,NaN,NaN,0
95,M26004_20260318_cell#95,1,1,0,0,0,1.00594315513628,0.951085878932905,NaN,NaN,NaN,1
96,M26004_20260318_cell#96,1,1,1,1,0,1.20054987055522,0.92046787455034,NaN,NaN,NaN,1
97,M26004_20260318_cell#97,1,1,1,1,0,1.43576257213455,0.989908242501191,NaN,NaN,NaN,1
98,M26004_20260318_cell#98,1,1,0,0,0,0.94871791667696,0.981344499999793,NaN,NaN,NaN,1
99,M26004_20260318_cell#99,1,1,1,1,0,1.17758275494532,0.935519285589416,NaN,NaN,NaN,1
100,M26004_20260318_cell#100,1,1,1,1,0,1.16999971216089,0.993562244350125,NaN,NaN,NaN,1
101,M26004_20260318_cell#101,1,1,0,0,0,1.01747553600303,0.925341231418608,NaN,NaN,NaN,1
102,M26004_20260318_cell#102,1,1,1,1,0,1.33309174957569,0.976410647281445,NaN,NaN,NaN,1
103,M26004_20260318_cell#103,1,1,0,0,0,1.00264782474771,0.974646427683378,NaN,NaN,NaN,1
104,M26004_20260318_cell#104,1,1,1,1,0,2.63658514184154,1.0150123694661,NaN,NaN,NaN,0.100896408343467
105,M26004_20260318_cell#105,1,1,0,0,0,0.998774835385648,0.954269299711042,NaN,NaN,NaN,1
106,M26004_20260318_cell#106,1,1,1,1,0,1.10164926438182,0.900918775136474,NaN,NaN,NaN,1
107,M26004_20260318_cell#107,1,1,1,1,1,1.0672663721765,1.01517747918729,NaN,NaN,NaN,0.000510676652955455
109,M26004_20260318_cell#109,1,1,1,1,0,1.16767790993433,1.00441312793079,NaN,NaN,NaN,0.999540189721276
110,M26004_20260318_cell#110,1,1,1,1,0,1.09579025229477,1.00470285291358,NaN,NaN,NaN,3.97495258930292e-10
111,M26004_20260318_cell#111,1,1,1,1,0,1.09682132253842,0.984477083865407,NaN,NaN,NaN,1
112,M26004_20260318_cell#112,1,1,1,1,0,1.19793344908031,0.969182588456416,NaN,NaN,NaN,1
113,M26004_20260318_cell#113,1,1,0,0,0,0.951049214774759,0.956287717851224,NaN,NaN,NaN,1
114,M26004_20260318_cell#114,1,1,1,1,0,1.21372390106185,0.99992159088314,NaN,NaN,NaN,1
115,M26004_20260318_cell#115,1,1,1,1,0,1.01544731181366,0.992557034632471,NaN,NaN,NaN,1
116,M26004_20260318_cell#116,1,1,1,1,0,1.36352546560821,1.00134986752149,NaN,NaN,NaN,0.999999707853657
117,M26004_20260318_cell#117,1,1,0,0,0,1.02416163460685,0.957791219021107,NaN,NaN,NaN,1
118,M26004_20260318_cell#118,1,1,1,1,0,1.14700229668102,0.972214888473935,NaN,NaN,NaN,1
119,M26004_20260318_cell#119,1,1,1,1,0,1.1460619132305,1.00142742811491,NaN,NaN,NaN,0.999999999908969
120,M26004_20260318_cell#120,1,1,1,1,0,1.29300656637591,0.977204566930768,NaN,NaN,NaN,1
121,M26004_20260318_cell#121,1,1,0,0,0,0.982772838927433,0.93930214809581,NaN,NaN,NaN,1
122,M26004_20260318_cell#122,1,1,1,1,0,1.15850314224025,1.000510589606,NaN,NaN,NaN,1
123,M26004_20260318_cell#123,1,1,1,1,0,1.21171696120166,0.939605573648329,NaN,NaN,NaN,1
124,M26004_20260318_cell#124,1,1,1,1,0,1.24713658551982,0.982132539533893,NaN,NaN,NaN,1
125,M26004_20260318_cell#125,1,1,0,0,0,0.89247004277393,0.275451430014539,NaN,NaN,NaN,1
126,M26004_20260318_cell#126,1,1,0,0,1,0.993930592078284,1.04098167664167,NaN,NaN,NaN,0
127,M26004_20260318_cell#127,1,1,1,1,0,1.09841603118481,0.89290560542171,NaN,NaN,NaN,1
128,M26004_20260318_cell#128,1,1,1,1,0,1.27941451868073,0.957726821184569,NaN,NaN,NaN,1
129,M26004_20260318_cell#129,1,1,1,1,0,1.17317204830078,0.941624980776568,NaN,NaN,NaN,1
130,M26004_20260318_cell#130,1,1,1,1,0,1.10538227195594,0.974593731546842,NaN,NaN,NaN,1
131,M26004_20260318_cell#131,1,1,1,1,0,1.29798723412616,0.975317040464721,NaN,NaN,NaN,1
132,M26004_20260318_cell#132,1,1,1,1,0,1.33154191787803,0.995657433030178,NaN,NaN,NaN,1
133,M26004_20260318_cell#133,1,1,0,0,0,0.99739830828935,1.01617560786266,NaN,NaN,NaN,0.91507626312744
134,M26004_20260318_cell#134,1,1,0,0,0,1.02613622129538,0.944057583180206,NaN,NaN,NaN,1
135,M26004_20260318_cell#135,1,1,1,1,0,1.21236722604555,0.812371309431895,NaN,NaN,NaN,1
136,M26004_20260318_cell#136,1,1,0,0,0,0.998751336947529,0.411258704008751,NaN,NaN,NaN,1
137,M26004_20260318_cell#137,1,1,1,1,0,1.22664866976509,0.887058307593736,NaN,NaN,NaN,1
138,M26004_20260318_cell#138,1,1,1,1,0,1.52399826993846,0.982502333636358,NaN,NaN,NaN,1
139,M26004_20260318_cell#139,1,1,1,1,0,1.09270834696934,0.997395683459209,NaN,NaN,NaN,1
140,M26004_20260318_cell#140,1,1,1,1,0,1.16501840177844,0.994978061801974,NaN,NaN,NaN,1
141,M26004_20260318_cell#141,1,1,1,1,0,1.21052048614316,1.02049557407266,NaN,NaN,NaN,0.316980605044451
142,M26004_20260318_cell#142,1,1,1,1,0,1.42330964494117,0.994294214129249,NaN,NaN,NaN,1
143,M26004_20260318_cell#143,1,1,1,1,0,1.40871332455033,0.95593359192686,NaN,NaN,NaN,1
144,M26004_20260318_cell#144,1,1,1,1,0,1.1136275555279,0.99543548939354,NaN,NaN,NaN,1
145,M26004_20260318_cell#145,1,1,0,0,0,1.00856522340403,0.855690848168913,NaN,NaN,NaN,1
146,M26004_20260318_cell#146,1,1,0,0,0,0.976275641195213,0.948708744492507,NaN,NaN,NaN,1
147,M26004_20260318_cell#147,1,1,1,1,0,1.28626107640681,0.960430459998798,NaN,NaN,NaN,1
148,M26004_20260318_cell#148,1,1,0,0,0,0.96695810674208,0.978198852522014,NaN,NaN,NaN,1
149,M26004_20260318_cell#149,1,1,0,0,0,0.99478362125035,1.02685295292467,NaN,NaN,NaN,0.917600588750317
150,M26004_20260318_cell#150,1,1,1,1,0,1.22170385902454,1.00872875772406,NaN,NaN,NaN,1.98904337445072e-10
152,M26004_20260318_cell#152,1,1,1,1,0,1.04535635067022,0.995221529231979,NaN,NaN,NaN,1
153,M26004_20260318_cell#153,1,1,0,0,0,1.02577924519522,0.901327599376569,NaN,NaN,NaN,1
154,M26004_20260318_cell#154,1,1,1,1,0,1.11646774761856,0.99013694524064,NaN,NaN,NaN,1
156,M26004_20260318_cell#156,1,1,1,1,0,1.17131876911714,0.967942754391242,NaN,NaN,NaN,1
157,M26004_20260318_cell#157,1,1,1,1,0,1.1409647416294,0.97632471206325,NaN,NaN,NaN,1
158,M26004_20260318_cell#158,1,1,1,1,0,1.195329855797,0.971620888129831,NaN,NaN,NaN,1
159,M26004_20260318_cell#159,1,1,0,0,0,1.04146372354559,0.966650633609124,NaN,NaN,NaN,1
160,M26004_20260318_cell#160,1,1,1,1,0,1.06812703248781,0.998665425641777,NaN,NaN,NaN,1
162,M26004_20260318_cell#162,1,1,1,1,0,1.08444946350595,0.974444600731898,NaN,NaN,NaN,1
163,M26004_20260318_cell#163,1,1,1,1,0,1.33229893849548,0.934853584910661,NaN,NaN,NaN,1
164,M26004_20260318_cell#164,1,1,1,1,0,1.48660213029807,1.01441026940126,NaN,NaN,NaN,0.0139359623931992
165,M26004_20260318_cell#165,1,1,1,1,0,1.20813841936079,0.957746119196672,NaN,NaN,NaN,1
166,M26004_20260318_cell#166,1,1,1,1,0,1.81084136493116,0.958894660265145,NaN,NaN,NaN,1
167,M26004_20260318_cell#167,1,1,1,1,0,1.11977674532532,1.0040217310727,NaN,NaN,NaN,0.999997247237106
168,M26004_20260318_cell#168,1,1,1,1,0,1.04794546766462,0.980141073615691,NaN,NaN,NaN,1
169,M26004_20260318_cell#169,1,1,1,1,0,1.2618976119612,0.95986862764034,NaN,NaN,NaN,1
170,M26004_20260318_cell#170,1,1,1,1,0,1.50310404388823,0.960557317373045,NaN,NaN,NaN,1
171,M26004_20260318_cell#171,1,1,1,1,1,1.76491574623371,1.02299868838059,NaN,NaN,NaN,0.0156579532520876
172,M26004_20260318_cell#172,1,1,1,1,0,1.26027268683288,0.983506161626401,NaN,NaN,NaN,1
173,M26004_20260318_cell#173,1,1,1,1,1,1.09586587515257,1.14789441238623,NaN,NaN,NaN,0
174,M26004_20260318_cell#174,1,1,1,1,0,1.10423454192061,0.970813770854886,NaN,NaN,NaN,1
176,M26004_20260318_cell#176,1,1,1,1,0,1.04259525114552,0.962645507955611,NaN,NaN,NaN,1
177,M26004_20260318_cell#177,1,1,0,0,0,0.987086350535676,0.984813843314555,NaN,NaN,NaN,1
178,M26004_20260318_cell#178,1,1,1,1,0,1.20852220046801,0.992370568391752,NaN,NaN,NaN,1
179,M26004_20260318_cell#179,1,1,1,1,0,1.26001413650494,0.993368739087992,NaN,NaN,NaN,1
180,M26004_20260318_cell#180,1,1,1,1,0,1.04774807028941,0.979906399637204,NaN,NaN,NaN,1
181,M26004_20260318_cell#181,1,1,0,0,0,0.961304854231923,0.950123174882637,NaN,NaN,NaN,1
182,M26004_20260318_cell#182,1,1,0,0,0,0.943640464338815,0.990351916619481,NaN,NaN,NaN,1
183,M26004_20260318_cell#183,1,1,1,1,0,1.05454792506664,0.987923488383573,NaN,NaN,NaN,1
184,M26004_20260318_cell#184,1,1,1,1,0,1.01509236180178,0.991239346772653,NaN,NaN,NaN,1
185,M26004_20260318_cell#185,1,1,1,1,0,1.3582550651353,0.979552096525973,NaN,NaN,NaN,1
186,M26004_20260318_cell#186,1,1,1,1,0,1.24386749809987,1.01053961841812,NaN,NaN,NaN,0.00112937797767276
187,M26004_20260318_cell#187,1,1,1,1,0,1.15737043912403,0.99769290063476,NaN,NaN,NaN,1
188,M26004_20260318_cell#188,1,1,1,1,0,1.03119268564039,0.996832311404937,NaN,NaN,NaN,1
189,M26004_20260318_cell#189,1,1,0,0,0,1.05358146003314,0.983653881954406,NaN,NaN,NaN,1
190,M26004_20260318_cell#190,1,1,1,1,0,1.32483928773251,0.989345433094267,NaN,NaN,NaN,1
191,M26004_20260318_cell#191,1,1,1,1,0,1.03633554954381,0.998202203669027,NaN,NaN,NaN,1
192,M26004_20260318_cell#192,1,1,0,0,0,1.00972775677594,0.96974704979937,NaN,NaN,NaN,1
193,M26004_20260318_cell#193,1,1,1,1,0,1.18113485711583,0.856924077292334,NaN,NaN,NaN,1
194,M26004_20260318_cell#194,1,1,1,1,0,1.12390790092879,0.954853160599394,NaN,NaN,NaN,1
195,M26004_20260318_cell#195,1,1,1,1,0,1.42814062239664,0.970015529014455,NaN,NaN,NaN,1
196,M26004_20260318_cell#196,1,1,1,1,0,1.38383557187783,0.976650108091084,NaN,NaN,NaN,1
197,M26004_20260318_cell#197,1,1,1,1,0,1.23499804320496,0.940075528099353,NaN,NaN,NaN,1
198,M26004_20260318_cell#198,1,1,1,1,0,1.07869033485641,0.994769570414138,NaN,NaN,NaN,1
199,M26004_20260318_cell#199,1,1,1,1,0,1.32431075796242,1.00318005086878,NaN,NaN,NaN,0.803790168386281
200,M26004_20260318_cell#200,1,1,0,0,0,0.969271125647451,0.824223032332226,NaN,NaN,NaN,1
201,M26004_20260318_cell#201,1,1,1,1,0,1.35608068001829,0.891213791318851,NaN,NaN,NaN,1
202,M26004_20260318_cell#202,1,1,0,0,0,0.985534093455442,0.984573904032452,NaN,NaN,NaN,1
203,M26004_20260318_cell#203,1,1,0,0,0,1.0161341990968,0.976136478416034,NaN,NaN,NaN,1
205,M26004_20260318_cell#205,1,1,1,1,0,1.0956170212302,0.90504054872376,NaN,NaN,NaN,1
206,M26004_20260318_cell#206,1,1,0,0,0,1.02109527325741,0.947889969634651,NaN,NaN,NaN,1
207,M26004_20260318_cell#207,1,1,0,0,0,1.00920296674076,0.959477911126854,NaN,NaN,NaN,1
208,M26004_20260318_cell#208,1,1,1,1,0,1.10766414100094,0.99603466210125,NaN,NaN,NaN,1
209,M26004_20260318_cell#209,1,1,1,1,1,1.44984186798976,1.2682683744655,NaN,NaN,NaN,3.530509218308e-14
210,M26004_20260318_cell#210,1,1,0,0,0,1.02386173610966,0.959707862714141,NaN,NaN,NaN,1
211,M26004_20260318_cell#211,1,1,0,0,0,0.998934334143233,0.90827525140686,NaN,NaN,NaN,1
212,M26004_20260318_cell#212,1,1,0,0,1,1.03314447235743,1.02108111795332,NaN,NaN,NaN,0.00931167781222186
213,M26004_20260318_cell#213,1,1,1,1,0,1.28074766425997,0.945030546692756,NaN,NaN,NaN,1
214,M26004_20260318_cell#214,1,1,1,1,0,1.04600096432028,1.00732353830088,NaN,NaN,NaN,0.363310027182791
215,M26004_20260318_cell#215,1,1,1,1,0,1.07804235758449,0.972812900105673,NaN,NaN,NaN,1
216,M26004_20260318_cell#216,1,1,1,1,0,1.06056531299884,0.979436536055268,NaN,NaN,NaN,1
217,M26004_20260318_cell#217,1,1,0,0,0,1.03626087269162,0.828414990732757,NaN,NaN,NaN,1
218,M26004_20260318_cell#218,1,1,1,1,0,1.36049341225099,1.00817568974287,NaN,NaN,NaN,2.94209101525666e-14
219,M26004_20260318_cell#219,1,1,1,1,0,1.03139234945306,0.980080650068838,NaN,NaN,NaN,1
220,M26004_20260318_cell#220,1,1,1,1,0,1.17189342859874,0.976992755145771,NaN,NaN,NaN,1
221,M26004_20260318_cell#221,1,1,0,0,0,1.05194503565155,0.987084997465745,NaN,NaN,NaN,1
223,M26004_20260318_cell#223,1,1,0,0,0,1.01643335982783,0.968851092516775,NaN,NaN,NaN,1
224,M26004_20260318_cell#224,1,1,0,0,0,0.972929215382498,0.981707617460476,NaN,NaN,NaN,1
225,M26004_20260318_cell#225,1,1,1,1,0,1.42726754614696,1.00051221413459,NaN,NaN,NaN,1
226,M26004_20260318_cell#226,1,1,1,1,0,1.23067311315859,0.959489783006748,NaN,NaN,NaN,1
227,M26004_20260318_cell#227,1,1,1,1,0,1.45832746307801,0.94969785496866,NaN,NaN,NaN,1
228,M26004_20260318_cell#228,1,1,1,1,0,1.79446980731651,0.969938290873996,NaN,NaN,NaN,1
229,M26004_20260318_cell#229,1,1,0,0,0,0.990414723272715,0.959920859850524,NaN,NaN,NaN,1
230,M26004_20260318_cell#230,1,1,0,0,0,1.04667028472835,0.946474110611991,NaN,NaN,NaN,1
231,M26004_20260318_cell#231,1,1,1,1,0,1.0225570631121,0.99631409482978,NaN,NaN,NaN,1
232,M26004_20260318_cell#232,1,1,1,1,0,1.44305910927897,0.975580333931508,NaN,NaN,NaN,1
233,M26004_20260318_cell#233,1,1,0,0,0,0.998113339196253,0.980491668692045,NaN,NaN,NaN,1
234,M26004_20260318_cell#234,1,1,1,1,1,1.29170424327351,1.04350487752071,NaN,NaN,NaN,1.94772511653563e-05
235,M26004_20260318_cell#235,1,1,1,1,0,1.20821501193112,1.00347615994896,NaN,NaN,NaN,0.99999222356805
236,M26004_20260318_cell#236,1,1,1,1,1,1.08187546404383,1.01520844989088,NaN,NaN,NaN,0
237,M26004_20260318_cell#237,1,1,1,1,0,1.18529000495214,0.940221188924873,NaN,NaN,NaN,1
238,M26004_20260318_cell#238,1,1,1,1,0,1.09324006429789,0.991563286241202,NaN,NaN,NaN,1
239,M26004_20260318_cell#239,1,1,1,1,0,1.15673758594491,0.970978409453112,NaN,NaN,NaN,1
240,M26004_20260318_cell#240,1,1,1,1,0,1.04464842879591,0.948251804448639,NaN,NaN,NaN,1
241,M26004_20260318_cell#241,1,1,1,1,0,1.07677682611768,0.984144508371853,NaN,NaN,NaN,1
242,M26004_20260318_cell#242,1,1,0,0,0,0.977782268841607,0.941841571825022,NaN,NaN,NaN,1
243,M26004_20260318_cell#243,1,1,1,1,0,1.11973619926917,0.988328491406764,NaN,NaN,NaN,1
244,M26004_20260318_cell#244,1,1,1,1,1,1.20271242968836,1.03548456536302,NaN,NaN,NaN,0
245,M26004_20260318_cell#245,1,1,1,1,0,1.2314739308336,0.988697275901458,NaN,NaN,NaN,1
246,M26004_20260318_cell#246,1,1,0,1,0,1.01326396109288,NaN,NaN,NaN,NaN,NaN
247,M26004_20260318_cell#247,1,1,1,1,0,1.29200107070497,0.974111494358567,NaN,NaN,NaN,1
248,M26004_20260318_cell#248,1,1,1,1,0,1.06667491695527,0.912545994532249,NaN,NaN,NaN,1
249,M26004_20260318_cell#249,1,1,1,1,0,1.0652139016903,1.00206560708036,NaN,NaN,NaN,0.998378068161662
250,M26004_20260318_cell#250,1,1,1,1,0,1.34651605856167,0.967386757343067,NaN,NaN,NaN,1
251,M26004_20260318_cell#251,1,1,0,1,0,1.01369755528993,NaN,NaN,NaN,NaN,NaN
252,M26004_20260318_cell#252,1,1,1,1,0,1.2582655056054,1.0023574507839,NaN,NaN,NaN,0.609306172178152
253,M26004_20260318_cell#253,1,1,1,1,0,1.17565356615237,0.928223651909981,NaN,NaN,NaN,1
254,M26004_20260318_cell#254,1,1,1,1,0,1.08348062004478,0.991920798310529,NaN,NaN,NaN,1
255,M26004_20260318_cell#255,1,1,0,0,0,0.990309273800518,1.01966174417159,NaN,NaN,NaN,0.86136117853689
256,M26004_20260318_cell#256,1,1,1,1,0,1.26880776986589,0.892595398931209,NaN,NaN,NaN,1
257,M26004_20260318_cell#257,1,1,1,1,0,1.15728849817475,0.997740446450233,NaN,NaN,NaN,1
259,M26004_20260318_cell#259,1,1,1,1,0,1.19751328533807,0.979864540778744,NaN,NaN,NaN,1
260,M26004_20260318_cell#260,1,1,1,1,0,1.01905221620238,0.994669520119912,NaN,NaN,NaN,1
261,M26004_20260318_cell#261,1,1,1,1,0,1.14421743870476,0.977837926545996,NaN,NaN,NaN,1
262,M26004_20260318_cell#262,1,1,1,1,0,1.15108894959871,1.00235470974228,NaN,NaN,NaN,0.999999915515696
263,M26004_20260318_cell#263,1,1,1,1,0,1.02072252936444,0.988318034493072,NaN,NaN,NaN,1
264,M26004_20260318_cell#264,1,1,1,1,0,1.09371908189579,0.876796828640656,NaN,NaN,NaN,1
265,M26004_20260318_cell#265,1,1,1,1,0,1.09600658738579,1.00687670551794,NaN,NaN,NaN,0.0225828040667325
266,M26004_20260318_cell#266,1,1,1,1,0,1.04586028196455,0.999417216348842,NaN,NaN,NaN,1
267,M26004_20260318_cell#267,1,1,1,1,0,1.09672252365716,0.974025569752491,NaN,NaN,NaN,1
268,M26004_20260318_cell#268,1,1,1,1,0,1.07211496292965,0.985762222437264,NaN,NaN,NaN,1
269,M26004_20260318_cell#269,1,1,1,1,0,1.05837740808011,0.986604154706509,NaN,NaN,NaN,1
270,M26004_20260318_cell#270,1,1,1,1,1,1.11241610380734,1.48961347526923,NaN,NaN,NaN,0
271,M26004_20260318_cell#271,1,1,0,0,0,0.875341407851868,0.990829354850014,NaN,NaN,NaN,1
272,M26004_20260318_cell#272,1,1,1,1,0,1.10860842807088,0.945491981105071,NaN,NaN,NaN,1
274,M26004_20260318_cell#274,1,1,1,1,0,1.34954444826809,0.911096043570378,NaN,NaN,NaN,1
275,M26004_20260318_cell#275,1,1,1,1,1,1.48960138474966,1.03842165966147,NaN,NaN,NaN,0
276,M26004_20260318_cell#276,1,1,0,0,0,0.880816794227855,0.995486620555104,NaN,NaN,NaN,1
278,M26004_20260318_cell#278,1,1,1,1,0,1.25758103064957,0.973637332807889,NaN,NaN,NaN,1
279,M26004_20260318_cell#279,1,1,0,0,0,0.994819264876526,0.983402717474266,NaN,NaN,NaN,1
280,M26004_20260318_cell#280,1,1,1,1,0,1.15651374868304,0.983011348556618,NaN,NaN,NaN,1
281,M26004_20260318_cell#281,1,1,0,0,0,0.967150309894812,0.923020459715706,NaN,NaN,NaN,1
282,M26004_20260318_cell#282,1,1,1,1,0,1.05283249821699,0.942586838165385,NaN,NaN,NaN,1
283,M26004_20260318_cell#283,1,1,1,1,0,1.14032953079172,0.984373259003366,NaN,NaN,NaN,1
284,M26004_20260318_cell#284,1,1,1,1,0,1.11745010571374,1.01297669288099,NaN,NaN,NaN,2.53616239120902e-10
285,M26004_20260318_cell#285,1,1,1,1,0,1.10544801522944,0.991475143701147,NaN,NaN,NaN,1
286,M26004_20260318_cell#286,1,1,1,1,0,1.23943222884414,0.982502294460084,NaN,NaN,NaN,1
287,M26004_20260318_cell#287,1,1,1,1,0,1.06964324575704,0.847578207896912,NaN,NaN,NaN,1
288,M26004_20260318_cell#288,1,1,1,1,0,1.22434759902662,0.99019761287632,NaN,NaN,NaN,1
289,M26004_20260318_cell#289,1,1,0,0,0,0.996488437184517,1.00477193895569,NaN,NaN,NaN,0.94016547043017
290,M26004_20260318_cell#290,1,1,0,0,0,1.1040503799243,1.01737545030279,NaN,NaN,NaN,0.997374194206555
291,M26004_20260318_cell#291,1,1,1,1,0,1.05352426652432,0.902415863808492,NaN,NaN,NaN,1
292,M26004_20260318_cell#292,1,1,1,1,1,1.16315997340074,1.01975031404982,NaN,NaN,NaN,0.000150082499248527
293,M26004_20260318_cell#293,1,1,1,1,0,1.16767138331532,0.983347831805247,NaN,NaN,NaN,1
294,M26004_20260318_cell#294,1,1,1,1,0,1.20874267847416,0.976521331994885,NaN,NaN,NaN,1
295,M26004_20260318_cell#295,1,1,1,1,0,1.33863715540851,1.01641470690969,NaN,NaN,NaN,0.46657649857348
296,M26004_20260318_cell#296,1,1,1,1,0,1.22655593704465,0.990548992492347,NaN,NaN,NaN,1
297,M26004_20260318_cell#297,1,1,1,1,0,1.12630919926138,0.976842367890299,NaN,NaN,NaN,1
299,M26004_20260318_cell#299,1,1,1,1,0,1.20178036456713,0.998089307934792,NaN,NaN,NaN,1
300,M26004_20260318_cell#300,1,1,0,0,0,0.99589787894425,0.98648644112636,NaN,NaN,NaN,1
301,M26004_20260318_cell#301,1,1,1,1,0,1.0257608036759,0.993575373457574,NaN,NaN,NaN,1
302,M26004_20260318_cell#302,1,1,1,1,0,1.11124929952379,0.989239224941641,NaN,NaN,NaN,1
303,M26004_20260318_cell#303,1,1,0,0,0,1.07336685228287,0.959276706382567,NaN,NaN,NaN,1
304,M26004_20260318_cell#304,1,1,1,1,0,1.08078520455917,0.946021670024241,NaN,NaN,NaN,1
305,M26004_20260318_cell#305,1,1,0,0,1,0.986192263225171,1.09588659672183,NaN,NaN,NaN,5.00127605995715e-10
306,M26004_20260318_cell#306,1,1,0,0,1,0.941264823730757,1.13816039348236,NaN,NaN,NaN,4.56596838116496e-08
307,M26004_20260318_cell#307,1,1,1,1,1,1.06652892402323,1.02163737465027,NaN,NaN,NaN,4.86156120915737e-08
308,M26004_20260318_cell#308,1,1,1,1,0,1.3824361297117,0.997921058335711,NaN,NaN,NaN,1
309,M26004_20260318_cell#309,1,1,1,1,0,1.09472451190044,0.937626402469297,NaN,NaN,NaN,1
310,M26004_20260318_cell#310,1,1,0,0,0,1.0027494854945,1.00969915128691,NaN,NaN,NaN,0.554701918697765
311,M26004_20260318_cell#311,1,1,1,1,0,1.5729649591488,1.01250066859762,NaN,NaN,NaN,0.728635319477092
312,M26004_20260318_cell#312,1,1,1,1,0,1.08186072880836,1.00183354560573,NaN,NaN,NaN,0.994032147166051
313,M26004_20260318_cell#313,1,1,1,1,0,1.11725645633092,0.994381836579881,NaN,NaN,NaN,1
314,M26004_20260318_cell#314,1,1,1,1,0,1.16579135942466,0.952999214478955,NaN,NaN,NaN,1
315,M26004_20260318_cell#315,1,1,1,1,0,1.18586401999759,0.993631842304361,NaN,NaN,NaN,1
316,M26004_20260318_cell#316,1,1,0,0,0,1.00435662277429,0.962312300584223,NaN,NaN,NaN,1
317,M26004_20260318_cell#317,1,1,1,1,0,1.43498870780216,0.955873864422388,NaN,NaN,NaN,1
318,M26004_20260318_cell#318,1,1,0,0,0,1.01519578449244,0.994934870906206,NaN,NaN,NaN,1
319,M26004_20260318_cell#319,1,1,0,0,0,0.996327365766745,0.999398053098231,NaN,NaN,NaN,1
320,M26004_20260318_cell#320,1,1,1,1,0,1.22593256463482,0.924870557374188,NaN,NaN,NaN,1
321,M26004_20260318_cell#321,1,1,1,1,0,1.25848106585571,1.0007879274905,NaN,NaN,NaN,1
322,M26004_20260318_cell#322,1,1,1,1,0,1.01682568544841,1.0061664215662,NaN,NaN,NaN,0
323,M26004_20260318_cell#323,1,1,1,1,0,1.18465050294866,0.959859048455274,NaN,NaN,NaN,1
324,M26004_20260318_cell#324,1,1,1,1,0,1.03744021905623,0.989816818946856,NaN,NaN,NaN,1
325,M26004_20260318_cell#325,1,1,1,1,0,1.05716442279371,0.973478615141439,NaN,NaN,NaN,1
326,M26004_20260318_cell#326,1,1,1,1,0,1.3493379354867,0.985619642637343,NaN,NaN,NaN,1
327,M26004_20260318_cell#327,1,1,1,1,0,1.23838769039578,1.00462288773572,NaN,NaN,NaN,0.974606983448204
328,M26004_20260318_cell#328,1,1,0,0,0,0.977872978347691,0.970686063034473,NaN,NaN,NaN,1
329,M26004_20260318_cell#329,1,1,1,1,0,1.04890004953751,0.947179014181851,NaN,NaN,NaN,1
331,M26004_20260318_cell#331,1,1,1,1,0,1.16441057909108,0.97384919202144,NaN,NaN,NaN,1
332,M26004_20260318_cell#332,1,1,1,1,0,1.03698167912794,0.98564849889707,NaN,NaN,NaN,1
333,M26004_20260318_cell#333,1,1,0,0,0,0.943701273310201,0.932731726225961,NaN,NaN,NaN,1
334,M26004_20260318_cell#334,1,1,0,0,0,0.991539118703047,0.964302780453992,NaN,NaN,NaN,1
335,M26004_20260318_cell#335,1,1,1,1,0,1.17130433890682,1.0161707133906,NaN,NaN,NaN,0.68236569546706
340,M26004_20260318_cell#340,1,1,1,1,0,1.18682323381054,0.979832444008647,NaN,NaN,NaN,1
341,M26004_20260318_cell#341,1,1,1,1,0,1.25038011812095,0.968956748322201,NaN,NaN,NaN,1
342,M26004_20260318_cell#342,1,1,1,1,0,1.01648419287998,0.995279797189317,NaN,NaN,NaN,1
343,M26004_20260318_cell#343,1,1,0,0,0,1.0134397927355,0.96374224972732,NaN,NaN,NaN,1
344,M26004_20260318_cell#344,1,1,1,1,0,1.13978736528904,0.971936104959467,NaN,NaN,NaN,1
345,M26004_20260318_cell#345,1,1,1,1,0,1.15674152062889,0.940944625861964,NaN,NaN,NaN,1
346,M26004_20260318_cell#346,1,1,0,0,0,1.01206093233278,0.973586414984964,NaN,NaN,NaN,1
347,M26004_20260318_cell#347,1,1,1,1,0,1.06548329083193,0.943929948822371,NaN,NaN,NaN,1
348,M26004_20260318_cell#348,1,1,1,1,0,1.04191537354714,0.980381378575536,NaN,NaN,NaN,1
349,M26004_20260318_cell#349,1,1,1,1,0,1.07224700265987,0.990223158101758,NaN,NaN,NaN,1
350,M26004_20260318_cell#350,1,1,1,1,0,1.04873673814341,0.989964549622821,NaN,NaN,NaN,1
351,M26004_20260318_cell#351,1,1,1,1,0,1.19084997443704,0.94673567620037,NaN,NaN,NaN,1
353,M26004_20260318_cell#353,1,1,0,0,0,1.02237336539456,0.985464387416517,NaN,NaN,NaN,1
354,M26004_20260318_cell#354,1,1,1,1,0,1.16097810107823,0.999948176072029,NaN,NaN,NaN,1
355,M26004_20260318_cell#355,1,1,1,1,0,1.39077650324945,0.955756135276615,NaN,NaN,NaN,1
357,M26004_20260318_cell#357,1,1,1,1,0,1.08493082984026,0.981670968180888,NaN,NaN,NaN,1
360,M26004_20260318_cell#360,1,1,0,0,0,0.975332777955741,0.983077121945581,NaN,NaN,NaN,1
361,M26004_20260318_cell#361,1,1,1,1,0,1.06516484960096,0.946485074482977,NaN,NaN,NaN,1
362,M26004_20260318_cell#362,1,1,1,1,0,1.42206319118083,0.961494791655984,NaN,NaN,NaN,1
363,M26004_20260318_cell#363,1,1,1,1,0,1.28798573589497,0.987115980588955,NaN,NaN,NaN,1
365,M26004_20260318_cell#365,1,1,1,1,0,1.05425841022799,0.988781827607241,NaN,NaN,NaN,1
366,M26004_20260318_cell#366,1,1,1,1,0,1.21114107944646,0.892388868710172,NaN,NaN,NaN,1
367,M26004_20260318_cell#367,1,1,1,1,0,1.02041466994918,0.999405628109503,NaN,NaN,NaN,1
368,M26004_20260318_cell#368,1,1,0,0,0,0.956761103854709,0.912901715922672,NaN,NaN,NaN,1
369,M26004_20260318_cell#369,1,1,1,1,0,1.22284396012899,1.00618040762328,NaN,NaN,NaN,2.32716339010341e-06
370,M26004_20260318_cell#370,1,1,1,1,0,1.25336037819809,0.920738071111865,NaN,NaN,NaN,1
371,M26004_20260318_cell#371,1,1,0,0,0,0.993194461096898,0.967361184153956,NaN,NaN,NaN,1
372,M26004_20260318_cell#372,1,1,1,1,1,1.03648474395553,1.02445471553995,NaN,NaN,NaN,0
373,M26004_20260318_cell#373,1,1,1,1,0,1.1534250276688,1.00811603118543,NaN,NaN,NaN,0.223650386843613
374,M26004_20260318_cell#374,1,1,1,1,0,1.3533145997471,0.968854212192913,NaN,NaN,NaN,1
375,M26004_20260318_cell#375,1,1,0,0,0,0.992936762092479,1.0048372014394,NaN,NaN,NaN,0.999995998966337
377,M26004_20260318_cell#377,1,1,1,1,0,1.30137902941275,0.998827924946587,NaN,NaN,NaN,1
378,M26004_20260318_cell#378,1,1,1,1,0,2.12336928056068,0.987207031970929,NaN,NaN,NaN,1
379,M26004_20260318_cell#379,1,1,1,1,0,1.0210969722124,1.00193975730579,NaN,NaN,NaN,0.0117773377961775
380,M26004_20260318_cell#380,1,1,1,1,0,1.39720895336959,0.945858194381425,NaN,NaN,NaN,1
381,M26004_20260318_cell#381,1,1,1,1,0,1.29380791176175,0.954834206903442,NaN,NaN,NaN,1
382,M26004_20260318_cell#382,1,1,1,1,0,1.02194809540791,0.995617594430054,NaN,NaN,NaN,1
383,M26004_20260318_cell#383,1,1,1,1,0,1.33923535454851,0.974358430228889,NaN,NaN,NaN,1
384,M26004_20260318_cell#384,1,1,0,0,0,0.998650683970937,0.978127416791008,NaN,NaN,NaN,1
385,M26004_20260318_cell#385,1,1,1,1,0,1.05996536418341,0.981085761902461,NaN,NaN,NaN,1
386,M26004_20260318_cell#386,1,1,1,1,0,1.05814368208746,0.986815374035011,NaN,NaN,NaN,1
387,M26004_20260318_cell#387,1,1,0,0,0,1.01669443674717,0.977081013708072,NaN,NaN,NaN,1
388,M26004_20260318_cell#388,1,1,0,0,0,0.976195324695998,0.967594145706658,NaN,NaN,NaN,1
389,M26004_20260318_cell#389,1,1,1,1,0,1.08572648845223,0.996589044164503,NaN,NaN,NaN,1
390,M26004_20260318_cell#390,1,1,1,1,0,1.111253334127,1.00341072365596,NaN,NaN,NaN,4.56321183981423e-05
391,M26004_20260318_cell#391,1,1,0,0,0,1.0125374146862,0.935428486161004,NaN,NaN,NaN,1
392,M26004_20260318_cell#392,1,1,0,0,0,0.979805928360289,0.99366164359978,NaN,NaN,NaN,1
393,M26004_20260318_cell#393,1,1,1,1,0,1.05721682706166,0.982295312529296,NaN,NaN,NaN,1
394,M26004_20260318_cell#394,1,1,1,1,0,1.41330327964439,0.944527584411981,NaN,NaN,NaN,1
395,M26004_20260318_cell#395,1,1,0,0,0,1.0024965217503,0.962936401619401,NaN,NaN,NaN,1
396,M26004_20260318_cell#396,1,1,1,1,0,1.1589185889133,0.980313283919855,NaN,NaN,NaN,1
397,M26004_20260318_cell#397,1,1,1,1,0,1.33436573858531,1.00480414313891,NaN,NaN,NaN,0.324776433735299
398,M26004_20260318_cell#398,1,1,1,1,1,1.33285852394801,1.01561869241132,NaN,NaN,NaN,4.08234004378727e-08
399,M26004_20260318_cell#399,1,1,1,1,0,1.06581546993312,0.985693100272552,NaN,NaN,NaN,1
400,M26004_20260318_cell#400,1,1,1,1,0,1.06722782541923,0.988581574482385,NaN,NaN,NaN,1
402,M26004_20260318_cell#402,1,1,1,1,0,1.11101920327093,0.972070192043246,NaN,NaN,NaN,1
403,M26004_20260318_cell#403,1,1,1,1,0,1.13555147878739,0.479361740734796,NaN,NaN,NaN,1
404,M26004_20260318_cell#404,1,1,1,1,0,1.37291844176929,0.985791740412672,NaN,NaN,NaN,1
405,M26004_20260318_cell#405,1,1,1,1,0,1.91921739202667,0.94188671347541,NaN,NaN,NaN,1
406,M26004_20260318_cell#406,1,1,1,1,0,1.21431452704324,0.898631324843,NaN,NaN,NaN,1
407,M26004_20260318_cell#407,1,1,1,1,0,1.25710361214572,0.994622235332829,NaN,NaN,NaN,1
408,M26004_20260318_cell#408,1,1,1,1,0,1.01876988537474,0.981782928803607,NaN,NaN,NaN,1
409,M26004_20260318_cell#409,1,1,1,1,0,1.06948004628764,0.991827172901574,NaN,NaN,NaN,1
410,M26004_20260318_cell#410,1,1,1,1,0,1.29453345687555,0.923004216061762,NaN,NaN,NaN,1
411,M26004_20260318_cell#411,1,1,1,1,0,1.5144234531785,0.957836421161457,NaN,NaN,NaN,1
412,M26004_20260318_cell#412,1,1,0,0,0,0.990911898948924,0.967292726906379,NaN,NaN,NaN,1
413,M26004_20260318_cell#413,1,1,1,1,0,1.14395615692868,0.996965425493455,NaN,NaN,NaN,1
415,M26004_20260318_cell#415,1,1,1,1,0,1.1163447274642,0.987764521306134,NaN,NaN,NaN,1
417,M26004_20260318_cell#417,1,1,1,1,0,1.08191493617476,0.954268354427481,NaN,NaN,NaN,1
418,M26004_20260318_cell#418,1,1,1,1,0,1.19597747656689,0.967872363225361,NaN,NaN,NaN,1
419,M26004_20260318_cell#419,1,1,1,1,0,1.0619884146601,0.956376567357487,NaN,NaN,NaN,1
420,M26004_20260318_cell#420,1,1,0,0,0,1.02797303670749,0.922670802662116,NaN,NaN,NaN,1
421,M26004_20260318_cell#421,1,1,1,1,0,1.15075994760537,0.955859723459447,NaN,NaN,NaN,1
422,M26004_20260318_cell#422,1,1,0,0,0,1.01419399543027,0.976710810450742,NaN,NaN,NaN,1
423,M26004_20260318_cell#423,1,1,1,1,0,1.18005662142834,0.95969710756811,NaN,NaN,NaN,1
424,M26004_20260318_cell#424,1,1,1,1,0,1.59795627501873,1.00644217270652,NaN,NaN,NaN,0.296273335705413
425,M26004_20260318_cell#425,1,1,1,1,0,1.05241237998863,0.986651875771298,NaN,NaN,NaN,1
426,M26004_20260318_cell#426,1,1,1,1,0,1.10757799988249,0.948534284387763,NaN,NaN,NaN,1
427,M26004_20260318_cell#427,1,1,1,1,0,1.03238608505192,0.97681754258663,NaN,NaN,NaN,1
428,M26004_20260318_cell#428,1,1,1,1,0,1.08070407760284,0.924960507475858,NaN,NaN,NaN,1
429,M26004_20260318_cell#429,1,1,0,0,0,1.03864114072455,0.991583402039278,NaN,NaN,NaN,1
430,M26004_20260318_cell#430,1,1,1,1,0,1.54763477460716,0.936578223652755,NaN,NaN,NaN,1
432,M26004_20260318_cell#432,1,1,0,0,0,1.0512317871632e-06,0.951621251299154,NaN,NaN,NaN,1
433,M26004_20260318_cell#433,1,1,1,1,0,1.381181417707,0.991366639996236,NaN,NaN,NaN,1
434,M26004_20260318_cell#434,1,1,0,0,0,1.00595877687062,0.990783679558953,NaN,NaN,NaN,1
435,M26004_20260318_cell#435,1,1,0,0,0,1.02070987587179,0.98984080801863,NaN,NaN,NaN,1
436,M26004_20260318_cell#436,1,1,1,1,0,1.34795745324397,0.970135881015399,NaN,NaN,NaN,1
437,M26004_20260318_cell#437,1,1,1,1,0,1.404136075214,0.997092198396292,NaN,NaN,NaN,1
439,M26004_20260318_cell#439,1,1,1,1,0,1.31085534260294,0.958633207707784,NaN,NaN,NaN,1
440,M26004_20260318_cell#440,1,1,1,1,0,1.51235119269872,0.946701014769745,NaN,NaN,NaN,1
442,M26004_20260318_cell#442,1,1,1,1,0,1.24024785106248,0.96604056737393,NaN,NaN,NaN,1
443,M26004_20260318_cell#443,1,1,1,1,0,1.07666812975074,1.0075758828574,NaN,NaN,NaN,0.823029244579185
444,M26004_20260318_cell#444,1,1,1,1,0,1.06355574179684,0.857774773349882,NaN,NaN,NaN,1
445,M26004_20260318_cell#445,1,1,1,1,0,1.05014754998223,1.01129721877184,NaN,NaN,NaN,1.31508470779806e-10
446,M26004_20260318_cell#446,1,1,1,1,0,1.34345609339358,1.00306619801537,NaN,NaN,NaN,0.997134527503344
447,M26004_20260318_cell#447,1,1,0,0,1,0.998444258170857,1.06616614891978,NaN,NaN,NaN,0
448,M26004_20260318_cell#448,1,1,1,1,0,1.05154461338325,0.893351377898786,NaN,NaN,NaN,1
449,M26004_20260318_cell#449,1,1,0,0,0,1.01042236588558,0.917311097379803,NaN,NaN,NaN,1
450,M26004_20260318_cell#450,1,1,1,1,0,1.13997444024169,0.986316584381559,NaN,NaN,NaN,1
453,M26004_20260318_cell#453,1,1,1,1,0,1.68417049753651,0.907636517850069,NaN,NaN,NaN,1
454,M26004_20260318_cell#454,1,1,1,1,0,1.49363402040686,0.978910540234176,NaN,NaN,NaN,1
455,M26004_20260318_cell#455,1,1,0,0,0,0.995530291572535,0.985619060835298,NaN,NaN,NaN,1
456,M26004_20260318_cell#456,1,1,1,1,0,1.31628217296327,1.00801727549975,NaN,NaN,NaN,0.98329019387206
457,M26004_20260318_cell#457,1,1,1,1,0,1.11647098409755,0.982020360499961,NaN,NaN,NaN,1
458,M26004_20260318_cell#458,1,1,1,1,0,1.04543970939705,0.946192103518224,NaN,NaN,NaN,1
459,M26004_20260318_cell#459,1,1,1,1,0,1.21642426594305,0.932864328010149,NaN,NaN,NaN,1
460,M26004_20260318_cell#460,1,1,1,1,0,1.24045328765926,0.957246950244142,NaN,NaN,NaN,1
461,M26004_20260318_cell#461,1,1,1,1,0,1.23896932605275,0.996246930991773,NaN,NaN,NaN,1
462,M26004_20260318_cell#462,1,1,1,1,0,1.08341947286794,0.990143358282828,NaN,NaN,NaN,1
463,M26004_20260318_cell#463,1,1,0,0,0,1.07037078230202,1.02065276334957,NaN,NaN,NaN,0.995379598395012
464,M26004_20260318_cell#464,1,1,0,0,0,1.02634773465112,0.964784505094036,NaN,NaN,NaN,1
465,M26004_20260318_cell#465,1,1,1,1,0,1.03041740987379,0.991989324654278,NaN,NaN,NaN,1
466,M26004_20260318_cell#466,1,1,0,0,1,1.0484200130903,1.47800003416975,NaN,NaN,NaN,0
467,M26004_20260318_cell#467,1,1,0,0,0,1.01095008582441,0.894134614072126,NaN,NaN,NaN,1
468,M26004_20260318_cell#468,1,1,1,1,0,1.20103680200915,0.995968007821135,NaN,NaN,NaN,1
469,M26004_20260318_cell#469,1,1,0,0,0,0.983319278347044,1.00400959388481,NaN,NaN,NaN,0.970130830163815
470,M26004_20260318_cell#470,1,1,1,1,0,1.12534409518452,0.9606569598802,NaN,NaN,NaN,1
471,M26004_20260318_cell#471,1,1,0,0,0,1.02648606082955,0.963117273725239,NaN,NaN,NaN,1
472,M26004_20260318_cell#472,1,1,1,1,0,1.08007667647705,0.989275357997722,NaN,NaN,NaN,1
473,M26004_20260318_cell#473,1,1,1,1,0,1.40479772695004,0.936341771669166,NaN,NaN,NaN,1
474,M26004_20260318_cell#474,1,1,1,1,0,1.3383715039747,0.977882618643805,NaN,NaN,NaN,1
476,M26004_20260318_cell#476,1,1,1,1,0,1.47869858221631,1.00362508171455,NaN,NaN,NaN,0.01783714440594
477,M26004_20260318_cell#477,1,1,1,1,0,1.58870122863898,1.0033855261376,NaN,NaN,NaN,0.99981781317086
479,M26004_20260318_cell#479,1,1,0,0,0,0.969775376034655,0.993558567708572,NaN,NaN,NaN,1
480,M26004_20260318_cell#480,1,1,1,1,0,1.199286736939,0.994403302747356,NaN,NaN,NaN,1
481,M26004_20260318_cell#481,1,1,1,1,0,1.20925005468662,1.00795489347429,NaN,NaN,NaN,0
482,M26004_20260318_cell#482,1,1,1,1,0,1.07656254738555,0.956097705285867,NaN,NaN,NaN,1
484,M26004_20260318_cell#484,1,1,1,1,0,1.44990392678817,0.969748679099509,NaN,NaN,NaN,1
485,M26004_20260318_cell#485,1,1,0,0,0,0.992749958628191,0.950800607087229,NaN,NaN,NaN,1
486,M26004_20260318_cell#486,1,1,1,1,0,1.1321357627922,1.00081974138397,NaN,NaN,NaN,0.999999999999964
487,M26004_20260318_cell#487,1,1,1,1,0,1.07994196367832,0.991990474528956,NaN,NaN,NaN,1
488,M26004_20260318_cell#488,1,1,1,1,0,1.23329295671361,0.889833765756577,NaN,NaN,NaN,1
489,M26004_20260318_cell#489,1,1,1,1,0,1.6788350452507,0.983770425434981,NaN,NaN,NaN,1
490,M26004_20260318_cell#490,1,1,0,0,0,0.987295567052999,0.936183762848036,NaN,NaN,NaN,1
491,M26004_20260318_cell#491,1,1,1,1,0,1.14980675184988,0.991959258321767,NaN,NaN,NaN,1
492,M26004_20260318_cell#492,1,1,1,1,0,1.06751697990146,0.972365962356046,NaN,NaN,NaN,1
493,M26004_20260318_cell#493,1,1,0,0,0,1.00087777183735,1.00142075220026,NaN,NaN,NaN,0.999999999024664
494,M26004_20260321_cell#1,1,2,1,1,0,1.30957187792,0.944034083380838,NaN,NaN,NaN,1
495,M26004_20260321_cell#2,1,2,1,1,0,1.12085489210017,0.921410520932762,NaN,NaN,NaN,1
496,M26004_20260321_cell#3,1,2,0,0,1,0.970987138511196,1.02030386227306,NaN,NaN,NaN,6.55964578822887e-05
497,M26004_20260321_cell#4,1,2,0,0,0,0.914840165829379,1.00871755183208,NaN,NaN,NaN,0.922947215013632
498,M26004_20260321_cell#5,1,2,1,1,0,1.110305961329,0.98565730066095,NaN,NaN,NaN,1
499,M26004_20260321_cell#6,1,2,1,1,0,1.04287583866465,1.00128263773073,NaN,NaN,NaN,0.999920885901517
500,M26004_20260321_cell#7,1,2,1,1,0,1.0783652375514,0.987629087182958,NaN,NaN,NaN,1
501,M26004_20260321_cell#8,1,2,0,0,0,0.995147690701711,0.986860841507691,NaN,NaN,NaN,1
502,M26004_20260321_cell#9,1,2,0,0,0,1.00821666136827,0.994421073132043,NaN,NaN,NaN,1
503,M26004_20260321_cell#10,1,2,1,1,0,1.09036120375901,0.987881843832544,NaN,NaN,NaN,1
504,M26004_20260321_cell#11,1,2,0,0,1,0.892430757157468,1.11823619619611,NaN,NaN,NaN,0
505,M26004_20260321_cell#12,1,2,1,1,1,1.18333759963473,1.0271084963468,NaN,NaN,NaN,4.44089209850063e-16
506,M26004_20260321_cell#13,1,2,1,1,0,1.20208013369974,0.976843501197508,NaN,NaN,NaN,1
507,M26004_20260321_cell#14,1,2,1,1,0,1.06833927668371,0.997178435275272,NaN,NaN,NaN,1
508,M26004_20260321_cell#15,1,2,1,1,0,1.08992874337758,1.00955411535326,NaN,NaN,NaN,2.24899791090305e-06
509,M26004_20260321_cell#16,1,2,1,1,0,1.23246840778657,1.00119578543274,NaN,NaN,NaN,0.838096000485454
510,M26004_20260321_cell#17,1,2,1,1,0,1.13419961992995,0.984739455088298,NaN,NaN,NaN,1
511,M26004_20260321_cell#18,1,2,0,0,0,0.95435505486587,0.972428972469193,NaN,NaN,NaN,1
512,M26004_20260321_cell#19,1,2,0,0,1,1.00191351882971,1.29967256650156,NaN,NaN,NaN,0
513,M26004_20260321_cell#20,1,2,1,1,0,1.05091449328791,0.986231206432735,NaN,NaN,NaN,1
514,M26004_20260321_cell#21,1,2,1,1,0,1.15017535057211,0.97019390856879,NaN,NaN,NaN,1
515,M26004_20260321_cell#22,1,2,0,0,0,1.00129860345589,0.989232332599117,NaN,NaN,NaN,1
516,M26004_20260321_cell#23,1,2,0,0,0,0.981679012186165,0.979271535951302,NaN,NaN,NaN,1
517,M26004_20260321_cell#24,1,2,1,1,0,1.14066688690222,0.992451639242016,NaN,NaN,NaN,1
518,M26004_20260321_cell#25,1,2,1,1,0,1.05074131894908,0.983480662165267,NaN,NaN,NaN,1
519,M26004_20260321_cell#26,1,2,0,0,0,1.07218624894607,0.80171009576606,NaN,NaN,NaN,1
520,M26004_20260321_cell#27,1,2,1,1,0,1.12214953160842,0.998560068350489,NaN,NaN,NaN,1
521,M26004_20260321_cell#28,1,2,1,1,1,1.12303730167819,1.02008697074459,NaN,NaN,NaN,0
522,M26004_20260321_cell#29,1,2,0,0,0,1.00988051895745,0.873606690730202,NaN,NaN,NaN,1
523,M26004_20260321_cell#30,1,2,1,1,0,1.29607021222443,0.988253540916869,NaN,NaN,NaN,1
524,M26004_20260321_cell#31,1,2,1,1,0,1.06524754930022,0.965111955210676,NaN,NaN,NaN,1
525,M26004_20260321_cell#32,1,2,1,1,0,1.25402951707386,0.970435020122575,NaN,NaN,NaN,1
528,M26004_20260321_cell#35,1,2,1,1,0,1.01751624432678,0.950909484777623,NaN,NaN,NaN,1
529,M26004_20260321_cell#36,1,2,1,1,0,1.18749203125669,0.990982800186083,NaN,NaN,NaN,1
530,M26004_20260321_cell#37,1,2,1,1,0,1.047123456472,0.949859863792549,NaN,NaN,NaN,1
531,M26004_20260321_cell#38,1,2,1,1,1,1.91640205386049,1.01751732408483,NaN,NaN,NaN,0
532,M26004_20260321_cell#39,1,2,1,1,1,1.06880155466085,1.03804226026063,NaN,NaN,NaN,8.88178419700125e-16
533,M26004_20260321_cell#40,1,2,0,0,0,1.00605487463663,0.990583298696464,NaN,NaN,NaN,1
534,M26004_20260321_cell#41,1,2,1,1,0,1.21736794271193,0.780708200267482,NaN,NaN,NaN,1
535,M26004_20260321_cell#42,1,2,1,1,0,1.05808085867117,0.993521917431496,NaN,NaN,NaN,1
536,M26004_20260321_cell#43,1,2,1,1,0,1.07646305857027,1.0075044429028,NaN,NaN,NaN,0.18086825895651
537,M26004_20260321_cell#44,1,2,0,0,0,1.01872150919744,0.88237017431103,NaN,NaN,NaN,1
538,M26004_20260321_cell#45,1,2,1,1,0,1.22203460115302,0.963276347048798,NaN,NaN,NaN,1
539,M26004_20260321_cell#46,1,2,1,1,0,1.49956241185064,0.917728559925672,NaN,NaN,NaN,1
541,M26004_20260321_cell#48,1,2,0,0,0,0.990474060490993,0.947939491480569,NaN,NaN,NaN,1
542,M26004_20260321_cell#49,1,2,0,0,0,1.0082399125838,0.978050856321868,NaN,NaN,NaN,1
544,M26004_20260321_cell#51,1,2,1,1,0,1.48663090336367,0.978528545120782,NaN,NaN,NaN,1
545,M26004_20260321_cell#52,1,2,1,1,0,1.18797031252011,0.982970842623865,NaN,NaN,NaN,1
546,M26004_20260321_cell#53,1,2,1,1,0,1.14911059478761,0.985509518453491,NaN,NaN,NaN,1
547,M26004_20260321_cell#54,1,2,1,1,0,1.48430438231596,0.954405807860885,NaN,NaN,NaN,1
548,M26004_20260321_cell#55,1,2,0,1,0,0.988473162098169,NaN,NaN,NaN,NaN,NaN
549,M26004_20260321_cell#56,1,2,1,1,0,1.0298735517819,0.985207335003773,NaN,NaN,NaN,1
550,M26004_20260321_cell#57,1,2,1,1,0,1.06111804242579,0.934726376918028,NaN,NaN,NaN,1
551,M26004_20260321_cell#58,1,2,0,0,0,1.02946695944247,0.994960827066634,NaN,NaN,NaN,1
552,M26004_20260321_cell#59,1,2,1,1,0,1.38714199502385,0.942846696653009,NaN,NaN,NaN,1
553,M26004_20260321_cell#60,1,2,1,1,0,1.01831434199165,0.977382336445903,NaN,NaN,NaN,1
554,M26004_20260321_cell#61,1,2,1,1,0,1.36392589976849,0.962928990107985,NaN,NaN,NaN,1
555,M26004_20260321_cell#62,1,2,0,0,0,1.02732440164591,0.939785567286174,NaN,NaN,NaN,1
556,M26004_20260321_cell#63,1,2,0,0,0,0.971300654914237,0.993502036916955,NaN,NaN,NaN,1
557,M26004_20260321_cell#64,1,2,1,1,0,1.01718754033516,0.995364519174881,NaN,NaN,NaN,1
558,M26004_20260321_cell#65,1,2,1,1,0,1.07406139468852,0.989485748936193,NaN,NaN,NaN,1
559,M26004_20260321_cell#66,1,2,1,1,0,1.0286041466497,0.964304922031895,NaN,NaN,NaN,1
560,M26004_20260321_cell#67,1,2,0,0,0,0.997538997524226,0.909238206174051,NaN,NaN,NaN,1
561,M26004_20260321_cell#68,1,2,1,1,0,1.10451361492205,0.997922092876659,NaN,NaN,NaN,1
562,M26004_20260321_cell#69,1,2,1,1,0,1.11831574314985,0.985669001987282,NaN,NaN,NaN,1
563,M26004_20260321_cell#70,1,2,1,1,0,1.0679103641363,0.925993833603109,NaN,NaN,NaN,1
564,M26004_20260321_cell#71,1,2,1,1,0,1.03260520899304,0.983838920299999,NaN,NaN,NaN,1
565,M26004_20260321_cell#72,1,2,1,1,0,1.19052480719144,0.899181273086352,NaN,NaN,NaN,1
566,M26004_20260321_cell#73,1,2,1,1,0,1.08719206105578,0.936448351165891,NaN,NaN,NaN,1
567,M26004_20260321_cell#74,1,2,1,1,1,1.7286721963518,1.0606224141409,NaN,NaN,NaN,0
568,M26004_20260321_cell#75,1,2,0,0,0,0.937895100475467,1.00188872752631,NaN,NaN,NaN,0.999999999552797
569,M26004_20260321_cell#76,1,2,1,1,0,1.24048090355865,0.979375508308076,NaN,NaN,NaN,1
570,M26004_20260321_cell#77,1,2,1,1,0,1.18630013954812,0.366059691776686,NaN,NaN,NaN,1
571,M26004_20260321_cell#78,1,2,1,1,0,1.51154397267762,0.938624408734272,NaN,NaN,NaN,1
572,M26004_20260321_cell#79,1,2,1,1,0,1.03974203531189,0.980679064734022,NaN,NaN,NaN,1
573,M26004_20260321_cell#80,1,2,0,0,0,1.0855169885307,0.765324597779643,NaN,NaN,NaN,1
574,M26004_20260321_cell#81,1,2,1,1,0,1.11370016312066,0.932530322775067,NaN,NaN,NaN,1
575,M26004_20260321_cell#82,1,2,1,1,0,1.08978116732926,0.985424863776125,NaN,NaN,NaN,1
576,M26004_20260321_cell#83,1,2,0,0,0,1.02255108281507,0.997376283691439,NaN,NaN,NaN,1
577,M26004_20260321_cell#84,1,2,1,1,0,1.12804635773597,0.993804966946314,NaN,NaN,NaN,1
579,M26004_20260321_cell#86,1,2,1,1,0,1.27502659393465,0.985794881291771,NaN,NaN,NaN,1
580,M26004_20260321_cell#87,1,2,1,1,0,1.11192884877354,0.901571924595707,NaN,NaN,NaN,1
581,M26004_20260321_cell#88,1,2,1,1,0,1.28288013432065,0.937086343497166,NaN,NaN,NaN,1
582,M26004_20260321_cell#89,1,2,1,1,0,1.13068835533362,0.949046673449467,NaN,NaN,NaN,1
583,M26004_20260321_cell#90,1,2,0,0,0,1.00424746477114,0.927921489680299,NaN,NaN,NaN,1
584,M26004_20260321_cell#91,1,2,0,0,0,0.985894171087928,0.978842150518863,NaN,NaN,NaN,1
585,M26004_20260321_cell#92,1,2,1,1,0,2.24311715759637,0.974489885488492,NaN,NaN,NaN,1
586,M26004_20260321_cell#93,1,2,1,1,0,1.0434883846391,0.989540138682754,NaN,NaN,NaN,1
587,M26004_20260321_cell#94,1,2,1,1,0,1.14774017591877,1.01321891588168,NaN,NaN,NaN,4.00965860825053e-05
588,M26004_20260321_cell#95,1,2,1,1,0,1.18202321636493,0.977450810791636,NaN,NaN,NaN,1
589,M26004_20260321_cell#96,1,2,1,1,0,1.07775412656386,0.985146984717105,NaN,NaN,NaN,1
590,M26004_20260321_cell#97,1,2,1,1,0,1.0360865308642,0.939521463195992,NaN,NaN,NaN,1
591,M26004_20260321_cell#98,1,2,1,1,0,1.22123113366721,0.994050474336291,NaN,NaN,NaN,1
592,M26004_20260321_cell#99,1,2,1,1,0,1.03960362415491,0.989559317604666,NaN,NaN,NaN,1
593,M26004_20260321_cell#100,1,2,1,1,0,1.80833032600597,0.885439648201422,NaN,NaN,NaN,1
594,M26004_20260321_cell#101,1,2,1,1,0,1.11573288651131,0.958258390606989,NaN,NaN,NaN,1
595,M26004_20260321_cell#102,1,2,1,1,0,1.04439260764928,0.999425621413503,NaN,NaN,NaN,1
596,M26004_20260321_cell#103,1,2,1,1,0,1.02000165184957,0.964982483439722,NaN,NaN,NaN,1
598,M26004_20260321_cell#105,1,2,1,1,0,1.08609029628429,0.999371908044278,NaN,NaN,NaN,1
599,M26004_20260321_cell#106,1,2,1,1,0,1.33469072513856,0.782737587422348,NaN,NaN,NaN,1
600,M26004_20260321_cell#107,1,2,1,1,0,1.12601513690045,0.988504829019289,NaN,NaN,NaN,1
601,M26004_20260321_cell#108,1,2,1,1,0,1.07473857645534,0.927522503797585,NaN,NaN,NaN,1
602,M26004_20260321_cell#109,1,2,0,0,0,1.04005821705369,0.929526017257494,NaN,NaN,NaN,1
603,M26004_20260321_cell#110,1,2,1,1,0,1.14896794363106,0.985098081302606,NaN,NaN,NaN,1
604,M26004_20260321_cell#111,1,2,1,1,0,1.0228665159349,0.993043618247467,NaN,NaN,NaN,1
606,M26004_20260321_cell#113,1,2,1,1,0,1.2124367104911,0.941873274208494,NaN,NaN,NaN,1
607,M26004_20260321_cell#114,1,2,1,1,0,1.10688817471912,0.929892038787855,NaN,NaN,NaN,1
608,M26004_20260321_cell#115,1,2,0,0,0,0.997543526471377,0.964083911019054,NaN,NaN,NaN,1
609,M26004_20260321_cell#116,1,2,1,1,0,1.10299487052714,0.96340240342388,NaN,NaN,NaN,1
610,M26004_20260321_cell#117,1,2,1,1,0,1.68014006844476,0.982036759206189,NaN,NaN,NaN,1
611,M26004_20260321_cell#118,1,2,1,1,0,1.11550436630921,0.995343935374839,NaN,NaN,NaN,1
612,M26004_20260321_cell#119,1,2,1,1,0,1.90658243093405,0.959738884836014,NaN,NaN,NaN,1
614,M26004_20260321_cell#121,1,2,1,1,0,1.19798069325681,0.946034109767986,NaN,NaN,NaN,1
615,M26004_20260321_cell#122,1,2,1,1,0,1.12849368723695,1.00207659344818,NaN,NaN,NaN,0.999999992841626
616,M26004_20260321_cell#123,1,2,1,1,0,1.18843118456137,0.96686455528598,NaN,NaN,NaN,1
617,M26004_20260321_cell#124,1,2,1,1,0,1.1923157151992,0.900314836837195,NaN,NaN,NaN,1
618,M26004_20260321_cell#125,1,2,1,1,0,1.14057029037299,0.985188472913136,NaN,NaN,NaN,1
619,M26004_20260321_cell#126,1,2,1,1,0,1.05128304317148,0.971994738768854,NaN,NaN,NaN,1
620,M26004_20260321_cell#127,1,2,0,0,0,1.05149257647311,0.786884795434353,NaN,NaN,NaN,1
621,M26004_20260321_cell#128,1,2,0,0,0,1.02231210008944,0.877176576494538,NaN,NaN,NaN,1
622,M26004_20260321_cell#129,1,2,1,1,0,1.04229244357063,0.977481307009667,NaN,NaN,NaN,1
623,M26004_20260321_cell#130,1,2,1,1,0,1.03787538395154,0.912324757684504,NaN,NaN,NaN,1
624,M26004_20260321_cell#131,1,2,0,0,0,1.04037864684239,0.943462213501858,NaN,NaN,NaN,1
625,M26004_20260321_cell#132,1,2,0,1,0,1.00940611799231,NaN,NaN,NaN,NaN,NaN
626,M26004_20260321_cell#133,1,2,0,0,0,0.98724038720427,0.880856225564815,NaN,NaN,NaN,1
627,M26004_20260321_cell#134,1,2,1,1,0,1.21201935945379,0.961405288588636,NaN,NaN,NaN,1
628,M26004_20260321_cell#135,1,2,0,0,0,0.973990015297207,1,NaN,NaN,NaN,1
629,M26004_20260321_cell#136,1,2,1,1,0,1.22624550848987,0.964429591406984,NaN,NaN,NaN,1
630,M26004_20260321_cell#137,1,2,0,0,0,1.01694048337413,0.906244218468663,NaN,NaN,NaN,1
632,M26004_20260321_cell#139,1,2,1,1,0,1.12823122085677,0.973150934890985,NaN,NaN,NaN,1
634,M26004_20260321_cell#141,1,2,1,1,0,1.13304282587455,0.942016528458076,NaN,NaN,NaN,1
635,M26004_20260321_cell#142,1,2,0,0,0,1.00873839265071,0.938716362844343,NaN,NaN,NaN,1
636,M26004_20260321_cell#143,1,2,1,1,0,1.18989748525504,0.942740555507987,NaN,NaN,NaN,1
637,M26004_20260321_cell#144,1,2,0,0,0,0.936136258054558,0.983168396214272,NaN,NaN,NaN,1
638,M26004_20260321_cell#145,1,2,0,0,0,1.0271008166704,0.831721471103089,NaN,NaN,NaN,1
639,M26004_20260321_cell#146,1,2,0,0,0,1.04639687242092,0.967519444491235,NaN,NaN,NaN,1
640,M26004_20260321_cell#147,1,2,1,1,0,1.11226352697857,0.986687151206785,NaN,NaN,NaN,1
641,M26004_20260321_cell#148,1,2,0,0,0,0.961161066999021,0.923896489747228,NaN,NaN,NaN,1
642,M26004_20260321_cell#149,1,2,0,0,0,1.01765421473763,1.00709812747977,NaN,NaN,NaN,0.999999930779354
643,M26004_20260321_cell#150,1,2,0,0,1,0.940639523274954,1.14227138958016,NaN,NaN,NaN,0.0107103541815204
644,M26004_20260321_cell#151,1,2,1,1,0,1.18780503772585,0.992604631161402,NaN,NaN,NaN,1
646,M26004_20260321_cell#153,1,2,0,0,0,1.04039071721992,1.09853789132713,NaN,NaN,NaN,0.328337787003956
647,M26004_20260321_cell#154,1,2,0,0,1,1.01504754683585,1.04439055722788,NaN,NaN,NaN,3.69704267200177e-14
648,M26004_20260321_cell#155,1,2,0,0,0,0.991135410496805,0.954550491186004,NaN,NaN,NaN,1
650,M26004_20260321_cell#157,1,2,0,0,0,0.991090213400869,0.845602163987836,NaN,NaN,NaN,1
651,M26004_20260321_cell#158,1,2,1,1,0,1.0540434988575,0.820747459595281,NaN,NaN,NaN,1
652,M26004_20260321_cell#159,1,2,0,0,0,1.02411429274054,0.915323614252105,NaN,NaN,NaN,1
653,M26004_20260321_cell#160,1,2,0,0,0,1.09890232624564,0.852314617363274,NaN,NaN,NaN,1
655,M26004_20260321_cell#162,1,2,0,0,0,1.01357580869044,0.966947776424844,NaN,NaN,NaN,1
656,M26004_20260321_cell#163,1,2,0,0,0,1.00409729580311,0.988549959084253,NaN,NaN,NaN,1
657,M26004_20260321_cell#164,1,2,0,0,0,1.00845668567291,0.998498427153389,NaN,NaN,NaN,1
658,M26004_20260321_cell#165,1,2,1,1,0,1.24266628701061,0.908414558714831,NaN,NaN,NaN,1
659,M26004_20260321_cell#166,1,2,1,1,0,1.06144019010112,0.985123021118046,NaN,NaN,NaN,1
660,M26004_20260321_cell#167,1,2,1,1,0,1.92693405688251,0.938309315859418,NaN,NaN,NaN,1
661,M26004_20260321_cell#168,1,2,1,1,0,1.14892060549566,0.945971704826962,NaN,NaN,NaN,1
662,M26004_20260321_cell#169,1,2,1,1,0,1.07888647504605,0.958225858700311,NaN,NaN,NaN,1
663,M26004_20260321_cell#170,1,2,1,1,0,1.49416930078606,0.967606193761158,NaN,NaN,NaN,1
665,M26004_20260321_cell#172,1,2,1,1,0,1.06843308645485,0.973096747465975,NaN,NaN,NaN,1
667,M26004_20260321_cell#174,1,2,0,0,0,1.02568710197278,0.58733086643725,NaN,NaN,NaN,1
668,M26004_20260321_cell#175,1,2,1,1,0,1.25979119085675,0.964362064182122,NaN,NaN,NaN,1
669,M26004_20260321_cell#176,1,2,1,1,0,1.5085654698519,0.999120500618002,NaN,NaN,NaN,1
670,M26004_20260321_cell#177,1,2,1,1,0,1.39991723021222,0.773715754552214,NaN,NaN,NaN,1
671,M26004_20260321_cell#178,1,2,1,1,0,1.10519949920373,0.996391634647188,NaN,NaN,NaN,1
672,M26004_20260321_cell#179,1,2,1,1,0,1.29312400600824,1.00643788931175,NaN,NaN,NaN,0.999893242841395
673,M26004_20260321_cell#180,1,2,1,1,0,1.06188228853913,0.997672562834735,NaN,NaN,NaN,1
674,M26004_20260321_cell#181,1,2,1,1,1,1.1743860826197,1.02316915306647,NaN,NaN,NaN,0
675,M26004_20260321_cell#182,1,2,1,1,0,1.05037712827842,0.980670797989636,NaN,NaN,NaN,1
676,M26004_20260321_cell#183,1,2,0,0,0,0.960390284931309,1.00352111654291,NaN,NaN,NaN,0.999999999673276
677,M26004_20260321_cell#184,1,2,1,1,0,1.18199595438535,0.948815297111432,NaN,NaN,NaN,1
678,M26004_20260321_cell#185,1,2,0,0,0,0.977221518601248,1.00867456627993,NaN,NaN,NaN,0.999999999736296
679,M26004_20260321_cell#186,1,2,1,1,0,1.17889262991617,0.892813916331432,NaN,NaN,NaN,1
680,M26004_20260321_cell#187,1,2,1,1,0,1.41970492691229,0.867157235130678,NaN,NaN,NaN,1
681,M26004_20260321_cell#188,1,2,1,1,0,1.14029225655953,0.993306160152902,NaN,NaN,NaN,1
682,M26004_20260321_cell#189,1,2,1,1,0,2.00435319175345,1.01110682477055,NaN,NaN,NaN,0.599480261207964
683,M26004_20260321_cell#190,1,2,1,1,0,1.27522037201994,0.967957412988961,NaN,NaN,NaN,1
684,M26004_20260321_cell#191,1,2,1,1,1,1.24158764545294,1.17906585375054,NaN,NaN,NaN,0
685,M26004_20260321_cell#192,1,2,1,1,0,1.23081305834985,0.91626837470218,NaN,NaN,NaN,1
686,M26004_20260321_cell#193,1,2,1,1,0,1.06101672947451,0.910701918817059,NaN,NaN,NaN,1
687,M26004_20260321_cell#194,1,2,1,1,0,1.20083970744675,0.920461074535484,NaN,NaN,NaN,1
688,M26004_20260321_cell#195,1,2,0,0,0,1.0489390527568,0.734807864182098,NaN,NaN,NaN,1
689,M26004_20260321_cell#196,1,2,0,0,0,0.879420106750116,0.9672778653939,NaN,NaN,NaN,1
690,M26004_20260321_cell#197,1,2,0,0,0,1.11250203981067,0.75054072437646,NaN,NaN,NaN,1
691,M26004_20260321_cell#198,1,2,1,1,0,1.18598165659487,0.98532336278475,NaN,NaN,NaN,1
692,M26004_20260321_cell#199,1,2,1,1,0,1.27404230364165,0.992205546280787,NaN,NaN,NaN,1
693,M26004_20260321_cell#200,1,2,1,1,0,1.05131226865255,0.971245961154436,NaN,NaN,NaN,1
694,M26004_20260321_cell#201,1,2,1,1,0,1.43272486487586,0.889411319582122,NaN,NaN,NaN,1
695,M26004_20260321_cell#202,1,2,0,0,0,0.983138568882272,0.952209883190113,NaN,NaN,NaN,1
696,M26004_20260321_cell#203,1,2,1,1,0,1.06506053260582,0.945963859977955,NaN,NaN,NaN,1
697,M26004_20260321_cell#204,1,2,1,1,0,1.2837242201384,0.9973137461043,NaN,NaN,NaN,1
699,M26004_20260321_cell#206,1,2,1,1,0,1.15807719936413,1.0134711570557,NaN,NaN,NaN,0.85351133551682
700,M26004_20260321_cell#207,1,2,1,1,0,1.09593212090469,0.840997303387252,NaN,NaN,NaN,1
702,M26004_20260321_cell#209,1,2,0,0,0,0.992987014050788,0.897757609400896,NaN,NaN,NaN,1
703,M26004_20260321_cell#210,1,2,1,1,0,1.18736328995471,0.957127779750696,NaN,NaN,NaN,1
704,M26004_20260321_cell#211,1,2,0,0,0,1.01435881943352,0.945123427103143,NaN,NaN,NaN,1
705,M26004_20260321_cell#212,1,2,1,1,0,1.16726829823988,0.959329933951666,NaN,NaN,NaN,1
706,M26004_20260321_cell#213,1,2,1,1,0,1.06041253972258,0.972929186644997,NaN,NaN,NaN,1
707,M26004_20260321_cell#214,1,2,1,1,0,1.88667018819063,0.692662945936056,NaN,NaN,NaN,1
708,M26004_20260321_cell#215,1,2,0,0,0,1.02094851545917,0.974147418137047,NaN,NaN,NaN,1
709,M26004_20260321_cell#216,1,2,1,1,0,1.12462150078586,0.907856834330749,NaN,NaN,NaN,1
710,M26004_20260321_cell#217,1,2,1,1,0,1.04355210145823,0.970179725077733,NaN,NaN,NaN,1
711,M26004_20260321_cell#218,1,2,0,0,0,1.02778418210453,0.967896958475561,NaN,NaN,NaN,1
712,M26004_20260321_cell#219,1,2,0,0,1,0.985947336325638,1.47319870295294,NaN,NaN,NaN,0
713,M26004_20260321_cell#220,1,2,0,0,0,0.248869895636405,0.962953616089483,NaN,NaN,NaN,1
714,M26004_20260321_cell#221,1,2,1,1,0,1.09273633419696,0.952891495688501,NaN,NaN,NaN,1
715,M26004_20260321_cell#222,1,2,1,1,0,1.02280811954703,0.925503365914506,NaN,NaN,NaN,1
716,M26004_20260321_cell#223,1,2,1,1,0,1.11041488979121,0.903306847125862,NaN,NaN,NaN,1
717,M26004_20260321_cell#224,1,2,1,1,0,1.1675035161424,0.942792893927353,NaN,NaN,NaN,1
718,M26004_20260321_cell#225,1,2,0,0,0,1.02309241059031,0.975898595241575,NaN,NaN,NaN,1
719,M26004_20260321_cell#226,1,2,0,0,0,1.0069900449448,0.949205286529977,NaN,NaN,NaN,1
720,M26004_20260321_cell#227,1,2,1,1,0,1.08762411885041,0.980630092996963,NaN,NaN,NaN,1
722,M26004_20260321_cell#229,1,2,1,1,0,1.09908070692833,0.969816619540794,NaN,NaN,NaN,1
723,M26004_20260321_cell#230,1,2,0,0,0,0.947164928570872,1.00198491804912,NaN,NaN,NaN,0.999999999844469
724,M26004_20260321_cell#231,1,2,1,1,0,1.41186744001932,0.9909445670018,NaN,NaN,NaN,1
725,M26004_20260321_cell#232,1,2,1,1,1,1.06426398736205,1.02604354785615,NaN,NaN,NaN,5.8333097004426e-05
726,M26004_20260321_cell#233,1,2,1,1,0,1.25079984878707,0.929647427572068,NaN,NaN,NaN,1
727,M26004_20260321_cell#234,1,2,1,1,0,1.10819118341072,0.979412020102043,NaN,NaN,NaN,1
728,M26004_20260321_cell#235,1,2,1,1,0,1.1628165284396,0.951265765800946,NaN,NaN,NaN,1
729,M26004_20260321_cell#236,1,2,1,1,0,1.33012945584805,0.804656863100649,NaN,NaN,NaN,1
730,M26004_20260321_cell#237,1,2,1,1,0,1.16564947190059,1.01363923343701,NaN,NaN,NaN,9.69224700497762e-14
731,M26004_20260321_cell#238,1,2,1,1,0,1.14140569408517,0.9937164053874,NaN,NaN,NaN,1
732,M26004_20260321_cell#239,1,2,1,1,0,1.04901208298434,0.992158502346632,NaN,NaN,NaN,1
733,M26004_20260321_cell#240,1,2,1,1,0,1.11482753329332,0.986061009769376,NaN,NaN,NaN,1
734,M26004_20260321_cell#241,1,2,1,1,0,1.05471708789985,0.985069389498373,NaN,NaN,NaN,1
735,M26004_20260321_cell#242,1,2,0,0,0,1.00621688607186,0.980925092637157,NaN,NaN,NaN,1
736,M26004_20260321_cell#243,1,2,1,1,1,1.11755866752428,1.02451379838111,NaN,NaN,NaN,0.000476845807490411
738,M26004_20260321_cell#245,1,2,1,1,1,1.32041777793394,1.05837251326112,NaN,NaN,NaN,0
739,M26004_20260321_cell#246,1,2,1,1,0,1.2889893032719,0.942705671575277,NaN,NaN,NaN,1
740,M26004_20260321_cell#247,1,2,1,1,0,1.17734028543832,0.968828220406045,NaN,NaN,NaN,1
741,M26004_20260321_cell#248,1,2,0,0,0,1.02770713716988,0.762551779683948,NaN,NaN,NaN,1
742,M26004_20260321_cell#249,1,2,0,0,0,0.993836910760136,0.956141186028364,NaN,NaN,NaN,1
743,M26004_20260321_cell#250,1,2,1,1,0,1.14302609689434,0.967013013997082,NaN,NaN,NaN,1
744,M26004_20260321_cell#251,1,2,0,0,1,1.02607200414264,1.02814825865151,NaN,NaN,NaN,6.16406746978271e-07
745,M26004_20260321_cell#252,1,2,1,1,0,1.12005873702357,0.899474744815791,NaN,NaN,NaN,1
746,M26004_20260321_cell#253,1,2,0,0,0,0.992057801421661,0.967209833782029,NaN,NaN,NaN,1
747,M26004_20260321_cell#254,1,2,0,0,0,0.934635711469745,0.933071814813891,NaN,NaN,NaN,1
748,M26004_20260321_cell#255,1,2,1,1,0,1.04964574762998,0.936548566768933,NaN,NaN,NaN,1
749,M26004_20260321_cell#256,1,2,0,0,0,0.957230152570893,0.962404450288154,NaN,NaN,NaN,1
750,M26004_20260321_cell#257,1,2,1,1,0,1.1779018321445,0.751155404751917,NaN,NaN,NaN,1
751,M26004_20260321_cell#258,1,2,0,0,0,1.03499851283853,0.6451083524437,NaN,NaN,NaN,1
752,M26004_20260321_cell#259,1,2,0,0,1,1.027994922736,1.09633740240798,NaN,NaN,NaN,2.08011585733914e-08
753,M26004_20260321_cell#260,1,2,1,1,0,1.05085519680368,0.996796030056734,NaN,NaN,NaN,1
754,M26004_20260321_cell#261,1,2,1,1,0,1.20948175207366,0.871770012442173,NaN,NaN,NaN,1
756,M26004_20260321_cell#263,1,2,1,1,0,1.06679886064447,0.97685747879254,NaN,NaN,NaN,1
757,M26004_20260321_cell#264,1,2,0,0,0,0.971916577340075,0.936281133453326,NaN,NaN,NaN,1
759,M26004_20260321_cell#266,1,2,0,0,0,0.981063024988039,0.932014619442048,NaN,NaN,NaN,1
760,M26004_20260321_cell#267,1,2,1,1,0,1.04526230002161,0.980547803291849,NaN,NaN,NaN,1
761,M26004_20260321_cell#268,1,2,1,1,0,1.20627535973644,0.932996456787263,NaN,NaN,NaN,1
763,M26004_20260321_cell#270,1,2,0,0,0,0.876719568748663,0.947901054752229,NaN,NaN,NaN,1
764,M26004_20260321_cell#271,1,2,1,1,0,1.04408906126419,0.99021143794094,NaN,NaN,NaN,1
765,M26004_20260321_cell#272,1,2,1,1,0,1.10870308365495,0.952790522257545,NaN,NaN,NaN,1
766,M26004_20260321_cell#273,1,2,1,1,0,1.469884145176,1.00591262590262,NaN,NaN,NaN,1.67218556367255e-05
767,M26004_20260321_cell#274,1,2,1,1,1,1.09745014548967,1.04766386625464,NaN,NaN,NaN,0
768,M26004_20260321_cell#275,1,2,0,0,0,1.00119448167054,0.991046411853393,NaN,NaN,NaN,1
769,M26004_20260321_cell#276,1,2,1,1,0,1.11986012559346,1.00984760232237,NaN,NaN,NaN,0.00153821810029675
770,M26004_20260321_cell#277,1,2,1,1,0,1.03658725468705,0.936797739171098,NaN,NaN,NaN,1
771,M26004_20260321_cell#278,1,2,1,1,0,1.03857204977909,0.977554362603387,NaN,NaN,NaN,1
773,M26004_20260321_cell#280,1,2,1,1,0,1.34093770001764,1.00813366059461,NaN,NaN,NaN,0.000576501997186285
774,M26004_20260321_cell#281,1,2,0,0,0,0.985477743233236,0.903141946067779,NaN,NaN,NaN,1
775,M26004_20260321_cell#282,1,2,1,1,0,1.1505113143914,0.986385987048233,NaN,NaN,NaN,1
776,M26004_20260321_cell#283,1,2,0,0,0,0.996195664941941,0.954930236231298,NaN,NaN,NaN,1
777,M26004_20260321_cell#284,1,2,0,0,0,0.99886676089931,0.773537427458168,NaN,NaN,NaN,1
778,M26004_20260321_cell#285,1,2,1,1,1,1.05205856181461,1.41850832816827,NaN,NaN,NaN,0
779,M26004_20260321_cell#286,1,2,1,1,0,1.15172630816326,0.984530481399403,NaN,NaN,NaN,1
780,M26004_20260321_cell#287,1,2,0,0,0,0.998850567505769,0.84403614086495,NaN,NaN,NaN,1
781,M26004_20260321_cell#288,1,2,1,1,0,1.09998621017243,0.981241938278407,NaN,NaN,NaN,1
782,M26004_20260321_cell#289,1,2,1,1,0,1.1584548819565,0.948364459840675,NaN,NaN,NaN,1
785,M26004_20260321_cell#292,1,2,0,0,0,0.999447795589464,0.947283653735564,NaN,NaN,NaN,1
787,M26004_20260321_cell#294,1,2,1,1,0,1.15428778380768,0.981335095290547,NaN,NaN,NaN,1
788,M26004_20260321_cell#295,1,2,0,0,0,0.986548170165416,1.014038860222,NaN,NaN,NaN,0.131811652849048
789,M26004_20260321_cell#296,1,2,0,0,0,1.02809007244469,0.996374197391724,NaN,NaN,NaN,1
790,M26004_20260321_cell#297,1,2,0,0,0,1.01893315510253,0.991847414430296,NaN,NaN,NaN,1
791,M26004_20260321_cell#298,1,2,1,1,0,1.13739153256639,0.950426491838717,NaN,NaN,NaN,1
792,M26004_20260321_cell#299,1,2,1,1,0,1.26505359621536,0.970204517997796,NaN,NaN,NaN,1
794,M26004_20260321_cell#301,1,2,1,1,0,1.05500105048034,0.921369107637759,NaN,NaN,NaN,1
795,M26004_20260321_cell#302,1,2,1,1,0,1.15165707791114,0.945156081637328,NaN,NaN,NaN,1
796,M26004_20260321_cell#303,1,2,0,0,0,0.964957497777173,0.977620788248666,NaN,NaN,NaN,1
797,M26004_20260321_cell#304,1,2,1,1,0,1.10125479078884,0.872017087455393,NaN,NaN,NaN,1
798,M26004_20260321_cell#305,1,2,1,1,0,1.13488053039013,0.988032639540566,NaN,NaN,NaN,1
799,M26004_20260321_cell#306,1,2,1,1,0,1.42470357882963,0.98551904820192,NaN,NaN,NaN,1
800,M26004_20260321_cell#307,1,2,1,1,0,1.22580775313126,0.978541148212434,NaN,NaN,NaN,1
802,M26004_20260321_cell#309,1,2,1,1,1,1.29938485721886,1.05959923279106,NaN,NaN,NaN,0
803,M26004_20260321_cell#310,1,2,0,0,0,1.14533971467663,0.584023640308043,NaN,NaN,NaN,1
805,M26004_20260321_cell#312,1,2,1,1,0,1.07689634346225,0.97422595846217,NaN,NaN,NaN,1
806,M26004_20260321_cell#313,1,2,0,0,0,0.95326993482434,0.901729783419308,NaN,NaN,NaN,1
807,M26004_20260321_cell#314,1,2,0,0,1,0.866289103857397,1.07556649270708,NaN,NaN,NaN,9.53825907146211e-12
808,M26004_20260321_cell#315,1,2,1,1,0,1.10974805890877,0.962760384197097,NaN,NaN,NaN,1
809,M26004_20260321_cell#316,1,2,1,1,0,1.12587018977904,0.99983174721263,NaN,NaN,NaN,1
811,M26004_20260321_cell#318,1,2,0,0,0,1.06160087431326,1.04085986844228,NaN,NaN,NaN,0.62494787554518
812,M26004_20260321_cell#319,1,2,0,0,0,0.937379948826861,0.761257894758247,NaN,NaN,NaN,1
813,M26004_20260321_cell#320,1,2,1,1,0,1.22972156389315,0.995645657047821,NaN,NaN,NaN,1
815,M26004_20260321_cell#322,1,2,1,1,0,1.10452712358877,1.01494340651455,NaN,NaN,NaN,0.193532491624012
817,M26004_20260321_cell#324,1,2,0,0,0,0.97884054193173,0.920471160101288,NaN,NaN,NaN,1
819,M26004_20260321_cell#326,1,2,1,1,0,1.19046151543505,0.970674096388508,NaN,NaN,NaN,1
820,M26004_20260321_cell#327,1,2,1,1,0,3.39103365348417,0.897061000022841,NaN,NaN,NaN,1
821,M26004_20260321_cell#328,1,2,1,1,0,1.0178759105217,0.838047372242083,NaN,NaN,NaN,1
822,M26004_20260321_cell#329,1,2,1,1,0,1.07968415506301,0.918586900886312,NaN,NaN,NaN,1
823,M26004_20260321_cell#330,1,2,0,0,1,0.919158778123738,1.75591338154011,NaN,NaN,NaN,0
824,M26004_20260321_cell#331,1,2,0,0,0,0.984556800349842,0.98171042342805,NaN,NaN,NaN,1
825,M26004_20260321_cell#332,1,2,0,1,0,1.0127333704883,NaN,NaN,NaN,NaN,NaN
826,M26004_20260321_cell#333,1,2,1,1,0,1.10053554217702,0.957016629513309,NaN,NaN,NaN,1
827,M26004_20260321_cell#334,1,2,1,1,0,1.02816412361206,0.991190701949854,NaN,NaN,NaN,1
828,M26004_20260321_cell#335,1,2,0,0,0,1.01630466567976,0.934456589800589,NaN,NaN,NaN,1
829,M26004_20260321_cell#336,1,2,1,1,0,1.10692634450775,0.659581610202895,NaN,NaN,NaN,1
830,M26004_20260321_cell#337,1,2,1,1,0,1.164433247367,0.985705494806619,NaN,NaN,NaN,1
831,M26004_20260321_cell#338,1,2,1,1,0,1.11004118286995,0.980693334269483,NaN,NaN,NaN,1
832,M26004_20260321_cell#339,1,2,0,0,0,0.959787678847767,0.970310756971143,NaN,NaN,NaN,1
833,M26004_20260321_cell#340,1,2,1,1,1,1.13615384029206,1.0596444943454,NaN,NaN,NaN,3.38618022510673e-14
834,M26004_20260321_cell#341,1,2,1,1,0,1.15954737909559,0.978805170422652,NaN,NaN,NaN,1
835,M26004_20260321_cell#342,1,2,0,0,0,1.00683409617053,0.998304094788118,NaN,NaN,NaN,1
837,M26004_20260321_cell#344,1,2,1,1,0,1.16962832063321,0.936909716557547,NaN,NaN,NaN,1
838,M26004_20260321_cell#345,1,2,1,1,1,1.2886581268917,1.04597983582554,NaN,NaN,NaN,0
839,M26004_20260321_cell#346,1,2,1,1,0,1.10324143046973,0.980435418494517,NaN,NaN,NaN,1
840,M26004_20260321_cell#347,1,2,0,0,0,0.976924721151675,0.877610951020311,NaN,NaN,NaN,1
841,M26004_20260321_cell#348,1,2,1,1,0,1.13478461928109,0.982449224993761,NaN,NaN,NaN,1
842,M26004_20260321_cell#349,1,2,1,1,0,1.06341340494833,0.971359181216175,NaN,NaN,NaN,1
843,M26004_20260321_cell#350,1,2,1,1,0,1.22320617418848,0.950626479435561,NaN,NaN,NaN,1
844,M26004_20260321_cell#351,1,2,1,1,1,1.22898537816202,1.09151027778031,NaN,NaN,NaN,3.2458026266724e-09
845,M26004_20260321_cell#352,1,2,1,1,0,1.25136015570348,1.00134243186704,NaN,NaN,NaN,0.999999999994739
846,M26004_20260321_cell#353,1,2,1,1,0,1.65833556255516,1.00812867388832,NaN,NaN,NaN,0.896754668043038
847,M26004_20260321_cell#354,1,2,1,1,0,1.0767217577208,0.987739924314741,NaN,NaN,NaN,1
848,M26004_20260321_cell#355,1,2,1,1,0,1.53691489755438,0.935848647791478,NaN,NaN,NaN,1
849,M26004_20260321_cell#356,1,2,1,1,0,1.05708652330506,0.943232207904826,NaN,NaN,NaN,1
850,M26004_20260321_cell#357,1,2,1,1,1,1.67454869542791,1.04696589804231,NaN,NaN,NaN,0.00904995586523183
851,M26004_20260321_cell#358,1,2,0,0,0,0.980931836329952,0.962499966168076,NaN,NaN,NaN,1
852,M26004_20260321_cell#359,1,2,0,0,0,1.00610474507688,0.857894173604298,NaN,NaN,NaN,1
853,M26004_20260321_cell#360,1,2,1,1,0,1.06458914766917,0.956135582890634,NaN,NaN,NaN,1
855,M26004_20260321_cell#362,1,2,0,0,0,0.996749082521861,0.981570619609708,NaN,NaN,NaN,1
856,M26004_20260321_cell#363,1,2,1,1,0,1.21582072983996,0.913997305995022,NaN,NaN,NaN,1
857,M26004_20260321_cell#364,1,2,1,1,0,1.16343455393581,0.624097004917931,NaN,NaN,NaN,1
858,M26004_20260321_cell#365,1,2,1,1,0,1.05531086238101,1.00053540548557,NaN,NaN,NaN,1
859,M26004_20260321_cell#366,1,2,0,0,0,0.987002091755541,0.994125311233869,NaN,NaN,NaN,1
860,M26004_20260321_cell#367,1,2,0,0,0,1.02443517775038,0.918103509528917,NaN,NaN,NaN,1
861,M26004_20260321_cell#368,1,2,1,1,0,1.11753545953853,0.975468043808777,NaN,NaN,NaN,1
862,M26004_20260321_cell#369,1,2,1,1,0,1.07860537185851,0.977118656976052,NaN,NaN,NaN,1
863,M26004_20260321_cell#370,1,2,1,1,0,1.21084813593503,0.991351128955844,NaN,NaN,NaN,1
864,M26004_20260321_cell#371,1,2,0,0,0,1.00250647592668,1.00232225743291,NaN,NaN,NaN,0.999971155474856
865,M26004_20260321_cell#372,1,2,1,1,0,1.07327585966619,0.962659744569784,NaN,NaN,NaN,1
866,M26004_20260321_cell#373,1,2,1,1,0,1.18194144232295,0.978698514105588,NaN,NaN,NaN,1
867,M26004_20260321_cell#374,1,2,1,1,0,1.04016926898713,0.928973643497891,NaN,NaN,NaN,1
868,M26004_20260321_cell#375,1,2,1,1,1,1.12440374905898,1.02514097228744,NaN,NaN,NaN,2.31353570955273e-05
869,M26004_20260321_cell#376,1,2,1,1,0,1.04988614201325,1.00721117957134,NaN,NaN,NaN,0.630482536461543
870,M26004_20260321_cell#377,1,2,1,1,0,1.16134634882642,1.0121197769798,NaN,NaN,NaN,0
871,M26004_20260321_cell#378,1,2,1,1,0,1.209555095361,0.962514018991952,NaN,NaN,NaN,1
872,M26004_20260321_cell#379,1,2,0,0,0,0.991036543500337,0.925202544881652,NaN,NaN,NaN,1
873,M26004_20260321_cell#380,1,2,1,1,0,1.10947203603268,0.929891926181641,NaN,NaN,NaN,1
874,M26004_20260321_cell#381,1,2,0,0,0,0.981998557487263,0.999692792835638,NaN,NaN,NaN,1
875,M26004_20260321_cell#382,1,2,1,1,0,1.1511294579941,0.840286709854941,NaN,NaN,NaN,1
876,M26004_20260321_cell#383,1,2,1,1,0,1.10416171921363,0.970049365314051,NaN,NaN,NaN,1
877,M26004_20260321_cell#384,1,2,1,1,0,1.31440231704723,0.976290297414925,NaN,NaN,NaN,1
878,M26004_20260321_cell#385,1,2,0,0,0,1.0942185773949,0.865678016383709,NaN,NaN,NaN,1
879,M26004_20260321_cell#386,1,2,0,0,0,0.995065946312782,0.989921186353429,NaN,NaN,NaN,1
880,M26004_20260321_cell#387,1,2,1,1,0,1.32532396091579,0.893222303587186,NaN,NaN,NaN,1
881,M26004_20260321_cell#388,1,2,0,0,0,0.873981506819894,0.929317853096753,NaN,NaN,NaN,1
882,M26004_20260321_cell#389,1,2,1,1,0,1.17392555074493,0.995054316857635,NaN,NaN,NaN,1
883,M26004_20260321_cell#390,1,2,1,1,1,1.22645187735886,1.2469254242376,NaN,NaN,NaN,0
884,M26004_20260321_cell#391,1,2,1,1,0,1.57701753267086,0.956728883384295,NaN,NaN,NaN,1
885,M26004_20260321_cell#392,1,2,0,0,0,0.968587023386325,0.929594988202854,NaN,NaN,NaN,1
886,M26004_20260321_cell#393,1,2,0,0,0,0.983663554674681,0.981997844448061,NaN,NaN,NaN,1
887,M26004_20260321_cell#394,1,2,1,1,0,1.15301636496305,0.947395960289628,NaN,NaN,NaN,1
888,M26004_20260321_cell#395,1,2,1,1,0,1.0431017286956,0.992648875322706,NaN,NaN,NaN,1
889,M26004_20260321_cell#396,1,2,1,1,0,2.0998860923403,0.883392605901458,NaN,NaN,NaN,1
890,M26004_20260321_cell#397,1,2,0,0,0,1.0012101112629,1.01314453562453,NaN,NaN,NaN,3.30279825710988e-09
891,M26004_20260321_cell#398,1,2,1,1,0,1.09219869226137,1.00060773428253,NaN,NaN,NaN,1
892,M26004_20260321_cell#399,1,2,1,1,0,1.16830715067402,0.978908215406359,NaN,NaN,NaN,1
893,M26004_20260321_cell#400,1,2,1,1,0,1.08855351597049,0.959083792943922,NaN,NaN,NaN,1
894,M26004_20260321_cell#401,1,2,1,1,0,1.03945040027672,0.978154673751609,NaN,NaN,NaN,1
895,M26004_20260321_cell#402,1,2,1,1,0,1.4018734034248,0.983248647076596,NaN,NaN,NaN,1
896,M26004_20260321_cell#403,1,2,1,1,0,1.10856314380041,1.02028544422066,NaN,NaN,NaN,0.797888211489809
897,M26004_20260321_cell#404,1,2,1,1,0,1.10375352515564,1.00450876972373,NaN,NaN,NaN,1.00898912266389e-05
898,M26004_20260321_cell#405,1,2,1,1,0,1.35626658952969,1.01655414804313,NaN,NaN,NaN,0.890643335412114
899,M26004_20260321_cell#406,1,2,1,1,0,1.25363262721818,0.949911230183485,NaN,NaN,NaN,1
900,M26004_20260321_cell#407,1,2,1,1,0,1.17817087930246,0.997672216182499,NaN,NaN,NaN,1
901,M26004_20260321_cell#408,1,2,1,1,1,1.05998189512316,1.09217250439274,NaN,NaN,NaN,0
902,M26004_20260321_cell#409,1,2,1,1,0,1.53925109490483,0.899737280468193,NaN,NaN,NaN,1
903,M26004_20260321_cell#410,1,2,1,1,0,1.01636104230325,1.00316079335518,NaN,NaN,NaN,4.79616346638068e-13
904,M26004_20260321_cell#411,1,2,1,1,0,1.12459107850657,0.992989112529605,NaN,NaN,NaN,1
905,M26004_20260321_cell#412,1,2,0,0,0,0.961519988589719,0.941716527868676,NaN,NaN,NaN,1
906,M26004_20260321_cell#413,1,2,1,1,0,1.02470305175836,0.998731564291499,NaN,NaN,NaN,1
907,M26004_20260321_cell#414,1,2,1,1,0,1.26972375048151,1.00053584806309,NaN,NaN,NaN,0.9999999999966
908,M26004_20260321_cell#415,1,2,0,0,0,1.04200156943722,0.764155073705896,NaN,NaN,NaN,1
909,M26004_20260321_cell#416,1,2,1,1,0,1.01902302912315,0.941233581027123,NaN,NaN,NaN,1
910,M26004_20260321_cell#417,1,2,1,1,0,1.11447351566068,0.952516902912009,NaN,NaN,NaN,1
911,M26004_20260321_cell#418,1,2,0,0,0,0.958633182359493,0.976425684302709,NaN,NaN,NaN,1
912,M26004_20260321_cell#419,1,2,0,0,0,1.00628328110969,0.94668891261217,NaN,NaN,NaN,1
913,M26004_20260321_cell#420,1,2,1,1,0,1.4879532360964,0.92483730523687,NaN,NaN,NaN,1
915,M26004_20260321_cell#422,1,2,1,1,0,1.13030365727834,0.953511562377468,NaN,NaN,NaN,1
916,M26004_20260321_cell#423,1,2,1,1,0,1.06709393339378,0.959927065922833,NaN,NaN,NaN,1
918,M26004_20260321_cell#425,1,2,1,1,0,1.05782046235457,0.811223803741886,NaN,NaN,NaN,1
919,M26004_20260321_cell#426,1,2,1,1,1,1.19868282958465,1.04664483571916,NaN,NaN,NaN,0
920,M26004_20260321_cell#427,1,2,1,1,0,1.15017057228965,0.992064682775034,NaN,NaN,NaN,1
921,M26004_20260321_cell#428,1,2,1,1,0,1.05634110792012,0.973028695545419,NaN,NaN,NaN,1
922,M26004_20260321_cell#429,1,2,1,1,0,1.218143158718,0.922728061160826,NaN,NaN,NaN,1
923,M26004_20260321_cell#430,1,2,0,0,0,1.001772310861,0.982610050001433,NaN,NaN,NaN,1
924,M26004_20260321_cell#431,1,2,0,0,0,0.982107014683203,0.961919191549659,NaN,NaN,NaN,1
925,M26004_20260321_cell#432,1,2,1,1,0,1.01999876264273,0.947773547884698,NaN,NaN,NaN,1
926,M26004_20260321_cell#433,1,2,1,1,0,1.18435944116507,0.998373183103787,NaN,NaN,NaN,1
927,M26004_20260321_cell#434,1,2,1,1,0,1.09665740426809,0.999220614777473,NaN,NaN,NaN,1
928,M26004_20260321_cell#435,1,2,0,0,0,0.986752831889519,0.992235751501526,NaN,NaN,NaN,1
929,M26004_20260321_cell#436,1,2,1,1,0,1.03194834095701,0.985961356256003,NaN,NaN,NaN,1
930,M26004_20260321_cell#437,1,2,1,1,1,1.16704272408763,1.04729940523731,NaN,NaN,NaN,0
931,M26004_20260321_cell#438,1,2,1,1,0,1.08700162959086,1.01439818494847,NaN,NaN,NaN,0.238868416200383
932,M26004_20260321_cell#439,1,2,1,1,0,1.0678846209268,0.916921320825664,NaN,NaN,NaN,1
933,M26004_20260321_cell#440,1,2,1,1,0,1.30017503149914,1.00473557541322,NaN,NaN,NaN,0.968692962279217
934,M26004_20260321_cell#441,1,2,1,1,0,1.02782892327663,0.993596394190677,NaN,NaN,NaN,1
935,M26004_20260321_cell#442,1,2,1,1,0,1.56426804154452,0.964778038584145,NaN,NaN,NaN,1
936,M26004_20260321_cell#443,1,2,1,1,0,1.08948362322501,0.973624436246862,NaN,NaN,NaN,1
937,M26004_20260321_cell#444,1,2,1,1,0,1.06133667974622,0.999757417975968,NaN,NaN,NaN,1
938,M26004_20260321_cell#445,1,2,0,0,0,0.993090625841823,0.936566255740402,NaN,NaN,NaN,1
940,M26004_20260321_cell#447,1,2,1,1,0,1.06539309534177,1.01349589262826,NaN,NaN,NaN,0
942,M26004_20260321_cell#449,1,2,0,0,0,1.03411849375851,0.932016385984572,NaN,NaN,NaN,1
943,M26004_20260321_cell#450,1,2,0,0,0,0.985128521431667,1.00193234571236,NaN,NaN,NaN,0.996854031152891
944,M26004_20260321_cell#451,1,2,1,1,0,1.05893621881915,0.994227378830096,NaN,NaN,NaN,1
945,M26004_20260321_cell#452,1,2,1,1,0,1.09884641225693,0.940845359837859,NaN,NaN,NaN,1
946,M26004_20260321_cell#453,1,2,1,1,0,1.0792931630876,0.967514300340548,NaN,NaN,NaN,1
947,M26004_20260321_cell#454,1,2,1,1,0,1.07584369734516,0.977675381945565,NaN,NaN,NaN,1
948,M26004_20260321_cell#455,1,2,1,1,0,1.3737845651315,0.920151197931342,NaN,NaN,NaN,1
949,M26004_20260321_cell#456,1,2,0,0,0,0.917372703825035,0.371669348928195,NaN,NaN,NaN,1
950,M26004_20260321_cell#457,1,2,1,1,0,1.71186868017736,0.960340608132009,NaN,NaN,NaN,1
951,M26004_20260321_cell#458,1,2,1,1,0,1.10323493129738,0.992417570628014,NaN,NaN,NaN,1
952,M26004_20260321_cell#459,1,2,0,0,1,1.01474657100026,1.08788432123161,NaN,NaN,NaN,0
953,M26004_20260321_cell#460,1,2,1,1,1,1.07114691944507,1.02647939936241,NaN,NaN,NaN,0
954,M26004_20260321_cell#461,1,2,1,1,0,1.03213406351176,0.95671244124755,NaN,NaN,NaN,1
956,M26004_20260321_cell#463,1,2,1,1,0,1.12584899920542,0.983764576222555,NaN,NaN,NaN,1
957,M26004_20260321_cell#464,1,2,1,1,0,1.17384098245854,0.995631262310732,NaN,NaN,NaN,1
958,M26004_20260321_cell#465,1,2,0,0,0,1.07413944914411,1.03323394914959,NaN,NaN,NaN,0.497809184029798
959,M26004_20260321_cell#466,1,2,1,1,0,1.09888357459614,1.01085246734868,NaN,NaN,NaN,3.75732410295981e-07
960,M26004_20260321_cell#467,1,2,1,1,0,1.16951304705232,0.974235293065213,NaN,NaN,NaN,1
961,M26004_20260321_cell#468,1,2,1,1,0,1.14021778485886,0.862387687340546,NaN,NaN,NaN,1
962,M26004_20260321_cell#469,1,2,1,1,0,1.20779460922361,0.990182776847015,NaN,NaN,NaN,1
963,M26004_20260321_cell#470,1,2,0,0,0,1.0602286554084,0.917671259828253,NaN,NaN,NaN,1
964,M26004_20260321_cell#471,1,2,1,1,1,1.10391300886513,1.03526982478062,NaN,NaN,NaN,3.9439018717502e-10
966,M26004_20260321_cell#473,1,2,1,1,0,1.23439212617528,0.976014760833906,NaN,NaN,NaN,1
967,M26004_20260321_cell#474,1,2,0,0,0,1.02192693679768,0.993026829060616,NaN,NaN,NaN,1
969,M26004_20260321_cell#476,1,2,1,1,0,1.04373525706343,0.991292351779162,NaN,NaN,NaN,1
970,M26004_20260321_cell#477,1,2,1,1,0,1.05711080481396,0.977751252288655,NaN,NaN,NaN,1
971,M26004_20260321_cell#478,1,2,1,1,1,1.49169573538219,1.04812346133338,NaN,NaN,NaN,0
972,M26004_20260321_cell#479,1,2,0,0,0,1.02016062265423,0.888209790693942,NaN,NaN,NaN,1
973,M26004_20260321_cell#480,1,2,1,1,0,1.09616239102272,0.980318031506862,NaN,NaN,NaN,1
974,M26004_20260321_cell#481,1,2,1,1,0,1.1125094601472,0.994002374033819,NaN,NaN,NaN,1
976,M26004_20260321_cell#483,1,2,1,1,0,1.25224631512835,0.961996156122356,NaN,NaN,NaN,1
977,M26004_20260321_cell#484,1,2,1,1,0,1.08676148254579,0.958414777333375,NaN,NaN,NaN,1
978,M26004_20260321_cell#485,1,2,1,1,0,1.04862498206856,0.976271864515294,NaN,NaN,NaN,1
979,M26004_20260321_cell#486,1,2,0,0,0,1.04781941092366,0.905301621013685,NaN,NaN,NaN,1
980,M26004_20260321_cell#487,1,2,1,1,0,1.35055059716495,0.969089861962898,NaN,NaN,NaN,1
981,M26004_20260321_cell#488,1,2,0,0,0,0.970891707159476,0.992972505795589,NaN,NaN,NaN,1
982,M26004_20260321_cell#489,1,2,1,1,0,1.01500194826426,0.950436176962364,NaN,NaN,NaN,1
983,M26004_20260321_cell#490,1,2,1,1,0,1.09030495218389,0.952631347828576,NaN,NaN,NaN,1
984,M26004_20260321_cell#491,1,2,1,1,0,1.10172223356452,0.981833774144718,NaN,NaN,NaN,1
985,M26004_20260321_cell#492,1,2,1,1,0,1.2953530670402,1.00484672538464,NaN,NaN,NaN,0.999973373507784
986,M26004_20260321_cell#493,1,2,1,1,0,1.22178560223953,1.00998948526423,NaN,NaN,NaN,0.00752179723782043
987,M26004_20260321_cell#494,1,2,0,0,0,0.994491985828253,0.945525675448303,NaN,NaN,NaN,1
988,M26004_20260321_cell#495,1,2,1,1,0,1.06221542024555,0.965890867159679,NaN,NaN,NaN,1
989,M26004_20260321_cell#496,1,2,0,0,0,0.995337820196437,0.91188354024435,NaN,NaN,NaN,1
990,M26004_20260321_cell#497,1,2,1,1,0,1.07735431863252,0.976356903236917,NaN,NaN,NaN,1
991,M26004_20260321_cell#498,1,2,1,1,0,1.43549640246806,0.998964474975077,NaN,NaN,NaN,1
992,M26004_20260321_cell#499,1,2,0,0,0,0.979701716017137,0.987376829190309,NaN,NaN,NaN,1
993,M26004_20260321_cell#500,1,2,1,1,0,1.03968553083237,0.995513002794203,NaN,NaN,NaN,1
994,M26004_20260321_cell#501,1,2,1,1,0,1.07232550164519,0.962701535415197,NaN,NaN,NaN,1
995,M26004_20260321_cell#502,1,2,1,1,0,1.27710165326343,0.997390245029318,NaN,NaN,NaN,1
996,M26004_20260321_cell#503,1,2,0,0,0,1.00678601154459,0.961557747712088,NaN,NaN,NaN,1
997,M26004_20260321_cell#504,1,2,1,1,0,1.31070422078932,1.00379312541122,NaN,NaN,NaN,0.127985879989656
998,M26004_20260321_cell#505,1,2,1,1,0,1.03559927953053,0.994896042185808,NaN,NaN,NaN,1
999,M26004_20260321_cell#506,1,2,1,1,0,1.22125139446713,0.974730154114246,NaN,NaN,NaN,1
1000,M26004_20260321_cell#507,1,2,1,1,0,1.17879798810565,0.986541473025233,NaN,NaN,NaN,1
1001,M26004_20260321_cell#508,1,2,0,0,0,0.966370412336636,0.928676336495885,NaN,NaN,NaN,1
1002,M26004_20260321_cell#509,1,2,1,1,0,1.26080265703467,0.972870713911474,NaN,NaN,NaN,1
1003,M26004_20260321_cell#510,1,2,1,1,0,1.18281219525196,0.971624543420614,NaN,NaN,NaN,1
1005,M26004_20260321_cell#512,1,2,1,1,0,1.09640587288843,0.964970305011992,NaN,NaN,NaN,1
1006,M26004_20260321_cell#513,1,2,1,1,0,1.27360489709549,0.931778967662988,NaN,NaN,NaN,1
1008,M26004_20260321_cell#515,1,2,0,0,0,1.00127664331902,0.983406932765472,NaN,NaN,NaN,1
1009,M26004_20260321_cell#516,1,2,1,1,0,1.02531667342754,0.985393609525331,NaN,NaN,NaN,1
1010,M26004_20260321_cell#517,1,2,1,1,0,1.05721072257827,0.987695574953137,NaN,NaN,NaN,1
1011,M26004_20260321_cell#518,1,2,1,1,0,1.06102038028846,0.991238644432254,NaN,NaN,NaN,1
1012,M26004_20260321_cell#519,1,2,1,1,0,1.04890839756028,0.999152352882595,NaN,NaN,NaN,1
1013,M26004_20260321_cell#520,1,2,1,1,0,1.10536482707243,0.982169116587845,NaN,NaN,NaN,1
1014,M26004_20260321_cell#521,1,2,1,1,0,1.08039406002513,0.940583185661839,NaN,NaN,NaN,1
1015,M26004_20260321_cell#522,1,2,1,1,0,1.07767903815709,0.974991201440494,NaN,NaN,NaN,1
1016,M26004_20260321_cell#523,1,2,1,1,0,1.05438398860934,0.952380338503621,NaN,NaN,NaN,1
1017,M26004_20260321_cell#524,1,2,1,1,0,1.18328023542489,0.959119910410094,NaN,NaN,NaN,1
1018,M26004_20260321_cell#525,1,2,1,1,0,1.0250277471327,0.79278774803625,NaN,NaN,NaN,1
1019,M26004_20260321_cell#526,1,2,0,0,0,1.02743761770039,0.975810640436643,NaN,NaN,NaN,1
1020,M26004_20260321_cell#527,1,2,1,1,0,1.43604217684774,0.941383705700689,NaN,NaN,NaN,1
1022,M26004_20260321_cell#529,1,2,1,1,0,1.20756737920564,0.999490775245048,NaN,NaN,NaN,1
1023,M26004_20260321_cell#530,1,2,1,1,0,1.19776103241444,0.954068847112991,NaN,NaN,NaN,1
1024,M26004_20260321_cell#531,1,2,1,1,0,1.33403670703701,1.00339174792432,NaN,NaN,NaN,0.934618618066017
1025,M26004_20260321_cell#532,1,2,1,1,0,1.17903029353666,0.992264587415051,NaN,NaN,NaN,1
1026,M26004_20260321_cell#533,1,2,1,1,0,1.28580255907494,0.990098018481154,NaN,NaN,NaN,1
1027,M26004_20260321_cell#534,1,2,1,1,0,1.15485210793254,0.988871178746578,NaN,NaN,NaN,1
1028,M26004_20260321_cell#535,1,2,0,0,0,0.946277239284582,0.973073678718896,NaN,NaN,NaN,1
1029,M26004_20260321_cell#536,1,2,1,1,0,1.2134382645995,0.973437568976384,NaN,NaN,NaN,1
1030,M26004_20260321_cell#537,1,2,1,1,0,1.08692530880234,0.975968295836667,NaN,NaN,NaN,1
1031,M26004_20260321_cell#538,1,2,1,1,1,1.24330552015975,1.20869789081375,NaN,NaN,NaN,0
1032,M26004_20260321_cell#539,1,2,0,1,0,1.01414038179442,NaN,NaN,NaN,NaN,NaN
1033,M26004_20260321_cell#540,1,2,1,1,0,1.12244384144807,0.985636793153445,NaN,NaN,NaN,1
1034,M26004_20260321_cell#541,1,2,0,0,1,0.954614963646563,1.03067393856232,NaN,NaN,NaN,1.43845165556655e-07
1035,M26004_20260321_cell#542,1,2,1,1,0,1.11630628519289,0.958292994737011,NaN,NaN,NaN,1
1036,M26004_20260321_cell#543,1,2,0,0,0,0.973930573135276,0.94262745315035,NaN,NaN,NaN,1
1037,M26004_20260321_cell#544,1,2,0,0,0,1.00255892097774,0.707143414413515,NaN,NaN,NaN,1
1038,M26004_20260321_cell#545,1,2,0,0,0,1.01168795301326,0.992818800648705,NaN,NaN,NaN,1
1039,M26004_20260321_cell#546,1,2,1,1,0,1.08358019713951,0.947616727567832,NaN,NaN,NaN,1
1040,M26004_20260321_cell#547,1,2,0,0,0,0.956182242567594,0.978917879601824,NaN,NaN,NaN,1
1041,M26004_20260321_cell#548,1,2,1,1,0,1.08021521936608,0.991667134140911,NaN,NaN,NaN,1
1042,M26004_20260321_cell#549,1,2,1,1,0,1.03330213434844,0.930236547763378,NaN,NaN,NaN,1
1043,M26004_20260321_cell#550,1,2,1,1,0,1.15758349943324,0.97257692692294,NaN,NaN,NaN,1
1044,M26004_20260321_cell#551,1,2,1,1,0,1.03766145771838,0.998882126050485,NaN,NaN,NaN,1
1045,M26004_20260321_cell#552,1,2,1,1,1,1.8330314587396,1.02398004838039,NaN,NaN,NaN,0
1046,M26004_20260321_cell#553,1,2,0,0,0,0.996983422714506,0.993020308569242,NaN,NaN,NaN,1
1047,M26004_20260321_cell#554,1,2,1,1,0,1.37164555307804,0.99099206446149,NaN,NaN,NaN,1
1048,M26004_20260321_cell#555,1,2,1,1,0,1.10861114123826,1.00445804909981,NaN,NaN,NaN,0.999900048313467
1049,M26004_20260321_cell#556,1,2,1,1,0,1.04499269161296,0.957206259316946,NaN,NaN,NaN,1
1050,M26004_20260321_cell#557,1,2,1,1,0,1.31359616154724,0.998753198581135,NaN,NaN,NaN,1
1051,M26004_20260321_cell#558,1,2,1,1,0,1.15825427860457,0.988684182105362,NaN,NaN,NaN,1
1052,M26004_20260321_cell#559,1,2,1,1,0,1.34321578119383,0.984802718882268,NaN,NaN,NaN,1
1053,M26004_20260321_cell#560,1,2,1,1,0,1.35647818221103,0.86876513643885,NaN,NaN,NaN,1
1054,M26004_20260321_cell#561,1,2,1,1,0,1.08346951359497,0.997276165532225,NaN,NaN,NaN,1
1055,M26004_20260321_cell#562,1,2,1,1,0,1.12293959596423,1.00042739851769,NaN,NaN,NaN,1
1056,M26004_20260321_cell#563,1,2,0,0,0,1.02664131021684,0.887957408856235,NaN,NaN,NaN,1
1057,M26004_20260321_cell#564,1,2,1,1,0,1.24721254855067,0.983561563623948,NaN,NaN,NaN,1
1058,M26004_20260321_cell#565,1,2,0,0,0,1.01770097045611,0.852823829921065,NaN,NaN,NaN,1
1059,M26004_20260321_cell#566,1,2,0,0,0,0.973576915019854,0.940671279521759,NaN,NaN,NaN,1
1062,M26004_20260321_cell#569,1,2,0,0,0,0.992171167126886,1.00743158213572,NaN,NaN,NaN,0.998769548136414
1063,M26004_20260321_cell#570,1,2,1,1,0,1.48591181798809,0.962714807566301,NaN,NaN,NaN,1
1064,M26004_20260321_cell#571,1,2,1,1,0,1.11675896703671,0.959643269838917,NaN,NaN,NaN,1
1065,M26004_20260321_cell#572,1,2,1,1,0,1.50013621909611,0.935158044710395,NaN,NaN,NaN,1
1066,M26004_20260321_cell#573,1,2,1,1,0,1.1574356898016,0.95280614330181,NaN,NaN,NaN,1
1067,M26004_20260321_cell#574,1,2,0,0,0,0.934427899932064,0.986266930528398,NaN,NaN,NaN,1
1068,M26004_20260321_cell#575,1,2,0,0,0,0.995709217315811,0.993626018436434,NaN,NaN,NaN,1
1069,M26004_20260321_cell#576,1,2,0,0,0,0.965502515025707,0.921923271188898,NaN,NaN,NaN,1
1070,M26004_20260321_cell#577,1,2,1,1,0,1.04907631066564,0.931512808341997,NaN,NaN,NaN,1
1071,M26004_20260321_cell#578,1,2,1,1,0,1.21248831801719,0.934809850614892,NaN,NaN,NaN,1
1072,M26004_20260321_cell#579,1,2,1,1,0,1.26191787588115,0.948026583677622,NaN,NaN,NaN,1
1073,M26004_20260321_cell#580,1,2,1,1,0,1.28859211738787,0.898474653684428,NaN,NaN,NaN,1
1074,M26004_20260321_cell#581,1,2,0,0,0,0.967776526167945,0.975803388302824,NaN,NaN,NaN,1
1075,M26004_20260321_cell#582,1,2,0,0,0,0.974923587907733,1.00948670938461,NaN,NaN,NaN,3.49720252756924e-14
1076,M26004_20260321_cell#583,1,2,1,1,0,1.01518323588727,0.99473182618137,NaN,NaN,NaN,1
1077,M26004_20260321_cell#584,1,2,1,1,0,1.03840620293695,0.946286303517649,NaN,NaN,NaN,1
1078,M26004_20260321_cell#585,1,2,1,1,0,1.18105977990605,0.906245629380761,NaN,NaN,NaN,1
1079,M26004_20260321_cell#586,1,2,1,1,0,1.09394548903053,1.00616740415818,NaN,NaN,NaN,7.31636973227978e-14
1080,M26004_20260321_cell#587,1,2,1,1,0,1.09693113315151,0.971648493851518,NaN,NaN,NaN,1
1081,M26004_20260321_cell#588,1,2,1,1,0,1.0179188457441,0.99238080922623,NaN,NaN,NaN,1
1082,M26004_20260321_cell#589,1,2,0,0,0,0.941110396761157,0.943656317558631,NaN,NaN,NaN,1
1083,M26004_20260321_cell#590,1,2,1,1,0,1.05143064939121,0.951358807363231,NaN,NaN,NaN,1
1084,M26004_20260321_cell#591,1,2,0,0,0,0.990578308866167,0.965588399013988,NaN,NaN,NaN,1
1085,M26004_20260321_cell#592,1,2,0,0,1,0.993466363228079,1.02435422374885,NaN,NaN,NaN,0
1086,M26004_20260321_cell#593,1,2,1,1,0,1.058712965604,0.956702530147373,NaN,NaN,NaN,1
1087,M26004_20260321_cell#594,1,2,1,1,0,1.05079728656659,0.966731722900316,NaN,NaN,NaN,1
1088,M26004_20260321_cell#595,1,2,1,1,0,1.04816129164065,0.972914619214217,NaN,NaN,NaN,1
1089,M26004_20260321_cell#596,1,2,1,1,0,1.12025038570081,0.977724600174529,NaN,NaN,NaN,1
1090,M26004_20260321_cell#597,1,2,0,0,0,1.02310214630156,0.982057178134987,NaN,NaN,NaN,1
1091,M26004_20260321_cell#598,1,2,1,1,0,1.15110734429072,0.985763425669576,NaN,NaN,NaN,1
1092,M26004_20260321_cell#599,1,2,1,1,0,1.20948284209967,0.983701316707358,NaN,NaN,NaN,1
1093,M26004_20260321_cell#600,1,2,1,1,0,1.03193143556074,0.995917011287375,NaN,NaN,NaN,1
1094,M26004_20260321_cell#601,1,2,1,1,0,1.02450269057465,0.983540791204995,NaN,NaN,NaN,1
1095,M26004_20260321_cell#602,1,2,1,1,1,1.2343551413425,1.02610330593846,NaN,NaN,NaN,0.000988138798375671
1096,M26004_20260321_cell#603,1,2,1,1,0,1.04037391821557,0.984233506808091,NaN,NaN,NaN,1
1097,M26004_20260321_cell#604,1,2,0,0,0,1.01592207579952,1.01109691862629,NaN,NaN,NaN,0.159295904889156
1098,M26004_20260321_cell#605,1,2,1,1,0,1.08617893690465,0.924916860872403,NaN,NaN,NaN,1
1099,M26004_20260321_cell#606,1,2,0,0,0,0.996707683444838,0.994143990923615,NaN,NaN,NaN,1
1100,M26004_20260321_cell#607,1,2,1,1,0,1.09725845319975,0.999320849343121,NaN,NaN,NaN,1
1101,M26004_20260321_cell#608,1,2,1,1,0,1.35623026380102,0.962231587120562,NaN,NaN,NaN,1
1102,M26004_20260321_cell#609,1,2,1,1,0,1.2459460267821,0.987138974732426,NaN,NaN,NaN,1
1103,M26004_20260321_cell#610,1,2,0,0,0,0.987253037934624,0.99064434108918,NaN,NaN,NaN,1
1104,M26004_20260321_cell#611,1,2,1,1,0,1.09191905860594,0.982677798290868,NaN,NaN,NaN,1
1105,M26004_20260321_cell#612,1,2,1,1,0,1.01966254409783,1.00506135887846,NaN,NaN,NaN,0.0015798558155824
1106,M26004_20260321_cell#613,1,2,0,0,0,0.945727402954532,0.83381836988663,NaN,NaN,NaN,1
1108,M26004_20260321_cell#615,1,2,1,1,0,1.08277500597241,0.847353687065585,NaN,NaN,NaN,1
1109,M26004_20260321_cell#616,1,2,1,1,0,1.09707526869359,0.929315240972622,NaN,NaN,NaN,1
1110,M26004_20260321_cell#617,1,2,1,1,0,1.06366837283427,1.00234007926674,NaN,NaN,NaN,2.85678731881678e-06
1111,M26004_20260321_cell#618,1,2,0,0,0,1.05010584696649,0.843110462776447,NaN,NaN,NaN,1
1112,M26004_20260321_cell#619,1,2,0,0,0,1.03301023700884,1.00605382981664,NaN,NaN,NaN,0.99999494166757
1113,M26004_20260321_cell#620,1,2,1,1,0,1.11495350861825,0.880207542343903,NaN,NaN,NaN,1
1114,M26004_20260321_cell#621,1,2,1,1,0,1.84694462658474,0.99747149050499,NaN,NaN,NaN,1
1115,M26004_20260321_cell#622,1,2,1,1,0,1.06336519250553,0.996224815694777,NaN,NaN,NaN,1
1117,M26004_20260321_cell#624,1,2,0,0,0,1.0024211116734,0.994545663782295,NaN,NaN,NaN,1
1118,M26004_20260321_cell#625,1,2,1,1,0,1.04259053865346,0.986600624502147,NaN,NaN,NaN,1
1119,M26004_20260321_cell#626,1,2,0,0,0,0.94759056309899,0.960057595179081,NaN,NaN,NaN,1
1120,M26004_20260321_cell#627,1,2,0,0,0,0.991715169635852,0.470208227105833,NaN,NaN,NaN,1
1121,M26004_20260321_cell#628,1,2,1,1,0,1.87872936297394,0.97606463002014,NaN,NaN,NaN,1
1122,M26004_20260321_cell#629,1,2,1,1,0,1.09018339297585,0.970493981673716,NaN,NaN,NaN,1
1123,M26004_20260321_cell#630,1,2,0,0,0,0.968713451584953,0.951678161778801,NaN,NaN,NaN,1
1124,M26004_20260321_cell#631,1,2,1,1,0,1.15697849409197,0.998902420605271,NaN,NaN,NaN,1
1125,M26004_20260321_cell#632,1,2,0,0,0,1.00019643342566,0.991394742567617,NaN,NaN,NaN,1
1126,M26004_20260321_cell#633,1,2,1,1,0,1.08264435674221,1.01425833993813,NaN,NaN,NaN,0.647728626197076
1127,M26004_20260321_cell#634,1,2,0,0,0,0.977326261977379,0.917987153160846,NaN,NaN,NaN,1
1129,M26004_20260321_cell#636,1,2,1,1,0,1.24369989108116,0.91699059884048,NaN,NaN,NaN,1
1130,M26004_20260321_cell#637,1,2,0,0,0,0.997228401972861,0.976186304944069,NaN,NaN,NaN,1
1131,M26004_20260321_cell#638,1,2,0,0,0,0.934657276142361,0.99426528353724,NaN,NaN,NaN,1
1132,M26004_20260321_cell#639,1,2,1,1,0,1.28467886242993,0.967901192575691,NaN,NaN,NaN,1
1133,M26004_20260321_cell#640,1,2,0,0,0,0.990196700545949,0.959803674088,NaN,NaN,NaN,1
1134,M26004_20260321_cell#641,1,2,1,1,0,1.41011445594703,0.839139042432249,NaN,NaN,NaN,1
1135,M26004_20260321_cell#642,1,2,0,1,0,1.01489263444858,NaN,NaN,NaN,NaN,NaN
1136,M26004_20260321_cell#643,1,2,0,0,1,0.988965095329729,1.0243334292246,NaN,NaN,NaN,0.00167476660371446
1137,M26004_20260321_cell#644,1,2,1,1,0,1.11205113766123,1.0005489521437,NaN,NaN,NaN,0.980684540075834
1139,M26004_20260321_cell#646,1,2,1,1,0,1.1313769623567,0.993861142665162,NaN,NaN,NaN,1
1140,M26004_20260321_cell#647,1,2,0,0,0,0.995961148752449,0.97141760145094,NaN,NaN,NaN,1
1141,M26004_20260321_cell#648,1,2,1,1,0,1.13370164229182,0.977110929683609,NaN,NaN,NaN,1
1142,M26004_20260321_cell#649,1,2,0,0,0,1.01583276132024,0.883275238259251,NaN,NaN,NaN,1
1143,M26004_20260321_cell#650,1,2,1,1,0,1.07262276109448,0.922058830892696,NaN,NaN,NaN,1
1144,M26004_20260321_cell#651,1,2,1,1,0,1.10296196643327,0.97930074591217,NaN,NaN,NaN,1
1145,M26004_20260321_cell#652,1,2,1,1,0,1.08412648831495,0.991254232098153,NaN,NaN,NaN,1
1146,M26004_20260321_cell#653,1,2,1,1,0,1.16742499006966,0.993918440856253,NaN,NaN,NaN,1
1147,M26004_20260321_cell#654,1,2,1,1,1,1.17237220863375,1.01974425353892,NaN,NaN,NaN,0
1148,M26004_20260321_cell#655,1,2,1,1,0,1.18493000792036,0.979327447446282,NaN,NaN,NaN,1
1149,M26004_20260321_cell#656,1,2,1,1,0,1.06319754228194,0.954929690574814,NaN,NaN,NaN,1
1150,M26004_20260321_cell#657,1,2,1,1,1,1.03637418944507,1.02588749422526,NaN,NaN,NaN,0
1151,M26004_20260321_cell#658,1,2,0,0,0,0.978653571231323,1.00438416702755,NaN,NaN,NaN,0.996718456325722
1152,M26004_20260321_cell#659,1,2,0,0,0,1.02104723557191,0.937185785407378,NaN,NaN,NaN,1
1153,M26004_20260321_cell#660,1,2,1,1,0,1.04419344222102,0.953581707004502,NaN,NaN,NaN,1
1154,M26004_20260321_cell#661,1,2,1,1,0,1.28349149932612,0.979627122163764,NaN,NaN,NaN,1
1155,M26004_20260321_cell#662,1,2,0,0,0,1.00294652438245,0.956563263853027,NaN,NaN,NaN,1
1156,M26004_20260321_cell#663,1,2,1,1,0,1.16117176808038,0.956285386233156,NaN,NaN,NaN,1
1157,M26004_20260321_cell#664,1,2,1,1,0,1.08295957340301,0.996402386670286,NaN,NaN,NaN,1
1158,M26004_20260322_cell#1,1,3,1,1,0,1.37748129130425,0.811646955583824,NaN,NaN,NaN,1
1159,M26004_20260322_cell#2,1,3,0,0,0,0.769950153493649,0.993031348819705,NaN,NaN,NaN,1
1160,M26004_20260322_cell#3,1,3,0,0,1,0.985414723114816,1.04580077022487,NaN,NaN,NaN,8.55966180879353e-06
1161,M26004_20260322_cell#4,1,3,0,0,0,0.990385891239043,0.980227068242036,NaN,NaN,NaN,1
1163,M26004_20260322_cell#6,1,3,0,0,0,0.973167865989664,0.972727887908016,NaN,NaN,NaN,1
1164,M26004_20260322_cell#7,1,3,0,0,0,1.04613243453338,0.974681433635043,NaN,NaN,NaN,1
1165,M26004_20260322_cell#8,1,3,0,0,0,1.06373862967774,0.747736455643205,NaN,NaN,NaN,1
1166,M26004_20260322_cell#9,1,3,0,0,0,1.01003276911134,0.940829939449783,NaN,NaN,NaN,1
1167,M26004_20260322_cell#10,1,3,1,1,0,1.16442564245715,0.96970697839798,NaN,NaN,NaN,1
1168,M26004_20260322_cell#11,1,3,1,1,0,1.11963007755721,0.978465744655653,NaN,NaN,NaN,1
1169,M26004_20260322_cell#12,1,3,0,0,0,1.0036188562989,0.98187171455038,NaN,NaN,NaN,1
1170,M26004_20260322_cell#13,1,3,1,1,0,1.16641283417338,0.94845310063651,NaN,NaN,NaN,1
1171,M26004_20260322_cell#14,1,3,0,0,0,0.95838174304997,0.933600926505383,NaN,NaN,NaN,1
1172,M26004_20260322_cell#15,1,3,1,1,0,1.21355559452351,0.991346986374636,NaN,NaN,NaN,1
1173,M26004_20260322_cell#16,1,3,1,1,0,1.37806545105392,0.94551099575824,NaN,NaN,NaN,1
1174,M26004_20260322_cell#17,1,3,1,1,0,1.06361254560163,0.952852366031392,NaN,NaN,NaN,1
1175,M26004_20260322_cell#18,1,3,1,1,0,1.10276010039473,1.00743409105808,NaN,NaN,NaN,0.890508082052535
1176,M26004_20260322_cell#19,1,3,1,1,0,1.11685610490122,0.963004824413617,NaN,NaN,NaN,1
1178,M26004_20260322_cell#21,1,3,1,1,0,1.13239533719104,0.971010139040036,NaN,NaN,NaN,1
1179,M26004_20260322_cell#22,1,3,1,1,0,1.14599436402088,0.954919522257808,NaN,NaN,NaN,1
1180,M26004_20260322_cell#23,1,3,0,0,0,0.994607281475078,0.997215950517676,NaN,NaN,NaN,1
1181,M26004_20260322_cell#24,1,3,0,0,1,0.683978680290334,1.03284614380387,NaN,NaN,NaN,1.04351454144336e-07
1182,M26004_20260322_cell#25,1,3,0,0,0,1.03035366953881,0.989283232582054,NaN,NaN,NaN,1
1183,M26004_20260322_cell#26,1,3,0,0,0,0.976617308716384,0.902603846284132,NaN,NaN,NaN,1
1184,M26004_20260322_cell#27,1,3,0,0,0,0.958991416923877,1.01427235939333,NaN,NaN,NaN,0.150499192790611
1185,M26004_20260322_cell#28,1,3,1,1,0,1.20288145961453,0.978915488462059,NaN,NaN,NaN,1
1186,M26004_20260322_cell#29,1,3,1,1,0,1.07816855997036,0.990580913869316,NaN,NaN,NaN,1
1187,M26004_20260322_cell#30,1,3,1,1,0,1.19219972688175,0.992878167113589,NaN,NaN,NaN,1
1188,M26004_20260322_cell#31,1,3,0,0,0,1.09609091775194,0.534363940417085,NaN,NaN,NaN,1
1189,M26004_20260322_cell#32,1,3,1,1,0,1.08281070512768,1.00668935014537,NaN,NaN,NaN,0.595957679033111
1190,M26004_20260322_cell#33,1,3,1,1,0,1.03498211874226,0.967944487473218,NaN,NaN,NaN,1
1191,M26004_20260322_cell#34,1,3,0,0,0,1.0060630035409,0.971195470942695,NaN,NaN,NaN,1
1192,M26004_20260322_cell#35,1,3,1,1,0,1.11022892815044,0.991925719275903,NaN,NaN,NaN,1
1193,M26004_20260322_cell#36,1,3,0,0,0,0.968370919981838,1.00045425466931,NaN,NaN,NaN,1
1194,M26004_20260322_cell#37,1,3,0,0,0,0.967024790670556,1.01104644662529,NaN,NaN,NaN,0.141341754729612
1195,M26004_20260322_cell#38,1,3,1,1,0,1.12330236952705,0.975903912796268,NaN,NaN,NaN,1
1196,M26004_20260322_cell#39,1,3,1,1,0,1.14289490335695,0.993443617801618,NaN,NaN,NaN,1
1197,M26004_20260322_cell#40,1,3,1,1,0,1.19879870695357,0.993676577694323,NaN,NaN,NaN,1
1198,M26004_20260322_cell#41,1,3,1,1,0,1.34417757486437,0.944038377361442,NaN,NaN,NaN,1
1199,M26004_20260322_cell#42,1,3,1,1,0,1.12268251879732,0.866988023122324,NaN,NaN,NaN,1
1200,M26004_20260322_cell#43,1,3,1,1,0,1.87403561089416,0.874100208703032,NaN,NaN,NaN,1
1201,M26004_20260322_cell#44,1,3,0,0,0,1.00018039583951,0.994699472005114,NaN,NaN,NaN,1
1203,M26004_20260322_cell#46,1,3,1,1,0,1.10963425792452,0.883819563637281,NaN,NaN,NaN,1
1204,M26004_20260322_cell#47,1,3,1,1,0,1.05151027262292,1.01050805865609,NaN,NaN,NaN,3.6248359869262e-10
1206,M26004_20260322_cell#49,1,3,0,0,0,1.00259353138963,0.951756260394965,NaN,NaN,NaN,1
1207,M26004_20260322_cell#50,1,3,1,1,0,1.44758276998579,1.00833085084563,NaN,NaN,NaN,0
1208,M26004_20260322_cell#51,1,3,0,0,0,0.969421346530862,0.925578875680385,NaN,NaN,NaN,1
1211,M26004_20260322_cell#54,1,3,1,1,0,1.15839893102079,0.981591615799379,NaN,NaN,NaN,1
1212,M26004_20260322_cell#55,1,3,1,1,0,1.11067277729653,0.98931670869855,NaN,NaN,NaN,1
1213,M26004_20260322_cell#56,1,3,1,1,0,1.02301321494471,0.980466719455663,NaN,NaN,NaN,1
1214,M26004_20260322_cell#57,1,3,0,0,0,0.943059722645237,0.992494666199935,NaN,NaN,NaN,1
1216,M26004_20260322_cell#59,1,3,0,0,0,0.972068497507821,0.941111597238302,NaN,NaN,NaN,1
1218,M26004_20260322_cell#61,1,3,1,1,0,1.06413636698226,0.9632892545146,NaN,NaN,NaN,1
1220,M26004_20260322_cell#63,1,3,1,1,0,1.47115783600688,0.873812509102321,NaN,NaN,NaN,1
1221,M26004_20260322_cell#64,1,3,1,1,0,1.04297647942317,0.990219793180871,NaN,NaN,NaN,1
1222,M26004_20260322_cell#65,1,3,0,0,0,1.00287079064776,0.999967592413442,NaN,NaN,NaN,1
1223,M26004_20260322_cell#66,1,3,1,1,0,1.05807829474825,0.954836577158909,NaN,NaN,NaN,1
1224,M26004_20260322_cell#67,1,3,0,0,0,0.939137886067543,0.920559683418007,NaN,NaN,NaN,1
1225,M26004_20260322_cell#68,1,3,1,1,0,1.28652112532856,0.986327639210805,NaN,NaN,NaN,1
1226,M26004_20260322_cell#69,1,3,1,1,0,1.11626657480906,0.942929399669172,NaN,NaN,NaN,1
1227,M26004_20260322_cell#70,1,3,0,0,0,0.992821377689411,0.979452448704602,NaN,NaN,NaN,1
1228,M26004_20260322_cell#71,1,3,1,1,0,1.06527878278883,0.986329961704631,NaN,NaN,NaN,1
1229,M26004_20260322_cell#72,1,3,1,1,0,1.11576446567795,0.988051123206812,NaN,NaN,NaN,1
1230,M26004_20260322_cell#73,1,3,1,1,1,1.22493839263385,1.02865904067409,NaN,NaN,NaN,0.00131405198843559
1231,M26004_20260322_cell#74,1,3,1,1,0,1.21066011170503,0.958714474116026,NaN,NaN,NaN,1
1233,M26004_20260322_cell#76,1,3,0,0,0,0.952411803707436,0.96186122365427,NaN,NaN,NaN,1
1234,M26004_20260322_cell#77,1,3,0,0,0,1.00506199907314,0.915001852855742,NaN,NaN,NaN,1
1235,M26004_20260322_cell#78,1,3,0,0,0,0.98759017125811,0.852891651623284,NaN,NaN,NaN,1
1237,M26004_20260322_cell#80,1,3,0,0,0,0.977222091134561,0.959209846894146,NaN,NaN,NaN,1
1240,M26004_20260322_cell#83,1,3,0,0,1,0.979992097570473,1.01903479329457,NaN,NaN,NaN,1.11022302462516e-16
1241,M26004_20260322_cell#84,1,3,1,1,0,1.16868808569192,0.952141584147546,NaN,NaN,NaN,1
1242,M26004_20260322_cell#85,1,3,1,1,0,1.10053407107475,0.96118322323941,NaN,NaN,NaN,1
1243,M26004_20260322_cell#86,1,3,0,0,0,0.933953055479001,0.992281652775341,NaN,NaN,NaN,1
1244,M26004_20260322_cell#87,1,3,1,1,0,1.13342271609023,0.796501399024218,NaN,NaN,NaN,1
1246,M26004_20260322_cell#89,1,3,1,1,0,1.07767238272351,0.945074096528966,NaN,NaN,NaN,1
1248,M26004_20260322_cell#91,1,3,1,1,0,1.08356885728898,0.98476427805538,NaN,NaN,NaN,1
1250,M26004_20260322_cell#93,1,3,0,0,0,1.00502150431227,0.995838474421424,NaN,NaN,NaN,1
1251,M26004_20260322_cell#94,1,3,1,1,0,1.03853370665364,1.00755483929953,NaN,NaN,NaN,0.814225226247506
1252,M26004_20260322_cell#95,1,3,1,1,0,1.04751514222232,0.986659913838649,NaN,NaN,NaN,1
1253,M26004_20260322_cell#96,1,3,1,1,0,1.04587737595922,0.977786633005035,NaN,NaN,NaN,1
1254,M26004_20260322_cell#97,1,3,1,1,0,1.42915627112338,0.95458648986256,NaN,NaN,NaN,1
1255,M26004_20260322_cell#98,1,3,1,1,0,1.3488039296394,0.797167098844355,NaN,NaN,NaN,1
1257,M26004_20260322_cell#100,1,3,0,0,0,0.999076139741524,0.990933225880276,NaN,NaN,NaN,1
1259,M26004_20260322_cell#102,1,3,1,1,0,1.01939180956991,0.990836786146551,NaN,NaN,NaN,1
1260,M26004_20260322_cell#103,1,3,0,0,0,0.998629619980957,0.927160026848374,NaN,NaN,NaN,1
1262,M26004_20260322_cell#105,1,3,1,1,0,1.14756229416336,0.981113792310897,NaN,NaN,NaN,1
1266,M26004_20260322_cell#109,1,3,1,1,0,1.17425985714281,0.907270732524696,NaN,NaN,NaN,1
1267,M26004_20260322_cell#110,1,3,0,0,0,1.07182484814265,0.885917645326967,NaN,NaN,NaN,1
1268,M26004_20260322_cell#111,1,3,0,0,0,1.01644114838746,0.861690419251837,NaN,NaN,NaN,1
1269,M26004_20260322_cell#112,1,3,0,0,0,1.03450685911268,0.805380764954311,NaN,NaN,NaN,1
1270,M26004_20260322_cell#113,1,3,1,1,0,1.06274870695339,0.946133466857081,NaN,NaN,NaN,1
1271,M26004_20260322_cell#114,1,3,1,1,0,1.02684266810072,1.01024638764752,NaN,NaN,NaN,1.08801856413265e-14
1272,M26004_20260322_cell#115,1,3,1,1,0,1.05414863473598,0.983645319625965,NaN,NaN,NaN,1
1273,M26004_20260322_cell#116,1,3,0,0,0,1.08206163994665,0.956279863260034,NaN,NaN,NaN,1
1274,M26004_20260322_cell#117,1,3,0,0,0,0.955215523667043,0.999117871423809,NaN,NaN,NaN,1
1275,M26004_20260322_cell#118,1,3,1,1,0,1.07623841211681,0.972659538704161,NaN,NaN,NaN,1
1277,M26004_20260322_cell#120,1,3,1,1,0,1.15487747689295,1.01219354064799,NaN,NaN,NaN,0.00505539110104103
1278,M26004_20260322_cell#121,1,3,0,0,0,0.985159001086958,0.892674623140325,NaN,NaN,NaN,1
1279,M26004_20260322_cell#122,1,3,0,0,0,1.01372128487955,0.963919335378573,NaN,NaN,NaN,1
1280,M26004_20260322_cell#123,1,3,1,1,0,1.06998618579903,0.976467396477502,NaN,NaN,NaN,1
1281,M26004_20260322_cell#124,1,3,1,1,0,1.15298923665088,0.83961541961381,NaN,NaN,NaN,1
1282,M26004_20260322_cell#125,1,3,1,1,0,1.83357757633511,0.953311898387675,NaN,NaN,NaN,1
1284,M26004_20260322_cell#127,1,3,1,1,0,1.08677696927696,0.963098150508607,NaN,NaN,NaN,1
1285,M26004_20260322_cell#128,1,3,0,0,0,1.03392903262557,0.949544309547185,NaN,NaN,NaN,1
1287,M26004_20260322_cell#130,1,3,1,1,0,1.5766297464434,0.907849992877168,NaN,NaN,NaN,1
1288,M26004_20260322_cell#131,1,3,1,1,0,1.13878209846337,0.920175858551196,NaN,NaN,NaN,1
1289,M26004_20260322_cell#132,1,3,0,0,0,0.975900873204746,0.935844421136384,NaN,NaN,NaN,1
1290,M26004_20260322_cell#133,1,3,0,0,0,0.992730553843696,0.985844396261587,NaN,NaN,NaN,1
1291,M26004_20260322_cell#134,1,3,1,1,0,1.16808626924863,0.88444377949294,NaN,NaN,NaN,1
1293,M26004_20260322_cell#136,1,3,1,1,0,1.04761106912583,0.976549068837095,NaN,NaN,NaN,1
1294,M26004_20260322_cell#137,1,3,1,1,0,1.22851054212279,1.00877627652041,NaN,NaN,NaN,0.997383125385805
1295,M26004_20260322_cell#138,1,3,1,1,1,1.14431453435167,1.03226819201748,NaN,NaN,NaN,0.000215797889621894
1297,M26004_20260322_cell#140,1,3,0,0,0,0.979950045079766,0.96167114295593,NaN,NaN,NaN,1
1299,M26004_20260322_cell#142,1,3,1,1,0,1.05384918590924,0.968166953884238,NaN,NaN,NaN,1
1300,M26004_20260322_cell#143,1,3,0,0,0,1.00976323152995,0.956536959810724,NaN,NaN,NaN,1
1302,M26004_20260322_cell#145,1,3,1,1,0,1.12065467317258,0.966260986640302,NaN,NaN,NaN,1
1303,M26004_20260322_cell#146,1,3,0,0,0,0.989570740299732,0.940221664554158,NaN,NaN,NaN,1
1304,M26004_20260322_cell#147,1,3,1,1,0,1.22983004962964,0.950586478352706,NaN,NaN,NaN,1
1306,M26004_20260322_cell#149,1,3,1,1,0,1.16692194582372,0.899202476676283,NaN,NaN,NaN,1
1309,M26004_20260322_cell#152,1,3,1,1,0,1.02266854231828,0.983170241599946,NaN,NaN,NaN,1
1310,M26004_20260322_cell#153,1,3,1,1,0,1.15654956033123,1.01108454115324,NaN,NaN,NaN,0.487870774018474
1311,M26004_20260322_cell#154,1,3,1,1,0,1.05193617081749,0.946619548093005,NaN,NaN,NaN,1
1312,M26004_20260322_cell#155,1,3,0,0,0,0.936962096769253,0.955017930608226,NaN,NaN,NaN,1
1313,M26004_20260322_cell#156,1,3,1,1,0,1.26731789759987,0.9824021866979,NaN,NaN,NaN,1
1314,M26004_20260322_cell#157,1,3,1,1,0,1.06565321465701,0.999803746351791,NaN,NaN,NaN,1
1315,M26004_20260322_cell#158,1,3,1,1,0,1.04736086608663,0.961721888293565,NaN,NaN,NaN,1
1316,M26004_20260322_cell#159,1,3,1,1,0,1.05929752944474,0.993297440310835,NaN,NaN,NaN,1
1317,M26004_20260322_cell#160,1,3,1,1,0,1.24336029957718,0.9982951249427,NaN,NaN,NaN,1
1319,M26004_20260322_cell#162,1,3,0,0,0,1.0022557442233,0.974583883565433,NaN,NaN,NaN,1
1320,M26004_20260322_cell#163,1,3,0,0,0,0.967817624780594,0.992323928470126,NaN,NaN,NaN,1
1321,M26004_20260322_cell#164,1,3,1,1,0,1.13128891365498,1.01099484698791,NaN,NaN,NaN,0.998011267303473
1322,M26004_20260322_cell#165,1,3,0,0,1,1.01438500250427,1.05571808880566,NaN,NaN,NaN,0
1323,M26004_20260322_cell#166,1,3,1,1,0,1.18296798582047,0.949410134166671,NaN,NaN,NaN,1
1324,M26004_20260322_cell#167,1,3,1,1,0,1.05961362142791,0.955823825942362,NaN,NaN,NaN,1
1325,M26004_20260322_cell#168,1,3,1,1,0,1.16587593606436,0.969326630273119,NaN,NaN,NaN,1
1326,M26004_20260322_cell#169,1,3,1,1,0,1.195432792248,0.929055398517444,NaN,NaN,NaN,1
1327,M26004_20260322_cell#170,1,3,0,0,0,1.01022700504336,0.927047115804217,NaN,NaN,NaN,1
1328,M26004_20260322_cell#171,1,3,1,1,0,1.05715477706539,0.991033552811214,NaN,NaN,NaN,1
1329,M26004_20260322_cell#172,1,3,1,1,0,1.04496359724849,0.946404202725396,NaN,NaN,NaN,1
1330,M26004_20260322_cell#173,1,3,1,1,0,1.34752780005621,0.982906156979915,NaN,NaN,NaN,1
1331,M26004_20260322_cell#174,1,3,1,1,0,1.25427649858773,0.952712581817489,NaN,NaN,NaN,1
1332,M26004_20260322_cell#175,1,3,1,1,0,1.0409701784759,0.989788141196535,NaN,NaN,NaN,1
1333,M26004_20260322_cell#176,1,3,0,0,0,1.07268734760765,0.82352129580968,NaN,NaN,NaN,1
1334,M26004_20260322_cell#177,1,3,0,0,0,0.933381466251214,0.976502568320432,NaN,NaN,NaN,1
1336,M26004_20260322_cell#179,1,3,0,0,0,0.953572194162202,1.00130090536814,NaN,NaN,NaN,0.999999999999961
1337,M26004_20260322_cell#180,1,3,1,1,0,1.13207538948287,0.826987827935311,NaN,NaN,NaN,1
1339,M26004_20260322_cell#182,1,3,1,1,0,1.1918685674564,0.975805042435681,NaN,NaN,NaN,1
1340,M26004_20260322_cell#183,1,3,0,0,0,0.968182310057737,0.901056317644452,NaN,NaN,NaN,1
1341,M26004_20260322_cell#184,1,3,0,0,0,1.0769491248485,0.880336413105331,NaN,NaN,NaN,1
1343,M26004_20260322_cell#186,1,3,1,1,1,2.08935718526172,1.07517989952411,NaN,NaN,NaN,2.20856666288682e-12
1344,M26004_20260322_cell#187,1,3,0,0,0,0.998299149836206,0.956085035156709,NaN,NaN,NaN,1
1345,M26004_20260322_cell#188,1,3,1,1,0,1.38309342538547,0.877604569326444,NaN,NaN,NaN,1
1347,M26004_20260322_cell#190,1,3,0,0,0,1.01033797994175,0.964663616159938,NaN,NaN,NaN,1
1348,M26004_20260322_cell#191,1,3,1,1,0,1.12258106294292,0.926456280069956,NaN,NaN,NaN,1
1349,M26004_20260322_cell#192,1,3,1,1,0,1.08559312443602,1.00615285091745,NaN,NaN,NaN,0.974580518052646
1350,M26004_20260322_cell#193,1,3,0,0,0,1.11504728782078,0.891447110928543,NaN,NaN,NaN,1
1351,M26004_20260322_cell#194,1,3,0,0,0,1.00665407766454,0.695940292035755,NaN,NaN,NaN,1
1352,M26004_20260322_cell#195,1,3,0,0,0,0.939058943187961,0.96486983635488,NaN,NaN,NaN,1
1353,M26004_20260322_cell#196,1,3,0,0,0,1.05909540643838,0.993677920653736,NaN,NaN,NaN,1
1354,M26004_20260322_cell#197,1,3,0,0,0,0.993541664780919,0.993317656390942,NaN,NaN,NaN,1
1356,M26004_20260322_cell#199,1,3,0,0,0,0.996087475659207,0.954284009111339,NaN,NaN,NaN,1
1358,M26004_20260322_cell#201,1,3,0,0,0,1.03167502015953,0.901353489319365,NaN,NaN,NaN,1
1359,M26004_20260322_cell#202,1,3,1,1,0,1.17094080802782,0.932227561447158,NaN,NaN,NaN,1
1360,M26004_20260322_cell#203,1,3,0,0,0,0.99974776383369,0.945957375975791,NaN,NaN,NaN,1
1361,M26004_20260322_cell#204,1,3,1,1,0,1.03993479907527,0.999310185158398,NaN,NaN,NaN,1
1362,M26004_20260322_cell#205,1,3,0,0,0,1.03756367247055,1.07368886078669,NaN,NaN,NaN,0.983282206774042
1363,M26004_20260322_cell#206,1,3,0,0,0,0.987843139391606,0.969477534627603,NaN,NaN,NaN,1
1364,M26004_20260322_cell#207,1,3,0,0,0,1.00863281745985,0.911382097409025,NaN,NaN,NaN,1
1365,M26004_20260322_cell#208,1,3,1,1,0,1.40263987253841,0.962842465004912,NaN,NaN,NaN,1
1366,M26004_20260322_cell#209,1,3,1,1,0,1.07257482016746,0.987339552770617,NaN,NaN,NaN,1
1367,M26004_20260322_cell#210,1,3,0,0,0,1.00960818565772,0.983626211207487,NaN,NaN,NaN,1
1369,M26004_20260322_cell#212,1,3,0,0,1,0.950381710188054,1.0381563222518,NaN,NaN,NaN,0.000884308309236914
1370,M26004_20260322_cell#213,1,3,1,1,0,1.23038278965707,0.922267326544528,NaN,NaN,NaN,1
1372,M26004_20260322_cell#215,1,3,0,0,0,1.04314794373126,0.937006380097461,NaN,NaN,NaN,1
1373,M26004_20260322_cell#216,1,3,0,0,0,0.993994096050472,0.954907535773091,NaN,NaN,NaN,1
1374,M26004_20260322_cell#217,1,3,1,1,0,1.03694636449274,1.00509390035294,NaN,NaN,NaN,0.79453837746633
1375,M26004_20260322_cell#218,1,3,0,0,0,0.981346145741438,0.977724742598651,NaN,NaN,NaN,1
1376,M26004_20260322_cell#219,1,3,1,1,0,1.09905726196195,0.988179177076888,NaN,NaN,NaN,1
1377,M26004_20260322_cell#220,1,3,1,1,0,1.30227922135837,1.00033580976285,NaN,NaN,NaN,1
1378,M26004_20260322_cell#221,1,3,1,1,0,1.18394004600379,0.9885257477644,NaN,NaN,NaN,1
1379,M26004_20260322_cell#222,1,3,0,0,0,1.00700243992086,0.936992185384453,NaN,NaN,NaN,1
1380,M26004_20260322_cell#223,1,3,0,0,0,1.07145232156423,0.92692249984729,NaN,NaN,NaN,1
1381,M26004_20260322_cell#224,1,3,0,0,0,0.972745826990352,1.00016542734454,NaN,NaN,NaN,1
1382,M26004_20260322_cell#225,1,3,1,1,0,1.070865906692,0.938759134810975,NaN,NaN,NaN,1
1383,M26004_20260322_cell#226,1,3,1,1,0,1.4042707292935,0.984560173395294,NaN,NaN,NaN,1
1384,M26004_20260322_cell#227,1,3,1,1,0,1.64632828443449,0.98601182842399,NaN,NaN,NaN,1
1385,M26004_20260322_cell#228,1,3,1,1,0,1.04246052377568,0.952418331170785,NaN,NaN,NaN,1
1386,M26004_20260322_cell#229,1,3,1,1,0,1.22826425144374,0.910322112867496,NaN,NaN,NaN,1
1387,M26004_20260322_cell#230,1,3,0,0,0,1.0866069844898,1.00503362941872,NaN,NaN,NaN,0.999999999999997
1388,M26004_20260322_cell#231,1,3,1,1,0,1.1431716870625,0.983350603454409,NaN,NaN,NaN,1
1389,M26004_20260322_cell#232,1,3,1,1,0,1.08997172924393,0.989591784432123,NaN,NaN,NaN,1
1390,M26004_20260322_cell#233,1,3,0,0,0,1.00237208875924,0.955820565066569,NaN,NaN,NaN,1
1391,M26004_20260322_cell#234,1,3,1,1,0,1.14311204007916,0.98088058916728,NaN,NaN,NaN,1
1393,M26004_20260322_cell#236,1,3,0,0,0,1.03436699982211,0.861987954327243,NaN,NaN,NaN,1
1394,M26004_20260322_cell#237,1,3,0,0,0,1.05660614143795,0.95756748064559,NaN,NaN,NaN,1
1395,M26004_20260322_cell#238,1,3,0,0,0,0.999501778409995,0.953630175017188,NaN,NaN,NaN,1
1396,M26004_20260322_cell#239,1,3,0,0,0,0.986385244702045,0.971768400759683,NaN,NaN,NaN,1
1397,M26004_20260322_cell#240,1,3,1,1,0,1.37101300155667,0.976106462263799,NaN,NaN,NaN,1
1398,M26004_20260322_cell#241,1,3,1,1,0,1.06136961879717,0.938284769168617,NaN,NaN,NaN,1
1399,M26004_20260322_cell#242,1,3,1,1,0,1.25177459086781,0.948268233739593,NaN,NaN,NaN,1
1400,M26004_20260322_cell#243,1,3,0,0,0,0.988648583188268,0.991565850846891,NaN,NaN,NaN,1
1401,M26004_20260322_cell#244,1,3,1,1,0,1.34147671707227,0.964601843334703,NaN,NaN,NaN,1
1403,M26004_20260322_cell#246,1,3,1,1,0,1.09799439872397,0.922680720282915,NaN,NaN,NaN,1
1404,M26004_20260322_cell#247,1,3,1,1,0,1.09048489725775,0.96320686984727,NaN,NaN,NaN,1
1405,M26004_20260322_cell#248,1,3,0,0,1,0.898885395123255,1.05223195636532,NaN,NaN,NaN,0.0020963719790601
1406,M26004_20260322_cell#249,1,3,1,1,0,1.04541578110548,0.966204296439207,NaN,NaN,NaN,1
1407,M26004_20260322_cell#250,1,3,0,0,0,0.921589824246674,0.956964537654593,NaN,NaN,NaN,1
1409,M26004_20260322_cell#252,1,3,1,1,0,1.16569011578267,1.03016412819762,NaN,NaN,NaN,0.530522570761534
1411,M26004_20260322_cell#254,1,3,0,0,0,0.998295945964778,0.988137971590192,NaN,NaN,NaN,1
1412,M26004_20260322_cell#255,1,3,1,1,0,1.05875463702046,0.974677325169311,NaN,NaN,NaN,1
1414,M26004_20260322_cell#257,1,3,0,0,0,0.953578989516664,0.965831028462226,NaN,NaN,NaN,1
1415,M26004_20260322_cell#258,1,3,0,0,1,1.09889894757945,1.15454844548365,NaN,NaN,NaN,9.99200722162641e-16
1416,M26004_20260322_cell#259,1,3,1,1,0,1.62455869678422,0.970594000072137,NaN,NaN,NaN,1
1420,M26004_20260322_cell#263,1,3,1,1,0,1.72083902019392,1.00053187060048,NaN,NaN,NaN,0.999999999478237
1423,M26004_20260322_cell#266,1,3,1,1,0,1.0385263639564,0.931233035048026,NaN,NaN,NaN,1
1424,M26004_20260322_cell#267,1,3,1,1,0,1.18811768807348,0.989792012671262,NaN,NaN,NaN,1
1425,M26004_20260322_cell#268,1,3,0,0,0,0.994495555386809,0.930858679835459,NaN,NaN,NaN,1
1427,M26004_20260322_cell#270,1,3,1,1,0,1.07561405261975,0.966065841897586,NaN,NaN,NaN,1
1428,M26004_20260322_cell#271,1,3,0,0,0,1.12034813521214,0.926838581056022,NaN,NaN,NaN,1
1432,M26004_20260322_cell#275,1,3,1,1,0,1.16436839552765,0.892236402653898,NaN,NaN,NaN,1
1433,M26004_20260322_cell#276,1,3,0,0,0,0.920702355107374,0.972759721271053,NaN,NaN,NaN,1
1434,M26004_20260322_cell#277,1,3,0,0,0,0.965436060088335,0.968403349916135,NaN,NaN,NaN,1
1436,M26004_20260322_cell#279,1,3,0,0,0,0.998901911097895,0.97100703156725,NaN,NaN,NaN,1
1437,M26004_20260322_cell#280,1,3,1,1,1,1.18458980264169,1.03308365018296,NaN,NaN,NaN,0
1438,M26004_20260322_cell#281,1,3,0,0,0,1.18111817630392,0.543723797793942,NaN,NaN,NaN,1
1439,M26004_20260322_cell#282,1,3,1,1,0,1.0737688560998,0.956799122744164,NaN,NaN,NaN,1
1440,M26004_20260322_cell#283,1,3,1,1,0,1.08261008569789,0.984295428931673,NaN,NaN,NaN,1
1441,M26004_20260322_cell#284,1,3,1,1,0,1.6416811244918,0.939702739314268,NaN,NaN,NaN,1
1442,M26004_20260322_cell#285,1,3,1,1,0,1.27750487849942,0.897525618163812,NaN,NaN,NaN,1
1443,M26004_20260322_cell#286,1,3,1,1,0,1.30217762367744,0.92681555386635,NaN,NaN,NaN,1
1444,M26004_20260322_cell#287,1,3,0,0,0,1.00237270375257,0.912314527418404,NaN,NaN,NaN,1
1445,M26004_20260322_cell#288,1,3,0,0,0,0.996218088455605,0.986168872527258,NaN,NaN,NaN,1
1446,M26004_20260322_cell#289,1,3,1,1,0,1.03813403471662,0.938766510977797,NaN,NaN,NaN,1
1447,M26004_20260322_cell#290,1,3,0,0,0,1.00612491666869,0.95810538536873,NaN,NaN,NaN,1
1448,M26004_20260322_cell#291,1,3,1,1,0,1.28597302979316,1.00460201378724,NaN,NaN,NaN,0.999999999483839
1449,M26004_20260322_cell#292,1,3,1,1,0,1.25881883501317,0.847389438383168,NaN,NaN,NaN,1
1451,M26004_20260322_cell#294,1,3,1,1,0,1.18778286791873,0.99848504252837,NaN,NaN,NaN,1
1452,M26004_20260322_cell#295,1,3,0,0,0,0.84591919953848,0.972271807669082,NaN,NaN,NaN,1
1453,M26004_20260322_cell#296,1,3,0,1,0,1.00877754022707,NaN,NaN,NaN,NaN,NaN
1454,M26004_20260322_cell#297,1,3,0,0,0,0.995639834272839,0.971108758600993,NaN,NaN,NaN,1
1456,M26004_20260322_cell#299,1,3,1,1,0,1.02711165832266,0.995423258489556,NaN,NaN,NaN,1
1457,M26004_20260322_cell#300,1,3,1,1,0,1.22122487317385,0.993789207032348,NaN,NaN,NaN,1
1458,M26004_20260322_cell#301,1,3,1,1,0,1.03509964620977,0.93748981949232,NaN,NaN,NaN,1
1459,M26004_20260322_cell#302,1,3,0,0,0,0.831211610202202,0.935977797594933,NaN,NaN,NaN,1
1460,M26004_20260322_cell#303,1,3,1,1,0,1.04964395198423,0.984184399007197,NaN,NaN,NaN,1
1461,M26004_20260322_cell#304,1,3,0,0,0,1.00217321390626,1.01533991607967,NaN,NaN,NaN,0.08837828977482
1462,M26004_20260322_cell#305,1,3,1,1,0,1.12968235026608,0.960279614052242,NaN,NaN,NaN,1
1464,M26004_20260322_cell#307,1,3,1,1,0,1.13239348770345,0.998604979384971,NaN,NaN,NaN,1
1468,M26004_20260322_cell#311,1,3,1,1,0,1.28601586229842,0.496808486061644,NaN,NaN,NaN,1
1469,M26004_20260322_cell#312,1,3,1,1,0,1.32268399423894,0.966556168711156,NaN,NaN,NaN,1
1472,M26004_20260322_cell#315,1,3,0,0,0,0.929659246737738,0.941021086172535,NaN,NaN,NaN,1
1473,M26004_20260322_cell#316,1,3,0,0,0,1.07040495230987,1.06167435443256,NaN,NaN,NaN,0.224547793355006
1474,M26004_20260322_cell#317,1,3,1,1,0,1.03930235077707,0.999413616235702,NaN,NaN,NaN,1
1475,M26004_20260322_cell#318,1,3,1,1,0,1.11590892259072,1.01284972734152,NaN,NaN,NaN,0.391816757948633
1476,M26004_20260322_cell#319,1,3,1,1,0,1.04327256556001,0.95774739573295,NaN,NaN,NaN,1
1477,M26004_20260322_cell#320,1,3,0,0,0,1.02018255374079,0.996405994987935,NaN,NaN,NaN,1
1479,M26004_20260322_cell#322,1,3,0,0,0,1.00543242933291,0.97930649196422,NaN,NaN,NaN,1
1481,M26004_20260322_cell#324,1,3,0,0,1,0.979030986702661,1.06461260942816,NaN,NaN,NaN,1.1543461297947e-08
1482,M26004_20260322_cell#325,1,3,0,0,0,0.984913613318349,0.939608119419477,NaN,NaN,NaN,1
1483,M26004_20260322_cell#326,1,3,0,0,0,0.997372078585733,0.974239388176912,NaN,NaN,NaN,1
1484,M26004_20260322_cell#327,1,3,1,1,1,1.18064639979889,1.05931530396707,NaN,NaN,NaN,1.85190751622599e-11
1485,M26004_20260322_cell#328,1,3,1,1,0,1.02180818770417,1.0016451545125,NaN,NaN,NaN,0.163156616308163
1487,M26004_20260322_cell#330,1,3,1,1,0,1.12300999399521,0.965228595456145,NaN,NaN,NaN,1
1488,M26004_20260322_cell#331,1,3,1,1,0,1.25825544264386,0.881904793223741,NaN,NaN,NaN,1
1489,M26004_20260322_cell#332,1,3,1,1,0,1.01609772056024,0.894973272210024,NaN,NaN,NaN,1
1490,M26004_20260322_cell#333,1,3,1,1,0,1.10259701674442,0.963556628777563,NaN,NaN,NaN,1
1491,M26004_20260322_cell#334,1,3,1,1,0,1.24168655165384,0.87173788352093,NaN,NaN,NaN,1
1492,M26004_20260322_cell#335,1,3,0,0,0,1.03529593902367,0.904459607598237,NaN,NaN,NaN,1
1493,M26004_20260322_cell#336,1,3,1,1,0,1.2488417705421,0.914330487014079,NaN,NaN,NaN,1
1494,M26004_20260322_cell#337,1,3,1,1,0,1.21757813703475,1.00701877671756,NaN,NaN,NaN,0.989429033674582
1495,M26004_20260322_cell#338,1,3,0,0,0,0.987736386285711,0.969918470467205,NaN,NaN,NaN,1
1496,M26004_20260322_cell#339,1,3,1,1,0,1.02120805146039,1.00567407439921,NaN,NaN,NaN,0.0436269922966903
1497,M26004_20260322_cell#340,1,3,0,0,0,1.03559165462718,1.00461865664084,NaN,NaN,NaN,0.999999971570585
1498,M26004_20260322_cell#341,1,3,1,1,0,1.31385089447445,0.956705411613543,NaN,NaN,NaN,1
1500,M26004_20260322_cell#343,1,3,0,0,0,1.02723545410759,0.937008391246936,NaN,NaN,NaN,1
1501,M26004_20260322_cell#344,1,3,1,1,0,1.07938952783349,0.925326104168088,NaN,NaN,NaN,1
1502,M26004_20260322_cell#345,1,3,1,1,1,1.28611057814412,1.02868550247437,NaN,NaN,NaN,0.00549086703718316
1503,M26004_20260322_cell#346,1,3,1,1,0,1.17694474506994,0.965305861796036,NaN,NaN,NaN,1
1505,M26004_20260322_cell#348,1,3,1,1,0,1.08170745764251,0.998815746904489,NaN,NaN,NaN,1
1506,M26004_20260322_cell#349,1,3,0,0,0,0.972289531285978,0.957012645154765,NaN,NaN,NaN,1
1507,M26004_20260322_cell#350,1,3,1,1,0,1.08333844447288,0.984640174844217,NaN,NaN,NaN,1
1508,M26004_20260322_cell#351,1,3,0,0,0,0.865458600899966,0.946722257691834,NaN,NaN,NaN,1
1509,M26004_20260322_cell#352,1,3,1,1,0,1.06853680916217,0.984126484340319,NaN,NaN,NaN,1
1510,M26004_20260322_cell#353,1,3,0,0,0,0.85425063985448,0.909447460275987,NaN,NaN,NaN,1
1512,M26004_20260322_cell#355,1,3,0,0,0,0.978995702036766,0.785691415684695,NaN,NaN,NaN,1
1513,M26004_20260322_cell#356,1,3,1,1,0,1.20986607594879,0.877458309937481,NaN,NaN,NaN,1
1515,M26004_20260322_cell#358,1,3,1,1,0,1.16246936182717,1.01057124057336,NaN,NaN,NaN,1.21573775601069e-05
1516,M26004_20260322_cell#359,1,3,0,0,0,1.0111472435202,0.981534034022488,NaN,NaN,NaN,1
1519,M26004_20260322_cell#362,1,3,1,1,0,1.31559598259217,0.973399159938829,NaN,NaN,NaN,1
1520,M26004_20260322_cell#363,1,3,0,0,0,1.00456515017432,1.01111723852435,NaN,NaN,NaN,0.999999834708982
1521,M26004_20260322_cell#364,1,3,1,1,0,1.46805635399682,1.01049407065209,NaN,NaN,NaN,0.999968725892975
1522,M26004_20260322_cell#365,1,3,1,1,0,1.07928569192738,0.993214693403683,NaN,NaN,NaN,1
1523,M26004_20260322_cell#366,1,3,1,1,0,1.11840999327282,0.97698530659665,NaN,NaN,NaN,1
1524,M26004_20260322_cell#367,1,3,0,0,0,1.00810624533976,0.98005724093247,NaN,NaN,NaN,1
1525,M26004_20260322_cell#368,1,3,1,1,0,1.21007800927404,0.967964344301217,NaN,NaN,NaN,1
1526,M26004_20260322_cell#369,1,3,1,1,0,1.19868471438669,0.940822704587456,NaN,NaN,NaN,1
1527,M26004_20260322_cell#370,1,3,1,1,0,1.07950052414328,0.9924277411051,NaN,NaN,NaN,1
1528,M26004_20260322_cell#371,1,3,1,1,0,1.16721718540056,0.973261328032103,NaN,NaN,NaN,1
1529,M26004_20260322_cell#372,1,3,0,0,0,1.03946432972296,0.910717567616581,NaN,NaN,NaN,1
1531,M26004_20260322_cell#374,1,3,0,0,0,1.01162861193133,0.993995927644456,NaN,NaN,NaN,1
1532,M26004_20260322_cell#375,1,3,1,1,0,1.18738056201137,0.927151877228869,NaN,NaN,NaN,1
1533,M26004_20260322_cell#376,1,3,0,0,0,0.99640441590086,0.972930627384572,NaN,NaN,NaN,1
1536,M26004_20260322_cell#379,1,3,0,0,0,0.181363345111347,0.996515012386561,NaN,NaN,NaN,1
1537,M26004_20260322_cell#380,1,3,0,0,0,0.935891614172451,0.921664017867973,NaN,NaN,NaN,1
1538,M26004_20260322_cell#381,1,3,1,1,0,1.05347041394529,0.954116138932069,NaN,NaN,NaN,1
1539,M26004_20260322_cell#382,1,3,1,1,0,1.0751287800238,0.965728205821077,NaN,NaN,NaN,1
1540,M26004_20260322_cell#383,1,3,1,1,0,1.2625133991036,0.955130569443674,NaN,NaN,NaN,1
1541,M26004_20260322_cell#384,1,3,1,1,0,1.22991761597569,0.992893779191288,NaN,NaN,NaN,1
1543,M26004_20260322_cell#386,1,3,1,1,0,1.05442594153577,0.960434791392471,NaN,NaN,NaN,1
1544,M26004_20260322_cell#387,1,3,1,1,0,1.0985498371165,1.00298461333966,NaN,NaN,NaN,0.999994585086394
1545,M26004_20260322_cell#388,1,3,1,1,0,1.04065295588546,0.981492655433867,NaN,NaN,NaN,1
1546,M26004_20260322_cell#389,1,3,1,1,0,1.04037495290551,0.978369013392349,NaN,NaN,NaN,1
1547,M26004_20260322_cell#390,1,3,1,1,0,1.06427242777947,0.998044704051062,NaN,NaN,NaN,1
1549,M26004_20260322_cell#392,1,3,1,1,0,1.12878177632725,0.935498859827469,NaN,NaN,NaN,1
1550,M26004_20260322_cell#393,1,3,0,0,1,0.990991825023258,1.01859829383752,NaN,NaN,NaN,0.00805443312401055
1551,M26004_20260322_cell#394,1,3,1,1,0,1.06440137161054,0.943830379589629,NaN,NaN,NaN,1
1552,M26004_20260322_cell#395,1,3,1,1,0,1.06737912012412,0.938607659332608,NaN,NaN,NaN,1
1553,M26004_20260322_cell#396,1,3,0,0,0,1.03246271279363,0.986404148464108,NaN,NaN,NaN,1
1554,M26004_20260322_cell#397,1,3,1,1,0,1.29279492197878,0.929275278209821,NaN,NaN,NaN,1
1555,M26004_20260322_cell#398,1,3,0,0,0,1.07729307925857,0.918168722015486,NaN,NaN,NaN,1
1557,M26004_20260322_cell#400,1,3,0,0,0,1.01076399893221,0.991557898162801,NaN,NaN,NaN,1
1558,M26004_20260322_cell#401,1,3,0,0,0,1.00858386714852,0.87657148035308,NaN,NaN,NaN,1
1559,M26004_20260322_cell#402,1,3,1,1,1,1.24064679021885,1.02382356919438,NaN,NaN,NaN,0.00621646074827686
1560,M26004_20260322_cell#403,1,3,1,1,0,1.47260361981555,0.988282986001858,NaN,NaN,NaN,1
1561,M26004_20260322_cell#404,1,3,0,0,0,0.979153455695498,0.893262165380448,NaN,NaN,NaN,1
1562,M26004_20260322_cell#405,1,3,1,1,0,1.45405063759619,0.801778191462865,NaN,NaN,NaN,1
1564,M26004_20260322_cell#407,1,3,1,1,0,1.12402968830575,0.992165023222455,NaN,NaN,NaN,1
1565,M26004_20260322_cell#408,1,3,1,1,1,1.15785576200856,1.02137042109239,NaN,NaN,NaN,7.0221691839123e-07
1566,M26004_20260322_cell#409,1,3,1,1,0,1.03539593584746,0.986535058956014,NaN,NaN,NaN,1
1567,M26004_20260322_cell#410,1,3,0,0,0,0.986743986158619,0.883632843663099,NaN,NaN,NaN,1
1568,M26004_20260322_cell#411,1,3,0,0,0,0.991289011735538,0.970694715067317,NaN,NaN,NaN,1
1570,M26004_20260322_cell#413,1,3,1,1,0,1.22881319008088,0.94579974800436,NaN,NaN,NaN,1
1571,M26004_20260322_cell#414,1,3,1,1,0,1.2475132773797,0.961098448968223,NaN,NaN,NaN,1
1573,M26004_20260322_cell#416,1,3,0,0,0,1.02294028254296,0.945628033745759,NaN,NaN,NaN,1
1574,M26004_20260322_cell#417,1,3,0,0,0,0.993300818676039,0.908375404496027,NaN,NaN,NaN,1
1575,M26004_20260322_cell#418,1,3,0,0,0,0.988040453156304,0.95568701671789,NaN,NaN,NaN,1
1576,M26004_20260322_cell#419,1,3,1,1,0,1.04263248792466,0.983782105509221,NaN,NaN,NaN,1
1577,M26004_20260322_cell#420,1,3,1,1,0,1.05035266111595,1.00062749649463,NaN,NaN,NaN,1
1578,M26004_20260322_cell#421,1,3,1,1,1,1.13244942387637,1.02194858343897,NaN,NaN,NaN,2.44817742260928e-05
1580,M26004_20260322_cell#423,1,3,1,1,0,1.05329775448345,0.981646250815963,NaN,NaN,NaN,1
1581,M26004_20260322_cell#424,1,3,1,1,0,1.04191671553169,0.982727707046782,NaN,NaN,NaN,1
1582,M26004_20260322_cell#425,1,3,1,1,0,1.3783629776922,0.72044584913719,NaN,NaN,NaN,1
1583,M26004_20260322_cell#426,1,3,1,1,0,1.32776604430706,0.809944975289287,NaN,NaN,NaN,1
1584,M26004_20260322_cell#427,1,3,0,0,0,1.00249937094922,0.979016620920709,NaN,NaN,NaN,1
1585,M26004_20260322_cell#428,1,3,1,1,0,1.02119299469624,0.982966225320968,NaN,NaN,NaN,1
1586,M26004_20260322_cell#429,1,3,0,0,0,0.994902657433412,0.927730985865641,NaN,NaN,NaN,1
1587,M26004_20260322_cell#430,1,3,1,1,0,1.0626530932497,0.976977179616909,NaN,NaN,NaN,1
1588,M26004_20260322_cell#431,1,3,1,1,0,1.09184354545895,0.952862529761983,NaN,NaN,NaN,1
1589,M26004_20260322_cell#432,1,3,0,0,0,1.04298990555056,0.96520765203686,NaN,NaN,NaN,1
1590,M26004_20260322_cell#433,1,3,1,1,0,2.05338195796081,0.938242028799422,NaN,NaN,NaN,1
1592,M26004_20260322_cell#435,1,3,1,1,0,1.25008839875106,0.985939625800579,NaN,NaN,NaN,1
1594,M26004_20260322_cell#437,1,3,0,0,0,0.997080089089449,0.961441396419715,NaN,NaN,NaN,1
1595,M26004_20260322_cell#438,1,3,0,0,0,0.992368202605447,0.914450845967459,NaN,NaN,NaN,1
1596,M26004_20260322_cell#439,1,3,1,1,0,1.34836458127714,0.908800603825611,NaN,NaN,NaN,1
1597,M26004_20260322_cell#440,1,3,1,1,0,1.17045543851999,0.985622291633164,NaN,NaN,NaN,1
1598,M26004_20260322_cell#441,1,3,0,0,0,0.980763374102464,0.97272709790691,NaN,NaN,NaN,1
1599,M26004_20260322_cell#442,1,3,0,0,1,1.01602751035154,1.03019257835368,NaN,NaN,NaN,6.49912232606464e-05
1601,M26004_20260322_cell#444,1,3,1,1,0,1.06616353301337,0.971544461752565,NaN,NaN,NaN,1
1603,M26004_20260322_cell#446,1,3,1,1,0,1.03607513992319,0.989817701996847,NaN,NaN,NaN,1
1605,M26004_20260322_cell#448,1,3,0,1,0,1.01416893070069,NaN,NaN,NaN,NaN,NaN
1606,M26004_20260322_cell#449,1,3,1,1,0,1.07009884178598,0.929686048400565,NaN,NaN,NaN,1
1607,M26004_20260322_cell#450,1,3,1,1,0,1.0957565422747,0.948785075263943,NaN,NaN,NaN,1
1608,M26004_20260322_cell#451,1,3,0,0,0,0.987563599271036,0.958636228089171,NaN,NaN,NaN,1
1609,M26004_20260322_cell#452,1,3,1,1,0,1.29866244402954,0.940874848295795,NaN,NaN,NaN,1
1610,M26004_20260322_cell#453,1,3,0,0,0,0.993167520259347,1.01924189690071,NaN,NaN,NaN,0.977418451579019
1612,M26004_20260322_cell#455,1,3,1,1,0,1.03180036371192,0.962969098332663,NaN,NaN,NaN,1
1613,M26004_20260322_cell#456,1,3,0,0,0,0.990377917445192,0.968008660674464,NaN,NaN,NaN,1
1614,M26004_20260322_cell#457,1,3,1,1,0,1.36596716967293,0.909968228759153,NaN,NaN,NaN,1
1615,M26004_20260322_cell#458,1,3,0,0,0,0.986348019521235,0.947960236587709,NaN,NaN,NaN,1
1616,M26004_20260322_cell#459,1,3,1,1,0,1.22504834637283,0.998373051684531,NaN,NaN,NaN,1
1618,M26004_20260322_cell#461,1,3,0,0,0,0.955201586133305,0.943287778736026,NaN,NaN,NaN,1
1620,M26004_20260322_cell#463,1,3,1,1,1,1.14871373991738,1.03481837498849,NaN,NaN,NaN,0.0128884680066631
1621,M26004_20260322_cell#464,1,3,1,1,1,1.21073605210864,1.026310189082,NaN,NaN,NaN,4.5847055292203e-06
1622,M26004_20260322_cell#465,1,3,1,1,0,1.12444198178253,0.843853611639636,NaN,NaN,NaN,1
1623,M26004_20260322_cell#466,1,3,1,1,0,1.09234562635105,0.973025785338002,NaN,NaN,NaN,1
1624,M26004_20260322_cell#467,1,3,1,1,0,1.11698722861549,0.965815020721353,NaN,NaN,NaN,1
1625,M26004_20260322_cell#468,1,3,1,1,0,1.04559714668907,0.978483565515842,NaN,NaN,NaN,1
1626,M26004_20260322_cell#469,1,3,1,1,0,1.13077881671967,0.955710811437581,NaN,NaN,NaN,1
1627,M26004_20260322_cell#470,1,3,1,1,0,1.05182384141218,0.891914923433326,NaN,NaN,NaN,1
1628,M26004_20260322_cell#471,1,3,1,1,0,1.46462842282478,0.984510156543667,NaN,NaN,NaN,1
1629,M26004_20260322_cell#472,1,3,0,0,0,0.979935847594452,0.986535989970891,NaN,NaN,NaN,1
1631,M26004_20260322_cell#474,1,3,1,1,0,1.15468261050316,1.02748782627678,NaN,NaN,NaN,0.915334723041676
1632,M26004_20260322_cell#475,1,3,1,1,0,1.18935995305581,1.00129744694478,NaN,NaN,NaN,0.9999992566708
1633,M26004_20260322_cell#476,1,3,0,0,0,1.0020100340598,0.987786566609428,NaN,NaN,NaN,1
1634,M26004_20260322_cell#477,1,3,1,1,0,1.30897260833499,1.00389463803025,NaN,NaN,NaN,0.999999995681575
1636,M26004_20260322_cell#479,1,3,1,1,0,1.25244041628108,1.00258744882576,NaN,NaN,NaN,0.82344876748683
1639,M26004_20260322_cell#482,1,3,1,1,0,1.15540699060163,0.99209820695711,NaN,NaN,NaN,1
1640,M26004_20260322_cell#483,1,3,1,1,0,1.44256271941458,0.934071449153783,NaN,NaN,NaN,1
1641,M26004_20260322_cell#484,1,3,1,1,0,1.02862682214139,0.997475121100647,NaN,NaN,NaN,1
1642,M26004_20260322_cell#485,1,3,1,1,0,1.11580693427565,0.976660883570742,NaN,NaN,NaN,1
1643,M26004_20260322_cell#486,1,3,1,1,0,1.05142252980634,0.994767400820758,NaN,NaN,NaN,1
1645,M26004_20260322_cell#488,1,3,0,0,0,0.994335527266461,1.00414421362715,NaN,NaN,NaN,0.998173541474428
1646,M26004_20260322_cell#489,1,3,0,0,0,0.978312902440359,1.00652231868462,NaN,NaN,NaN,0.999995980071817
1648,M26004_20260322_cell#491,1,3,1,1,0,1.15847631744375,0.983323062660422,NaN,NaN,NaN,1
1650,M26004_20260322_cell#493,1,3,1,1,0,1.12469110715843,0.955399130873846,NaN,NaN,NaN,1
1651,M26004_20260322_cell#494,1,3,1,1,0,1.27498965134607,0.956935106088846,NaN,NaN,NaN,1
1652,M26004_20260322_cell#495,1,3,1,1,1,1.13930880411894,1.0438823216396,NaN,NaN,NaN,0.000497788650216879
1654,M26004_20260322_cell#497,1,3,1,1,0,1.05476377179902,0.960246891591041,NaN,NaN,NaN,1
1655,M26004_20260322_cell#498,1,3,1,1,0,1.12992494692788,0.99077506846467,NaN,NaN,NaN,1
1656,M26004_20260322_cell#499,1,3,0,0,0,1.06072766357219,0.932835527002189,NaN,NaN,NaN,1
1657,M26004_20260322_cell#500,1,3,0,0,0,1.01545132433461,1.02209118404952,NaN,NaN,NaN,0.836291020111109
1658,M26004_20260322_cell#501,1,3,1,1,0,1.09726088718842,0.970632108461717,NaN,NaN,NaN,1
1659,M26004_20260322_cell#502,1,3,1,1,0,1.05395026365851,0.955698157441346,NaN,NaN,NaN,1
1660,M26004_20260322_cell#503,1,3,1,1,0,1.17808121178793,0.979895302226919,NaN,NaN,NaN,1
1661,M26004_20260322_cell#504,1,3,1,1,0,1.20877766259542,0.971628855491977,NaN,NaN,NaN,1
1662,M26004_20260322_cell#505,1,3,1,1,0,1.27962161808333,1.01401530970148,NaN,NaN,NaN,0.000815780838426816
1663,M26004_20260322_cell#506,1,3,0,0,0,1.00989056418273,0.872092692729608,NaN,NaN,NaN,1
1664,M26004_20260322_cell#507,1,3,0,0,0,0.991726487877472,0.98611632744373,NaN,NaN,NaN,1
1666,M26004_20260322_cell#509,1,3,1,1,0,1.19193204994234,1.00087231752886,NaN,NaN,NaN,0.999999170661491
1667,M26004_20260322_cell#510,1,3,1,1,0,1.12176825046279,1.00736642711738,NaN,NaN,NaN,0.999981246809691
1668,M26004_20260322_cell#511,1,3,0,0,1,0.972041242280698,1.02426597790544,NaN,NaN,NaN,2.29464764966991e-08
1669,M26004_20260322_cell#512,1,3,1,1,0,1.14382565902286,0.991197877223291,NaN,NaN,NaN,1
1670,M26004_20260322_cell#513,1,3,1,1,0,1.0939244157757,0.890775482416167,NaN,NaN,NaN,1
1671,M26004_20260322_cell#514,1,3,0,0,0,0.947276091624444,0.991476820508827,NaN,NaN,NaN,1
1672,M26004_20260322_cell#515,1,3,0,0,0,0.965258338036871,0.970013752813892,NaN,NaN,NaN,1
1673,M26004_20260322_cell#516,1,3,0,0,0,1.01365957140893,0.994561865694719,NaN,NaN,NaN,1
1674,M26004_20260322_cell#517,1,3,1,1,0,1.03899640477501,1.00204953268219,NaN,NaN,NaN,0.999984779918595
1675,M26004_20260322_cell#518,1,3,0,0,0,1.03761052616288,0.836758351962938,NaN,NaN,NaN,1
1676,M26004_20260322_cell#519,1,3,0,0,0,0.996698639814644,1.01023686182994,NaN,NaN,NaN,0.999954749833546
1677,M26004_20260322_cell#520,1,3,0,0,0,0.984701894455388,0.990181851911652,NaN,NaN,NaN,1
1678,M26004_20260322_cell#521,1,3,0,0,0,1.04698216614268,0.709732605674235,NaN,NaN,NaN,1
1679,M26004_20260322_cell#522,1,3,1,1,0,1.04984261247217,0.999135965084887,NaN,NaN,NaN,1
1680,M26004_20260322_cell#523,1,3,1,1,0,1.12573948533528,1.00739413533399,NaN,NaN,NaN,0.369703528420443
1681,M26004_20260322_cell#524,1,3,0,0,0,1.06155119883449,1.03289958437731,NaN,NaN,NaN,0.993622537818323
1682,M26004_20260322_cell#525,1,3,1,1,0,1.05882170420486,0.952051299474999,NaN,NaN,NaN,1
1683,M26004_20260322_cell#526,1,3,0,0,0,0.98084438106765,1.00572913848523,NaN,NaN,NaN,0.999832457367939
1684,M26004_20260322_cell#527,1,3,1,1,0,1.24406443475868,0.993096572410738,NaN,NaN,NaN,1
1685,M26004_20260322_cell#528,1,3,0,0,0,1.00254985435133,0.94239370290336,NaN,NaN,NaN,1
1686,M26004_20260322_cell#529,1,3,1,1,0,1.37262785486436,0.985389934901728,NaN,NaN,NaN,1
1687,M26004_20260322_cell#530,1,3,1,1,0,1.03687950538034,0.994777145120478,NaN,NaN,NaN,1
1688,M26004_20260322_cell#531,1,3,1,1,0,1.10106198755415,0.987933645192171,NaN,NaN,NaN,1
1689,M26004_20260322_cell#532,1,3,0,0,0,0.836780737886195,0.9543319683052,NaN,NaN,NaN,1
1690,M26004_20260322_cell#533,1,3,1,1,0,1.07050847367278,0.976921323592574,NaN,NaN,NaN,1
1691,M26004_20260322_cell#534,1,3,1,1,0,1.2965629225469,0.948242672732278,NaN,NaN,NaN,1
1692,M26004_20260322_cell#535,1,3,1,1,0,1.13676757375319,0.990464054195071,NaN,NaN,NaN,1
1693,M26004_20260322_cell#536,1,3,1,1,0,1.07138392221032,0.992817253862772,NaN,NaN,NaN,1
1694,M26004_20260322_cell#537,1,3,0,0,0,1.01486669369872,0.984715825472901,NaN,NaN,NaN,1
1696,M26004_20260322_cell#539,1,3,1,1,0,1.06715816139808,0.988600067877605,NaN,NaN,NaN,1
1697,M26004_20260322_cell#540,1,3,0,0,0,0.994905865601549,0.783066945424838,NaN,NaN,NaN,1
1699,M26004_20260322_cell#542,1,3,1,1,0,1.08931682872105,0.960672507183024,NaN,NaN,NaN,1
1700,M26004_20260322_cell#543,1,3,1,1,0,1.4085981396561,1.0076816598777,NaN,NaN,NaN,6.21724893790088e-15
1701,M26004_20260322_cell#544,1,3,0,0,0,0.993401071801107,0.968941716723061,NaN,NaN,NaN,1
1702,M26004_20260322_cell#545,1,3,0,0,0,1.01813204684666,0.820040977079625,NaN,NaN,NaN,1
1703,M26004_20260322_cell#546,1,3,1,1,0,1.0820484197754,1.01038335542248,NaN,NaN,NaN,0.817007446556231
1704,M26004_20260322_cell#547,1,3,1,1,0,1.1034095794304,0.960751595302588,NaN,NaN,NaN,1
1705,M26004_20260322_cell#548,1,3,1,1,0,1.08771179944051,0.96935053242245,NaN,NaN,NaN,1
1706,M26004_20260322_cell#549,1,3,0,0,0,0.999224033218576,0.965465835247465,NaN,NaN,NaN,1
1708,M26004_20260322_cell#551,1,3,0,0,0,0.980643313362253,0.974152913811492,NaN,NaN,NaN,1
1709,M26004_20260322_cell#552,1,3,1,1,0,1.12972339977441,0.967141389670035,NaN,NaN,NaN,1
1710,M26004_20260322_cell#553,1,3,0,0,0,1.02064445125644,0.973801783823078,NaN,NaN,NaN,1
1711,M26004_20260322_cell#554,1,3,0,0,0,0.996829494133172,0.993677218505078,NaN,NaN,NaN,1
1712,M26004_20260322_cell#555,1,3,0,0,1,0.974284679092391,1.02361356825944,NaN,NaN,NaN,0.0106073617419878
1713,M26004_20260322_cell#556,1,3,1,1,0,1.14801023088292,1.00549453483651,NaN,NaN,NaN,0.858303590722217
1715,M26004_20260322_cell#558,1,3,1,1,0,1.12189190732634,0.980882267065116,NaN,NaN,NaN,1
1718,M26004_20260322_cell#561,1,3,0,0,0,0.961069117287135,1.02345779855528,NaN,NaN,NaN,0.718516042242652
1719,M26004_20260322_cell#562,1,3,1,1,0,1.07139625071028,1.00051157316195,NaN,NaN,NaN,0.999999998561933
1720,M26004_20260322_cell#563,1,3,1,1,0,1.26969823625525,0.928643700104823,NaN,NaN,NaN,1
1721,M26004_20260322_cell#564,1,3,1,1,0,1.13018929275633,0.992946230309461,NaN,NaN,NaN,1
1722,M26004_20260322_cell#565,1,3,0,0,0,1.00740294758074,0.878479624208446,NaN,NaN,NaN,1
1723,M26004_20260322_cell#566,1,3,0,0,0,1.07822662934102,0.984911222650774,NaN,NaN,NaN,1
1724,M26004_20260322_cell#567,1,3,1,1,0,1.0496775309297,1.00959729534031,NaN,NaN,NaN,5.13989998673914e-07
1725,M26004_20260322_cell#568,1,3,1,1,0,1.11411432928651,1.01909356641128,NaN,NaN,NaN,0.715350764476038
1726,M26004_20260322_cell#569,1,3,0,0,0,1.02938929980865,0.936176188348351,NaN,NaN,NaN,1
1727,M26004_20260322_cell#570,1,3,0,0,0,0.990192049646064,0.991769200165583,NaN,NaN,NaN,1
1729,M26004_20260322_cell#572,1,3,1,1,0,1.30169294637841,0.959396879660188,NaN,NaN,NaN,1
1730,M26004_20260322_cell#573,1,3,1,1,0,1.14620449305711,0.968157740886896,NaN,NaN,NaN,1
1732,M26004_20260322_cell#575,1,3,1,1,0,1.20679699587586,0.982545701346873,NaN,NaN,NaN,1
1733,M26004_20260322_cell#576,1,3,1,1,0,1.25240676843527,0.960868112448557,NaN,NaN,NaN,1
1734,M26004_20260322_cell#577,1,3,0,0,1,1.00578253691192,1.04663758238778,NaN,NaN,NaN,3.8226131733099e-05
1735,M26004_20260322_cell#578,1,3,0,0,0,1.01525899328873,0.938765464925898,NaN,NaN,NaN,1
1736,M26004_20260322_cell#579,1,3,0,0,0,0.889730744651971,1.00609034077038,NaN,NaN,NaN,0.999972953722236
1737,M26004_20260322_cell#580,1,3,0,0,0,0.994695327300107,0.95892808954202,NaN,NaN,NaN,1
1738,M26004_20260322_cell#581,1,3,1,1,0,1.17865841421019,0.998242692677045,NaN,NaN,NaN,1
1739,M26004_20260322_cell#582,1,3,1,1,0,1.09078802347163,1.00203669889611,NaN,NaN,NaN,0.999999999999995
1740,M26004_20260322_cell#583,1,3,1,1,0,1.02754783728781,0.988275802950107,NaN,NaN,NaN,1
1741,M26004_20260322_cell#584,1,3,0,0,0,0.940661994378342,0.968605452177879,NaN,NaN,NaN,1
1742,M26004_20260322_cell#585,1,3,1,1,0,1.03904647877667,0.965508895137052,NaN,NaN,NaN,1
1743,M26004_20260322_cell#586,1,3,0,0,0,0.987760402615469,1.00021527609615,NaN,NaN,NaN,1
1744,M26004_20260322_cell#587,1,3,0,0,0,0.917142064930333,1,NaN,NaN,NaN,1
1745,M26004_20260322_cell#588,1,3,1,1,0,1.11648204416637,0.992239467002333,NaN,NaN,NaN,1
1746,M26004_20260322_cell#589,1,3,1,1,0,1.05370986965404,0.980317988461338,NaN,NaN,NaN,1
1747,M26004_20260322_cell#590,1,3,1,1,0,1.7937575904046,0.938917241868833,NaN,NaN,NaN,1
1748,M26004_20260322_cell#591,1,3,0,0,0,1.02947383328056,0.983809703374855,NaN,NaN,NaN,1
1749,M26004_20260322_cell#592,1,3,0,0,0,0.945557849996516,0.956699313986464,NaN,NaN,NaN,1
1750,M26004_20260322_cell#593,1,3,1,1,0,1.24854422468919,0.956321499268042,NaN,NaN,NaN,1
1751,M26004_20260322_cell#594,1,3,1,1,0,1.2677949063813,1.00671731079712,NaN,NaN,NaN,0
1752,M26004_20260322_cell#595,1,3,0,0,1,1.0264739851822,1.03072248620504,NaN,NaN,NaN,4.78999401520852e-06
1753,M26004_20260322_cell#596,1,3,1,1,0,1.1204569396284,0.811585576175677,NaN,NaN,NaN,1
1754,M26004_20260322_cell#597,1,3,1,1,1,1.04105440989468,1.05527643792658,NaN,NaN,NaN,4.69808780767522e-09
1755,M26004_20260322_cell#598,1,3,0,0,0,0.997459211797802,0.979081908379572,NaN,NaN,NaN,1
1757,M26004_20260322_cell#600,1,3,0,0,0,0.994763126839541,0.988974604972833,NaN,NaN,NaN,1
1758,M26004_20260322_cell#601,1,3,1,1,0,1.02282146393752,0.95512412564817,NaN,NaN,NaN,1
1760,M26004_20260322_cell#603,1,3,0,0,0,0.980137485864096,1.0024102019169,NaN,NaN,NaN,0.999999984954643
1761,M26004_20260322_cell#604,1,3,1,1,0,1.04564116354422,0.985438159221634,NaN,NaN,NaN,1
1763,M26004_20260322_cell#606,1,3,1,1,0,1.11414344941773,0.958887096365772,NaN,NaN,NaN,1
1764,M26004_20260322_cell#607,1,3,1,1,0,1.07441114228371,0.994443034791807,NaN,NaN,NaN,1
1765,M26004_20260322_cell#608,1,3,0,0,0,0.958930198149612,0.985860326237239,NaN,NaN,NaN,1
1766,M26004_20260322_cell#609,1,3,1,1,0,1.44810541929541,0.996296783016101,NaN,NaN,NaN,1
1767,M26004_20260322_cell#610,1,3,0,0,0,1.00796896066798,0.980145511068049,NaN,NaN,NaN,1
1768,M26004_20260322_cell#611,1,3,0,0,0,1.0030710619411,1.00949136262589,NaN,NaN,NaN,0.87248487787024
1769,M26004_20260322_cell#612,1,3,0,0,0,0.985633999394926,0.989145190486658,NaN,NaN,NaN,1
1770,M26004_20260322_cell#613,1,3,0,0,0,0.974019353456075,0.993670710351798,NaN,NaN,NaN,1
1771,M26004_20260322_cell#614,1,3,1,1,0,1.1032571174988,1.00001285915723,NaN,NaN,NaN,1
1773,M26004_20260322_cell#616,1,3,0,0,0,0.97508828878898,0.927156555137963,NaN,NaN,NaN,1
1774,M26004_20260322_cell#617,1,3,0,0,0,0.998926532187529,0.928085994351742,NaN,NaN,NaN,1
1775,M26004_20260322_cell#618,1,3,1,1,0,1.20773053926778,0.980885712727251,NaN,NaN,NaN,1
1776,M26004_20260322_cell#619,1,3,1,1,0,1.0638358000859,1.0012737306068,NaN,NaN,NaN,1
1777,M26004_20260322_cell#620,1,3,1,1,0,1.09558613015322,0.975573878367528,NaN,NaN,NaN,1
1778,M26004_20260322_cell#621,1,3,1,1,0,1.02876649823588,0.998646907141483,NaN,NaN,NaN,1
1779,M26004_20260322_cell#622,1,3,0,0,0,1.03336204186929,0.858990730937082,NaN,NaN,NaN,1
1780,M26004_20260322_cell#623,1,3,1,1,0,1.05181296050651,1.00710153949711,NaN,NaN,NaN,0.00914002370192191
1782,M26004_20260322_cell#625,1,3,0,0,0,1.09543028246874,0.956637428923821,NaN,NaN,NaN,1
1783,M26004_20260322_cell#626,1,3,0,0,0,0.967488671097146,0.983908726883874,NaN,NaN,NaN,1
1784,M26004_20260322_cell#627,1,3,1,1,0,1.27403318454484,0.98856546872957,NaN,NaN,NaN,1
1785,M26004_20260322_cell#628,1,3,1,1,0,1.14996224743296,0.981480428488507,NaN,NaN,NaN,1
1786,M26004_20260322_cell#629,1,3,1,1,0,1.54968176016116,0.940448538048373,NaN,NaN,NaN,1
1787,M26004_20260322_cell#630,1,3,0,0,0,1.03067163643897,0.95025345360801,NaN,NaN,NaN,1
1790,M26004_20260322_cell#633,1,3,0,0,0,1.00528055584226,0.982558035791307,NaN,NaN,NaN,1
1791,M26004_20260322_cell#634,1,3,0,0,1,1.00532157477983,1.0545491388953,NaN,NaN,NaN,0.0457666756508418
1792,M26004_20260322_cell#635,1,3,0,0,0,0.993205481245444,1.01181435001456,NaN,NaN,NaN,0.495245762651465
1793,M26004_20260322_cell#636,1,3,0,0,0,0.991398310265659,0.972947966173151,NaN,NaN,NaN,1
1794,M26004_20260322_cell#637,1,3,1,1,0,1.26680933175413,0.991636780928607,NaN,NaN,NaN,1
1796,M26004_20260322_cell#639,1,3,1,1,0,1.2240723995373,0.989941245655709,NaN,NaN,NaN,1
1797,M26004_20260322_cell#640,1,3,1,1,0,1.0653502837788,0.991799908372022,NaN,NaN,NaN,1
1800,M26004_20260322_cell#643,1,3,1,1,0,1.37251654270818,0.943922870510584,NaN,NaN,NaN,1
1801,M26005_20260318_cell#1,2,1,1,1,0,1.27438392367298,0.940006758685379,NaN,NaN,NaN,1
1802,M26005_20260318_cell#2,2,1,1,1,0,1.06515556697873,0.88844686697593,NaN,NaN,NaN,1
1803,M26005_20260318_cell#3,2,1,0,0,0,0.909508922945473,0.927898496604711,NaN,NaN,NaN,1
1804,M26005_20260318_cell#4,2,1,1,1,0,1.07472256099634,0.981155890664173,NaN,NaN,NaN,1
1805,M26005_20260318_cell#5,2,1,1,1,0,1.02873162645293,0.9103570487936,NaN,NaN,NaN,1
1806,M26005_20260318_cell#6,2,1,0,0,0,0.9407405136459,0.786801698458689,NaN,NaN,NaN,1
1807,M26005_20260318_cell#7,2,1,1,1,0,1.19962810229116,0.999078404433691,NaN,NaN,NaN,1
1808,M26005_20260318_cell#8,2,1,0,0,0,0.965393540156939,1.00614659468829,NaN,NaN,NaN,0.81427166336708
1809,M26005_20260318_cell#9,2,1,0,0,0,0.96509932820716,0.875299637315286,NaN,NaN,NaN,1
1811,M26005_20260318_cell#11,2,1,0,0,0,0.97197472954841,0.97204693221839,NaN,NaN,NaN,1
1812,M26005_20260318_cell#12,2,1,1,1,0,1.2751013848909,0.917027141890759,NaN,NaN,NaN,1
1814,M26005_20260318_cell#14,2,1,1,1,0,1.1346650554173,0.975072604264438,NaN,NaN,NaN,1
1815,M26005_20260318_cell#15,2,1,1,1,0,1.07100118965237,0.99550482092135,NaN,NaN,NaN,1
1816,M26005_20260318_cell#16,2,1,1,1,0,1.32051305400018,0.969561236592619,NaN,NaN,NaN,1
1817,M26005_20260318_cell#17,2,1,0,0,0,0.912491559157615,0.919861308868598,NaN,NaN,NaN,1
1818,M26005_20260318_cell#18,2,1,1,1,0,1.12546755044576,0.97796182141665,NaN,NaN,NaN,1
1819,M26005_20260318_cell#19,2,1,1,1,0,1.13853846348557,0.887464192630483,NaN,NaN,NaN,1
1820,M26005_20260318_cell#20,2,1,0,0,0,1.0145362431026,0.973621650522635,NaN,NaN,NaN,1
1821,M26005_20260318_cell#21,2,1,1,1,0,1.14269817459834,0.947626023503984,NaN,NaN,NaN,1
1822,M26005_20260318_cell#22,2,1,0,0,0,1.00347660758545,0.9706196690419,NaN,NaN,NaN,1
1823,M26005_20260318_cell#23,2,1,1,1,0,1.21421404168045,0.994400564750924,NaN,NaN,NaN,1
1824,M26005_20260318_cell#24,2,1,1,1,0,1.09770302882162,0.997242035046937,NaN,NaN,NaN,1
1825,M26005_20260318_cell#25,2,1,1,1,1,1.2141695681156,1.03004855854361,NaN,NaN,NaN,4.60593081227367e-05
1826,M26005_20260318_cell#26,2,1,0,0,0,1.00384399873924,0.988057412902801,NaN,NaN,NaN,1
1827,M26005_20260318_cell#27,2,1,1,1,0,1.22409381734413,0.979702489317189,NaN,NaN,NaN,1
1829,M26005_20260318_cell#29,2,1,1,1,0,1.08102044649216,0.966368717908675,NaN,NaN,NaN,1
1830,M26005_20260318_cell#30,2,1,1,1,0,1.04220214214685,0.926169121888256,NaN,NaN,NaN,1
1831,M26005_20260318_cell#31,2,1,0,0,0,0.88952427724206,0.929760641161901,NaN,NaN,NaN,1
1832,M26005_20260318_cell#32,2,1,1,1,0,1.1052427767601,0.91175796948886,NaN,NaN,NaN,1
1833,M26005_20260318_cell#33,2,1,1,1,0,1.03868677849833,0.99286639735838,NaN,NaN,NaN,1
1834,M26005_20260318_cell#34,2,1,0,0,0,0.998502305393643,0.919829556713257,NaN,NaN,NaN,1
1835,M26005_20260318_cell#35,2,1,1,1,0,1.1267076327973,0.931893544194819,NaN,NaN,NaN,1
1838,M26005_20260318_cell#38,2,1,0,0,1,1.04409361294747,1.24558918221687,NaN,NaN,NaN,0
1839,M26005_20260318_cell#39,2,1,1,1,0,1.27208794501859,0.964291658087997,NaN,NaN,NaN,1
1840,M26005_20260318_cell#40,2,1,0,0,0,0.955223867014602,0.945373200844569,NaN,NaN,NaN,1
1841,M26005_20260318_cell#41,2,1,1,1,0,1.08886331270147,0.95360540559404,NaN,NaN,NaN,1
1842,M26005_20260318_cell#42,2,1,0,0,1,1.05518731173315,1.07042126750703,NaN,NaN,NaN,0
1843,M26005_20260318_cell#43,2,1,1,1,0,1.09132304507045,0.944112672822174,NaN,NaN,NaN,1
1847,M26005_20260318_cell#47,2,1,1,1,0,1.31510905237419,0.982611772367567,NaN,NaN,NaN,1
1848,M26005_20260318_cell#48,2,1,1,1,0,1.10057224142407,0.994212148741892,NaN,NaN,NaN,1
1849,M26005_20260318_cell#49,2,1,1,1,1,1.24515953518243,1.03044888867677,NaN,NaN,NaN,0
1850,M26005_20260318_cell#50,2,1,1,1,0,1.23060414972551,0.95641392501887,NaN,NaN,NaN,1
1851,M26005_20260318_cell#51,2,1,0,0,1,0.943548394412005,1.06169336341328,NaN,NaN,NaN,0
1852,M26005_20260318_cell#52,2,1,0,0,0,0.996134975214692,0.990284399252695,NaN,NaN,NaN,1
1853,M26005_20260318_cell#53,2,1,0,0,0,0.97670030678691,0.993153103576158,NaN,NaN,NaN,1
1854,M26005_20260318_cell#54,2,1,0,0,0,0.952776288162212,0.936786135480469,NaN,NaN,NaN,1
1855,M26005_20260318_cell#55,2,1,0,0,0,0.999048346346025,0.958242266646039,NaN,NaN,NaN,1
1856,M26005_20260318_cell#56,2,1,1,1,0,1.24877918562757,0.972353321682204,NaN,NaN,NaN,1
1857,M26005_20260318_cell#57,2,1,0,0,0,0.948846542432396,0.849234832042283,NaN,NaN,NaN,1
1859,M26005_20260318_cell#59,2,1,1,1,0,1.05686301928355,0.950982574003654,NaN,NaN,NaN,1
1860,M26005_20260318_cell#60,2,1,1,1,0,1.21647014993162,0.946552017486254,NaN,NaN,NaN,1
1861,M26005_20260318_cell#61,2,1,1,1,0,1.11440157220872,0.881391694577919,NaN,NaN,NaN,1
1862,M26005_20260318_cell#62,2,1,1,1,0,1.47073174719326,1.01246013530229,NaN,NaN,NaN,0
1863,M26005_20260318_cell#63,2,1,0,0,0,1.0097255083586,0.950839350798593,NaN,NaN,NaN,1
1865,M26005_20260318_cell#65,2,1,0,0,0,0.922187026937802,0.965167059436229,NaN,NaN,NaN,1
1866,M26005_20260318_cell#66,2,1,0,0,0,0.965846350304521,0.976940652423587,NaN,NaN,NaN,1
1867,M26005_20260318_cell#67,2,1,1,1,0,1.15190551306642,0.971218706863594,NaN,NaN,NaN,1
1868,M26005_20260318_cell#68,2,1,1,1,0,1.45791236115469,0.985988342271653,NaN,NaN,NaN,1
1869,M26005_20260318_cell#69,2,1,0,0,0,0.891139428627638,0.922062711958741,NaN,NaN,NaN,1
1870,M26005_20260318_cell#70,2,1,0,0,0,0.887949833467824,1.00171602845711,NaN,NaN,NaN,0.999999999867349
1872,M26005_20260318_cell#72,2,1,0,0,0,0.87439352232092,0.965391240269329,NaN,NaN,NaN,1
1873,M26005_20260318_cell#73,2,1,0,0,0,1.00234943564636,0.995512180482595,NaN,NaN,NaN,1
1874,M26005_20260318_cell#74,2,1,0,0,0,1.00430886553208,0.989250343217427,NaN,NaN,NaN,1
1875,M26005_20260318_cell#75,2,1,1,1,0,1.07506052499279,0.997559462335411,NaN,NaN,NaN,1
1876,M26005_20260318_cell#76,2,1,1,1,0,1.12058533736846,0.96235464707789,NaN,NaN,NaN,1
1878,M26005_20260318_cell#78,2,1,0,0,0,0.986868735040981,0.888304556298839,NaN,NaN,NaN,1
1879,M26005_20260318_cell#79,2,1,1,1,0,1.05210985875077,0.988601412250692,NaN,NaN,NaN,1
1880,M26005_20260318_cell#80,2,1,1,1,0,1.17912682940741,0.948350349948101,NaN,NaN,NaN,1
1882,M26005_20260318_cell#82,2,1,1,1,0,1.2686215956413,0.951057525080911,NaN,NaN,NaN,1
1883,M26005_20260318_cell#83,2,1,1,1,0,1.17909295232111,0.9225038853138,NaN,NaN,NaN,1
1884,M26005_20260318_cell#84,2,1,0,0,1,0.987135469634136,1.02882177250092,NaN,NaN,NaN,7.86739562386174e-11
1885,M26005_20260318_cell#85,2,1,1,1,0,1.50688811101247,0.910175227912696,NaN,NaN,NaN,1
1886,M26005_20260318_cell#86,2,1,0,0,0,0.996545892156983,0.97886599922317,NaN,NaN,NaN,1
1887,M26005_20260318_cell#87,2,1,1,1,0,1.06352896787652,0.945098952691329,NaN,NaN,NaN,1
1888,M26005_20260318_cell#88,2,1,0,0,0,1.01976528270093,0.869091200627169,NaN,NaN,NaN,1
1890,M26005_20260318_cell#90,2,1,0,0,0,0.993629322449065,0.624105400112274,NaN,NaN,NaN,1
1891,M26005_20260318_cell#91,2,1,0,0,0,0.871615853279365,0.97724282531611,NaN,NaN,NaN,1
1892,M26005_20260318_cell#92,2,1,0,0,0,0.978597081207877,0.994920364436607,NaN,NaN,NaN,1
1894,M26005_20260318_cell#94,2,1,0,0,0,0.995027693969107,1.00760477111248,NaN,NaN,NaN,0.998786582346027
1895,M26005_20260318_cell#95,2,1,1,1,0,1.08737669833637,0.973844945513199,NaN,NaN,NaN,1
1896,M26005_20260318_cell#96,2,1,0,0,0,0.93793734604304,0.972860485066944,NaN,NaN,NaN,1
1897,M26005_20260318_cell#97,2,1,1,1,0,1.28814086845957,1.00637909305497,NaN,NaN,NaN,0.99981324385154
1898,M26005_20260318_cell#98,2,1,0,0,0,0.997613971310342,0.977976258827925,NaN,NaN,NaN,1
1899,M26005_20260318_cell#99,2,1,0,0,0,0.98942943621212,0.997517479395016,NaN,NaN,NaN,1
1902,M26005_20260318_cell#102,2,1,0,0,0,0.985986415088121,0.960961697366188,NaN,NaN,NaN,1
1903,M26005_20260318_cell#103,2,1,1,1,0,1.05314322808617,0.98653714163818,NaN,NaN,NaN,1
1904,M26005_20260318_cell#104,2,1,1,1,0,1.07745332625353,0.985301851421841,NaN,NaN,NaN,1
1905,M26005_20260318_cell#105,2,1,0,0,0,1.00226969345886,0.953849624146809,NaN,NaN,NaN,1
1906,M26005_20260318_cell#106,2,1,0,0,0,0.979306554011332,0.9450178523621,NaN,NaN,NaN,1
1907,M26005_20260318_cell#107,2,1,1,1,0,1.05627036706994,0.946708746958749,NaN,NaN,NaN,1
1909,M26005_20260318_cell#109,2,1,1,1,0,1.2925137753468,0.98890796230828,NaN,NaN,NaN,1
1910,M26005_20260318_cell#110,2,1,1,1,0,1.02595793624548,0.987688193725219,NaN,NaN,NaN,1
1912,M26005_20260318_cell#112,2,1,1,1,0,1.11786063325205,0.946467863330377,NaN,NaN,NaN,1
1913,M26005_20260318_cell#113,2,1,0,0,1,1.01377287402639,1.04679091592324,NaN,NaN,NaN,0
1914,M26005_20260318_cell#114,2,1,0,0,0,0.985499140548322,1.01365925217245,NaN,NaN,NaN,0.989022423325822
1915,M26005_20260318_cell#115,2,1,0,0,0,0.978749129139984,0.866264733218419,NaN,NaN,NaN,1
1916,M26005_20260318_cell#116,2,1,0,0,0,0.912744944394298,0.955195873275035,NaN,NaN,NaN,1
1917,M26005_20260318_cell#117,2,1,1,1,0,1.11868240976897,1.00782839707036,NaN,NaN,NaN,0.727558868521942
1919,M26005_20260318_cell#119,2,1,0,0,0,0.970831505434235,1.00366595943188,NaN,NaN,NaN,0.993974384385694
1922,M26005_20260318_cell#122,2,1,0,0,0,1.00487772739057,1.01265198951061,NaN,NaN,NaN,0.735009227002218
1923,M26005_20260318_cell#123,2,1,0,0,0,0.976981607383122,0.976773803118056,NaN,NaN,NaN,1
1924,M26005_20260318_cell#124,2,1,0,0,1,0.859885487049481,1.03641015484609,NaN,NaN,NaN,3.21894511046139e-10
1925,M26005_20260318_cell#125,2,1,0,0,0,0.970217141566953,0.978150039986209,NaN,NaN,NaN,1
1926,M26005_20260318_cell#126,2,1,0,0,0,1.03059984847489,0.939709358776245,NaN,NaN,NaN,1
1927,M26005_20260318_cell#127,2,1,0,0,0,0.980522707309022,0.974945113236997,NaN,NaN,NaN,1
1928,M26005_20260318_cell#128,2,1,0,0,0,1.02365316248742,0.92992242040328,NaN,NaN,NaN,1
1929,M26005_20260318_cell#129,2,1,0,0,0,1.0730749444902,0.759129120499283,NaN,NaN,NaN,1
1931,M26005_20260318_cell#131,2,1,0,0,0,0.869064575229869,0.909062904533847,NaN,NaN,NaN,1
1932,M26005_20260318_cell#132,2,1,1,1,0,1.41377263160029,0.929392202826494,NaN,NaN,NaN,1
1933,M26005_20260318_cell#133,2,1,0,0,0,0.976431486396968,0.76383870211954,NaN,NaN,NaN,1
1934,M26005_20260318_cell#134,2,1,1,1,0,1.35040702396331,0.95780372960871,NaN,NaN,NaN,1
1936,M26005_20260318_cell#136,2,1,1,1,0,1.3776279840563,0.840690083334154,NaN,NaN,NaN,1
1937,M26005_20260318_cell#137,2,1,0,0,0,0.950611549703059,0.859702608404791,NaN,NaN,NaN,1
1938,M26005_20260318_cell#138,2,1,1,1,0,1.21102604247383,0.977257827540735,NaN,NaN,NaN,1
1940,M26005_20260318_cell#140,2,1,1,1,0,1.05779034134579,0.965531032587676,NaN,NaN,NaN,1
1942,M26005_20260318_cell#142,2,1,1,1,0,1.08078363161193,0.913002862513753,NaN,NaN,NaN,1
1943,M26005_20260318_cell#143,2,1,0,0,0,0.970410669196092,0.974753635420567,NaN,NaN,NaN,1
1944,M26005_20260318_cell#144,2,1,1,1,0,1.11503497540888,0.977373320598282,NaN,NaN,NaN,1
1945,M26005_20260318_cell#145,2,1,0,0,0,0.950548481652966,0.887639206345213,NaN,NaN,NaN,1
1947,M26005_20260318_cell#147,2,1,1,1,0,1.09200387612251,0.929965837691423,NaN,NaN,NaN,1
1948,M26005_20260318_cell#148,2,1,0,0,0,0.793645588293836,0.811078775902797,NaN,NaN,NaN,1
1949,M26005_20260318_cell#149,2,1,0,0,1,1.0069091022332,1.03345000109262,NaN,NaN,NaN,6.58677210552128e-08
1950,M26005_20260318_cell#150,2,1,0,0,0,1.00826037590039,0.928823032645486,NaN,NaN,NaN,1
1951,M26005_20260318_cell#151,2,1,1,1,1,1.12786549030295,1.01841681990409,NaN,NaN,NaN,5.17489494755718e-06
1952,M26005_20260318_cell#152,2,1,1,1,0,1.13205392922387,0.859781660395186,NaN,NaN,NaN,1
1953,M26005_20260318_cell#153,2,1,1,1,0,1.11244328878535,0.894549062724656,NaN,NaN,NaN,1
1954,M26005_20260318_cell#154,2,1,1,1,0,1.13071874273092,0.771210796229997,NaN,NaN,NaN,1
1958,M26005_20260318_cell#158,2,1,0,0,1,0.965268832416846,1.01820865265312,NaN,NaN,NaN,0.00231677124844698
1961,M26005_20260318_cell#161,2,1,1,1,0,1.05197732505409,0.980774098597492,NaN,NaN,NaN,1
1962,M26005_20260318_cell#162,2,1,0,0,0,0.954768610716817,0.960402833110327,NaN,NaN,NaN,1
1963,M26005_20260318_cell#163,2,1,1,1,0,1.04376360075258,0.984418203237172,NaN,NaN,NaN,1
1964,M26005_20260318_cell#164,2,1,1,1,0,1.10940175948775,0.979326750039494,NaN,NaN,NaN,1
1965,M26005_20260318_cell#165,2,1,0,0,0,1.01654973009525,0.892749212498398,NaN,NaN,NaN,1
1966,M26005_20260318_cell#166,2,1,1,1,0,1.0730154810214,0.959419620894019,NaN,NaN,NaN,1
1967,M26005_20260318_cell#167,2,1,1,1,0,1.68970713493727,0.97735372771037,NaN,NaN,NaN,1
1968,M26005_20260318_cell#168,2,1,0,0,0,0.988481891186233,0.958336802370334,NaN,NaN,NaN,1
1969,M26005_20260318_cell#169,2,1,1,1,0,1.30157872965192,1.01163424178452,NaN,NaN,NaN,2.82151380037732e-09
1970,M26005_20260318_cell#170,2,1,1,1,0,1.17251212922146,0.771925605013433,NaN,NaN,NaN,1
1972,M26005_20260318_cell#172,2,1,1,1,0,1.15529600673472,0.974004960073765,NaN,NaN,NaN,1
1974,M26005_20260318_cell#174,2,1,0,0,0,0.884268954758397,1.00829591109722,NaN,NaN,NaN,0.991120663277769
1975,M26005_20260318_cell#175,2,1,0,0,0,1.00478592277706,0.95052457783706,NaN,NaN,NaN,1
1976,M26005_20260318_cell#176,2,1,0,0,0,0.990447379270187,0.954146019632555,NaN,NaN,NaN,1
1977,M26005_20260318_cell#177,2,1,1,1,0,1.09039985186932,0.993097757056937,NaN,NaN,NaN,1
1978,M26005_20260318_cell#178,2,1,1,1,0,1.04595908863779,0.987301937552829,NaN,NaN,NaN,1
1979,M26005_20260318_cell#179,2,1,1,1,0,1.13279345953077,0.986116112055189,NaN,NaN,NaN,1
1980,M26005_20260318_cell#180,2,1,0,0,0,0.953282561459362,0.858883398616875,NaN,NaN,NaN,1
1981,M26005_20260318_cell#181,2,1,0,0,0,0.971259690343274,0.916190202366112,NaN,NaN,NaN,1
1983,M26005_20260318_cell#183,2,1,1,1,1,1.06910037266238,1.01529048057195,NaN,NaN,NaN,1.6663689985652e-05
1985,M26005_20260318_cell#185,2,1,1,1,0,1.08978340614612,0.973161158151126,NaN,NaN,NaN,1
1986,M26005_20260318_cell#186,2,1,0,0,1,0.882236646267561,1.03699529879439,NaN,NaN,NaN,0
1987,M26005_20260318_cell#187,2,1,1,1,0,1.12092946427496,0.950944006592866,NaN,NaN,NaN,1
1988,M26005_20260318_cell#188,2,1,1,1,0,1.1471495892719,0.975687045745479,NaN,NaN,NaN,1
1989,M26005_20260318_cell#189,2,1,1,1,0,1.07797736647083,0.969510406516269,NaN,NaN,NaN,1
1990,M26005_20260318_cell#190,2,1,1,1,0,1.57627002966335,0.993712305315155,NaN,NaN,NaN,1
1991,M26005_20260318_cell#191,2,1,1,1,0,1.12481583316298,0.992641322563912,NaN,NaN,NaN,1
1992,M26005_20260318_cell#192,2,1,1,1,0,1.13228537699445,0.982868371096412,NaN,NaN,NaN,1
1993,M26005_20260318_cell#193,2,1,1,1,0,1.11461438567167,0.978198428268304,NaN,NaN,NaN,1
1994,M26005_20260318_cell#194,2,1,0,0,0,0.999926376727119,1.01284362933965,NaN,NaN,NaN,0.00515119143973497
1995,M26005_20260318_cell#195,2,1,0,0,0,0.88445711119282,0.919826014403589,NaN,NaN,NaN,1
1996,M26005_20260318_cell#196,2,1,1,1,0,1.34812741306014,0.811864381353028,NaN,NaN,NaN,1
1997,M26005_20260318_cell#197,2,1,1,1,0,1.98326390978137,0.846206503190798,NaN,NaN,NaN,1
1998,M26005_20260318_cell#198,2,1,0,0,0,0.957597282050123,0.943147725311981,NaN,NaN,NaN,1
2001,M26005_20260318_cell#201,2,1,1,1,0,1.03725790223175,0.983252205325323,NaN,NaN,NaN,1
2004,M26005_20260318_cell#204,2,1,0,0,0,0.811861445610484,0.969581223720512,NaN,NaN,NaN,1
2005,M26005_20260318_cell#205,2,1,1,1,0,1.30061806311256,0.996376846241064,NaN,NaN,NaN,1
2007,M26005_20260318_cell#207,2,1,1,1,0,1.25823302442371,0.971753414243094,NaN,NaN,NaN,1
2008,M26005_20260318_cell#208,2,1,0,0,0,0.98652666899863,0.890465942436358,NaN,NaN,NaN,1
2009,M26005_20260318_cell#209,2,1,1,1,0,1.10066802219213,0.96894474309617,NaN,NaN,NaN,1
2010,M26005_20260318_cell#210,2,1,1,1,1,1.15214452129458,1.02194861213133,NaN,NaN,NaN,1.62299609325345e-05
2011,M26005_20260318_cell#211,2,1,0,0,0,0.945390702363832,1.01652640802081,NaN,NaN,NaN,0.681424719930432
2012,M26005_20260318_cell#212,2,1,0,0,0,0.973072874164013,0.9380472083581,NaN,NaN,NaN,1
2013,M26005_20260318_cell#213,2,1,1,1,0,1.55728463441935,0.991008163625555,NaN,NaN,NaN,1
2014,M26005_20260318_cell#214,2,1,1,1,0,1.05270431259877,0.988616757149227,NaN,NaN,NaN,1
2015,M26005_20260318_cell#215,2,1,0,0,0,0.960943354043525,1.005268396312,NaN,NaN,NaN,0.99997969462983
2016,M26005_20260318_cell#216,2,1,0,0,0,0.995476191814418,0.848319258734691,NaN,NaN,NaN,1
2017,M26005_20260318_cell#217,2,1,0,0,0,0.991639312043798,0.927232484653518,NaN,NaN,NaN,1
2018,M26005_20260318_cell#218,2,1,0,0,0,0.921151342816323,0.98032640048316,NaN,NaN,NaN,1
2019,M26005_20260318_cell#219,2,1,0,0,0,0.985158522702667,1.00254786076841,NaN,NaN,NaN,0.999983916374001
2020,M26005_20260318_cell#220,2,1,1,1,0,1.03975187121408,0.985848846030998,NaN,NaN,NaN,1
2021,M26005_20260318_cell#221,2,1,1,1,0,1.082041835128,0.975711285501438,NaN,NaN,NaN,1
2022,M26005_20260318_cell#222,2,1,0,0,0,1.00662878586936,0.976855320071703,NaN,NaN,NaN,1
2023,M26005_20260318_cell#223,2,1,1,1,0,1.03040185470785,0.95309285215878,NaN,NaN,NaN,1
2026,M26005_20260318_cell#226,2,1,1,1,0,1.04104486410127,0.992075855559076,NaN,NaN,NaN,1
2027,M26005_20260318_cell#227,2,1,1,1,0,1.03657674644604,0.965875939005281,NaN,NaN,NaN,1
2028,M26005_20260318_cell#228,2,1,0,0,0,0.967575251905269,0.858152627590408,NaN,NaN,NaN,1
2029,M26005_20260318_cell#229,2,1,1,1,0,1.14798220527811,0.906727265870837,NaN,NaN,NaN,1
2030,M26005_20260318_cell#230,2,1,0,0,0,1.01016396716137,1.0144535313694,NaN,NaN,NaN,0.888868829683993
2031,M26005_20260318_cell#231,2,1,0,0,0,0.952171271062889,0.893157888868255,NaN,NaN,NaN,1
2032,M26005_20260318_cell#232,2,1,1,1,0,1.05565645381662,0.823677786139402,NaN,NaN,NaN,1
2033,M26005_20260318_cell#233,2,1,1,1,0,1.10591169511315,0.987106048887994,NaN,NaN,NaN,1
2034,M26005_20260318_cell#234,2,1,0,0,0,0.947348293535694,0.961229831722168,NaN,NaN,NaN,1
2036,M26005_20260318_cell#236,2,1,0,0,0,1.0079945851676,0.842027038911463,NaN,NaN,NaN,1
2037,M26005_20260318_cell#237,2,1,0,0,0,1.05396618692001,0.938417830734048,NaN,NaN,NaN,1
2038,M26005_20260318_cell#238,2,1,0,0,0,0.946133684135487,0.967447965178493,NaN,NaN,NaN,1
2039,M26005_20260318_cell#239,2,1,0,0,0,0.981238863642376,0.987842590423839,NaN,NaN,NaN,1
2040,M26005_20260318_cell#240,2,1,1,1,1,1.1211636122395,1.02440624722348,NaN,NaN,NaN,0.00251258443291658
2041,M26005_20260318_cell#241,2,1,0,0,0,1.02506323002121,0.983873928223459,NaN,NaN,NaN,1
2042,M26005_20260318_cell#242,2,1,0,0,0,0.973108055778984,0.990930301300103,NaN,NaN,NaN,1
2043,M26005_20260318_cell#243,2,1,0,0,0,0.656661281066724,0.683307764572264,NaN,NaN,NaN,1
2044,M26005_20260318_cell#244,2,1,0,0,0,0.961815076802244,0.963880033717064,NaN,NaN,NaN,1
2046,M26005_20260318_cell#246,2,1,1,1,0,1.09237420787965,0.987292883478674,NaN,NaN,NaN,1
2048,M26005_20260318_cell#248,2,1,0,0,0,0.944288896110932,0.950102014327109,NaN,NaN,NaN,1
2049,M26005_20260318_cell#249,2,1,1,1,0,1.2705502077204,0.884336406425448,NaN,NaN,NaN,1
2051,M26005_20260318_cell#251,2,1,0,0,0,0.927318637328614,0.908633962111016,NaN,NaN,NaN,1
2052,M26005_20260318_cell#252,2,1,1,1,0,1.27161993090077,0.977471642056658,NaN,NaN,NaN,1
2053,M26005_20260318_cell#253,2,1,0,0,0,0.950772193231025,0.728333810188418,NaN,NaN,NaN,1
2054,M26005_20260318_cell#254,2,1,0,0,0,1.01299650668056,0.975677498047762,NaN,NaN,NaN,1
2055,M26005_20260318_cell#255,2,1,0,0,0,0.987697243320157,0.986265462263372,NaN,NaN,NaN,1
2056,M26005_20260318_cell#256,2,1,1,1,0,1.12067048648721,0.79021873138747,NaN,NaN,NaN,1
2057,M26005_20260318_cell#257,2,1,0,0,0,0.962726074011,0.965492998833201,NaN,NaN,NaN,1
2058,M26005_20260318_cell#258,2,1,0,0,1,0.809065538212181,1.18133852844885,NaN,NaN,NaN,0
2059,M26005_20260318_cell#259,2,1,0,0,0,1.03644352462853,0.879021838130166,NaN,NaN,NaN,1
2060,M26005_20260318_cell#260,2,1,1,1,0,1.17327346733311,0.951387698098428,NaN,NaN,NaN,1
2062,M26005_20260318_cell#262,2,1,0,0,0,1.0238265713952,0.894011629221016,NaN,NaN,NaN,1
2063,M26005_20260318_cell#263,2,1,0,0,0,0.942933810632621,0.957649107041195,NaN,NaN,NaN,1
2064,M26005_20260318_cell#264,2,1,0,0,0,0.949866602651111,0.939111461995372,NaN,NaN,NaN,1
2065,M26005_20260318_cell#265,2,1,1,1,0,1.04329115039089,0.943756992415472,NaN,NaN,NaN,1
2066,M26005_20260318_cell#266,2,1,0,0,0,0.979111966978861,0.956255497824876,NaN,NaN,NaN,1
2067,M26005_20260318_cell#267,2,1,0,0,0,0.948844838969412,0.940784423005777,NaN,NaN,NaN,1
2068,M26005_20260318_cell#268,2,1,1,1,0,1.1690232457239,0.882109431962285,NaN,NaN,NaN,1
2069,M26005_20260318_cell#269,2,1,1,1,0,1.10674929385156,0.990616410452091,NaN,NaN,NaN,1
2070,M26005_20260318_cell#270,2,1,1,1,0,1.08501034187677,0.990411806623384,NaN,NaN,NaN,1
2072,M26005_20260318_cell#272,2,1,0,0,0,1.01217649614866,0.989807334278649,NaN,NaN,NaN,1
2073,M26005_20260318_cell#273,2,1,0,0,0,1.03896293978515,0.911449760725438,NaN,NaN,NaN,1
2074,M26005_20260318_cell#274,2,1,0,0,1,1.0215488156071,1.0235892896019,NaN,NaN,NaN,2.53642562575429e-06
2075,M26005_20260318_cell#275,2,1,0,0,1,0.963705148683151,1.15586650057192,NaN,NaN,NaN,0
2076,M26005_20260318_cell#276,2,1,0,0,0,0.982401158504001,0.976425986804754,NaN,NaN,NaN,1
2077,M26005_20260318_cell#277,2,1,0,0,0,1.00951354144679,0.925422939287969,NaN,NaN,NaN,1
2078,M26005_20260318_cell#278,2,1,0,0,0,1.01341019220047,0.949631759205691,NaN,NaN,NaN,1
2079,M26005_20260318_cell#279,2,1,1,1,0,1.1238803956172,0.840349461819377,NaN,NaN,NaN,1
2080,M26005_20260318_cell#280,2,1,1,1,0,1.25499165254668,0.816815602007927,NaN,NaN,NaN,1
2081,M26005_20260318_cell#281,2,1,1,1,0,1.14288043045906,0.976856803702032,NaN,NaN,NaN,1
2082,M26005_20260318_cell#282,2,1,0,0,0,0.702180327168173,0.720621845261363,NaN,NaN,NaN,1
2083,M26005_20260318_cell#283,2,1,1,1,0,1.16768290538974,0.90622202247527,NaN,NaN,NaN,1
2084,M26005_20260318_cell#284,2,1,1,1,0,1.07614876404105,0.937656720998721,NaN,NaN,NaN,1
2085,M26005_20260318_cell#285,2,1,1,1,0,1.03558098236046,0.951615260913153,NaN,NaN,NaN,1
2086,M26005_20260318_cell#286,2,1,1,1,0,1.61422647114036,0.992085832903177,NaN,NaN,NaN,1
2087,M26005_20260318_cell#287,2,1,1,1,0,1.24111923199938,0.920567682263965,NaN,NaN,NaN,1
2088,M26005_20260318_cell#288,2,1,1,1,0,1.19001484028892,0.895217313858645,NaN,NaN,NaN,1
2089,M26005_20260318_cell#289,2,1,1,1,0,1.08435463157962,0.95371448582875,NaN,NaN,NaN,1
2090,M26005_20260318_cell#290,2,1,1,1,0,1.55547741116607,1.00692647196956,NaN,NaN,NaN,0
2091,M26005_20260318_cell#291,2,1,1,1,0,1.12807011652522,0.966901522046989,NaN,NaN,NaN,1
2093,M26005_20260318_cell#293,2,1,1,1,0,1.06334164251731,0.985622221875312,NaN,NaN,NaN,1
2094,M26005_20260318_cell#294,2,1,1,1,1,1.15671785921485,1.07549066878509,NaN,NaN,NaN,0
2095,M26005_20260318_cell#295,2,1,1,1,0,1.48667257406244,0.962434803702845,NaN,NaN,NaN,1
2096,M26005_20260318_cell#296,2,1,0,0,0,0.924078453678764,0.955480942678643,NaN,NaN,NaN,1
2097,M26005_20260318_cell#297,2,1,0,0,0,0.945146996863933,1.00279286473642,NaN,NaN,NaN,0.999998262302992
2098,M26005_20260318_cell#298,2,1,1,1,0,1.02797675366154,0.949403537059076,NaN,NaN,NaN,1
2099,M26005_20260318_cell#299,2,1,0,0,0,1.00077864680295,0.962392033719368,NaN,NaN,NaN,1
2100,M26005_20260318_cell#300,2,1,0,0,0,1.01300735909791,0.983499876765606,NaN,NaN,NaN,1
2101,M26005_20260318_cell#301,2,1,1,1,0,1.10373807397155,1.00043858198471,NaN,NaN,NaN,1
2102,M26005_20260318_cell#302,2,1,1,1,0,1.23770187462762,0.941400925722326,NaN,NaN,NaN,1
2103,M26005_20260318_cell#303,2,1,0,0,0,0.9185249313999,0.869869350297416,NaN,NaN,NaN,1
2104,M26005_20260318_cell#304,2,1,1,1,0,1.09953548074525,0.901134429938225,NaN,NaN,NaN,1
2105,M26005_20260318_cell#305,2,1,1,1,0,1.06879589292913,1.0114243020915,NaN,NaN,NaN,0.0358852545749202
2106,M26005_20260318_cell#306,2,1,1,1,0,1.13007449762548,0.990302624841894,NaN,NaN,NaN,1
2108,M26005_20260318_cell#308,2,1,1,1,0,1.21764247682083,0.946559095542767,NaN,NaN,NaN,1
2109,M26005_20260318_cell#309,2,1,1,1,0,1.09005839691646,0.935925773837459,NaN,NaN,NaN,1
2110,M26005_20260318_cell#310,2,1,0,0,0,0.999974341255457,0.919891336839656,NaN,NaN,NaN,1
2111,M26005_20260318_cell#311,2,1,0,0,0,1.02409379830612,1.01384974652886,NaN,NaN,NaN,0.0601636156361851
2112,M26005_20260318_cell#312,2,1,1,1,0,1.05666104904045,0.870121230404115,NaN,NaN,NaN,1
2113,M26005_20260318_cell#313,2,1,0,0,0,0.991759224471938,0.948754382584853,NaN,NaN,NaN,1
2114,M26005_20260318_cell#314,2,1,0,0,0,1.00658873978082,0.990826328465412,NaN,NaN,NaN,1
2115,M26005_20260318_cell#315,2,1,0,0,0,0.986190884723535,0.89954479236537,NaN,NaN,NaN,1
2116,M26005_20260318_cell#316,2,1,0,0,0,1.00091358110675,0.994752967511863,NaN,NaN,NaN,1
2117,M26005_20260318_cell#317,2,1,1,1,0,1.10052910604213,0.895110235956259,NaN,NaN,NaN,1
2118,M26005_20260318_cell#318,2,1,1,1,0,1.08356195564267,0.842290717975455,NaN,NaN,NaN,1
2119,M26005_20260318_cell#319,2,1,0,0,0,1.0108015877463,0.801508504812758,NaN,NaN,NaN,1
2120,M26005_20260318_cell#320,2,1,1,1,0,1.07826742435393,0.995290549506449,NaN,NaN,NaN,1
2121,M26005_20260318_cell#321,2,1,1,1,0,1.36779084654065,0.929097495314104,NaN,NaN,NaN,1
2122,M26005_20260318_cell#322,2,1,0,0,0,0.985731596797264,0.884332735052718,NaN,NaN,NaN,1
2123,M26005_20260318_cell#323,2,1,1,1,0,1.11706038873593,0.984358329072878,NaN,NaN,NaN,1
2124,M26005_20260318_cell#324,2,1,1,1,0,1.28274479618756,0.935149851952028,NaN,NaN,NaN,1
2125,M26005_20260318_cell#325,2,1,1,1,0,1.12238919807063,1.00843017279585,NaN,NaN,NaN,0.0338414297135091
2126,M26005_20260318_cell#326,2,1,0,0,0,1.01567516765315,0.990646369191715,NaN,NaN,NaN,1
2127,M26005_20260318_cell#327,2,1,1,1,0,1.04651042725065,0.980760634823451,NaN,NaN,NaN,1
2131,M26005_20260318_cell#331,2,1,1,1,0,1.24015688503317,0.989206578800124,NaN,NaN,NaN,1
2133,M26005_20260318_cell#333,2,1,1,1,0,1.13513316568868,0.869726818217849,NaN,NaN,NaN,1
2134,M26005_20260318_cell#334,2,1,0,0,0,0.93470177963073,0.930728610300637,NaN,NaN,NaN,1
2136,M26005_20260318_cell#336,2,1,1,1,0,1.02934113284611,0.988715261105948,NaN,NaN,NaN,1
2137,M26005_20260318_cell#337,2,1,0,0,0,1.00573833321988,0.965290944156676,NaN,NaN,NaN,1
2138,M26005_20260318_cell#338,2,1,0,0,0,1.00151739337344,0.684707645579548,NaN,NaN,NaN,1
2140,M26005_20260318_cell#340,2,1,0,0,0,0.907806429037242,0.951757266232959,NaN,NaN,NaN,1
2141,M26005_20260318_cell#341,2,1,1,1,0,1.12031500513934,0.962904559743925,NaN,NaN,NaN,1
2142,M26005_20260318_cell#342,2,1,1,1,0,1.04156392509885,0.982081132802247,NaN,NaN,NaN,1
2143,M26005_20260318_cell#343,2,1,0,0,0,1.00821299689848,0.95524841199388,NaN,NaN,NaN,1
2144,M26005_20260318_cell#344,2,1,0,0,0,0.970317004648926,0.971999373617918,NaN,NaN,NaN,1
2145,M26005_20260318_cell#345,2,1,1,1,0,1.43581482021389,1.0108284430664,NaN,NaN,NaN,0.999908530223317
2146,M26005_20260318_cell#346,2,1,1,1,0,1.07345218314947,0.903522217262478,NaN,NaN,NaN,1
2147,M26005_20260318_cell#347,2,1,1,1,0,1.09366958732862,0.946782852804234,NaN,NaN,NaN,1
2148,M26005_20260318_cell#348,2,1,0,0,0,1.02209995626278,0.915768287018222,NaN,NaN,NaN,1
2150,M26005_20260318_cell#350,2,1,0,0,0,0.960533164710642,0.939362397752149,NaN,NaN,NaN,1
2151,M26005_20260318_cell#351,2,1,0,0,0,0.989467617997273,0.967840160854915,NaN,NaN,NaN,1
2152,M26005_20260318_cell#352,2,1,0,0,0,1.01652530847229,0.86010407685455,NaN,NaN,NaN,1
2153,M26005_20260318_cell#353,2,1,1,1,0,1.66115589772534,0.979413594627384,NaN,NaN,NaN,1
2154,M26005_20260318_cell#354,2,1,0,0,0,0.967989962921088,0.949025323202383,NaN,NaN,NaN,1
2155,M26005_20260318_cell#355,2,1,1,1,0,1.08800685856408,0.947392981556239,NaN,NaN,NaN,1
2156,M26005_20260318_cell#356,2,1,1,1,0,1.12007120653229,0.922704849284911,NaN,NaN,NaN,1
2157,M26005_20260318_cell#357,2,1,1,1,0,1.16878131295422,0.967977443248593,NaN,NaN,NaN,1
2158,M26005_20260318_cell#358,2,1,1,1,0,1.15480276359676,0.928369387613864,NaN,NaN,NaN,1
2159,M26005_20260318_cell#359,2,1,0,0,0,0.998903849004749,0.988152145035538,NaN,NaN,NaN,1
2160,M26005_20260318_cell#360,2,1,1,1,0,1.06285399956235,0.980639492312551,NaN,NaN,NaN,1
2161,M26005_20260318_cell#361,2,1,0,0,0,0.974724516441953,0.951697503843541,NaN,NaN,NaN,1
2163,M26005_20260318_cell#363,2,1,1,1,0,1.23515954753202,0.927058973185212,NaN,NaN,NaN,1
2164,M26005_20260318_cell#364,2,1,0,0,0,0.942312917842863,0.93523701213816,NaN,NaN,NaN,1
2165,M26005_20260318_cell#365,2,1,0,0,0,0.957784413056175,0.9286896220063,NaN,NaN,NaN,1
2166,M26005_20260318_cell#366,2,1,1,1,0,1.39403276665393,0.996832367420672,NaN,NaN,NaN,1
2167,M26005_20260318_cell#367,2,1,0,1,0,1.01178119610779,NaN,NaN,NaN,NaN,NaN
2168,M26005_20260318_cell#368,2,1,0,0,0,0.970426392010577,0.957904864946028,NaN,NaN,NaN,1
2169,M26005_20260318_cell#369,2,1,1,1,0,1.12641254558277,0.944363999478253,NaN,NaN,NaN,1
2170,M26005_20260318_cell#370,2,1,1,1,0,1.11637827210681,0.981258957356206,NaN,NaN,NaN,1
2171,M26005_20260318_cell#371,2,1,0,0,1,1.01436599747241,1.02274314999461,NaN,NaN,NaN,1.77258631584021e-06
2172,M26005_20260318_cell#372,2,1,0,0,0,0.921101483769422,0.79478904724193,NaN,NaN,NaN,1
2173,M26005_20260318_cell#373,2,1,0,0,0,1.00834883177855,0.972914356438894,NaN,NaN,NaN,1
2174,M26005_20260318_cell#374,2,1,1,1,0,1.10281344252371,0.998311251480273,NaN,NaN,NaN,1
2175,M26005_20260318_cell#375,2,1,1,1,0,1.09558240647806,0.862243826420571,NaN,NaN,NaN,1
2176,M26005_20260318_cell#376,2,1,1,1,0,1.11659120447813,0.943823167474725,NaN,NaN,NaN,1
2178,M26005_20260318_cell#378,2,1,1,1,1,1.49601235816688,1.16085539297554,NaN,NaN,NaN,0
2179,M26005_20260318_cell#379,2,1,0,0,0,0.934841399299757,0.983669569708948,NaN,NaN,NaN,1
2180,M26005_20260318_cell#380,2,1,0,0,0,1.06867687192492,0.88511050417777,NaN,NaN,NaN,1
2181,M26005_20260318_cell#381,2,1,1,1,0,1.2162006596519,0.992144795725064,NaN,NaN,NaN,1
2182,M26005_20260318_cell#382,2,1,1,1,0,1.09721353796139,0.973252857210431,NaN,NaN,NaN,1
2183,M26005_20260318_cell#383,2,1,0,0,0,1.092934087714,0.879036730669722,NaN,NaN,NaN,1
2184,M26005_20260318_cell#384,2,1,0,0,0,0.971430255220678,0.964232634646394,NaN,NaN,NaN,1
2187,M26005_20260318_cell#387,2,1,1,1,0,1.38836001871556,0.992530513287366,NaN,NaN,NaN,1
2188,M26005_20260318_cell#388,2,1,0,0,0,0.989930069234622,0.96776267983542,NaN,NaN,NaN,1
2189,M26005_20260318_cell#389,2,1,0,0,1,0.988092016721806,1.01656632079417,NaN,NaN,NaN,0
2190,M26005_20260318_cell#390,2,1,1,1,0,1.06613913972309,0.993306054860104,NaN,NaN,NaN,1
2191,M26005_20260318_cell#391,2,1,1,1,0,1.14583705266461,1.01193408726981,NaN,NaN,NaN,0
2192,M26005_20260318_cell#392,2,1,0,0,0,0.993287055059084,0.976169329529549,NaN,NaN,NaN,1
2193,M26005_20260318_cell#393,2,1,1,1,0,1.30796770978179,0.950718868492189,NaN,NaN,NaN,1
2194,M26005_20260318_cell#394,2,1,0,0,1,0.904600312300152,1.03399484644275,NaN,NaN,NaN,0
2195,M26005_20260318_cell#395,2,1,0,0,1,0.940449832899821,1.0185700795935,NaN,NaN,NaN,7.43660688584669e-12
2196,M26005_20260318_cell#396,2,1,0,0,0,0.872476431827544,1.01215407320953,NaN,NaN,NaN,0.555013309872802
2197,M26005_20260318_cell#397,2,1,1,1,0,1.33216017976905,0.980950150099032,NaN,NaN,NaN,1
2199,M26005_20260318_cell#399,2,1,0,0,0,0.961135692782687,0.970874633705837,NaN,NaN,NaN,1
2201,M26005_20260318_cell#401,2,1,1,1,0,1.17694510267392,0.878941159867349,NaN,NaN,NaN,1
2202,M26005_20260318_cell#402,2,1,1,1,0,1.08501801166277,0.996730174055392,NaN,NaN,NaN,1
2203,M26005_20260318_cell#403,2,1,0,0,0,0.970521472146335,0.897402386129724,NaN,NaN,NaN,1
2204,M26005_20260318_cell#404,2,1,0,0,0,1.04032590600694,0.947624301692773,NaN,NaN,NaN,1
2205,M26005_20260318_cell#405,2,1,1,1,0,1.35093283072671,0.990025573266609,NaN,NaN,NaN,1
2206,M26005_20260318_cell#406,2,1,1,1,0,1.10951633295244,0.91818476895312,NaN,NaN,NaN,1
2207,M26005_20260318_cell#407,2,1,0,0,0,0.939907201736827,0.929987833774028,NaN,NaN,NaN,1
2208,M26005_20260318_cell#408,2,1,0,0,0,0.894761355744213,0.949503548909168,NaN,NaN,NaN,1
2209,M26005_20260318_cell#409,2,1,0,0,0,0.967681573803228,0.896627775646468,NaN,NaN,NaN,1
2210,M26005_20260318_cell#410,2,1,1,1,0,1.24168602546775,0.99229425445805,NaN,NaN,NaN,1
2211,M26005_20260318_cell#411,2,1,0,0,0,1.0322733808015,0.975200973756553,NaN,NaN,NaN,1
2212,M26005_20260318_cell#412,2,1,1,1,0,1.22822670455848,0.973526446605647,NaN,NaN,NaN,1
2213,M26005_20260318_cell#413,2,1,0,0,0,1.00364638293594,0.899743934590932,NaN,NaN,NaN,1
2215,M26005_20260318_cell#415,2,1,1,1,0,1.37301383645545,1.00998345472994,NaN,NaN,NaN,1.86572979288258e-12
2216,M26005_20260318_cell#416,2,1,1,1,1,1.13150583958274,1.77317272576579,NaN,NaN,NaN,0
2217,M26005_20260318_cell#417,2,1,1,1,1,1.09166739724355,1.04286050134347,NaN,NaN,NaN,2.04211092480477e-11
2218,M26005_20260318_cell#418,2,1,0,0,0,1.00318945064351,0.964982669623692,NaN,NaN,NaN,1
2219,M26005_20260318_cell#419,2,1,0,0,0,0.979713400208633,0.972873468427864,NaN,NaN,NaN,1
2220,M26005_20260318_cell#420,2,1,1,1,0,1.20367863254938,1.00222666032994,NaN,NaN,NaN,0.268147572377778
2221,M26005_20260318_cell#421,2,1,1,1,0,1.05419980928937,0.983410190435991,NaN,NaN,NaN,1
2222,M26005_20260318_cell#422,2,1,1,1,0,1.05535453518582,0.951726693704969,NaN,NaN,NaN,1
2223,M26005_20260318_cell#423,2,1,1,1,0,1.1828676023085,0.978548265637241,NaN,NaN,NaN,1
2224,M26005_20260318_cell#424,2,1,0,0,0,1.05672518351891,0.906606241394555,NaN,NaN,NaN,1
2225,M26005_20260318_cell#425,2,1,1,1,0,1.14138952609451,0.917103286616978,NaN,NaN,NaN,1
2226,M26005_20260318_cell#426,2,1,1,1,0,1.12543597512832,0.956147659796633,NaN,NaN,NaN,1
2227,M26005_20260318_cell#427,2,1,0,0,0,0.943853878380699,1.01112525572586,NaN,NaN,NaN,0.745480913174288
2229,M26005_20260318_cell#429,2,1,0,0,0,0.970652371991837,0.958067028306782,NaN,NaN,NaN,1
2230,M26005_20260318_cell#430,2,1,1,1,0,1.36309613179944,0.982017795844101,NaN,NaN,NaN,1
2231,M26005_20260318_cell#431,2,1,1,1,0,1.28245243732523,1.00209237667218,NaN,NaN,NaN,4.79084660831575e-10
2232,M26005_20260318_cell#432,2,1,0,0,1,0.963898089577427,1.0163930522749,NaN,NaN,NaN,0.00287140612753001
2233,M26005_20260318_cell#433,2,1,1,1,0,1.75423234220443,0.870298466362744,NaN,NaN,NaN,1
2234,M26005_20260318_cell#434,2,1,1,1,0,1.07075937047974,0.931717441853245,NaN,NaN,NaN,1
2235,M26005_20260318_cell#435,2,1,1,1,0,1.03117563050656,0.98906750162552,NaN,NaN,NaN,1
2237,M26005_20260318_cell#437,2,1,1,1,0,1.01877473216866,0.933665925696104,NaN,NaN,NaN,1
2238,M26005_20260318_cell#438,2,1,1,1,0,1.18036649959642,0.949889968083922,NaN,NaN,NaN,1
2241,M26005_20260318_cell#441,2,1,1,1,0,1.06340082023226,0.989820282420052,NaN,NaN,NaN,1
2242,M26005_20260318_cell#442,2,1,0,0,0,0.973208423692168,0.974921229980664,NaN,NaN,NaN,1
2244,M26005_20260318_cell#444,2,1,1,1,0,1.15116684389161,0.984332836268598,NaN,NaN,NaN,1
2245,M26005_20260318_cell#445,2,1,1,1,0,1.19284119236816,0.922098697078873,NaN,NaN,NaN,1
2246,M26005_20260318_cell#446,2,1,1,1,0,1.14077870359811,0.98119106968953,NaN,NaN,NaN,1
2247,M26005_20260318_cell#447,2,1,0,0,0,1.00992947637454,0.876956112287834,NaN,NaN,NaN,1
2249,M26005_20260318_cell#449,2,1,1,1,0,1.07621778166695,0.976750869720935,NaN,NaN,NaN,1
2251,M26005_20260321_cell#2,2,2,1,1,1,1.28532825898281,1.02145033863689,NaN,NaN,NaN,0
2252,M26005_20260321_cell#3,2,2,1,1,0,1.05421363348867,0.942193265388145,NaN,NaN,NaN,1
2253,M26005_20260321_cell#4,2,2,1,1,0,1.11299115774982,0.965389542275068,NaN,NaN,NaN,1
2254,M26005_20260321_cell#5,2,2,0,0,0,0.943884105189912,0.979734501596633,NaN,NaN,NaN,1
2255,M26005_20260321_cell#6,2,2,1,1,0,1.31854862311239,0.979794248453165,NaN,NaN,NaN,1
2256,M26005_20260321_cell#7,2,2,1,1,0,1.50470888760393,0.905800558447746,NaN,NaN,NaN,1
2257,M26005_20260321_cell#8,2,2,0,0,0,1.00908725129707,0.934435629508702,NaN,NaN,NaN,1
2259,M26005_20260321_cell#10,2,2,1,1,0,1.12080277228679,0.956302952883863,NaN,NaN,NaN,1
2260,M26005_20260321_cell#11,2,2,1,1,0,1.3042540587441,0.918939612634265,NaN,NaN,NaN,1
2261,M26005_20260321_cell#12,2,2,0,0,0,1.03856626285514,0.934545961968057,NaN,NaN,NaN,1
2262,M26005_20260321_cell#13,2,2,1,1,0,1.0788283693349,0.995896085872733,NaN,NaN,NaN,1
2263,M26005_20260321_cell#14,2,2,0,0,0,0.909827491312472,1.00803492813025,NaN,NaN,NaN,0.733656727681731
2264,M26005_20260321_cell#15,2,2,0,0,0,1.00039638942068,0.866018337122036,NaN,NaN,NaN,1
2265,M26005_20260321_cell#16,2,2,1,1,0,1.04769146601966,0.983196355458621,NaN,NaN,NaN,1
2266,M26005_20260321_cell#17,2,2,0,0,0,0.981446849075773,0.976672129620198,NaN,NaN,NaN,1
2267,M26005_20260321_cell#18,2,2,1,1,0,1.77543732991887,0.947499400655829,NaN,NaN,NaN,1
2268,M26005_20260321_cell#19,2,2,1,1,0,1.09839317712838,0.980233149500627,NaN,NaN,NaN,1
2269,M26005_20260321_cell#20,2,2,0,0,0,0.949674274938179,0.934402782974526,NaN,NaN,NaN,1
2270,M26005_20260321_cell#21,2,2,1,1,0,1.16366611666393,0.90352665483178,NaN,NaN,NaN,1
2271,M26005_20260321_cell#22,2,2,0,0,0,0.847009430873203,0.951457007599149,NaN,NaN,NaN,1
2272,M26005_20260321_cell#23,2,2,1,1,0,1.19091543078001,0.922049842407158,NaN,NaN,NaN,1
2273,M26005_20260321_cell#24,2,2,0,0,0,0.959750270043013,0.981787390763569,NaN,NaN,NaN,1
2274,M26005_20260321_cell#25,2,2,0,0,0,0.941869934323237,0.950954839441894,NaN,NaN,NaN,1
2275,M26005_20260321_cell#26,2,2,1,1,0,1.17424104866597,0.937069214063586,NaN,NaN,NaN,1
2276,M26005_20260321_cell#27,2,2,1,1,0,1.1080498564869,0.958371919320633,NaN,NaN,NaN,1
2277,M26005_20260321_cell#28,2,2,0,0,0,0.855721427646768,0.958090254882133,NaN,NaN,NaN,1
2278,M26005_20260321_cell#29,2,2,1,1,0,1.14599733515789,0.987585427317613,NaN,NaN,NaN,1
2279,M26005_20260321_cell#30,2,2,1,1,0,1.20304163535144,0.897773998214903,NaN,NaN,NaN,1
2280,M26005_20260321_cell#31,2,2,1,1,0,1.07962736641455,1.00050033218606,NaN,NaN,NaN,1
2281,M26005_20260321_cell#32,2,2,0,0,0,1.04996937601299,0.975349976736849,NaN,NaN,NaN,1
2282,M26005_20260321_cell#33,2,2,0,0,0,0.972755654861433,1.01302786021495,NaN,NaN,NaN,2.82227319292616e-09
2285,M26005_20260321_cell#36,2,2,0,0,0,0.97983452467652,0.95184668711121,NaN,NaN,NaN,1
2286,M26005_20260321_cell#37,2,2,0,0,0,0.997861449029707,0.997134761571331,NaN,NaN,NaN,1
2287,M26005_20260321_cell#38,2,2,0,0,0,0.971002924607757,0.963944630217407,NaN,NaN,NaN,1
2288,M26005_20260321_cell#39,2,2,0,0,0,0.920966183228851,0.948219887278112,NaN,NaN,NaN,1
2289,M26005_20260321_cell#40,2,2,0,0,0,1.02376716646597,0.951628563533487,NaN,NaN,NaN,1
2290,M26005_20260321_cell#41,2,2,1,1,0,1.03266938645346,0.935258907600945,NaN,NaN,NaN,1
2291,M26005_20260321_cell#42,2,2,1,1,0,1.06594293081183,0.99105168461847,NaN,NaN,NaN,1
2292,M26005_20260321_cell#43,2,2,0,0,0,0.994004788030615,0.976442588683744,NaN,NaN,NaN,1
2293,M26005_20260321_cell#44,2,2,0,0,0,1.0295229342498,0.840863972833096,NaN,NaN,NaN,1
2294,M26005_20260321_cell#45,2,2,1,1,0,1.24119966860917,0.895037749036635,NaN,NaN,NaN,1
2295,M26005_20260321_cell#46,2,2,1,1,0,1.28453905520764,0.824291547734316,NaN,NaN,NaN,1
2296,M26005_20260321_cell#47,2,2,0,0,0,0.963772369683786,0.939786136841918,NaN,NaN,NaN,1
2297,M26005_20260321_cell#48,2,2,1,1,0,1.02357257212035,0.942484454104327,NaN,NaN,NaN,1
2298,M26005_20260321_cell#49,2,2,1,1,0,1.15670830405475,0.928657767854152,NaN,NaN,NaN,1
2299,M26005_20260321_cell#50,2,2,0,0,0,0.973623756937463,0.98437801006899,NaN,NaN,NaN,1
2300,M26005_20260321_cell#51,2,2,1,1,0,1.08509741557106,0.864222939895304,NaN,NaN,NaN,1
2301,M26005_20260321_cell#52,2,2,1,1,1,1.02445105991221,1.01998887928566,NaN,NaN,NaN,1.56148200904926e-05
2303,M26005_20260321_cell#54,2,2,1,1,0,1.24593774271457,0.965978787049667,NaN,NaN,NaN,1
2304,M26005_20260321_cell#55,2,2,1,1,0,1.19461368944659,0.895188970392436,NaN,NaN,NaN,1
2305,M26005_20260321_cell#56,2,2,0,0,0,1.00358246933056,0.951159719975341,NaN,NaN,NaN,1
2306,M26005_20260321_cell#57,2,2,0,0,0,1.01054838281524,0.852657356330671,NaN,NaN,NaN,1
2308,M26005_20260321_cell#59,2,2,0,0,0,0.977486540620165,0.945126006597785,NaN,NaN,NaN,1
2309,M26005_20260321_cell#60,2,2,0,0,0,0.974882218988949,0.960456228753732,NaN,NaN,NaN,1
2310,M26005_20260321_cell#61,2,2,1,1,0,1.04162350257581,0.958609731993,NaN,NaN,NaN,1
2312,M26005_20260321_cell#63,2,2,0,0,0,0.994878904969144,1.00539869931062,NaN,NaN,NaN,0.898834565018255
2313,M26005_20260321_cell#64,2,2,0,0,0,0.981964047675475,0.963416520317357,NaN,NaN,NaN,1
2314,M26005_20260321_cell#65,2,2,0,0,0,0.992441734801601,0.998241121248929,NaN,NaN,NaN,1
2315,M26005_20260321_cell#66,2,2,1,1,1,1.1008433105312,1.01619802519603,NaN,NaN,NaN,0.031081869631954
2316,M26005_20260321_cell#67,2,2,0,0,0,1.00219623228269,0.91410193000497,NaN,NaN,NaN,1
2317,M26005_20260321_cell#68,2,2,0,0,0,0.936262506939367,0.942303770920264,NaN,NaN,NaN,1
2319,M26005_20260321_cell#70,2,2,1,1,0,1.06653708472869,0.940469210538322,NaN,NaN,NaN,1
2320,M26005_20260321_cell#71,2,2,0,0,0,0.98256044798619,0.816565597979158,NaN,NaN,NaN,1
2321,M26005_20260321_cell#72,2,2,1,1,0,1.22610489346014,0.97013177867102,NaN,NaN,NaN,1
2322,M26005_20260321_cell#73,2,2,0,0,0,0.986305653032429,0.915053092291185,NaN,NaN,NaN,1
2323,M26005_20260321_cell#74,2,2,0,0,0,0.990269430551745,0.994915135000794,NaN,NaN,NaN,1
2324,M26005_20260321_cell#75,2,2,0,0,0,0.999978452414287,0.969728524433652,NaN,NaN,NaN,1
2325,M26005_20260321_cell#76,2,2,1,1,0,1.04537672819204,0.807778528378511,NaN,NaN,NaN,1
2326,M26005_20260321_cell#77,2,2,0,0,0,0.946951869871491,0.908828412213788,NaN,NaN,NaN,1
2327,M26005_20260321_cell#78,2,2,1,1,0,1.09411514057769,0.9837952106459,NaN,NaN,NaN,1
2328,M26005_20260321_cell#79,2,2,0,0,0,0.963438148188061,0.983255032457392,NaN,NaN,NaN,1
2330,M26005_20260321_cell#81,2,2,1,1,0,1.063997866668,1.00106115463742,NaN,NaN,NaN,0.999994335776657
2331,M26005_20260321_cell#82,2,2,1,1,0,1.03173199929375,0.975372680808468,NaN,NaN,NaN,1
2332,M26005_20260321_cell#83,2,2,0,0,0,0.991285974431483,0.995126814136574,NaN,NaN,NaN,1
2333,M26005_20260321_cell#84,2,2,0,0,0,0.990289887992899,0.941995616120192,NaN,NaN,NaN,1
2334,M26005_20260321_cell#85,2,2,1,1,0,1.05555654677145,0.950677317840458,NaN,NaN,NaN,1
2335,M26005_20260321_cell#86,2,2,1,1,0,1.08810598218094,0.98471729256368,NaN,NaN,NaN,1
2336,M26005_20260321_cell#87,2,2,1,1,0,1.04846004965715,0.909353399868363,NaN,NaN,NaN,1
2337,M26005_20260321_cell#88,2,2,0,0,0,0.91926590913574,0.819919865676246,NaN,NaN,NaN,1
2338,M26005_20260321_cell#89,2,2,1,1,0,1.19461566918468,0.996048232881387,NaN,NaN,NaN,1
2339,M26005_20260321_cell#90,2,2,1,1,0,1.09036882204558,0.955869275204443,NaN,NaN,NaN,1
2340,M26005_20260321_cell#91,2,2,1,1,0,1.31880598027922,0.966709316183277,NaN,NaN,NaN,1
2341,M26005_20260321_cell#92,2,2,1,1,0,1.1432449040096,1.01150748594849,NaN,NaN,NaN,0
2342,M26005_20260321_cell#93,2,2,0,0,0,0.985029421121821,0.980899941373196,NaN,NaN,NaN,1
2343,M26005_20260321_cell#94,2,2,0,0,0,1.00877007776077,0.991356460326308,NaN,NaN,NaN,1
2344,M26005_20260321_cell#95,2,2,0,0,0,1.0127775397359,0.953891227246083,NaN,NaN,NaN,1
2345,M26005_20260321_cell#96,2,2,0,0,0,0.990429984595683,0.959664903901479,NaN,NaN,NaN,1
2346,M26005_20260321_cell#97,2,2,1,1,0,1.05695966653513,0.994161300314195,NaN,NaN,NaN,1
2347,M26005_20260321_cell#98,2,2,1,1,0,1.14772683210618,0.9868453126871,NaN,NaN,NaN,1
2348,M26005_20260321_cell#99,2,2,1,1,0,1.16189522810864,0.876975872426039,NaN,NaN,NaN,1
2349,M26005_20260321_cell#100,2,2,0,0,0,0.966957961097587,0.879828486107375,NaN,NaN,NaN,1
2350,M26005_20260321_cell#101,2,2,1,1,0,1.05062211860799,0.878802626899687,NaN,NaN,NaN,1
2351,M26005_20260321_cell#102,2,2,1,1,0,1.2547515976278,0.965357554552856,NaN,NaN,NaN,1
2352,M26005_20260321_cell#103,2,2,0,0,0,1.00836050145875,0.985655777968943,NaN,NaN,NaN,1
2353,M26005_20260321_cell#104,2,2,1,1,0,1.06157111206501,0.948178959146414,NaN,NaN,NaN,1
2354,M26005_20260321_cell#105,2,2,0,0,0,1.00441167437649,0.984879592410073,NaN,NaN,NaN,1
2355,M26005_20260321_cell#106,2,2,1,1,0,1.07896199778877,0.997853460802878,NaN,NaN,NaN,1
2356,M26005_20260321_cell#107,2,2,0,0,0,1.02133913887373,0.958973571115098,NaN,NaN,NaN,1
2357,M26005_20260321_cell#108,2,2,1,1,1,1.03610010151469,1.01623567625602,NaN,NaN,NaN,0.000327482336014318
2358,M26005_20260321_cell#109,2,2,0,0,0,0.948735594488201,0.789176593977809,NaN,NaN,NaN,1
2359,M26005_20260321_cell#110,2,2,0,0,0,0.89429607410596,0.970694436129728,NaN,NaN,NaN,1
2360,M26005_20260321_cell#111,2,2,1,1,0,1.12332706501438,0.870964145022853,NaN,NaN,NaN,1
2362,M26005_20260321_cell#113,2,2,0,0,0,0.994131618918841,0.980670005076976,NaN,NaN,NaN,1
2363,M26005_20260321_cell#114,2,2,0,0,1,1.00000937437431,1.0272243831343,NaN,NaN,NaN,2.73957493357457e-08
2364,M26005_20260321_cell#115,2,2,1,1,0,1.0186280340887,0.996549824361074,NaN,NaN,NaN,1
2365,M26005_20260321_cell#116,2,2,1,1,0,1.24753182822137,0.983365573038688,NaN,NaN,NaN,1
2366,M26005_20260321_cell#117,2,2,1,1,0,1.60752492967492,0.848518916019306,NaN,NaN,NaN,1
2367,M26005_20260321_cell#118,2,2,0,0,0,1.01379796819942,0.643178596063285,NaN,NaN,NaN,1
2368,M26005_20260321_cell#119,2,2,0,0,0,0.949059350968687,0.96834726776685,NaN,NaN,NaN,1
2369,M26005_20260321_cell#120,2,2,1,1,0,1.13662208030271,0.846632224428273,NaN,NaN,NaN,1
2370,M26005_20260321_cell#121,2,2,1,1,0,1.06756119488357,0.944168483562594,NaN,NaN,NaN,1
2371,M26005_20260321_cell#122,2,2,1,1,1,1.07482102826363,1.10579285789511,NaN,NaN,NaN,0
2372,M26005_20260321_cell#123,2,2,1,1,0,1.12306631510785,1.01320401837167,NaN,NaN,NaN,3.82817491806353e-06
2373,M26005_20260321_cell#124,2,2,1,1,0,1.05518960622141,0.943085929444629,NaN,NaN,NaN,1
2374,M26005_20260321_cell#125,2,2,0,0,0,1.00158967169647,0.954486803305545,NaN,NaN,NaN,1
2375,M26005_20260321_cell#126,2,2,1,1,0,1.09885517839584,0.99859645324065,NaN,NaN,NaN,1
2376,M26005_20260321_cell#127,2,2,1,1,0,1.1587286235559,0.985163980287708,NaN,NaN,NaN,1
2377,M26005_20260321_cell#128,2,2,1,1,1,1.04371843469448,1.02230045404976,NaN,NaN,NaN,4.75276551448189e-09
2378,M26005_20260321_cell#129,2,2,0,0,0,0.976481703647329,0.996789304892824,NaN,NaN,NaN,1
2379,M26005_20260321_cell#130,2,2,1,1,0,1.18234597698881,0.868210091515911,NaN,NaN,NaN,1
2381,M26005_20260321_cell#132,2,2,0,0,0,0.958401220163442,0.864937863443156,NaN,NaN,NaN,1
2382,M26005_20260321_cell#133,2,2,0,0,0,0.992026061258145,0.991933244023532,NaN,NaN,NaN,1
2383,M26005_20260321_cell#134,2,2,1,1,0,1.13236511723741,0.928350785142973,NaN,NaN,NaN,1
2384,M26005_20260321_cell#135,2,2,1,1,0,1.03952953677245,0.977122066900346,NaN,NaN,NaN,1
2385,M26005_20260321_cell#136,2,2,0,0,0,0.988676469219335,0.748580062395941,NaN,NaN,NaN,1
2386,M26005_20260321_cell#137,2,2,0,0,0,0.975401236989579,0.971562499954293,NaN,NaN,NaN,1
2387,M26005_20260321_cell#138,2,2,1,1,0,1.05731898694876,0.957072463035724,NaN,NaN,NaN,1
2388,M26005_20260321_cell#139,2,2,0,0,0,0.986637267138703,0.889140450390146,NaN,NaN,NaN,1
2389,M26005_20260321_cell#140,2,2,0,0,0,0.993921150276139,0.943759825087238,NaN,NaN,NaN,1
2390,M26005_20260321_cell#141,2,2,0,0,0,0.961382096936935,0.913272747525193,NaN,NaN,NaN,1
2391,M26005_20260321_cell#142,2,2,0,0,0,0.972423772740033,0.977235059597548,NaN,NaN,NaN,1
2392,M26005_20260321_cell#143,2,2,0,0,0,0.921345968042068,0.814368466217046,NaN,NaN,NaN,1
2393,M26005_20260321_cell#144,2,2,1,1,0,1.10682744580638,1.00859018466182,NaN,NaN,NaN,0
2394,M26005_20260321_cell#145,2,2,0,0,0,1.04405070818978,0.98416404610097,NaN,NaN,NaN,1
2395,M26005_20260321_cell#146,2,2,1,1,0,1.07373805751208,1.00223455493598,NaN,NaN,NaN,0.985760200548656
2396,M26005_20260321_cell#147,2,2,1,1,0,1.08873739045671,0.941661650820718,NaN,NaN,NaN,1
2397,M26005_20260321_cell#148,2,2,0,0,0,1.00916107679808,0.798734444681676,NaN,NaN,NaN,1
2398,M26005_20260321_cell#149,2,2,0,0,0,1.01513300806055,0.804765285941166,NaN,NaN,NaN,1
2399,M26005_20260321_cell#150,2,2,1,1,0,1.07778035033967,0.941358955908955,NaN,NaN,NaN,1
2400,M26005_20260321_cell#151,2,2,0,0,0,0.969754843171826,0.95202304156044,NaN,NaN,NaN,1
2402,M26005_20260321_cell#153,2,2,1,1,0,1.17025897104295,0.820752440533287,NaN,NaN,NaN,1
2403,M26005_20260321_cell#154,2,2,0,0,0,0.975093828914383,0.922479197465633,NaN,NaN,NaN,1
2404,M26005_20260321_cell#155,2,2,1,1,0,1.07015181275639,0.970906240523077,NaN,NaN,NaN,1
2405,M26005_20260321_cell#156,2,2,1,1,0,1.13144477207841,0.991545122538868,NaN,NaN,NaN,1
2406,M26005_20260321_cell#157,2,2,0,0,0,1.01460632260342,0.660844847074552,NaN,NaN,NaN,1
2407,M26005_20260321_cell#158,2,2,1,1,0,1.01921394240038,0.980216597734503,NaN,NaN,NaN,1
2408,M26005_20260321_cell#159,2,2,1,1,0,1.05973349863401,0.946020238909629,NaN,NaN,NaN,1
2409,M26005_20260321_cell#160,2,2,1,1,0,1.02123542215671,0.94253218070107,NaN,NaN,NaN,1
2410,M26005_20260321_cell#161,2,2,1,1,0,1.09591891462971,0.88464833182595,NaN,NaN,NaN,1
2411,M26005_20260321_cell#162,2,2,1,1,0,1.15729958032039,0.950680316301888,NaN,NaN,NaN,1
2412,M26005_20260321_cell#163,2,2,1,1,0,1.03949042731418,0.904407093174732,NaN,NaN,NaN,1
2413,M26005_20260321_cell#164,2,2,0,0,0,0.97945181853063,0.880913715485538,NaN,NaN,NaN,1
2414,M26005_20260321_cell#165,2,2,0,0,0,0.963496950179104,0.994816538286172,NaN,NaN,NaN,1
2415,M26005_20260321_cell#166,2,2,0,0,0,0.983153056051139,0.973020721444931,NaN,NaN,NaN,1
2416,M26005_20260321_cell#167,2,2,0,0,0,0.997786907919918,0.98933653576768,NaN,NaN,NaN,1
2417,M26005_20260321_cell#168,2,2,0,0,0,0.962802391002166,0.990676416617813,NaN,NaN,NaN,1
2418,M26005_20260321_cell#169,2,2,1,1,0,1.23998012655219,0.990951485623889,NaN,NaN,NaN,1
2419,M26005_20260321_cell#170,2,2,1,1,0,1.073337810466,0.846247669207723,NaN,NaN,NaN,1
2422,M26005_20260321_cell#173,2,2,0,0,1,1.00150329326685,1.04509036669836,NaN,NaN,NaN,0
2423,M26005_20260321_cell#174,2,2,1,1,0,1.04495898777016,0.956811776262126,NaN,NaN,NaN,1
2424,M26005_20260321_cell#175,2,2,0,0,0,0.998028172851852,0.983192205515453,NaN,NaN,NaN,1
2425,M26005_20260321_cell#176,2,2,0,0,0,0.970307331416724,0.831094852561667,NaN,NaN,NaN,1
2426,M26005_20260321_cell#177,2,2,0,0,0,0.99500663080191,0.636327887759815,NaN,NaN,NaN,1
2428,M26005_20260321_cell#179,2,2,1,1,0,1.09704160963698,0.970351998635129,NaN,NaN,NaN,1
2429,M26005_20260321_cell#180,2,2,0,0,0,0.982346450417836,0.959657847267049,NaN,NaN,NaN,1
2430,M26005_20260321_cell#181,2,2,1,1,0,1.04531301196123,1.00803941090141,NaN,NaN,NaN,2.14588837140761e-05
2431,M26005_20260321_cell#182,2,2,0,0,0,0.917423868014763,0.99198369918449,NaN,NaN,NaN,1
2432,M26005_20260321_cell#183,2,2,1,1,0,1.01813432001106,0.931984396700237,NaN,NaN,NaN,1
2434,M26005_20260321_cell#185,2,2,1,1,0,1.11729818825788,0.974642918292583,NaN,NaN,NaN,1
2435,M26005_20260321_cell#186,2,2,1,1,0,1.09784199934441,0.972150890518118,NaN,NaN,NaN,1
2436,M26005_20260321_cell#187,2,2,1,1,0,1.14409318988731,0.911131478711421,NaN,NaN,NaN,1
2437,M26005_20260321_cell#188,2,2,0,0,0,0.976891747703761,0.821350677772871,NaN,NaN,NaN,1
2438,M26005_20260321_cell#189,2,2,1,1,0,1.21057610435041,0.990114806370647,NaN,NaN,NaN,1
2439,M26005_20260321_cell#190,2,2,0,0,0,0.981386124638671,0.850696585596654,NaN,NaN,NaN,1
2441,M26005_20260321_cell#192,2,2,1,1,0,1.08866149380668,1.00028488018625,NaN,NaN,NaN,0.999999999999999
2443,M26005_20260321_cell#194,2,2,1,1,0,1.16822708518173,0.926200377698214,NaN,NaN,NaN,1
2444,M26005_20260321_cell#195,2,2,1,1,0,1.28345731532275,0.976895802436532,NaN,NaN,NaN,1
2446,M26005_20260321_cell#197,2,2,0,0,0,1.01380134938026,0.906903432645005,NaN,NaN,NaN,1
2447,M26005_20260321_cell#198,2,2,1,1,1,1.63495222175749,1.09074128310904,NaN,NaN,NaN,0
2448,M26005_20260321_cell#199,2,2,1,1,0,1.22731704190916,0.911147764140088,NaN,NaN,NaN,1
2450,M26005_20260321_cell#201,2,2,1,1,0,1.06617714783989,0.99022742666175,NaN,NaN,NaN,1
2451,M26005_20260321_cell#202,2,2,1,1,0,1.24436467721259,0.99494513060488,NaN,NaN,NaN,1
2452,M26005_20260321_cell#203,2,2,0,0,0,1.04240821091517,1.00769994878487,NaN,NaN,NaN,0.999920084373113
2453,M26005_20260321_cell#204,2,2,1,1,0,1.08167697246801,0.996488964070637,NaN,NaN,NaN,1
2454,M26005_20260321_cell#205,2,2,0,0,0,0.974678934276308,1.0044491778604,NaN,NaN,NaN,0.886696804380811
2455,M26005_20260321_cell#206,2,2,1,1,0,1.1056172449783,0.90840205786054,NaN,NaN,NaN,1
2456,M26005_20260321_cell#207,2,2,1,1,0,1.22707554985786,0.939570009628906,NaN,NaN,NaN,1
2457,M26005_20260321_cell#208,2,2,1,1,0,1.09853421301229,0.906021262404296,NaN,NaN,NaN,1
2458,M26005_20260321_cell#209,2,2,0,0,0,0.882533040255237,0.970904593122971,NaN,NaN,NaN,1
2459,M26005_20260321_cell#210,2,2,1,1,0,1.10234668234399,0.984150538221279,NaN,NaN,NaN,1
2460,M26005_20260321_cell#211,2,2,1,1,0,1.020069503263,0.985289245078872,NaN,NaN,NaN,1
2461,M26005_20260321_cell#212,2,2,1,1,0,1.08156562403572,0.945213093587917,NaN,NaN,NaN,1
2462,M26005_20260321_cell#213,2,2,0,0,0,0.998483887258917,0.880858804517499,NaN,NaN,NaN,1
2463,M26005_20260321_cell#214,2,2,1,1,0,1.14222294324569,0.905515934028742,NaN,NaN,NaN,1
2464,M26005_20260321_cell#215,2,2,0,0,0,1.01022254303046,0.907500905302126,NaN,NaN,NaN,1
2465,M26005_20260321_cell#216,2,2,1,1,0,1.28706940481231,0.969361917898091,NaN,NaN,NaN,1
2466,M26005_20260321_cell#217,2,2,0,0,0,1.00124784016536,0.974045541208291,NaN,NaN,NaN,1
2467,M26005_20260321_cell#218,2,2,1,1,0,1.08696754096107,0.978187303146001,NaN,NaN,NaN,1
2468,M26005_20260321_cell#219,2,2,1,1,0,1.08302254065521,0.912486801168334,NaN,NaN,NaN,1
2469,M26005_20260321_cell#220,2,2,1,1,0,1.08242643839035,0.948449214292484,NaN,NaN,NaN,1
2470,M26005_20260321_cell#221,2,2,1,1,0,1.12075655981745,0.991533355321276,NaN,NaN,NaN,1
2471,M26005_20260321_cell#222,2,2,0,0,0,1.01226518758864,0.878989456005856,NaN,NaN,NaN,1
2472,M26005_20260321_cell#223,2,2,0,0,0,0.977951873664686,0.958431198178987,NaN,NaN,NaN,1
2474,M26005_20260321_cell#225,2,2,0,1,0,1.0147612402278,NaN,NaN,NaN,NaN,NaN
2475,M26005_20260321_cell#226,2,2,0,0,0,1.01260851002801,0.996153714942491,NaN,NaN,NaN,1
2476,M26005_20260321_cell#227,2,2,1,1,0,1.23440766695309,0.970268163498896,NaN,NaN,NaN,1
2477,M26005_20260321_cell#228,2,2,1,1,0,1.01513919891009,0.995081182229234,NaN,NaN,NaN,1
2478,M26005_20260321_cell#229,2,2,1,1,0,1.64368095955345,0.943992371729919,NaN,NaN,NaN,1
2479,M26005_20260321_cell#230,2,2,0,0,0,1.01362029445994,0.980332384367351,NaN,NaN,NaN,1
2480,M26005_20260321_cell#231,2,2,0,0,0,0.978406666859987,0.989748768727384,NaN,NaN,NaN,1
2481,M26005_20260321_cell#232,2,2,1,1,0,1.08271504943924,0.984147187736259,NaN,NaN,NaN,1
2482,M26005_20260321_cell#233,2,2,1,1,0,1.09760325400941,0.978990283243679,NaN,NaN,NaN,1
2483,M26005_20260321_cell#234,2,2,1,1,0,1.04050837965049,0.928672950259799,NaN,NaN,NaN,1
2484,M26005_20260321_cell#235,2,2,1,1,0,1.11903623244592,0.969260244609736,NaN,NaN,NaN,1
2485,M26005_20260321_cell#236,2,2,1,1,0,1.14439478816427,0.937741460898034,NaN,NaN,NaN,1
2486,M26005_20260321_cell#237,2,2,1,1,1,1.27529828458595,1.05749848647838,NaN,NaN,NaN,2.09097739123365e-10
2487,M26005_20260321_cell#238,2,2,0,0,0,0.952266623440608,0.944411820996209,NaN,NaN,NaN,1
2488,M26005_20260321_cell#239,2,2,1,1,0,1.37776125969984,0.796655852722738,NaN,NaN,NaN,1
2489,M26005_20260321_cell#240,2,2,0,0,0,1.00258023247156,0.828528207505941,NaN,NaN,NaN,1
2490,M26005_20260321_cell#241,2,2,0,0,0,0.968792486440264,0.934637961988268,NaN,NaN,NaN,1
2492,M26005_20260321_cell#243,2,2,1,1,0,1.19868893267908,0.980729387639781,NaN,NaN,NaN,1
2493,M26005_20260321_cell#244,2,2,0,0,0,0.983691354835273,1.01102703737152,NaN,NaN,NaN,0.953950752901414
2494,M26005_20260321_cell#245,2,2,0,0,0,0.949413377736278,0.974610451075906,NaN,NaN,NaN,1
2495,M26005_20260321_cell#246,2,2,1,1,0,1.03249384206311,0.993516461878174,NaN,NaN,NaN,1
2496,M26005_20260321_cell#247,2,2,0,0,0,1.03414598323814,0.80613974080862,NaN,NaN,NaN,1
2497,M26005_20260321_cell#248,2,2,0,0,0,0.922605243047181,0.968101601470504,NaN,NaN,NaN,1
2498,M26005_20260321_cell#249,2,2,1,1,0,1.07766188052976,0.921838450633506,NaN,NaN,NaN,1
2499,M26005_20260321_cell#250,2,2,1,1,0,1.13185024332805,0.967026841493431,NaN,NaN,NaN,1
2500,M26005_20260321_cell#251,2,2,1,1,0,1.16449107209797,0.818402300534748,NaN,NaN,NaN,1
2501,M26005_20260321_cell#252,2,2,1,1,0,1.07901914191456,0.988631515491791,NaN,NaN,NaN,1
2502,M26005_20260321_cell#253,2,2,1,1,0,1.30125923099412,0.981330280908881,NaN,NaN,NaN,1
2503,M26005_20260321_cell#254,2,2,1,1,0,1.04953195405428,0.901051517638128,NaN,NaN,NaN,1
2504,M26005_20260321_cell#255,2,2,1,1,0,1.12529517663894,0.962421447008545,NaN,NaN,NaN,1
2505,M26005_20260321_cell#256,2,2,0,0,0,0.991115751145164,0.987846174663953,NaN,NaN,NaN,1
2506,M26005_20260321_cell#257,2,2,1,1,1,1.0726064854266,1.05791778343474,NaN,NaN,NaN,0
2507,M26005_20260321_cell#258,2,2,0,0,0,1.01679805477001,0.645202413370103,NaN,NaN,NaN,1
2508,M26005_20260321_cell#259,2,2,0,0,0,0.983753161564495,0.95739295802397,NaN,NaN,NaN,1
2509,M26005_20260321_cell#260,2,2,1,1,0,1.05375311087048,0.981590884378052,NaN,NaN,NaN,1
2510,M26005_20260321_cell#261,2,2,1,1,1,2.25542505882755,1.13162528600079,NaN,NaN,NaN,0
2512,M26005_20260321_cell#263,2,2,0,0,0,0.993053521523397,0.994190616438622,NaN,NaN,NaN,1
2513,M26005_20260321_cell#264,2,2,1,1,0,1.13250532129533,1.00110169410136,NaN,NaN,NaN,0.99996621517639
2514,M26005_20260321_cell#265,2,2,1,1,0,1.11750356629558,0.996494943100916,NaN,NaN,NaN,1
2515,M26005_20260321_cell#266,2,2,0,0,0,0.973789799186701,0.968604874815092,NaN,NaN,NaN,1
2516,M26005_20260321_cell#267,2,2,0,0,0,0.981183846114264,0.87670023058665,NaN,NaN,NaN,1
2517,M26005_20260321_cell#268,2,2,0,0,0,0.928722329320037,0.953459906577577,NaN,NaN,NaN,1
2518,M26005_20260321_cell#269,2,2,0,0,0,0.987765983130541,0.707440760053135,NaN,NaN,NaN,1
2519,M26005_20260321_cell#270,2,2,0,0,0,0.99186534657341,0.925166770897904,NaN,NaN,NaN,1
2520,M26005_20260321_cell#271,2,2,1,1,0,1.72048338957315,0.944359746200675,NaN,NaN,NaN,1
2521,M26005_20260321_cell#272,2,2,1,1,0,1.18373348559888,0.9671893087826,NaN,NaN,NaN,1
2522,M26005_20260321_cell#273,2,2,1,1,0,1.06846975908172,0.994754605316292,NaN,NaN,NaN,1
2523,M26005_20260321_cell#274,2,2,0,0,0,0.953158582019055,0.78887396868707,NaN,NaN,NaN,1
2524,M26005_20260321_cell#275,2,2,1,1,0,1.08373744664039,0.978497191374078,NaN,NaN,NaN,1
2525,M26005_20260321_cell#276,2,2,1,1,0,1.27547338372331,0.972578867456133,NaN,NaN,NaN,1
2526,M26005_20260321_cell#277,2,2,0,0,1,0.92569676925715,1.08196403938406,NaN,NaN,NaN,0
2527,M26005_20260321_cell#278,2,2,1,1,0,1.31646585858918,0.95862013023248,NaN,NaN,NaN,1
2528,M26005_20260321_cell#279,2,2,1,1,0,1.31011556159882,0.948369694850868,NaN,NaN,NaN,1
2529,M26005_20260321_cell#280,2,2,1,1,0,1.15166329174983,0.985742912052205,NaN,NaN,NaN,1
2530,M26005_20260321_cell#281,2,2,0,0,0,0.975672323147176,0.888868632150525,NaN,NaN,NaN,1
2531,M26005_20260321_cell#282,2,2,0,0,0,0.9687937354105,0.992429663318175,NaN,NaN,NaN,1
2532,M26005_20260321_cell#283,2,2,1,1,0,1.05458130766436,0.89102576766349,NaN,NaN,NaN,1
2533,M26005_20260321_cell#284,2,2,0,0,0,1.13230046514971,0.737350569139968,NaN,NaN,NaN,1
2534,M26005_20260321_cell#285,2,2,0,0,0,0.978823649719137,0.960620086200727,NaN,NaN,NaN,1
2535,M26005_20260321_cell#286,2,2,1,1,0,1.03370045928987,0.849875400859423,NaN,NaN,NaN,1
2536,M26005_20260321_cell#287,2,2,0,0,0,1.0181096245843,0.957249170542573,NaN,NaN,NaN,1
2537,M26005_20260321_cell#288,2,2,0,0,0,0.967288807466069,0.970174215337679,NaN,NaN,NaN,1
2538,M26005_20260321_cell#289,2,2,0,0,0,1.00715888093125,0.919141574148574,NaN,NaN,NaN,1
2539,M26005_20260321_cell#290,2,2,1,1,0,1.07979996181699,0.842512126923113,NaN,NaN,NaN,1
2540,M26005_20260321_cell#291,2,2,0,0,0,0.989686280443966,0.971223219872348,NaN,NaN,NaN,1
2541,M26005_20260321_cell#292,2,2,1,1,0,1.1091473331758,0.890477334105181,NaN,NaN,NaN,1
2543,M26005_20260321_cell#294,2,2,0,0,0,1.01423973676748,1.00442267900916,NaN,NaN,NaN,0.98410871550179
2544,M26005_20260321_cell#295,2,2,1,1,0,1.27080144460432,0.875746615060364,NaN,NaN,NaN,1
2545,M26005_20260321_cell#296,2,2,1,1,0,1.02238997673522,0.956715135925883,NaN,NaN,NaN,1
2546,M26005_20260321_cell#297,2,2,0,0,0,0.931407814907055,0.933854644063105,NaN,NaN,NaN,1
2547,M26005_20260321_cell#298,2,2,0,0,0,0.984974354899064,0.549452440032513,NaN,NaN,NaN,1
2548,M26005_20260321_cell#299,2,2,1,1,0,1.05617247185946,0.940547322880583,NaN,NaN,NaN,1
2549,M26005_20260321_cell#300,2,2,1,1,0,1.10820489248595,0.808029565082595,NaN,NaN,NaN,1
2550,M26005_20260321_cell#301,2,2,1,1,0,1.15505999071837,0.972551222725293,NaN,NaN,NaN,1
2551,M26005_20260321_cell#302,2,2,0,0,0,0.994843980746262,0.937908983362698,NaN,NaN,NaN,1
2552,M26005_20260321_cell#303,2,2,1,1,0,1.06865586357915,0.922331422291067,NaN,NaN,NaN,1
2553,M26005_20260321_cell#304,2,2,1,1,1,1.33279772833045,1.01828332270734,NaN,NaN,NaN,0
2554,M26005_20260321_cell#305,2,2,1,1,0,1.0853223804582,0.958435288225777,NaN,NaN,NaN,1
2555,M26005_20260321_cell#306,2,2,1,1,0,1.2248411995462,1.01201328109583,NaN,NaN,NaN,0.385372173334845
2556,M26005_20260321_cell#307,2,2,0,0,0,1.14008854625651,1.06142682621624,NaN,NaN,NaN,0.936578745250811
2557,M26005_20260321_cell#308,2,2,1,1,0,1.06293636836563,0.956094946957829,NaN,NaN,NaN,1
2558,M26005_20260321_cell#309,2,2,0,0,0,0.982778513462777,0.970546611394424,NaN,NaN,NaN,1
2560,M26005_20260321_cell#311,2,2,1,1,0,1.08318379591647,0.900806283067537,NaN,NaN,NaN,1
2561,M26005_20260321_cell#312,2,2,1,1,0,1.1893873283765,0.964061385245861,NaN,NaN,NaN,1
2562,M26005_20260321_cell#313,2,2,0,0,0,0.94384915325353,0.97063085678373,NaN,NaN,NaN,1
2563,M26005_20260321_cell#314,2,2,1,1,0,1.13324560249248,0.927679566426814,NaN,NaN,NaN,1
2564,M26005_20260321_cell#315,2,2,0,0,0,0.992628779987861,0.86225925145376,NaN,NaN,NaN,1
2566,M26005_20260321_cell#317,2,2,0,0,0,0.982971760028765,0.947578685697188,NaN,NaN,NaN,1
2567,M26005_20260321_cell#318,2,2,1,1,0,1.12131127851703,0.922209287420708,NaN,NaN,NaN,1
2568,M26005_20260321_cell#319,2,2,1,1,1,1.55570294033366,1.02642158257796,NaN,NaN,NaN,7.08211267408387e-13
2569,M26005_20260321_cell#320,2,2,0,0,0,0.947525048161538,0.987314391051863,NaN,NaN,NaN,1
2570,M26005_20260321_cell#321,2,2,0,0,0,1.00151645624764,0.972280649919223,NaN,NaN,NaN,1
2571,M26005_20260321_cell#322,2,2,0,0,0,0.983074486557514,0.906495805845552,NaN,NaN,NaN,1
2572,M26005_20260321_cell#323,2,2,1,1,0,1.0392041027672,0.967606884485221,NaN,NaN,NaN,1
2573,M26005_20260321_cell#324,2,2,1,1,0,1.07087831992996,0.989193275466208,NaN,NaN,NaN,1
2574,M26005_20260321_cell#325,2,2,1,1,0,1.27234974710836,0.908541799299108,NaN,NaN,NaN,1
2576,M26005_20260321_cell#327,2,2,1,1,1,1.33488960658991,1.02105435342271,NaN,NaN,NaN,0
2577,M26005_20260321_cell#328,2,2,0,0,0,0.970439396363447,0.96674976127335,NaN,NaN,NaN,1
2579,M26005_20260321_cell#330,2,2,0,0,0,0.97606572864371,0.895537132816221,NaN,NaN,NaN,1
2580,M26005_20260321_cell#331,2,2,1,1,0,1.03816109182466,0.948136060975003,NaN,NaN,NaN,1
2581,M26005_20260321_cell#332,2,2,0,0,0,0.962495973613609,0.9604769243015,NaN,NaN,NaN,1
2582,M26005_20260321_cell#333,2,2,0,0,0,0.974897724402031,0.968060750313016,NaN,NaN,NaN,1
2583,M26005_20260321_cell#334,2,2,0,0,0,1.0593920379038,0.881527488939889,NaN,NaN,NaN,1
2584,M26005_20260321_cell#335,2,2,0,0,0,0.98105879147234,0.815752758463421,NaN,NaN,NaN,1
2585,M26005_20260321_cell#336,2,2,1,1,0,1.09204512754271,1.00092254500104,NaN,NaN,NaN,0.999999781627606
2586,M26005_20260321_cell#337,2,2,1,1,0,1.03005798455687,0.968990016614235,NaN,NaN,NaN,1
2587,M26005_20260321_cell#338,2,2,0,0,0,1.01164280369116,0.849129086677304,NaN,NaN,NaN,1
2588,M26005_20260321_cell#339,2,2,1,1,0,1.14404265804721,0.979821442727004,NaN,NaN,NaN,1
2589,M26005_20260321_cell#340,2,2,0,0,0,0.962564201065347,0.916448289037761,NaN,NaN,NaN,1
2590,M26005_20260321_cell#341,2,2,0,0,0,0.991733971392985,0.830690236206559,NaN,NaN,NaN,1
2591,M26005_20260321_cell#342,2,2,1,1,0,1.05556049890707,0.949526430310764,NaN,NaN,NaN,1
2592,M26005_20260321_cell#343,2,2,1,1,1,1.4065193831806,1.01815345387904,NaN,NaN,NaN,0.00279682438138928
2593,M26005_20260321_cell#344,2,2,1,1,0,1.10080346972759,0.957729868501024,NaN,NaN,NaN,1
2594,M26005_20260321_cell#345,2,2,1,1,0,1.17259022400569,0.970473716219873,NaN,NaN,NaN,1
2595,M26005_20260321_cell#346,2,2,1,1,0,1.15814419518784,0.99133702882044,NaN,NaN,NaN,1
2596,M26005_20260321_cell#347,2,2,1,1,1,1.14326666857096,1.02883262548164,NaN,NaN,NaN,0
2597,M26005_20260321_cell#348,2,2,0,0,0,0.98492703440637,0.999722425173724,NaN,NaN,NaN,1
2598,M26005_20260321_cell#349,2,2,0,0,0,0.921130726160497,0.979403234978691,NaN,NaN,NaN,1
2599,M26005_20260321_cell#350,2,2,0,0,0,0.855941158852831,0.77211852087828,NaN,NaN,NaN,1
2600,M26005_20260321_cell#351,2,2,1,1,0,1.12137015914694,0.886152494914062,NaN,NaN,NaN,1
2601,M26005_20260321_cell#352,2,2,1,1,0,1.16530432265379,0.918036576162294,NaN,NaN,NaN,1
2602,M26005_20260321_cell#353,2,2,1,1,0,1.05433712239745,0.986193042628067,NaN,NaN,NaN,1
2603,M26005_20260321_cell#354,2,2,1,1,0,1.0409786053188,0.96946638741062,NaN,NaN,NaN,1
2604,M26005_20260321_cell#355,2,2,1,1,0,1.15524518222344,0.841807506843748,NaN,NaN,NaN,1
2605,M26005_20260321_cell#356,2,2,1,1,0,1.04667283844991,0.872235437502811,NaN,NaN,NaN,1
2606,M26005_20260321_cell#357,2,2,0,0,0,0.982060896387974,0.944392599920241,NaN,NaN,NaN,1
2607,M26005_20260321_cell#358,2,2,1,1,0,1.22984629243802,0.989402393606608,NaN,NaN,NaN,1
2608,M26005_20260321_cell#359,2,2,1,1,0,1.17825842271461,0.876040076672648,NaN,NaN,NaN,1
2609,M26005_20260321_cell#360,2,2,1,1,0,1.28726504568089,0.928350412743343,NaN,NaN,NaN,1
2610,M26005_20260321_cell#361,2,2,0,0,0,0.977780111259888,0.924095902053236,NaN,NaN,NaN,1
2611,M26005_20260321_cell#362,2,2,1,1,0,1.05563653968039,0.985208020809149,NaN,NaN,NaN,1
2612,M26005_20260321_cell#363,2,2,1,1,0,1.02683650034527,0.986728405097603,NaN,NaN,NaN,1
2613,M26005_20260321_cell#364,2,2,0,0,0,1.01662888905734,0.9729735281737,NaN,NaN,NaN,1
2614,M26005_20260321_cell#365,2,2,1,1,0,1.11413251543316,0.995418870188503,NaN,NaN,NaN,1
2615,M26005_20260321_cell#366,2,2,1,1,0,1.06161254042991,0.910209399082224,NaN,NaN,NaN,1
2616,M26005_20260321_cell#367,2,2,0,0,0,0.970221897709304,0.978840624545084,NaN,NaN,NaN,1
2617,M26005_20260321_cell#368,2,2,1,1,0,1.28672553876561,0.955666650297437,NaN,NaN,NaN,1
2618,M26005_20260321_cell#369,2,2,1,1,0,1.13800718163531,0.996009364085591,NaN,NaN,NaN,1
2619,M26005_20260321_cell#370,2,2,0,0,0,0.988531580954319,0.9555900986853,NaN,NaN,NaN,1
2620,M26005_20260321_cell#371,2,2,0,0,0,0.980057109593256,0.928404036467733,NaN,NaN,NaN,1
2621,M26005_20260321_cell#372,2,2,0,0,0,0.978686082533473,0.852870266561823,NaN,NaN,NaN,1
2622,M26005_20260321_cell#373,2,2,0,0,0,1.12360119758835,0.441753589798031,NaN,NaN,NaN,1
2623,M26005_20260321_cell#374,2,2,1,1,0,1.06770387534004,0.951772505872084,NaN,NaN,NaN,1
2624,M26005_20260321_cell#375,2,2,0,0,0,0.944141405469622,0.91285425125774,NaN,NaN,NaN,1
2625,M26005_20260321_cell#376,2,2,0,0,0,0.976196287891294,0.931841597006103,NaN,NaN,NaN,1
2626,M26005_20260321_cell#377,2,2,0,0,0,0.930018284814032,0.974293893675421,NaN,NaN,NaN,1
2627,M26005_20260321_cell#378,2,2,1,1,0,1.47257505949772,0.912716881290671,NaN,NaN,NaN,1
2628,M26005_20260321_cell#379,2,2,0,0,0,0.953248872689108,0.882418825162,NaN,NaN,NaN,1
2629,M26005_20260321_cell#380,2,2,1,1,0,1.04001927305517,0.949982242814112,NaN,NaN,NaN,1
2630,M26005_20260321_cell#381,2,2,0,0,0,0.980670781742041,0.96370984600861,NaN,NaN,NaN,1
2631,M26005_20260321_cell#382,2,2,1,1,0,1.02269439874264,0.996757677737337,NaN,NaN,NaN,1
2632,M26005_20260321_cell#383,2,2,1,1,0,1.09923877760247,0.823610692571658,NaN,NaN,NaN,1
2633,M26005_20260321_cell#384,2,2,0,0,0,0.988809858653891,0.781483957996598,NaN,NaN,NaN,1
2634,M26005_20260321_cell#385,2,2,1,1,0,1.12498226837548,0.964386966301269,NaN,NaN,NaN,1
2635,M26005_20260321_cell#386,2,2,0,0,0,0.998970916457848,0.991989931628576,NaN,NaN,NaN,1
2636,M26005_20260321_cell#387,2,2,0,0,0,0.979831937488171,0.988815314442052,NaN,NaN,NaN,1
2637,M26005_20260321_cell#388,2,2,0,0,0,0.920860212012507,0.897692051400426,NaN,NaN,NaN,1
2638,M26005_20260321_cell#389,2,2,1,1,0,1.17980859170067,0.917713301427882,NaN,NaN,NaN,1
2639,M26005_20260321_cell#390,2,2,1,1,0,1.38564969301999,0.832078295576336,NaN,NaN,NaN,1
2640,M26005_20260321_cell#391,2,2,1,1,0,1.06150147452007,0.989599625173615,NaN,NaN,NaN,1
2641,M26005_20260321_cell#392,2,2,1,1,0,1.23643235660827,0.997513271027065,NaN,NaN,NaN,1
2642,M26005_20260321_cell#393,2,2,0,0,0,1.0310836717008,0.908782015515763,NaN,NaN,NaN,1
2643,M26005_20260321_cell#394,2,2,1,1,0,1.17508926096608,0.976154060871692,NaN,NaN,NaN,1
2644,M26005_20260321_cell#395,2,2,1,1,0,1.08516487334644,0.924301495700134,NaN,NaN,NaN,1
2645,M26005_20260321_cell#396,2,2,1,1,0,1.02729829459927,0.952944232006443,NaN,NaN,NaN,1
2646,M26005_20260321_cell#397,2,2,1,1,0,1.0478883759945,0.998017629630708,NaN,NaN,NaN,1
2647,M26005_20260321_cell#398,2,2,0,0,0,0.978427691664092,0.967002556338121,NaN,NaN,NaN,1
2648,M26005_20260321_cell#399,2,2,1,1,0,1.08697666612548,0.961939332560859,NaN,NaN,NaN,1
2649,M26005_20260321_cell#400,2,2,0,0,0,0.999908401926557,0.983035318712113,NaN,NaN,NaN,1
2650,M26005_20260321_cell#401,2,2,1,1,0,1.14983145145011,0.930363028740482,NaN,NaN,NaN,1
2651,M26005_20260321_cell#402,2,2,1,1,0,1.05659747944547,0.976663685793441,NaN,NaN,NaN,1
2652,M26005_20260321_cell#403,2,2,1,1,0,1.05909313558098,0.965566659816113,NaN,NaN,NaN,1
2653,M26005_20260321_cell#404,2,2,0,0,0,1.00207116007972,0.981271461168259,NaN,NaN,NaN,1
2654,M26005_20260321_cell#405,2,2,0,0,1,0.956720036097191,1.03203008224485,NaN,NaN,NaN,5.8166313000596e-06
2655,M26005_20260321_cell#406,2,2,1,1,0,1.10533414500896,0.977976023425267,NaN,NaN,NaN,1
2657,M26005_20260321_cell#408,2,2,0,0,0,0.972606785331546,0.996441039440738,NaN,NaN,NaN,1
2659,M26005_20260321_cell#410,2,2,1,1,0,1.13217970440257,0.932392908981543,NaN,NaN,NaN,1
2660,M26005_20260321_cell#411,2,2,0,0,1,0.981746641522037,1.02566391490509,NaN,NaN,NaN,0
2661,M26005_20260321_cell#412,2,2,0,0,0,0.999628432672806,0.94263810014957,NaN,NaN,NaN,1
2662,M26005_20260321_cell#413,2,2,0,0,0,0.983647277279046,0.968399037165399,NaN,NaN,NaN,1
2663,M26005_20260321_cell#414,2,2,0,0,0,1.01707472668128,0.9300157240973,NaN,NaN,NaN,1
2664,M26005_20260321_cell#415,2,2,1,1,0,1.08272682057729,0.938934986654568,NaN,NaN,NaN,1
2665,M26005_20260321_cell#416,2,2,1,1,0,1.20874185811881,0.976505065007824,NaN,NaN,NaN,1
2666,M26005_20260321_cell#417,2,2,0,0,0,0.845233603169269,0.961552081051403,NaN,NaN,NaN,1
2667,M26005_20260321_cell#418,2,2,1,1,1,1.08527014520475,1.25380938882942,NaN,NaN,NaN,0
2668,M26005_20260321_cell#419,2,2,1,1,0,1.26239460493852,0.938693959727106,NaN,NaN,NaN,1
2670,M26005_20260321_cell#421,2,2,1,1,0,1.26012146554911,0.857830741010984,NaN,NaN,NaN,1
2671,M26005_20260321_cell#422,2,2,1,1,0,1.07093098103708,0.962268564518282,NaN,NaN,NaN,1
2672,M26005_20260321_cell#423,2,2,1,1,1,1.14372419658309,1.01804021374042,NaN,NaN,NaN,0
2673,M26005_20260321_cell#424,2,2,0,1,0,1.01155188650022,NaN,NaN,NaN,NaN,NaN
2674,M26005_20260321_cell#425,2,2,0,0,0,0.956092909186216,0.521151694509206,NaN,NaN,NaN,1
2675,M26005_20260321_cell#426,2,2,0,0,1,0.978541089344735,1.0298044698417,NaN,NaN,NaN,0
2676,M26005_20260321_cell#427,2,2,1,1,0,1.22951361323991,0.991710153109015,NaN,NaN,NaN,1
2677,M26005_20260321_cell#428,2,2,1,1,0,1.19469457350579,0.956774814639031,NaN,NaN,NaN,1
2678,M26005_20260321_cell#429,2,2,1,1,0,1.0500905294827,0.872150929651157,NaN,NaN,NaN,1
2679,M26005_20260321_cell#430,2,2,1,1,0,1.36549718368614,0.984795634279388,NaN,NaN,NaN,1
2680,M26005_20260321_cell#431,2,2,1,1,0,1.42619084908873,0.954668823949808,NaN,NaN,NaN,1
2681,M26005_20260321_cell#432,2,2,1,1,0,1.05955463180237,1.00977241855215,NaN,NaN,NaN,0.195030607655905
2682,M26005_20260321_cell#433,2,2,1,1,0,1.07542785279135,0.902755433207198,NaN,NaN,NaN,1
2683,M26005_20260321_cell#434,2,2,0,0,0,0.993370168676972,0.982297135207428,NaN,NaN,NaN,1
2684,M26005_20260321_cell#435,2,2,0,0,0,0.994966358231109,0.975038697532164,NaN,NaN,NaN,1
2685,M26005_20260321_cell#436,2,2,0,0,0,1.01817801872178,0.874421502638195,NaN,NaN,NaN,1
2686,M26005_20260321_cell#437,2,2,1,1,0,1.08040727899841,0.96713270105671,NaN,NaN,NaN,1
2687,M26005_20260321_cell#438,2,2,1,1,1,1.15870082376655,1.02629031050036,NaN,NaN,NaN,0
2688,M26005_20260321_cell#439,2,2,0,0,0,0.959844851130116,0.948199735823121,NaN,NaN,NaN,1
2690,M26005_20260321_cell#441,2,2,1,1,0,1.0783428150783,0.961371393263339,NaN,NaN,NaN,1
2692,M26005_20260321_cell#443,2,2,1,1,0,1.03336065769542,0.958578381750932,NaN,NaN,NaN,1
2693,M26005_20260321_cell#444,2,2,1,1,0,1.14570758768586,0.989930603896829,NaN,NaN,NaN,1
2694,M26005_20260321_cell#445,2,2,1,1,0,1.13425905042279,0.978682943824844,NaN,NaN,NaN,1
2695,M26005_20260321_cell#446,2,2,1,1,0,1.33949169705136,0.834057700135184,NaN,NaN,NaN,1
2696,M26005_20260321_cell#447,2,2,1,1,0,1.04661376190194,0.837304821902724,NaN,NaN,NaN,1
2697,M26005_20260321_cell#448,2,2,1,1,0,1.08852476556527,0.900432044893482,NaN,NaN,NaN,1
2698,M26005_20260321_cell#449,2,2,1,1,0,1.27253669924077,1.00643314367763,NaN,NaN,NaN,6.31716901011714e-14
2699,M26005_20260321_cell#450,2,2,1,1,0,1.18655434822203,0.968199378795614,NaN,NaN,NaN,1
2700,M26005_20260321_cell#451,2,2,1,1,0,1.46468551790222,1.00533223014754,NaN,NaN,NaN,0.999979848018456
2701,M26005_20260321_cell#452,2,2,1,1,0,1.0900453719481,0.941711393501449,NaN,NaN,NaN,1
2702,M26005_20260321_cell#453,2,2,1,1,0,1.06847826887925,0.974812989529112,NaN,NaN,NaN,1
2703,M26005_20260321_cell#454,2,2,0,0,0,1.0076369148977,0.901642743030389,NaN,NaN,NaN,1
2704,M26005_20260321_cell#455,2,2,1,1,0,1.23082246044918,0.980096915047438,NaN,NaN,NaN,1
2705,M26005_20260321_cell#456,2,2,1,1,0,1.10094401047111,0.993073258628995,NaN,NaN,NaN,1
2706,M26005_20260321_cell#457,2,2,1,1,0,1.23209933840667,0.967821677935229,NaN,NaN,NaN,1
2707,M26005_20260321_cell#458,2,2,0,0,0,0.97685603751276,0.901165685531767,NaN,NaN,NaN,1
2708,M26005_20260321_cell#459,2,2,1,1,0,1.05427702648058,0.992016890168063,NaN,NaN,NaN,1
2709,M26005_20260321_cell#460,2,2,0,0,0,0.997570303528934,0.880349619884993,NaN,NaN,NaN,1
2710,M26005_20260321_cell#461,2,2,1,1,0,1.0816325301327,0.962986146861504,NaN,NaN,NaN,1
2711,M26005_20260321_cell#462,2,2,1,1,0,1.19153785757589,0.991233991511708,NaN,NaN,NaN,1
2712,M26005_20260321_cell#463,2,2,1,1,0,1.19116099939104,0.997677019318612,NaN,NaN,NaN,1
2713,M26005_20260321_cell#464,2,2,0,0,0,0.988692834181004,0.943467925327795,NaN,NaN,NaN,1
2714,M26005_20260321_cell#465,2,2,0,0,0,0.955649805596539,0.936213284822275,NaN,NaN,NaN,1
2715,M26005_20260321_cell#466,2,2,1,1,0,1.10134362843659,0.99474206564957,NaN,NaN,NaN,1
2716,M26005_20260321_cell#467,2,2,0,0,0,0.985366198858451,0.978176781838529,NaN,NaN,NaN,1
2717,M26005_20260321_cell#468,2,2,1,1,0,1.03572880355044,0.985991416830229,NaN,NaN,NaN,1
2718,M26005_20260321_cell#469,2,2,1,1,0,1.11067649967113,0.974210309355391,NaN,NaN,NaN,1
2719,M26005_20260321_cell#470,2,2,1,1,0,1.12588053811751,0.985139225848728,NaN,NaN,NaN,1
2720,M26005_20260321_cell#471,2,2,1,1,0,1.11566038359357,0.978215421015079,NaN,NaN,NaN,1
2721,M26005_20260321_cell#472,2,2,0,0,0,1.00264378244765,0.965343119176291,NaN,NaN,NaN,1
2722,M26005_20260321_cell#473,2,2,0,0,0,0.987614009261375,0.976991110947649,NaN,NaN,NaN,1
2723,M26005_20260321_cell#474,2,2,1,1,0,1.1675004276927,0.914958135018411,NaN,NaN,NaN,1
2724,M26005_20260321_cell#475,2,2,1,1,0,1.22419396991238,0.921673287946723,NaN,NaN,NaN,1
2725,M26005_20260321_cell#476,2,2,1,1,0,1.16926073197441,0.98599303564483,NaN,NaN,NaN,1
2726,M26005_20260321_cell#477,2,2,1,1,0,1.1091176683557,0.945369051531344,NaN,NaN,NaN,1
2727,M26005_20260321_cell#478,2,2,1,1,0,1.10947038550578,0.985333702644242,NaN,NaN,NaN,1
2728,M26005_20260321_cell#479,2,2,0,0,0,0.971123362313083,0.971077882961455,NaN,NaN,NaN,1
2729,M26005_20260321_cell#480,2,2,0,0,0,0.994390464197876,0.883721298788558,NaN,NaN,NaN,1
2730,M26005_20260321_cell#481,2,2,0,0,0,1.06986495214559,0.744165818215091,NaN,NaN,NaN,1
2731,M26005_20260321_cell#482,2,2,1,1,0,1.05432107952751,0.925744609131831,NaN,NaN,NaN,1
2732,M26005_20260321_cell#483,2,2,1,1,0,1.02740133936262,1.00096909927979,NaN,NaN,NaN,0.999999941086132
2733,M26005_20260321_cell#484,2,2,1,1,0,1.24890526721289,1.00358909999764,NaN,NaN,NaN,6.21502849185163e-13
2734,M26005_20260321_cell#485,2,2,1,1,0,1.02399524655947,0.969142738512929,NaN,NaN,NaN,1
2735,M26005_20260321_cell#486,2,2,1,1,0,1.09480446026947,0.979606251383251,NaN,NaN,NaN,1
2736,M26005_20260321_cell#487,2,2,0,0,0,1.00439032396694,0.980173541654985,NaN,NaN,NaN,1
2737,M26005_20260321_cell#488,2,2,1,1,0,1.06902755981306,0.971399044077484,NaN,NaN,NaN,1
2738,M26005_20260321_cell#489,2,2,1,1,0,1.13328103958031,0.944923117427118,NaN,NaN,NaN,1
2739,M26005_20260321_cell#490,2,2,1,1,0,1.13716853370813,0.941563073699039,NaN,NaN,NaN,1
2741,M26005_20260321_cell#492,2,2,1,1,0,1.09775573885979,0.983986422560455,NaN,NaN,NaN,1
2742,M26005_20260321_cell#493,2,2,0,0,0,0.991608139718156,0.808813091688315,NaN,NaN,NaN,1
2743,M26005_20260321_cell#494,2,2,1,1,0,1.08837576552235,0.92131585418648,NaN,NaN,NaN,1
2744,M26005_20260321_cell#495,2,2,1,1,0,1.0452499349404,0.99801773746005,NaN,NaN,NaN,1
2746,M26005_20260322_cell#2,2,3,0,0,0,0.980471725299455,0.930383589695765,NaN,NaN,NaN,1
2747,M26005_20260322_cell#3,2,3,1,1,0,1.20486124291076,0.971549706490244,NaN,NaN,NaN,1
2749,M26005_20260322_cell#5,2,3,1,1,0,1.08740596515472,0.97151497028505,NaN,NaN,NaN,1
2750,M26005_20260322_cell#6,2,3,1,1,0,1.46882227656399,0.982604228744934,NaN,NaN,NaN,1
2751,M26005_20260322_cell#7,2,3,1,1,0,1.66606674864416,0.983357762719201,NaN,NaN,NaN,1
2752,M26005_20260322_cell#8,2,3,1,1,0,1.11832934998467,0.959572897517951,NaN,NaN,NaN,1
2753,M26005_20260322_cell#9,2,3,0,0,0,0.993105458884152,0.979064045783648,NaN,NaN,NaN,1
2754,M26005_20260322_cell#10,2,3,1,1,0,1.1024426043951,0.888557718520051,NaN,NaN,NaN,1
2755,M26005_20260322_cell#11,2,3,1,1,0,1.60861485506728,0.7042834168881,NaN,NaN,NaN,1
2756,M26005_20260322_cell#12,2,3,1,1,1,1.15418906967725,1.04559538805879,NaN,NaN,NaN,0
2757,M26005_20260322_cell#13,2,3,1,1,0,1.21238712591069,0.933976368628548,NaN,NaN,NaN,1
2758,M26005_20260322_cell#14,2,3,0,0,0,0.959990519911313,0.967912920299072,NaN,NaN,NaN,1
2759,M26005_20260322_cell#15,2,3,1,1,0,1.04312366013033,0.995049809304421,NaN,NaN,NaN,1
2760,M26005_20260322_cell#16,2,3,0,0,0,1.01910488640088,0.930378291472198,NaN,NaN,NaN,1
2761,M26005_20260322_cell#17,2,3,1,1,0,1.22924273706708,0.987508968740997,NaN,NaN,NaN,1
2762,M26005_20260322_cell#18,2,3,1,1,0,1.5042425877788,0.806911012943354,NaN,NaN,NaN,1
2763,M26005_20260322_cell#19,2,3,1,1,0,1.3292129869487,0.85220146050812,NaN,NaN,NaN,1
2764,M26005_20260322_cell#20,2,3,1,1,0,1.30984524124138,0.964159662272291,NaN,NaN,NaN,1
2765,M26005_20260322_cell#21,2,3,1,1,0,1.11141860975625,0.962156727077787,NaN,NaN,NaN,1
2766,M26005_20260322_cell#22,2,3,0,0,0,1.01322208428751,0.516531115280113,NaN,NaN,NaN,1
2767,M26005_20260322_cell#23,2,3,1,1,0,1.33872967020221,0.969865496758927,NaN,NaN,NaN,1
2768,M26005_20260322_cell#24,2,3,1,1,0,1.07775470281865,0.974509394242987,NaN,NaN,NaN,1
2769,M26005_20260322_cell#25,2,3,0,0,0,0.961985931368457,0.956298822754953,NaN,NaN,NaN,1
2770,M26005_20260322_cell#26,2,3,0,0,0,0.973677110588541,0.915685431106453,NaN,NaN,NaN,1
2771,M26005_20260322_cell#27,2,3,1,1,0,1.07353216875862,0.967533066198042,NaN,NaN,NaN,1
2772,M26005_20260322_cell#28,2,3,1,1,0,1.18019148733296,0.997094834816786,NaN,NaN,NaN,1
2773,M26005_20260322_cell#29,2,3,1,1,0,1.2216174164374,0.991980148327339,NaN,NaN,NaN,1
2774,M26005_20260322_cell#30,2,3,0,0,0,0.945419212407768,0.919664492499849,NaN,NaN,NaN,1
2775,M26005_20260322_cell#31,2,3,0,0,0,0.993108850283537,0.920342328948217,NaN,NaN,NaN,1
2776,M26005_20260322_cell#32,2,3,0,0,0,1.00270785884548,0.810523202762108,NaN,NaN,NaN,1
2777,M26005_20260322_cell#33,2,3,1,1,0,1.08421771602542,0.989889006872955,NaN,NaN,NaN,1
2778,M26005_20260322_cell#34,2,3,0,0,0,0.932935330970722,0.955757546162318,NaN,NaN,NaN,1
2779,M26005_20260322_cell#35,2,3,0,0,0,0.920423510976482,0.965691395801434,NaN,NaN,NaN,1
2780,M26005_20260322_cell#36,2,3,1,1,0,1.19949685234045,0.90861591257254,NaN,NaN,NaN,1
2781,M26005_20260322_cell#37,2,3,0,0,0,0.977522828630679,0.949996305759448,NaN,NaN,NaN,1
2782,M26005_20260322_cell#38,2,3,0,0,0,0.938684705833049,0.917726526967816,NaN,NaN,NaN,1
2783,M26005_20260322_cell#39,2,3,1,1,0,1.09005916664369,0.850960456318253,NaN,NaN,NaN,1
2784,M26005_20260322_cell#40,2,3,0,0,0,0.942096107472452,0.925794642281122,NaN,NaN,NaN,1
2785,M26005_20260322_cell#41,2,3,0,0,0,0.901286683874362,0.930858013583542,NaN,NaN,NaN,1
2786,M26005_20260322_cell#42,2,3,1,1,0,1.11304738773228,0.952954410292609,NaN,NaN,NaN,1
2787,M26005_20260322_cell#43,2,3,0,0,0,0.98920863578369,0.995105462117302,NaN,NaN,NaN,1
2788,M26005_20260322_cell#44,2,3,1,1,0,1.26891883121745,0.98716141098977,NaN,NaN,NaN,1
2789,M26005_20260322_cell#45,2,3,0,0,0,0.957576921010356,0.923207253433798,NaN,NaN,NaN,1
2790,M26005_20260322_cell#46,2,3,1,1,0,1.14720388968678,0.897218224763983,NaN,NaN,NaN,1
2791,M26005_20260322_cell#47,2,3,1,1,0,1.28588016215443,0.966087395538207,NaN,NaN,NaN,1
2792,M26005_20260322_cell#48,2,3,1,1,0,1.14534345931249,0.955020881661196,NaN,NaN,NaN,1
2793,M26005_20260322_cell#49,2,3,1,1,0,1.08232613770942,0.958029269996086,NaN,NaN,NaN,1
2794,M26005_20260322_cell#50,2,3,0,0,0,0.97955214337962,0.982467308396647,NaN,NaN,NaN,1
2795,M26005_20260322_cell#51,2,3,1,1,0,1.36597268840434,0.99113181583096,NaN,NaN,NaN,1
2796,M26005_20260322_cell#52,2,3,1,1,0,1.14563411338494,0.867621608129185,NaN,NaN,NaN,1
2797,M26005_20260322_cell#53,2,3,1,1,0,1.20781988630749,0.999065347311786,NaN,NaN,NaN,1
2798,M26005_20260322_cell#54,2,3,1,1,0,1.11561204291213,0.954357235000063,NaN,NaN,NaN,1
2800,M26005_20260322_cell#56,2,3,1,1,0,1.06213553152131,0.999828608943641,NaN,NaN,NaN,1
2801,M26005_20260322_cell#57,2,3,1,1,0,1.06998532051828,0.814068810475126,NaN,NaN,NaN,1
2802,M26005_20260322_cell#58,2,3,0,0,0,0.984064106796649,0.804824003137808,NaN,NaN,NaN,1
2803,M26005_20260322_cell#59,2,3,1,1,0,1.21045764872794,0.973073081957777,NaN,NaN,NaN,1
2804,M26005_20260322_cell#60,2,3,0,0,0,0.984202190151617,0.836215051801544,NaN,NaN,NaN,1
2805,M26005_20260322_cell#61,2,3,1,1,0,1.17543645295286,0.975954401066058,NaN,NaN,NaN,1
2806,M26005_20260322_cell#62,2,3,0,0,0,0.93206782311337,0.962192292936761,NaN,NaN,NaN,1
2807,M26005_20260322_cell#63,2,3,0,0,0,0.992711731037208,0.983373536402887,NaN,NaN,NaN,1
2808,M26005_20260322_cell#64,2,3,1,1,0,1.11576317776577,0.916963382963651,NaN,NaN,NaN,1
2809,M26005_20260322_cell#65,2,3,0,0,1,0.884124778136055,1.03108012842478,NaN,NaN,NaN,1.21829849553112e-06
2810,M26005_20260322_cell#66,2,3,0,0,0,0.973080959898235,0.924682696955673,NaN,NaN,NaN,1
2811,M26005_20260322_cell#67,2,3,0,0,0,0.980597558554676,0.802884695234596,NaN,NaN,NaN,1
2812,M26005_20260322_cell#68,2,3,0,0,0,0.967405642004815,0.959323904035969,NaN,NaN,NaN,1
2813,M26005_20260322_cell#69,2,3,0,0,0,1.01949555894871,0.893746203885281,NaN,NaN,NaN,1
2814,M26005_20260322_cell#70,2,3,0,0,0,0.928513709408564,0.975253645727512,NaN,NaN,NaN,1
2815,M26005_20260322_cell#71,2,3,0,0,0,0.972819450068131,0.939756929444081,NaN,NaN,NaN,1
2816,M26005_20260322_cell#72,2,3,0,0,0,0.912727078603745,0.986809695176555,NaN,NaN,NaN,1
2817,M26005_20260322_cell#73,2,3,1,1,0,1.26690461123294,0.876578175817803,NaN,NaN,NaN,1
2818,M26005_20260322_cell#74,2,3,1,1,0,1.13259226758566,0.984876733918749,NaN,NaN,NaN,1
2819,M26005_20260322_cell#75,2,3,1,1,0,1.15511989963125,0.958475255315414,NaN,NaN,NaN,1
2820,M26005_20260322_cell#76,2,3,0,0,1,0.888662579793789,1.08956720720296,NaN,NaN,NaN,0
2821,M26005_20260322_cell#77,2,3,1,1,0,1.65191442520845,0.960239740202029,NaN,NaN,NaN,1
2822,M26005_20260322_cell#78,2,3,1,1,0,1.04577902622301,1.00025633785611,NaN,NaN,NaN,1
2823,M26005_20260322_cell#79,2,3,0,0,0,0.930469867620065,0.879614656489885,NaN,NaN,NaN,1
2824,M26005_20260322_cell#80,2,3,0,0,0,0.928765626806445,0.942150599322103,NaN,NaN,NaN,1
2825,M26005_20260322_cell#81,2,3,1,1,0,1.21167212559735,0.967720435822196,NaN,NaN,NaN,1
2826,M26005_20260322_cell#82,2,3,1,1,0,1.05003700849537,1.00236599983036,NaN,NaN,NaN,0.999697973772517
2827,M26005_20260322_cell#83,2,3,0,0,0,0.959996993206487,0.99963142380801,NaN,NaN,NaN,1
2828,M26005_20260322_cell#84,2,3,1,1,0,1.45287981098879,0.83835709085885,NaN,NaN,NaN,1
2830,M26005_20260322_cell#86,2,3,1,1,0,1.03391569100796,0.983728823362638,NaN,NaN,NaN,1
2831,M26005_20260322_cell#87,2,3,0,0,0,1.02685145988105,0.947209793073518,NaN,NaN,NaN,1
2832,M26005_20260322_cell#88,2,3,1,1,0,1.04902051132405,0.966527053176905,NaN,NaN,NaN,1
2833,M26005_20260322_cell#89,2,3,0,0,0,1.06851384702057,0.819563676132302,NaN,NaN,NaN,1
2834,M26005_20260322_cell#90,2,3,1,1,0,1.14412797934303,0.920116734095723,NaN,NaN,NaN,1
2835,M26005_20260322_cell#91,2,3,1,1,0,1.09142664192901,0.950605827641903,NaN,NaN,NaN,1
2836,M26005_20260322_cell#92,2,3,0,0,0,0.915089274090859,0.961831569143034,NaN,NaN,NaN,1
2837,M26005_20260322_cell#93,2,3,0,0,1,0.951842913664435,1.03359454405759,NaN,NaN,NaN,0
2838,M26005_20260322_cell#94,2,3,1,1,0,1.06830647522393,0.987059294261186,NaN,NaN,NaN,1
2839,M26005_20260322_cell#95,2,3,0,0,0,0.940227389575179,0.958212483540995,NaN,NaN,NaN,1
2840,M26005_20260322_cell#96,2,3,0,0,1,0.958232177773233,1.13066337374606,NaN,NaN,NaN,0
2841,M26005_20260322_cell#97,2,3,1,1,0,1.21700342912164,0.977055158599662,NaN,NaN,NaN,1
2842,M26005_20260322_cell#98,2,3,1,1,0,1.19794131316883,0.951068550065617,NaN,NaN,NaN,1
2843,M26005_20260322_cell#99,2,3,1,1,0,1.12446015516271,1.00252261041766,NaN,NaN,NaN,0.999999997737454
2844,M26005_20260322_cell#100,2,3,1,1,0,1.25657553067912,0.932342491529437,NaN,NaN,NaN,1
2845,M26005_20260322_cell#101,2,3,0,0,0,0.985370369751527,0.992855851526489,NaN,NaN,NaN,1
2846,M26005_20260322_cell#102,2,3,1,1,0,1.22396283987474,0.989103735679005,NaN,NaN,NaN,1
2847,M26005_20260322_cell#103,2,3,1,1,0,1.09085750457544,0.952003365467348,NaN,NaN,NaN,1
2848,M26005_20260322_cell#104,2,3,0,0,0,1.10715575373912,0.873742314865713,NaN,NaN,NaN,1
2849,M26005_20260322_cell#105,2,3,0,0,0,0.998325655862594,0.891421490277677,NaN,NaN,NaN,1
2850,M26005_20260322_cell#106,2,3,0,0,0,1.01530339065173,0.986069047008996,NaN,NaN,NaN,1
2851,M26005_20260322_cell#107,2,3,0,0,0,0.923512285543648,0.914738871717336,NaN,NaN,NaN,1
2852,M26005_20260322_cell#108,2,3,0,0,0,0.907720999672295,0.935850463749611,NaN,NaN,NaN,1
2853,M26005_20260322_cell#109,2,3,0,0,0,0.944074096810697,0.927370397020897,NaN,NaN,NaN,1
2854,M26005_20260322_cell#110,2,3,1,1,0,1.04102082290075,0.964425814289927,NaN,NaN,NaN,1
2855,M26005_20260322_cell#111,2,3,1,1,0,1.19992260977204,0.985016459658567,NaN,NaN,NaN,1
2856,M26005_20260322_cell#112,2,3,0,0,0,0.977015966276672,0.990268723174298,NaN,NaN,NaN,1
2857,M26005_20260322_cell#113,2,3,0,0,0,0.963948582690269,0.87976713856588,NaN,NaN,NaN,1
2858,M26005_20260322_cell#114,2,3,0,0,0,0.757417705471902,0.964474742578151,NaN,NaN,NaN,1
2859,M26005_20260322_cell#115,2,3,1,1,0,1.17321437200885,0.954764072588918,NaN,NaN,NaN,1
2860,M26005_20260322_cell#116,2,3,0,0,0,0.952405011412935,0.883608294658557,NaN,NaN,NaN,1
2861,M26005_20260322_cell#117,2,3,1,1,0,1.09228267055783,0.937504823900351,NaN,NaN,NaN,1
2862,M26005_20260322_cell#118,2,3,0,0,0,1.02061507329277,0.857307605903093,NaN,NaN,NaN,1
2863,M26005_20260322_cell#119,2,3,1,1,0,1.45058541951685,0.983228941097776,NaN,NaN,NaN,1
2864,M26005_20260322_cell#120,2,3,0,0,0,0.863857002666252,0.972732901320274,NaN,NaN,NaN,1
2865,M26005_20260322_cell#121,2,3,1,1,0,1.22607303936346,0.828728662279077,NaN,NaN,NaN,1
2866,M26005_20260322_cell#122,2,3,0,0,0,0.965586187619764,0.915141147757108,NaN,NaN,NaN,1
2867,M26005_20260322_cell#123,2,3,1,1,0,1.0698405347983,0.921170489753401,NaN,NaN,NaN,1
2868,M26005_20260322_cell#124,2,3,0,0,0,0.987977644115777,0.930100492797182,NaN,NaN,NaN,1
2869,M26005_20260322_cell#125,2,3,1,1,0,1.13241937551809,0.701970533044001,NaN,NaN,NaN,1
2871,M26005_20260322_cell#127,2,3,1,1,0,1.09695449668112,0.964937303765336,NaN,NaN,NaN,1
2872,M26005_20260322_cell#128,2,3,0,0,0,0.93633612479152,0.943465835426037,NaN,NaN,NaN,1
2873,M26005_20260322_cell#129,2,3,1,1,0,1.30342837543769,0.962202937265784,NaN,NaN,NaN,1
2874,M26005_20260322_cell#130,2,3,1,1,0,1.23663732250583,0.877435022678943,NaN,NaN,NaN,1
2875,M26005_20260322_cell#131,2,3,1,1,0,1.0690777092653,0.989611305759123,NaN,NaN,NaN,1
2876,M26005_20260322_cell#132,2,3,1,1,0,1.12739494132854,0.946576859801772,NaN,NaN,NaN,1
2877,M26005_20260322_cell#133,2,3,1,1,0,1.19504252053053,0.946072508187133,NaN,NaN,NaN,1
2878,M26005_20260322_cell#134,2,3,1,1,0,1.21575642362227,0.895275341746478,NaN,NaN,NaN,1
2879,M26005_20260322_cell#135,2,3,1,1,0,1.28236606305387,0.975815214598081,NaN,NaN,NaN,1
2880,M26005_20260322_cell#136,2,3,1,1,0,1.04764492751238,0.813277022782317,NaN,NaN,NaN,1
2881,M26005_20260322_cell#137,2,3,1,1,1,1.69902065911137,1.1438334480879,NaN,NaN,NaN,0
2882,M26005_20260322_cell#138,2,3,0,0,0,1.0201668152153,0.894269524229534,NaN,NaN,NaN,1
2883,M26005_20260322_cell#139,2,3,1,1,0,1.12044260361029,0.919834629382822,NaN,NaN,NaN,1
2884,M26005_20260322_cell#140,2,3,1,1,0,1.15784930355037,1.00142036229246,NaN,NaN,NaN,0.683482214349301
2885,M26005_20260322_cell#141,2,3,0,0,0,0.996309119905209,0.880279398854689,NaN,NaN,NaN,1
2886,M26005_20260322_cell#142,2,3,1,1,0,1.06566414681081,0.961886963712209,NaN,NaN,NaN,1
2887,M26005_20260322_cell#143,2,3,1,1,0,1.08426661416041,0.874079846098556,NaN,NaN,NaN,1
2888,M26005_20260322_cell#144,2,3,0,0,0,0.930930760255219,0.975221368848162,NaN,NaN,NaN,1
2889,M26005_20260322_cell#145,2,3,0,0,0,1.03531355047817,0.993084583136454,NaN,NaN,NaN,1
2890,M26005_20260322_cell#146,2,3,0,1,0,1.01350083620795,NaN,NaN,NaN,NaN,NaN
2891,M26005_20260322_cell#147,2,3,1,1,0,1.37823157292003,0.958126591611222,NaN,NaN,NaN,1
2892,M26005_20260322_cell#148,2,3,1,1,0,1.13609085149122,0.938985048813224,NaN,NaN,NaN,1
2893,M26005_20260322_cell#149,2,3,1,1,0,1.15898904374777,0.947039409195316,NaN,NaN,NaN,1
2894,M26005_20260322_cell#150,2,3,0,0,0,0.86240945834488,0.942756057792241,NaN,NaN,NaN,1
2895,M26005_20260322_cell#151,2,3,0,0,0,0.999756519537161,0.968593826377936,NaN,NaN,NaN,1
2896,M26005_20260322_cell#152,2,3,0,0,0,0.976699704627106,0.936662427467016,NaN,NaN,NaN,1
2897,M26005_20260322_cell#153,2,3,0,0,0,1.00878467143719,0.900590355697343,NaN,NaN,NaN,1
2898,M26005_20260322_cell#154,2,3,0,0,0,0.948593956335571,0.996960486839592,NaN,NaN,NaN,1
2899,M26005_20260322_cell#155,2,3,0,0,0,0.990208610842441,0.962121786645788,NaN,NaN,NaN,1
2900,M26005_20260322_cell#156,2,3,0,0,1,0.97977598015421,1.03109619291828,NaN,NaN,NaN,5.41632527717439e-09
2901,M26005_20260322_cell#157,2,3,0,0,0,0.913836392795813,0.989915237098983,NaN,NaN,NaN,1
2902,M26005_20260322_cell#158,2,3,1,1,0,1.06700885445515,0.991325746950583,NaN,NaN,NaN,1
2903,M26005_20260322_cell#159,2,3,1,1,0,1.26089872988245,0.479886275341742,NaN,NaN,NaN,1
2904,M26005_20260322_cell#160,2,3,0,0,0,0.811443714401895,0.836005822425519,NaN,NaN,NaN,1
2905,M26005_20260322_cell#161,2,3,1,1,0,1.02472963556214,0.948415316619049,NaN,NaN,NaN,1
2906,M26005_20260322_cell#162,2,3,0,0,0,0.968441801907395,0.880830811691721,NaN,NaN,NaN,1
2907,M26005_20260322_cell#163,2,3,1,1,0,1.06798337864168,0.988543704863478,NaN,NaN,NaN,1
2908,M26005_20260322_cell#164,2,3,1,1,0,1.2568453161641,0.918717634873423,NaN,NaN,NaN,1
2909,M26005_20260322_cell#165,2,3,1,1,0,1.23080102086295,0.895378817565363,NaN,NaN,NaN,1
2910,M26005_20260322_cell#166,2,3,1,1,0,1.10157123000567,0.951931163922308,NaN,NaN,NaN,1
2911,M26005_20260322_cell#167,2,3,1,1,0,1.07156919492617,0.967612059862486,NaN,NaN,NaN,1
2912,M26005_20260322_cell#168,2,3,1,1,0,1.09782186861725,0.972414283915613,NaN,NaN,NaN,1
2913,M26005_20260322_cell#169,2,3,1,1,0,1.04110580663979,0.946542759432422,NaN,NaN,NaN,1
2914,M26005_20260322_cell#170,2,3,1,1,1,1.21422365454514,1.06797972566522,NaN,NaN,NaN,0
2915,M26005_20260322_cell#171,2,3,1,1,0,1.1733245720026,0.956282364440441,NaN,NaN,NaN,1
2916,M26005_20260322_cell#172,2,3,1,1,0,1.05629964469811,0.963019553676391,NaN,NaN,NaN,1
2917,M26005_20260322_cell#173,2,3,1,1,0,1.29582788493215,0.885125879877515,NaN,NaN,NaN,1
2918,M26005_20260322_cell#174,2,3,1,1,0,1.07378990685488,1.00909584724803,NaN,NaN,NaN,0.223127680265417
2919,M26005_20260322_cell#175,2,3,1,1,0,1.26569032738898,0.876266217747286,NaN,NaN,NaN,1
2920,M26005_20260322_cell#176,2,3,1,1,0,1.06074754824279,0.949025473031992,NaN,NaN,NaN,1
2921,M26005_20260322_cell#177,2,3,0,0,0,1.0022292789728,0.95821809648913,NaN,NaN,NaN,1
2922,M26005_20260322_cell#178,2,3,0,0,0,1.00412419117227,0.958843484571484,NaN,NaN,NaN,1
2924,M26005_20260322_cell#180,2,3,0,0,0,0.925392198671299,0.951812258164495,NaN,NaN,NaN,1
2925,M26005_20260322_cell#181,2,3,0,0,0,1.03735425508158,0.892266132635478,NaN,NaN,NaN,1
2926,M26005_20260322_cell#182,2,3,1,1,0,1.03223582672254,0.956044144987162,NaN,NaN,NaN,1
2927,M26005_20260322_cell#183,2,3,0,0,0,0.99298261578772,0.872069629070351,NaN,NaN,NaN,1
2928,M26005_20260322_cell#184,2,3,1,1,0,1.01663334941219,1.00086417965359,NaN,NaN,NaN,0.999999986119774
2929,M26005_20260322_cell#185,2,3,0,0,0,1.01204150453098,0.761594886118434,NaN,NaN,NaN,1
2930,M26005_20260322_cell#186,2,3,0,0,0,0.601951398444138,0.662660938456131,NaN,NaN,NaN,1
2931,M26005_20260322_cell#187,2,3,1,1,0,1.38527934361803,1.01438093617909,NaN,NaN,NaN,1.90649040998636e-09
2932,M26005_20260322_cell#188,2,3,0,0,0,0.959239914453778,0.934862497077709,NaN,NaN,NaN,1
2933,M26005_20260322_cell#189,2,3,0,0,0,0.980547206828319,0.972452278428622,NaN,NaN,NaN,1
2934,M26005_20260322_cell#190,2,3,0,0,0,1.16622632916521,0.670555891712734,NaN,NaN,NaN,1
2935,M26005_20260322_cell#191,2,3,0,0,0,0.983216903614593,0.970860046553886,NaN,NaN,NaN,1
2936,M26005_20260322_cell#192,2,3,0,0,0,1.00831691025578,0.980484301772975,NaN,NaN,NaN,1
2937,M26005_20260322_cell#193,2,3,0,0,0,0.990157927269408,0.986364245379413,NaN,NaN,NaN,1
2938,M26005_20260322_cell#194,2,3,0,0,0,0.970091090261059,0.870819097411375,NaN,NaN,NaN,1
2939,M26005_20260322_cell#195,2,3,0,0,0,0.974852317414151,0.957727695928229,NaN,NaN,NaN,1
2940,M26005_20260322_cell#196,2,3,1,1,0,1.0481990389999,0.912362790160862,NaN,NaN,NaN,1
2941,M26005_20260322_cell#197,2,3,1,1,0,1.24193856795793,0.809637710903784,NaN,NaN,NaN,1
2942,M26005_20260322_cell#198,2,3,0,0,0,0.997993207614095,0.790349074892592,NaN,NaN,NaN,1
2943,M26005_20260322_cell#199,2,3,1,1,1,1.67788665124417,1.10266330813394,NaN,NaN,NaN,0.00217361139747108
2944,M26005_20260322_cell#200,2,3,1,1,0,1.06518568949116,0.906411856546529,NaN,NaN,NaN,1
2945,M26005_20260322_cell#201,2,3,1,1,0,1.23473280776897,0.959794478437667,NaN,NaN,NaN,1
2946,M26005_20260322_cell#202,2,3,1,1,0,1.15264177335051,0.936267833205507,NaN,NaN,NaN,1
2947,M26005_20260322_cell#203,2,3,0,0,0,1.0127916677625,1.02381325253396,NaN,NaN,NaN,0.997468541877208
2948,M26005_20260322_cell#204,2,3,1,1,0,1.03659028229785,0.955411063562612,NaN,NaN,NaN,1
2949,M26005_20260322_cell#205,2,3,0,0,0,0.953741424463908,0.921254226142873,NaN,NaN,NaN,1
2950,M26005_20260322_cell#206,2,3,1,1,0,1.13560392914666,0.967669396229174,NaN,NaN,NaN,1
2951,M26005_20260322_cell#207,2,3,0,0,0,0.996325060194714,0.975410601890174,NaN,NaN,NaN,1
2952,M26005_20260322_cell#208,2,3,1,1,0,1.15472517476474,0.961322939775573,NaN,NaN,NaN,1
2953,M26005_20260322_cell#209,2,3,0,0,0,0.993368070066736,0.945846705816251,NaN,NaN,NaN,1
2954,M26005_20260322_cell#210,2,3,0,0,0,0.990793994451857,0.963402312841289,NaN,NaN,NaN,1
2955,M26005_20260322_cell#211,2,3,0,0,0,1.01356732955391,0.987979127574535,NaN,NaN,NaN,1
2956,M26005_20260322_cell#212,2,3,0,0,0,1.16701090014729,0.946568498373302,NaN,NaN,NaN,1
2957,M26005_20260322_cell#213,2,3,0,0,0,0.862733015311152,0.898338983206254,NaN,NaN,NaN,1
2958,M26005_20260322_cell#214,2,3,1,1,0,1.15959074711898,0.953438562469413,NaN,NaN,NaN,1
2959,M26005_20260322_cell#215,2,3,1,1,0,1.22683928949342,0.950855585066358,NaN,NaN,NaN,1
2960,M26005_20260322_cell#216,2,3,0,0,0,0.997373076523629,0.920102195614889,NaN,NaN,NaN,1
2961,M26005_20260322_cell#217,2,3,0,0,0,0.940237514274906,0.965395093593849,NaN,NaN,NaN,1
2962,M26005_20260322_cell#218,2,3,1,1,1,1.19941990218119,1.02334193234759,NaN,NaN,NaN,0
2963,M26005_20260322_cell#219,2,3,1,1,0,1.11630226675549,0.959248243965925,NaN,NaN,NaN,1
2964,M26005_20260322_cell#220,2,3,1,1,0,1.09999632011452,0.964655127001193,NaN,NaN,NaN,1
2965,M26005_20260322_cell#221,2,3,1,1,0,1.15623439007499,0.958879490234356,NaN,NaN,NaN,1
2966,M26005_20260322_cell#222,2,3,0,0,0,0.920354724818935,0.920125309400328,NaN,NaN,NaN,1
2967,M26005_20260322_cell#223,2,3,1,1,0,1.08551385778238,0.972553126180302,NaN,NaN,NaN,1
2969,M26005_20260322_cell#225,2,3,1,1,1,1.02176479802015,1.03827348403488,NaN,NaN,NaN,0
2970,M26005_20260322_cell#226,2,3,0,0,0,1.00400708850339,0.931510736664026,NaN,NaN,NaN,1
2971,M26005_20260322_cell#227,2,3,0,0,1,0.952568139478619,1.02964543247933,NaN,NaN,NaN,9.58177981402741e-12
2972,M26005_20260322_cell#228,2,3,1,1,0,1.11596648004715,0.95400500563115,NaN,NaN,NaN,1
2973,M26005_20260322_cell#229,2,3,0,0,0,0.950431942488916,0.962484780701148,NaN,NaN,NaN,1
2974,M26005_20260322_cell#230,2,3,1,1,0,1.86831526036284,0.961421153419426,NaN,NaN,NaN,1
2975,M26005_20260322_cell#231,2,3,0,0,0,0.963827912533872,0.969453195432501,NaN,NaN,NaN,1
2976,M26005_20260322_cell#232,2,3,1,1,0,1.44444757893876,1.00895139566049,NaN,NaN,NaN,0.0219430444781669
2977,M26005_20260322_cell#233,2,3,0,0,0,0.96855830025931,0.93916066170347,NaN,NaN,NaN,1
2978,M26005_20260322_cell#234,2,3,0,0,0,0.998964879635977,0.950775552781144,NaN,NaN,NaN,1
2979,M26005_20260322_cell#235,2,3,0,0,0,0.937694782627894,0.9590658139945,NaN,NaN,NaN,1
2980,M26005_20260322_cell#236,2,3,0,0,0,1.00570882308873,0.948733048153006,NaN,NaN,NaN,1
2981,M26005_20260322_cell#237,2,3,1,1,0,1.16634434395372,0.965193155470819,NaN,NaN,NaN,1
2982,M26005_20260322_cell#238,2,3,0,0,0,1.02564288228013,0.929727597593749,NaN,NaN,NaN,1
2983,M26005_20260322_cell#239,2,3,1,1,0,1.06871354725093,0.945839555282834,NaN,NaN,NaN,1
2984,M26005_20260322_cell#240,2,3,1,1,0,1.24850878531399,0.978025715909504,NaN,NaN,NaN,1
2985,M26005_20260322_cell#241,2,3,1,1,0,1.18504875590164,1.0002326703424,NaN,NaN,NaN,0.999999999998969
2986,M26005_20260322_cell#242,2,3,1,1,0,1.24496646376438,0.980165354431521,NaN,NaN,NaN,1
2987,M26005_20260322_cell#243,2,3,0,0,0,0.932371436498983,1.0064020354356,NaN,NaN,NaN,0.50079094422353
2988,M26005_20260322_cell#244,2,3,1,1,0,1.0535595962065,0.978005968081462,NaN,NaN,NaN,1
2989,M26005_20260322_cell#245,2,3,1,1,0,1.20621226171915,0.959554732929967,NaN,NaN,NaN,1
2990,M26005_20260322_cell#246,2,3,0,0,0,1.0097662316379,0.935647237763646,NaN,NaN,NaN,1
2992,M26005_20260322_cell#248,2,3,1,1,0,1.0794676615923,0.958852701879866,NaN,NaN,NaN,1
2993,M26005_20260322_cell#249,2,3,1,1,0,1.209044622063,0.922260326207194,NaN,NaN,NaN,1
2995,M26005_20260322_cell#251,2,3,1,1,0,1.07252174535859,0.955340597611199,NaN,NaN,NaN,1
2996,M26005_20260322_cell#252,2,3,0,0,0,0.978572821123583,0.955943600300222,NaN,NaN,NaN,1
2998,M26005_20260322_cell#254,2,3,1,1,0,1.17251508373105,0.71806216211203,NaN,NaN,NaN,1
2999,M26005_20260322_cell#255,2,3,0,0,1,0.985228728219279,1.04664605076748,NaN,NaN,NaN,5.48228129559902e-13
3000,M26005_20260322_cell#256,2,3,1,1,0,1.42096309238775,0.966119235972909,NaN,NaN,NaN,1
3001,M26005_20260322_cell#257,2,3,1,1,0,1.21833163411977,0.8175496134998,NaN,NaN,NaN,1
3002,M26005_20260322_cell#258,2,3,1,1,0,1.10700297972117,0.991439820522211,NaN,NaN,NaN,1
3003,M26005_20260322_cell#259,2,3,0,0,0,0.934278105498867,0.964697509689824,NaN,NaN,NaN,1
3004,M26005_20260322_cell#260,2,3,1,1,0,1.04201882602548,0.9478959011136,NaN,NaN,NaN,1
3005,M26005_20260322_cell#261,2,3,1,1,0,1.11723321293214,0.726165688450473,NaN,NaN,NaN,1
3006,M26005_20260322_cell#262,2,3,1,1,0,1.10183491807474,0.952981305211853,NaN,NaN,NaN,1
3007,M26005_20260322_cell#263,2,3,0,0,0,0.960291248785138,0.916652331277878,NaN,NaN,NaN,1
3008,M26005_20260322_cell#264,2,3,1,1,0,1.28154806328019,0.903285455135116,NaN,NaN,NaN,1
3009,M26005_20260322_cell#265,2,3,0,0,0,0.98165495146155,0.962418675198136,NaN,NaN,NaN,1
3010,M26005_20260322_cell#266,2,3,1,1,0,1.2683069135209,0.944334945292205,NaN,NaN,NaN,1
3011,M26005_20260322_cell#267,2,3,1,1,0,1.05630726821496,0.990039341991109,NaN,NaN,NaN,1
3013,M26005_20260322_cell#269,2,3,0,0,0,0.93935577554846,0.963917373664454,NaN,NaN,NaN,1
3014,M26005_20260322_cell#270,2,3,0,0,0,0.975723472224361,0.953097614486972,NaN,NaN,NaN,1
3015,M26005_20260322_cell#271,2,3,1,1,0,1.10605206600956,0.95255242490332,NaN,NaN,NaN,1
3016,M26005_20260322_cell#272,2,3,0,0,0,0.983619465826564,0.768614634190399,NaN,NaN,NaN,1
3017,M26005_20260322_cell#273,2,3,1,1,0,1.07978387880012,0.971147890886886,NaN,NaN,NaN,1
3018,M26005_20260322_cell#274,2,3,0,0,0,1.01544067130061,0.966979236840046,NaN,NaN,NaN,1
3019,M26005_20260322_cell#275,2,3,1,1,0,1.38831738383756,0.997828545440284,NaN,NaN,NaN,1
3020,M26005_20260322_cell#276,2,3,1,1,0,1.22176900569266,1.00517979501077,NaN,NaN,NaN,5.77233816301259e-11
3021,M26005_20260322_cell#277,2,3,0,0,0,0.970689616306893,0.968253245455595,NaN,NaN,NaN,1
3022,M26005_20260322_cell#278,2,3,1,1,0,1.13250149922996,0.896521205925774,NaN,NaN,NaN,1
3023,M26005_20260322_cell#279,2,3,1,1,0,1.06014500547903,0.98963191806108,NaN,NaN,NaN,1
3024,M26005_20260322_cell#280,2,3,1,1,0,1.03202622553955,0.955316881340941,NaN,NaN,NaN,1
3025,M26005_20260322_cell#281,2,3,0,0,0,0.920397816422247,0.960860545642189,NaN,NaN,NaN,1
3026,M26005_20260322_cell#282,2,3,0,0,0,0.981751334056419,0.946608545965513,NaN,NaN,NaN,1
3029,M26005_20260322_cell#285,2,3,0,0,0,0.967647888686595,0.728718822566792,NaN,NaN,NaN,1
3030,M26005_20260322_cell#286,2,3,0,0,0,0.922386840348297,0.94306949107789,NaN,NaN,NaN,1
3031,M26005_20260322_cell#287,2,3,1,1,0,1.42505326802348,0.845688554566345,NaN,NaN,NaN,1
3033,M26005_20260322_cell#289,2,3,0,0,0,0.93810043257151,0.882153584799204,NaN,NaN,NaN,1
3034,M26005_20260322_cell#290,2,3,1,1,0,1.09447009663327,0.969980676533494,NaN,NaN,NaN,1
3035,M26005_20260322_cell#291,2,3,0,0,0,0.973853664188913,0.961424052819325,NaN,NaN,NaN,1
3036,M26005_20260322_cell#292,2,3,0,0,0,1.00807405612241,0.886664977998088,NaN,NaN,NaN,1
3037,M26005_20260322_cell#293,2,3,1,1,0,1.61378395441821,0.868093169934776,NaN,NaN,NaN,1
3038,M26005_20260322_cell#294,2,3,1,1,0,1.05062286826131,0.966689927387812,NaN,NaN,NaN,1
3039,M26005_20260322_cell#295,2,3,0,0,0,0.96233296286688,0.903708077339894,NaN,NaN,NaN,1
3041,M26005_20260322_cell#297,2,3,0,0,0,1.01587141176161,0.883594141085905,NaN,NaN,NaN,1
3042,M26005_20260322_cell#298,2,3,0,0,0,0.929260150745482,0.954987167636444,NaN,NaN,NaN,1
3043,M26005_20260322_cell#299,2,3,1,1,0,1.14156601546763,0.943162980704629,NaN,NaN,NaN,1
3044,M26005_20260322_cell#300,2,3,1,1,0,1.10348715961701,0.938117995433536,NaN,NaN,NaN,1
3045,M26005_20260322_cell#301,2,3,1,1,0,1.12758331387105,0.984714310154197,NaN,NaN,NaN,1
3046,M26005_20260322_cell#302,2,3,0,0,0,0.997848982950067,0.922995671910682,NaN,NaN,NaN,1
3047,M26005_20260322_cell#303,2,3,1,1,0,1.03056185381239,0.914305409020355,NaN,NaN,NaN,1
3048,M26005_20260322_cell#304,2,3,0,0,0,0.961862138644798,0.966752116760949,NaN,NaN,NaN,1
3049,M26005_20260322_cell#305,2,3,0,0,0,1.02070270775642,0.870694600836692,NaN,NaN,NaN,1
3050,M26005_20260322_cell#306,2,3,1,1,0,1.04128437809373,0.89041198067555,NaN,NaN,NaN,1
3051,M26005_20260322_cell#307,2,3,1,1,0,1.11202561768731,0.929601736739323,NaN,NaN,NaN,1
3052,M26005_20260322_cell#308,2,3,0,0,0,0.999470629849768,0.998032172295437,NaN,NaN,NaN,1
3053,M26005_20260322_cell#309,2,3,1,1,0,1.03821076994478,0.937936204520394,NaN,NaN,NaN,1
3054,M26005_20260322_cell#310,2,3,1,1,0,1.033622060806,0.912676526214669,NaN,NaN,NaN,1
3055,M26005_20260322_cell#311,2,3,1,1,0,1.0375123982729,0.980030960463567,NaN,NaN,NaN,1
3056,M26005_20260322_cell#312,2,3,0,0,1,0.925379999352615,1.0727659699239,NaN,NaN,NaN,0
3057,M26005_20260322_cell#313,2,3,0,0,0,0.969767797306765,0.971385479787818,NaN,NaN,NaN,1
3058,M26005_20260322_cell#314,2,3,0,0,1,0.981727261291229,1.02639705486192,NaN,NaN,NaN,0
3059,M26005_20260322_cell#315,2,3,0,0,0,1.02763099869089,0.979111998082548,NaN,NaN,NaN,1
3060,M26005_20260322_cell#316,2,3,1,1,0,1.14345376559642,0.954938003503935,NaN,NaN,NaN,1
3061,M26005_20260322_cell#317,2,3,0,0,0,0.989216773806729,0.950509324802328,NaN,NaN,NaN,1
3062,M26005_20260322_cell#318,2,3,0,0,1,0.87595842081597,1.1545062059349,NaN,NaN,NaN,0
3063,M26005_20260322_cell#319,2,3,1,1,0,1.09384023424885,0.960660456596238,NaN,NaN,NaN,1
3064,M26005_20260322_cell#320,2,3,1,1,0,1.10496411102251,0.844215791982823,NaN,NaN,NaN,1
3065,M26005_20260322_cell#321,2,3,0,0,0,0.94733097218231,0.973292382742589,NaN,NaN,NaN,1
3067,M26005_20260322_cell#323,2,3,1,1,0,1.29505804196983,0.96732599553188,NaN,NaN,NaN,1
3068,M26005_20260322_cell#324,2,3,1,1,0,1.08338384254662,0.979187524782136,NaN,NaN,NaN,1
3069,M26005_20260322_cell#325,2,3,1,1,0,1.04963656304516,0.991801070881443,NaN,NaN,NaN,1
3070,M26005_20260322_cell#326,2,3,0,0,0,1.02111869300918,0.724265956474084,NaN,NaN,NaN,1
3071,M26005_20260322_cell#327,2,3,1,1,0,1.1164240390779,0.781920200222441,NaN,NaN,NaN,1
3072,M26005_20260322_cell#328,2,3,1,1,0,1.0408980052545,0.981463128471648,NaN,NaN,NaN,1
3073,M26005_20260322_cell#329,2,3,0,0,0,0.841911017835628,0.835162773964466,NaN,NaN,NaN,1
3074,M26005_20260322_cell#330,2,3,0,0,0,1.00321534406704,0.97104282178674,NaN,NaN,NaN,1
3075,M26005_20260322_cell#331,2,3,1,1,0,1.1816780773183,0.919215652919839,NaN,NaN,NaN,1
3076,M26005_20260322_cell#332,2,3,1,1,0,1.22371650079994,0.826810261884901,NaN,NaN,NaN,1
3077,M26005_20260322_cell#333,2,3,0,0,0,0.97498734272792,0.945197515776213,NaN,NaN,NaN,1
3078,M26005_20260322_cell#334,2,3,0,0,0,1.02401060125316,0.921901088583712,NaN,NaN,NaN,1
3079,M26005_20260322_cell#335,2,3,0,0,0,0.967961028958078,1.00280464102371,NaN,NaN,NaN,0.999999999999717
3080,M26005_20260322_cell#336,2,3,0,0,0,0.987165552818929,0.707820882398544,NaN,NaN,NaN,1
3081,M26005_20260322_cell#337,2,3,0,0,0,0.901759600783322,0.958469849088601,NaN,NaN,NaN,1
3082,M26005_20260322_cell#338,2,3,0,0,0,1.01033100257373,0.977971171834696,NaN,NaN,NaN,1
3083,M26005_20260322_cell#339,2,3,1,1,0,1.62019883934445,0.981340722882875,NaN,NaN,NaN,1
3084,M26005_20260322_cell#340,2,3,0,0,0,0.937303415715423,0.931993974036865,NaN,NaN,NaN,1
3085,M26005_20260322_cell#341,2,3,0,0,0,0.984542286381145,0.983553716167564,NaN,NaN,NaN,1
3086,M26005_20260322_cell#342,2,3,0,0,0,0.880775126939575,0.872686896283102,NaN,NaN,NaN,1
3087,M26005_20260322_cell#343,2,3,1,1,0,1.26338375587431,0.936280279758401,NaN,NaN,NaN,1
3088,M26005_20260322_cell#344,2,3,0,0,0,0.983096392484836,0.943313207520461,NaN,NaN,NaN,1
3089,M26005_20260322_cell#345,2,3,1,1,0,1.48712184454542,0.820489563093279,NaN,NaN,NaN,1
3090,M26005_20260322_cell#346,2,3,1,1,0,1.02231831516961,0.963626529725848,NaN,NaN,NaN,1
3091,M26005_20260322_cell#347,2,3,1,1,0,1.08821244015218,0.997528214566315,NaN,NaN,NaN,1
3092,M26005_20260322_cell#348,2,3,1,1,0,1.50029866930134,0.960334027832154,NaN,NaN,NaN,1
3093,M26005_20260322_cell#349,2,3,1,1,0,1.22724077876694,0.960570923970217,NaN,NaN,NaN,1
3094,M26005_20260322_cell#350,2,3,1,1,0,1.11452198755935,0.952563888254511,NaN,NaN,NaN,1
3095,M26005_20260322_cell#351,2,3,1,1,1,1.15763349972243,1.03612969642631,NaN,NaN,NaN,1.4432899320127e-15
3096,M26005_20260322_cell#352,2,3,0,0,0,0.782602210384841,0.763856837648347,NaN,NaN,NaN,1
3097,M26005_20260322_cell#353,2,3,1,1,0,1.05734034733426,1.00231611352553,NaN,NaN,NaN,0.999999999999107
3098,M26005_20260322_cell#354,2,3,0,0,0,0.964047982284248,0.952687441640586,NaN,NaN,NaN,1
3099,M26005_20260322_cell#355,2,3,0,0,0,0.884746255867497,0.953546614459625,NaN,NaN,NaN,1
3100,M26005_20260322_cell#356,2,3,1,1,0,1.11510455022777,0.983422437480385,NaN,NaN,NaN,1
3101,M26005_20260322_cell#357,2,3,1,1,0,1.37424029083326,0.95210229686657,NaN,NaN,NaN,1
3102,M26005_20260322_cell#358,2,3,1,1,0,1.24609080824665,0.969740321402756,NaN,NaN,NaN,1
3103,M26005_20260322_cell#359,2,3,1,1,0,1.25031062828118,0.944031924771795,NaN,NaN,NaN,1
3104,M26005_20260322_cell#360,2,3,1,1,0,1.21721048241437,0.796842473766308,NaN,NaN,NaN,1
3106,M26005_20260322_cell#362,2,3,0,0,0,0.985735206179268,0.975539252284478,NaN,NaN,NaN,1
3107,M26005_20260322_cell#363,2,3,1,1,0,1.06224622729855,0.986290311007682,NaN,NaN,NaN,1
3108,M26005_20260322_cell#364,2,3,0,0,0,0.99545617886003,0.912920156404456,NaN,NaN,NaN,1
3109,M26005_20260322_cell#365,2,3,0,0,0,0.971810199263079,0.807818125113469,NaN,NaN,NaN,1
3110,M26005_20260322_cell#366,2,3,0,0,0,1.00755109989295,0.67516287911237,NaN,NaN,NaN,1
3111,M26005_20260322_cell#367,2,3,0,0,0,0.975096458265358,0.991163312919801,NaN,NaN,NaN,1
3112,M26005_20260322_cell#368,2,3,1,1,1,1.02846801686451,1.01962754098039,NaN,NaN,NaN,2.4618480587435e-08
3113,M26005_20260322_cell#369,2,3,1,1,0,1.46556182415997,0.772233530381737,NaN,NaN,NaN,1
3114,M26005_20260322_cell#370,2,3,0,0,0,0.933637571316095,0.950503388307041,NaN,NaN,NaN,1
3115,M26005_20260322_cell#371,2,3,1,1,0,1.06373326281335,0.960266670556624,NaN,NaN,NaN,1
3116,M26005_20260322_cell#372,2,3,1,1,0,1.13731885919858,0.980119281867243,NaN,NaN,NaN,1
3117,M26005_20260322_cell#373,2,3,0,0,0,1.00212690905121,0.984309187561452,NaN,NaN,NaN,1
3118,M26005_20260322_cell#374,2,3,1,1,1,1.11218718444363,1.05480956768248,NaN,NaN,NaN,0
3119,M26005_20260322_cell#375,2,3,0,0,0,1.00386082593485,0.813062056675693,NaN,NaN,NaN,1
3120,M26005_20260322_cell#376,2,3,1,1,0,1.04267948524954,1.01439554186446,NaN,NaN,NaN,0
3121,M26005_20260322_cell#377,2,3,1,1,0,1.13482358319875,0.94206021961558,NaN,NaN,NaN,1
3122,M26005_20260322_cell#378,2,3,1,1,0,1.2250477626951,0.930113280851015,NaN,NaN,NaN,1
3123,M26005_20260322_cell#379,2,3,1,1,0,1.44127936249116,0.976005331700427,NaN,NaN,NaN,1
3124,M26005_20260322_cell#380,2,3,0,0,0,0.989843954534365,0.96020013256891,NaN,NaN,NaN,1
3125,M26005_20260322_cell#381,2,3,0,0,0,0.978939207652492,0.978282896102664,NaN,NaN,NaN,1
3126,M26005_20260322_cell#382,2,3,1,1,0,1.04362797829535,0.986932323650744,NaN,NaN,NaN,1
3127,M26005_20260322_cell#383,2,3,0,0,0,0.996729270796687,0.939191886344439,NaN,NaN,NaN,1
3128,M26005_20260322_cell#384,2,3,0,0,0,0.964363400408455,0.933796792568683,NaN,NaN,NaN,1
3129,M26005_20260322_cell#385,2,3,1,1,0,1.22296510697224,0.994181276887211,NaN,NaN,NaN,1
3130,M26005_20260322_cell#386,2,3,1,1,0,1.14445069195412,0.923083636274768,NaN,NaN,NaN,1
3131,M26005_20260322_cell#387,2,3,1,1,0,1.10370383255297,0.919290464689862,NaN,NaN,NaN,1
3132,M26005_20260322_cell#388,2,3,1,1,0,1.0402474575133,0.944561768006202,NaN,NaN,NaN,1
3133,M26005_20260322_cell#389,2,3,1,1,0,1.03604019913244,0.979891220294983,NaN,NaN,NaN,1
3134,M26005_20260322_cell#390,2,3,1,1,1,1.09472217577712,1.04779368893182,NaN,NaN,NaN,0
3135,M26005_20260322_cell#391,2,3,1,1,0,1.10367918703357,0.847466314622269,NaN,NaN,NaN,1
3136,M26005_20260322_cell#392,2,3,1,1,0,1.05471835709623,0.979030078668386,NaN,NaN,NaN,1
3137,M26005_20260322_cell#393,2,3,1,1,0,1.33121008710374,0.974904108573866,NaN,NaN,NaN,1
3138,M26005_20260322_cell#394,2,3,0,0,0,0.968899478536072,0.915804840915713,NaN,NaN,NaN,1
3139,M26005_20260322_cell#395,2,3,1,1,0,1.28170372155287,0.971764375203328,NaN,NaN,NaN,1
3140,M26005_20260322_cell#396,2,3,0,0,0,1.01203372095404,0.912557305286707,NaN,NaN,NaN,1
3141,M26005_20260322_cell#397,2,3,1,1,0,1.05648942311524,0.943270788642372,NaN,NaN,NaN,1
3142,M26005_20260322_cell#398,2,3,0,0,0,0.969483457942084,0.957263062673264,NaN,NaN,NaN,1
3143,M26005_20260322_cell#399,2,3,1,1,0,1.48373953930451,0.893929271662194,NaN,NaN,NaN,1
3144,M26005_20260322_cell#400,2,3,0,0,0,0.945959554040274,0.994431281562502,NaN,NaN,NaN,1
3145,M26005_20260322_cell#401,2,3,0,0,1,0.932827613823902,1.04205503007523,NaN,NaN,NaN,0
3146,M26005_20260322_cell#402,2,3,0,0,0,0.758298900959359,0.964111853723287,NaN,NaN,NaN,1
3148,M26005_20260322_cell#404,2,3,1,1,0,1.25598112224637,0.993713582166236,NaN,NaN,NaN,1
3149,M26005_20260322_cell#405,2,3,1,1,0,1.20197562348415,0.967105681305697,NaN,NaN,NaN,1
3150,M26005_20260322_cell#406,2,3,1,1,0,1.04144150378963,0.963692548907061,NaN,NaN,NaN,1
3151,M26005_20260322_cell#407,2,3,0,0,0,1.00883177621336,0.948051138408852,NaN,NaN,NaN,1
3152,M26005_20260322_cell#408,2,3,1,1,0,1.07017730253006,0.928159297634045,NaN,NaN,NaN,1
3153,M26005_20260322_cell#409,2,3,1,1,0,1.27259387877049,0.983610987274024,NaN,NaN,NaN,1
3154,M26005_20260322_cell#410,2,3,0,0,0,0.96904986357544,0.967322283675391,NaN,NaN,NaN,1
3155,M26005_20260322_cell#411,2,3,1,1,1,1.08891199972006,1.02726998356828,NaN,NaN,NaN,0
3156,M26005_20260322_cell#412,2,3,1,1,0,1.35167608252236,0.819262561643794,NaN,NaN,NaN,1
3157,M26005_20260322_cell#413,2,3,1,1,0,1.09798699694294,0.99676313575587,NaN,NaN,NaN,1
3158,M26005_20260322_cell#414,2,3,0,0,0,0.954871507177187,0.988797246774646,NaN,NaN,NaN,1
3159,M26005_20260322_cell#415,2,3,1,1,0,1.26880425663515,0.99062870018165,NaN,NaN,NaN,1
3160,M26005_20260322_cell#416,2,3,1,1,0,1.11050928958119,0.930210646797105,NaN,NaN,NaN,1
3162,M26005_20260322_cell#418,2,3,1,1,0,1.05520012179866,0.955285637830962,NaN,NaN,NaN,1
3163,M26005_20260322_cell#419,2,3,1,1,0,1.42301489387327,0.987971676747766,NaN,NaN,NaN,1
3165,M26005_20260322_cell#421,2,3,0,0,0,0.96965536943021,0.964406101752333,NaN,NaN,NaN,1
3166,M26005_20260322_cell#422,2,3,0,0,0,0.99552585694968,0.925554635195222,NaN,NaN,NaN,1
3168,M26005_20260322_cell#424,2,3,1,1,0,1.10444451264068,0.928881930561691,NaN,NaN,NaN,1
3169,M26005_20260322_cell#425,2,3,0,0,0,0.983306666992776,0.574984212273832,NaN,NaN,NaN,1
3170,M26005_20260322_cell#426,2,3,0,0,0,0.944462861662512,0.952443836495524,NaN,NaN,NaN,1
3171,M26005_20260322_cell#427,2,3,1,1,0,1.05174876598738,0.990359566794132,NaN,NaN,NaN,1
3173,M26005_20260322_cell#429,2,3,1,1,0,1.16255954453632,0.939066641349988,NaN,NaN,NaN,1
3174,M26005_20260322_cell#430,2,3,1,1,0,1.08465181442373,0.898134101889432,NaN,NaN,NaN,1
3175,M26005_20260322_cell#431,2,3,1,1,0,1.15736641848404,0.895769536584017,NaN,NaN,NaN,1
3176,M26005_20260322_cell#432,2,3,1,1,0,1.07335815398978,0.966261983557898,NaN,NaN,NaN,1
3177,M26005_20260322_cell#433,2,3,0,0,0,0.990522171804829,0.906175478418962,NaN,NaN,NaN,1
3178,M26005_20260322_cell#434,2,3,1,1,0,1.23364151746814,0.944405734528873,NaN,NaN,NaN,1
3179,M26005_20260322_cell#435,2,3,1,1,0,1.08920518707658,0.977381600221473,NaN,NaN,NaN,1
3180,M26005_20260322_cell#436,2,3,0,0,0,0.992997557744888,0.876838993391901,NaN,NaN,NaN,1
3181,M26005_20260322_cell#437,2,3,1,1,0,1.05594484018319,0.999435059173608,NaN,NaN,NaN,1
3182,M26005_20260322_cell#438,2,3,1,1,0,1.05467245001795,0.930134723410682,NaN,NaN,NaN,1
3183,M26005_20260322_cell#439,2,3,1,1,0,1.12097117887709,0.717484397314039,NaN,NaN,NaN,1
3184,M26005_20260322_cell#440,2,3,1,1,0,1.03503443602899,0.946834186184331,NaN,NaN,NaN,1
3185,M26005_20260322_cell#441,2,3,0,0,0,0.976773052175585,0.88829931634319,NaN,NaN,NaN,1
3186,M26005_20260322_cell#442,2,3,1,1,0,1.14359052910291,0.940094448326583,NaN,NaN,NaN,1
3187,M26005_20260322_cell#443,2,3,0,0,0,0.969169553584734,0.957602410845335,NaN,NaN,NaN,1
3188,M26005_20260322_cell#444,2,3,0,0,0,1.05114183865835,0.83546462272922,NaN,NaN,NaN,1
3189,M26005_20260322_cell#445,2,3,1,1,0,1.08651352003306,0.976226781825257,NaN,NaN,NaN,1
3190,M26005_20260322_cell#446,2,3,0,0,0,0.984834043770309,0.953002991644539,NaN,NaN,NaN,1
3191,M26005_20260322_cell#447,2,3,1,1,0,1.17891001265349,0.823852532649435,NaN,NaN,NaN,1
3192,M26005_20260322_cell#448,2,3,1,1,0,1.29509299103159,0.970624546804745,NaN,NaN,NaN,1
3193,M26005_20260322_cell#449,2,3,0,0,0,0.998943459654318,0.948971077943558,NaN,NaN,NaN,1
3194,M26005_20260322_cell#450,2,3,1,1,0,1.13137262657411,1.00717898014842,NaN,NaN,NaN,0.132479005528214
3195,M26005_20260322_cell#451,2,3,1,1,0,1.13525933491028,0.948953575806426,NaN,NaN,NaN,1
3196,M26005_20260322_cell#452,2,3,1,1,0,1.28896634064887,0.982772973193046,NaN,NaN,NaN,1
3197,M26005_20260322_cell#453,2,3,0,1,0,1.01350666331799,NaN,NaN,NaN,NaN,NaN
3198,M26005_20260322_cell#454,2,3,1,1,0,1.23708429691335,0.954056798542534,NaN,NaN,NaN,1
3199,M26005_20260322_cell#455,2,3,1,1,0,1.14010644571784,0.980707106176757,NaN,NaN,NaN,1
3200,M26005_20260322_cell#456,2,3,1,1,0,1.05213377262947,0.939832252800102,NaN,NaN,NaN,1
3201,M26005_20260322_cell#457,2,3,1,1,0,1.13807490220453,0.965884252263536,NaN,NaN,NaN,1
3202,M26005_20260322_cell#458,2,3,1,1,0,1.47965357804458,0.984521694655432,NaN,NaN,NaN,1
3203,M26005_20260322_cell#459,2,3,1,1,0,1.20548640008633,0.961974958300255,NaN,NaN,NaN,1
3204,M26005_20260322_cell#460,2,3,0,0,0,1.03226085774769,0.795125965474579,NaN,NaN,NaN,1
3205,M26005_20260322_cell#461,2,3,0,0,0,0.981392786500828,0.939378882000653,NaN,NaN,NaN,1
3206,M26005_20260322_cell#462,2,3,1,1,0,1.54843195104757,0.975715283732206,NaN,NaN,NaN,1
3207,M26005_20260322_cell#463,2,3,0,0,0,0.842547745952754,0.851656221159286,NaN,NaN,NaN,1
3208,M26005_20260322_cell#464,2,3,1,1,0,1.09112386271144,1.00446288970076,NaN,NaN,NaN,0.997377394578212
3209,M26005_20260322_cell#465,2,3,1,1,0,1.04618206381627,0.90183277554759,NaN,NaN,NaN,1
3210,M26005_20260322_cell#466,2,3,0,0,0,1.01127052498375,0.952305930255231,NaN,NaN,NaN,1
3211,M26005_20260322_cell#467,2,3,0,0,0,0.951455543349209,0.94696114795883,NaN,NaN,NaN,1
3212,M26005_20260322_cell#468,2,3,0,0,0,1.0130419853939,0.927444863911878,NaN,NaN,NaN,1
3213,M26005_20260322_cell#469,2,3,0,0,0,0.972590170018451,0.97141598102478,NaN,NaN,NaN,1
3214,M26005_20260322_cell#470,2,3,1,1,0,1.11620446146099,0.977404865833989,NaN,NaN,NaN,1
3215,M26005_20260322_cell#471,2,3,0,0,0,0.989396722786711,0.926712441739805,NaN,NaN,NaN,1
3216,M26005_20260322_cell#472,2,3,1,1,0,1.18917267858213,0.96212652248733,NaN,NaN,NaN,1
3217,M26005_20260322_cell#473,2,3,1,1,0,1.16130933822701,0.864861624495726,NaN,NaN,NaN,1
3218,M26005_20260322_cell#474,2,3,1,1,0,1.20351407375598,0.92895602318514,NaN,NaN,NaN,1
3219,M26005_20260322_cell#475,2,3,1,1,0,1.3181287482691,0.967638769173291,NaN,NaN,NaN,1
3220,M26005_20260322_cell#476,2,3,0,0,0,0.958008555969122,0.928676877184303,NaN,NaN,NaN,1
3221,M26005_20260322_cell#477,2,3,1,1,0,1.02347066095195,0.954062271415847,NaN,NaN,NaN,1
3222,M26005_20260322_cell#478,2,3,0,0,1,0.996429275490409,1.02409219169436,NaN,NaN,NaN,2.46469511466785e-13
3223,M26005_20260322_cell#479,2,3,1,1,0,1.06663619768648,0.974072530071875,NaN,NaN,NaN,1
3224,M26005_20260322_cell#480,2,3,1,1,0,1.24668514121964,0.975470072808395,NaN,NaN,NaN,1
3225,M26005_20260322_cell#481,2,3,1,1,0,1.25060572083331,0.8511844926181,NaN,NaN,NaN,1
3226,M26005_20260322_cell#482,2,3,1,1,0,1.24456465880057,1.00274073617009,NaN,NaN,NaN,0.00018630284694876
3227,M26005_20260322_cell#483,2,3,1,1,0,1.40690279651694,0.990223148582211,NaN,NaN,NaN,1
3228,M26005_20260322_cell#484,2,3,1,1,0,1.11864011878027,0.995972449152538,NaN,NaN,NaN,1
3229,M26005_20260322_cell#485,2,3,1,1,0,1.30277025327602,0.996566068827884,NaN,NaN,NaN,1
3230,M26005_20260322_cell#486,2,3,1,1,0,1.02666892634451,0.969789577146804,NaN,NaN,NaN,1
3231,M26005_20260322_cell#487,2,3,0,0,0,0.868255054762652,0.930590409622191,NaN,NaN,NaN,1
3232,M26005_20260322_cell#488,2,3,1,1,0,1.09433092719753,0.95269085257042,NaN,NaN,NaN,1
3233,M26005_20260322_cell#489,2,3,1,1,0,1.2886865795513,0.953317675072044,NaN,NaN,NaN,1
3234,M26005_20260322_cell#490,2,3,1,1,0,1.06524329029466,0.994291896469004,NaN,NaN,NaN,1
3235,M26005_20260322_cell#491,2,3,0,0,0,1.0145480425462,0.915833706037092,NaN,NaN,NaN,1
3236,M26005_20260322_cell#492,2,3,1,1,0,1.24294820902834,0.906638552542823,NaN,NaN,NaN,1
3237,M26005_20260322_cell#493,2,3,1,1,0,1.10183081406009,1.00454586389148,NaN,NaN,NaN,0.157564908900621
3238,M26005_20260322_cell#494,2,3,0,0,0,1.00840316716245,0.994032103797933,NaN,NaN,NaN,1
3239,M26005_20260322_cell#495,2,3,1,1,0,1.14206733951329,0.983990976469323,NaN,NaN,NaN,1
3241,M26005_20260322_cell#497,2,3,0,0,0,0.854757576158674,0.911694969412526,NaN,NaN,NaN,1
3242,M26005_20260322_cell#498,2,3,1,1,0,1.08478393880391,0.9978406510542,NaN,NaN,NaN,1
3243,M26005_20260322_cell#499,2,3,0,0,0,0.936948826226888,0.95023816624718,NaN,NaN,NaN,1
3244,M26005_20260322_cell#500,2,3,0,0,0,0.935869457525378,0.910768133951182,NaN,NaN,NaN,1
3245,M26005_20260322_cell#501,2,3,0,0,0,0.983875400390717,1.0020009849107,NaN,NaN,NaN,0.99999999999225
3246,M26005_20260322_cell#502,2,3,1,1,0,1.04635046358552,0.967258775765138,NaN,NaN,NaN,1
3247,M26005_20260322_cell#503,2,3,1,1,0,1.07119210800798,0.972881922689848,NaN,NaN,NaN,1
3248,M26005_20260322_cell#504,2,3,0,0,0,1.01385143438223,0.944425150923139,NaN,NaN,NaN,1
3249,M26005_20260322_cell#505,2,3,1,1,0,1.1282125651566,0.945079788085456,NaN,NaN,NaN,1
3250,M26005_20260322_cell#506,2,3,1,1,0,1.12692801348546,0.918787690842339,NaN,NaN,NaN,1
3252,M26005_20260322_cell#508,2,3,1,1,0,1.18957839756499,0.985525048624323,NaN,NaN,NaN,1
3254,M26005_20260322_cell#510,2,3,0,0,0,0.752820102280108,0.925519610311994,NaN,NaN,NaN,1
3255,M26005_20260322_cell#511,2,3,0,0,1,0.911111388334213,1.14599465977762,NaN,NaN,NaN,0
3256,M26005_20260322_cell#512,2,3,1,1,0,1.22403961325939,0.975959761528982,NaN,NaN,NaN,1
3257,M26005_20260322_cell#513,2,3,1,1,0,1.096450076754,0.969397723618273,NaN,NaN,NaN,1
3258,M26005_20260322_cell#514,2,3,1,1,0,1.11578589617396,0.991590932867026,NaN,NaN,NaN,1
3259,M26005_20260322_cell#515,2,3,0,0,0,0.991248799376239,0.974312146978931,NaN,NaN,NaN,1
3260,M26005_20260322_cell#516,2,3,0,0,0,0.989246656999119,0.981009335318869,NaN,NaN,NaN,1
3261,M26005_20260322_cell#517,2,3,1,1,0,1.11596122058342,0.960133094829431,NaN,NaN,NaN,1
3262,M26005_20260322_cell#518,2,3,1,1,0,1.19770851595387,0.989799171226222,NaN,NaN,NaN,1
3263,M26005_20260322_cell#519,2,3,1,1,0,1.12486906084035,0.997254554182718,NaN,NaN,NaN,1
3264,M26005_20260322_cell#520,2,3,1,1,0,1.14873610499104,0.999341499161501,NaN,NaN,NaN,1
3265,M26005_20260322_cell#521,2,3,1,1,0,1.12199095997168,0.927056921656475,NaN,NaN,NaN,1
3266,M26005_20260322_cell#522,2,3,0,0,0,0.993629329890972,0.957069966519399,NaN,NaN,NaN,1
3268,M26005_20260322_cell#524,2,3,0,0,0,1.00628780933012,0.788482621328992,NaN,NaN,NaN,1
3270,M26005_20260322_cell#526,2,3,0,0,0,1.00420399889555,0.891470902163053,NaN,NaN,NaN,1
3271,M26005_20260322_cell#527,2,3,1,1,0,1.06562955698581,0.953157034053828,NaN,NaN,NaN,1
3272,M26005_20260322_cell#528,2,3,1,1,0,1.14664085957431,0.994071356718573,NaN,NaN,NaN,1
3273,M26005_20260322_cell#529,2,3,1,1,0,1.04108699658402,0.961153231546746,NaN,NaN,NaN,1
3274,M26005_20260322_cell#530,2,3,0,0,0,1.05004645100347,0.610604018107152,NaN,NaN,NaN,1
3275,M26005_20260322_cell#531,2,3,0,0,0,0.994835058777219,0.957332633371642,NaN,NaN,NaN,1
3276,M26005_20260322_cell#532,2,3,0,0,0,0.893529388665409,0.928520783668449,NaN,NaN,NaN,1
3277,M26005_20260322_cell#533,2,3,0,0,0,1.02152572362488,0.982450708674834,NaN,NaN,NaN,1
3278,M26005_20260322_cell#534,2,3,1,1,0,1.22770994892916,0.999406204309471,NaN,NaN,NaN,1
3279,M26005_20260322_cell#535,2,3,1,1,0,1.11487032938089,0.97883191415579,NaN,NaN,NaN,1
3280,M26005_20260322_cell#536,2,3,0,0,0,0.989859102667672,0.928041413788588,NaN,NaN,NaN,1
3281,M26005_20260322_cell#537,2,3,1,1,1,1.10969219090364,1.04450433276274,NaN,NaN,NaN,0.000390334740503873
3282,M26005_20260322_cell#538,2,3,1,1,0,1.16462775911288,0.962667629687105,NaN,NaN,NaN,1
3283,M26005_20260322_cell#539,2,3,0,0,0,1.00093712578983,0.945836701863415,NaN,NaN,NaN,1
3284,M26005_20260322_cell#540,2,3,1,1,0,1.26031251372376,0.940610983085643,NaN,NaN,NaN,1
3285,M26005_20260322_cell#541,2,3,0,0,0,0.891066552942759,0.837137316701615,NaN,NaN,NaN,1
3286,M26005_20260322_cell#542,2,3,1,1,0,1.23388168027833,0.912378396112807,NaN,NaN,NaN,1
3287,M26005_20260322_cell#543,2,3,1,1,0,1.15799735525768,0.993163979313516,NaN,NaN,NaN,1
3288,M26005_20260322_cell#544,2,3,0,0,0,0.990019363870917,0.953337660012128,NaN,NaN,NaN,1
3289,M26005_20260322_cell#545,2,3,1,1,0,1.36797795812023,0.943606172033302,NaN,NaN,NaN,1
3290,M26005_20260322_cell#546,2,3,0,0,0,0.871541525486899,0.908217275817582,NaN,NaN,NaN,1
3291,M26005_20260322_cell#547,2,3,0,0,0,0.980518437191487,0.955815754575864,NaN,NaN,NaN,1
3292,M26005_20260322_cell#548,2,3,1,1,0,1.22204351106244,1.00281250781514,NaN,NaN,NaN,3.99422859731491e-06
3293,M26005_20260322_cell#549,2,3,1,1,0,1.11337178966922,0.882254632781296,NaN,NaN,NaN,1
3294,M26005_20260322_cell#550,2,3,0,0,0,0.896456465055645,0.927637981024785,NaN,NaN,NaN,1
3295,M26005_20260322_cell#551,2,3,1,1,0,1.09704968990263,1.00133659055469,NaN,NaN,NaN,0.999985976621766
3296,M26005_20260322_cell#552,2,3,0,0,0,0.997585173917116,0.905064877195668,NaN,NaN,NaN,1
3297,M26005_20260322_cell#553,2,3,1,1,0,1.1989137872264,0.96831952357339,NaN,NaN,NaN,1
3298,M26005_20260322_cell#554,2,3,0,0,0,1.03020793397771,0.968177058986974,NaN,NaN,NaN,1
3299,M26005_20260322_cell#555,2,3,1,1,0,1.14557246757916,0.945976428364009,NaN,NaN,NaN,1
3300,M26005_20260322_cell#556,2,3,1,1,0,1.18081806781215,0.974759159810568,NaN,NaN,NaN,1
3301,M26005_20260322_cell#557,2,3,1,1,0,1.18326205444964,0.88087577470561,NaN,NaN,NaN,1
3302,M26005_20260322_cell#558,2,3,1,1,0,1.02713628645173,1.00293968138762,NaN,NaN,NaN,0.999854092247031
3303,M26005_20260322_cell#559,2,3,0,0,0,0.966777262744231,0.948001703067107,NaN,NaN,NaN,1
3305,M26005_20260322_cell#561,2,3,1,1,0,1.1269249455849,0.984966179794548,NaN,NaN,NaN,1
3306,M26005_20260322_cell#562,2,3,0,0,0,0.978186046633921,0.959725493064538,NaN,NaN,NaN,1
3307,M26005_20260322_cell#563,2,3,1,1,0,1.14227169325081,0.868514506234312,NaN,NaN,NaN,1
3308,M26005_20260322_cell#564,2,3,0,0,0,0.982254292675702,0.975751669408159,NaN,NaN,NaN,1
3309,M26005_20260322_cell#565,2,3,0,0,0,1.01920345422437,0.898217987644936,NaN,NaN,NaN,1
3312,M26005_20260322_cell#568,2,3,1,1,0,1.10282186522163,0.949157390064386,NaN,NaN,NaN,1
3313,M26005_20260322_cell#569,2,3,1,1,0,1.14233902557692,0.923430828480606,NaN,NaN,NaN,1
3318,M25126_20260311_cell#5,3,1,0,0,0,0.956725323136684,1.00916121508122,NaN,NaN,NaN,0.99737465673822
3319,M25126_20260311_cell#6,3,1,1,1,0,1.61392796753292,0.957285690763897,NaN,NaN,NaN,1
3320,M25126_20260311_cell#7,3,1,0,0,0,1.00927052688426,0.892031478014207,NaN,NaN,NaN,1
3326,M25126_20260311_cell#13,3,1,1,1,0,1.13969681874507,1.01157709191855,NaN,NaN,NaN,0.996699641096571
3327,M25126_20260311_cell#14,3,1,0,0,0,0.979882787951823,0.974228344821371,NaN,NaN,NaN,1
3328,M25126_20260311_cell#15,3,1,1,1,0,1.67230727532038,0.841529081540554,NaN,NaN,NaN,1
3331,M25126_20260311_cell#18,3,1,0,0,0,0.770945570158484,0.982222508466208,NaN,NaN,NaN,1
3333,M25126_20260311_cell#20,3,1,0,0,0,0.987496638054103,0.9357841102453,NaN,NaN,NaN,1
3336,M25126_20260311_cell#23,3,1,1,1,0,1.05068629896714,0.942182137848834,NaN,NaN,NaN,1
3338,M25126_20260311_cell#25,3,1,0,0,0,0.981771816529885,0.949398095377992,NaN,NaN,NaN,1
3341,M25126_20260311_cell#28,3,1,0,0,0,0.927014684893745,0.937693227921441,NaN,NaN,NaN,1
3342,M25126_20260311_cell#29,3,1,0,0,0,0.981291268197466,0.967626711162607,NaN,NaN,NaN,1
3343,M25126_20260311_cell#30,3,1,0,0,0,0.941334024354599,0.978030898859403,NaN,NaN,NaN,1
3348,M25126_20260311_cell#35,3,1,0,0,0,1.28787073952038,0.778362523975631,NaN,NaN,NaN,1
3349,M25126_20260311_cell#36,3,1,1,1,0,1.12873724935904,0.965442514214807,NaN,NaN,NaN,1
3350,M25126_20260311_cell#37,3,1,0,0,0,1.00740006530517,0.856408421088428,NaN,NaN,NaN,1
3355,M25126_20260311_cell#42,3,1,1,1,0,1.06812300469691,0.972540605324782,NaN,NaN,NaN,1
3358,M25126_20260311_cell#45,3,1,0,0,0,0.962039297993262,0.954338932062358,NaN,NaN,NaN,1
3360,M25126_20260311_cell#47,3,1,1,1,0,1.20937908351502,0.985567595551756,NaN,NaN,NaN,1
3362,M25126_20260311_cell#49,3,1,0,0,0,0.987552544246589,0.932077574273622,NaN,NaN,NaN,1
3363,M25126_20260311_cell#50,3,1,0,0,0,0.977701109695452,1.01667295671232,NaN,NaN,NaN,0.957916818056849
3366,M25126_20260311_cell#53,3,1,0,0,0,0.957565757827906,0.957014532487513,NaN,NaN,NaN,1
3369,M25126_20260311_cell#56,3,1,1,1,0,1.30741262192917,0.729631331010615,NaN,NaN,NaN,1
3374,M25126_20260311_cell#61,3,1,0,0,0,0.923697512660808,1.02737910084796,NaN,NaN,NaN,0.0616303085061529
3375,M25126_20260311_cell#62,3,1,0,0,0,0.960262772733431,0.944353297071405,NaN,NaN,NaN,1
3376,M25126_20260311_cell#63,3,1,0,0,0,1.01750016786584,0.919133093293264,NaN,NaN,NaN,1
3377,M25126_20260311_cell#64,3,1,0,0,0,0.977799995077582,0.962864374397948,NaN,NaN,NaN,1
3379,M25126_20260311_cell#66,3,1,0,0,0,1.06600048121616,0.985995501643676,NaN,NaN,NaN,1
3381,M25126_20260311_cell#68,3,1,0,0,0,0.976883232283602,1.00612437723844,NaN,NaN,NaN,0.999991621246185
3382,M25126_20260311_cell#69,3,1,0,0,0,0.949341664815397,0.925449970300172,NaN,NaN,NaN,1
3384,M25126_20260311_cell#71,3,1,0,0,0,0.976142447248223,0.934637725590943,NaN,NaN,NaN,1
3385,M25126_20260311_cell#72,3,1,0,0,0,0.958562502870579,0.940664780563105,NaN,NaN,NaN,1
3387,M25126_20260311_cell#74,3,1,0,0,0,0.993937712243662,0.945621265697315,NaN,NaN,NaN,1
3388,M25126_20260311_cell#75,3,1,0,0,0,0.958817878904184,0.970572376367257,NaN,NaN,NaN,1
3389,M25126_20260311_cell#76,3,1,0,0,0,0.980851612507525,0.972876308456551,NaN,NaN,NaN,1
3390,M25126_20260311_cell#77,3,1,0,0,0,1.00305065491155,0.942887324073294,NaN,NaN,NaN,1
3393,M25126_20260311_cell#80,3,1,0,0,0,0.986834812754093,0.970056617467639,NaN,NaN,NaN,1
3399,M25126_20260311_cell#86,3,1,0,0,1,0.96450833380929,1.05599001522372,NaN,NaN,NaN,0
3402,M25126_20260311_cell#89,3,1,0,0,0,0.976460340567598,0.992430219919468,NaN,NaN,NaN,1
3404,M25126_20260311_cell#91,3,1,0,0,0,0.981907982521859,0.960228248229412,NaN,NaN,NaN,1
3405,M25126_20260311_cell#92,3,1,1,1,0,1.03881848086836,0.88500404583296,NaN,NaN,NaN,1
3406,M25126_20260311_cell#93,3,1,0,0,0,0.932506163896559,0.931216071115674,NaN,NaN,NaN,1
3407,M25126_20260311_cell#94,3,1,1,1,0,1.18106874456104,0.926815021149905,NaN,NaN,NaN,1
3408,M25126_20260311_cell#95,3,1,0,0,0,0.900169241603065,0.987248665381049,NaN,NaN,NaN,1
3410,M25126_20260311_cell#97,3,1,1,1,1,1.17031587927722,1.06371142445123,NaN,NaN,NaN,0
3411,M25126_20260311_cell#98,3,1,1,1,0,1.06151333857831,0.985634374799656,NaN,NaN,NaN,1
3412,M25126_20260311_cell#99,3,1,1,1,0,1.1633529720323,0.979744330060302,NaN,NaN,NaN,1
3417,M25126_20260311_cell#104,3,1,0,0,0,0.91844294122242,0.71168599941856,NaN,NaN,NaN,1
3418,M25126_20260311_cell#105,3,1,0,0,0,0.90647234825583,0.831024263351354,NaN,NaN,NaN,1
3419,M25126_20260311_cell#106,3,1,0,0,0,0.821786115026883,0.767148297777766,NaN,NaN,NaN,1
3420,M25126_20260311_cell#107,3,1,0,0,1,0.990990037588315,1.06568149650616,NaN,NaN,NaN,0.000154168748829564
3422,M25126_20260311_cell#109,3,1,1,1,0,1.15648389699403,0.959112032965133,NaN,NaN,NaN,1
3425,M25126_20260311_cell#112,3,1,1,1,0,1.05974420191352,0.986983939522082,NaN,NaN,NaN,1
3427,M25126_20260311_cell#114,3,1,1,1,0,1.21232231818242,0.922551202501193,NaN,NaN,NaN,1
3428,M25126_20260311_cell#115,3,1,0,0,0,0.956348748012501,0.943028301987508,NaN,NaN,NaN,1
3429,M25126_20260311_cell#116,3,1,0,0,0,0.932088795200621,0.973511714983176,NaN,NaN,NaN,1
3430,M25126_20260311_cell#117,3,1,0,0,0,0.962026464276922,0.808930192952113,NaN,NaN,NaN,1
3432,M25126_20260311_cell#119,3,1,0,0,0,0.929340397357757,0.955653975557165,NaN,NaN,NaN,1
3434,M25126_20260311_cell#121,3,1,0,0,0,0.976279819513422,0.974796878461505,NaN,NaN,NaN,1
3435,M25126_20260311_cell#122,3,1,0,0,0,0.935639462275475,0.993769324785709,NaN,NaN,NaN,1
3436,M25126_20260311_cell#123,3,1,1,1,0,1.28095572727115,0.959660218766981,NaN,NaN,NaN,1
3440,M25126_20260311_cell#127,3,1,0,0,1,0.941176034459557,1.06829966031985,NaN,NaN,NaN,3.96167644023393e-07
3441,M25126_20260311_cell#128,3,1,1,1,0,1.20988151075205,0.953980371475224,NaN,NaN,NaN,1
3443,M25126_20260311_cell#130,3,1,0,0,0,0.894869796245256,0.984899951543299,NaN,NaN,NaN,1
3444,M25126_20260311_cell#131,3,1,0,0,0,0.963459697809861,0.967022110163926,NaN,NaN,NaN,1
3445,M25126_20260311_cell#132,3,1,0,0,0,0.959629051256143,1.01901499898527,NaN,NaN,NaN,0.117337976588377
3446,M25126_20260311_cell#133,3,1,0,0,0,1.02548058339824,0.98444940546558,NaN,NaN,NaN,1
3447,M25126_20260311_cell#134,3,1,0,0,0,0.951722768040711,0.973558282077885,NaN,NaN,NaN,1
3448,M25126_20260311_cell#135,3,1,0,0,0,0.970027681339938,0.885500655142755,NaN,NaN,NaN,1
3449,M25126_20260311_cell#136,3,1,0,0,0,0.853797877189805,0.853055840042967,NaN,NaN,NaN,1
3450,M25126_20260311_cell#137,3,1,1,1,1,1.49425312722767,1.03565176099251,NaN,NaN,NaN,0.0422607873170231
3452,M25126_20260311_cell#139,3,1,0,0,0,0.90974994062383,0.981681266620697,NaN,NaN,NaN,1
3453,M25126_20260311_cell#140,3,1,0,0,1,0.991267226252236,1.05493954573243,NaN,NaN,NaN,1.69864122767649e-14
3455,M25126_20260311_cell#142,3,1,0,0,0,0.985591100184826,0.952558107828985,NaN,NaN,NaN,1
3457,M25126_20260311_cell#144,3,1,1,1,0,1.29494582079982,0.925702566584922,NaN,NaN,NaN,1
3460,M25126_20260311_cell#147,3,1,1,1,0,1.19545608584743,0.919997792089299,NaN,NaN,NaN,1
3461,M25126_20260311_cell#148,3,1,0,0,0,1.00724090545876,0.923812003723716,NaN,NaN,NaN,1
3462,M25126_20260311_cell#149,3,1,1,1,0,1.25723717027134,0.975522266429903,NaN,NaN,NaN,1
3463,M25126_20260311_cell#150,3,1,0,0,0,0.902606244537991,0.991002586344768,NaN,NaN,NaN,1
3469,M25126_20260311_cell#156,3,1,0,0,0,1.00327814267033,0.968965511636147,NaN,NaN,NaN,1
3470,M25126_20260311_cell#157,3,1,0,0,0,1.12395101654465,0.983954342153953,NaN,NaN,NaN,1
3474,M25126_20260311_cell#161,3,1,1,1,0,1.07016495876689,0.984322718764494,NaN,NaN,NaN,1
3476,M25126_20260311_cell#163,3,1,0,0,0,0.808416420703899,0.964687548993971,NaN,NaN,NaN,1
3481,M25126_20260311_cell#168,3,1,0,0,0,0.990132172667584,0.973108312072075,NaN,NaN,NaN,1
3486,M25126_20260311_cell#173,3,1,1,1,0,1.05595748955446,1.01280068244588,NaN,NaN,NaN,0.0322633532708144
3488,M25126_20260311_cell#175,3,1,0,0,0,0.980605001105299,0.849548065174233,NaN,NaN,NaN,1
3489,M25126_20260311_cell#176,3,1,0,0,0,0.970745334688783,0.795523847379917,NaN,NaN,NaN,1
3492,M25126_20260311_cell#179,3,1,0,0,0,1.07435965386252,0.982724926664635,NaN,NaN,NaN,1
3493,M25126_20260311_cell#180,3,1,0,0,0,0.88645426342332,0.954005607186875,NaN,NaN,NaN,1
3495,M25126_20260311_cell#182,3,1,0,0,0,0.999379026376306,0.90731120360116,NaN,NaN,NaN,1
3496,M25126_20260311_cell#183,3,1,0,0,0,0.979476480611841,0.921702464267997,NaN,NaN,NaN,1
3497,M25126_20260311_cell#184,3,1,0,0,0,0.976320005234754,0.96041311279754,NaN,NaN,NaN,1
3498,M25126_20260311_cell#185,3,1,0,0,0,0.960610656977804,0.967996657467798,NaN,NaN,NaN,1
3501,M25126_20260311_cell#188,3,1,0,0,0,1.04294038251916,0.88935673045171,NaN,NaN,NaN,1
3505,M25126_20260311_cell#192,3,1,0,0,0,0.940885475181166,0.634719244460823,NaN,NaN,NaN,1
3506,M25126_20260311_cell#193,3,1,1,1,0,1.33045706122073,0.969083704273309,NaN,NaN,NaN,1
3509,M25126_20260311_cell#196,3,1,0,0,0,1.09211824544132,1.00000770394022,NaN,NaN,NaN,1
3511,M25126_20260311_cell#198,3,1,0,0,0,0.903108541716885,0.969041347386726,NaN,NaN,NaN,1
3512,M25126_20260311_cell#199,3,1,1,1,0,1.12995469361734,1.01010280592964,NaN,NaN,NaN,0.191797191008662
3516,M25126_20260311_cell#203,3,1,0,0,0,0.974825404444997,1.01107804506157,NaN,NaN,NaN,0.999990875745527
3520,M25126_20260311_cell#207,3,1,1,1,0,1.1247781444892,0.918509299988837,NaN,NaN,NaN,1
3522,M25126_20260311_cell#209,3,1,0,0,0,0.884274078198134,0.759104997848056,NaN,NaN,NaN,1
3523,M25126_20260311_cell#210,3,1,0,0,0,0.98013015300126,0.72042733186861,NaN,NaN,NaN,1
3525,M25126_20260311_cell#212,3,1,0,1,0,1.01061901920838,NaN,NaN,NaN,NaN,NaN
3527,M25126_20260311_cell#214,3,1,0,0,0,1.0104478250768,1.00041684137643,NaN,NaN,NaN,1
3529,M25126_20260311_cell#216,3,1,0,0,0,0.945778456176169,0.887258675290813,NaN,NaN,NaN,1
3531,M25126_20260311_cell#218,3,1,0,0,0,1.11831285679344,0.552600063820271,NaN,NaN,NaN,1
3535,M25126_20260311_cell#222,3,1,1,1,0,1.08781954429489,0.974512659462096,NaN,NaN,NaN,1
3536,M25126_20260311_cell#223,3,1,0,0,0,0.966091987214983,0.890461765540023,NaN,NaN,NaN,1
3538,M25126_20260311_cell#225,3,1,0,0,0,0.990984901678274,0.979473404212752,NaN,NaN,NaN,1
3539,M25126_20260311_cell#226,3,1,0,0,0,0.989423938931459,0.977846322919669,NaN,NaN,NaN,1
3540,M25126_20260311_cell#227,3,1,0,0,0,0.968333667586224,1.00464903685383,NaN,NaN,NaN,0.999999999999888
3541,M25126_20260311_cell#228,3,1,1,1,0,1.14630844348172,0.900066278362897,NaN,NaN,NaN,1
3544,M25126_20260311_cell#231,3,1,0,0,0,0.963722699732132,1.02624844199647,NaN,NaN,NaN,0.458025767148037
3546,M25126_20260311_cell#233,3,1,0,0,0,0.987919333381837,0.938882907085344,NaN,NaN,NaN,1
3548,M25126_20260311_cell#235,3,1,0,0,0,1.00465061103208,0.930507514150547,NaN,NaN,NaN,1
3550,M25126_20260311_cell#237,3,1,0,0,0,1.00126628868149,0.988306715013903,NaN,NaN,NaN,1
3553,M25126_20260311_cell#240,3,1,0,0,0,0.819594416303774,0.807639091628393,NaN,NaN,NaN,1
3557,M25126_20260311_cell#244,3,1,0,0,0,0.233546198893981,0.962245352624883,NaN,NaN,NaN,1
3560,M25126_20260311_cell#247,3,1,0,0,0,0.945370719784482,1.0003539685333,NaN,NaN,NaN,1
3561,M25126_20260311_cell#248,3,1,1,1,0,1.17354763776218,0.924753741638547,NaN,NaN,NaN,1
3564,M25126_20260311_cell#251,3,1,0,0,0,0.88697198847424,0.87664541215728,NaN,NaN,NaN,1
3565,M25126_20260311_cell#252,3,1,0,0,0,0.959353274990563,0.991127178776074,NaN,NaN,NaN,1
3566,M25126_20260311_cell#253,3,1,0,1,0,1.00904788356362,NaN,NaN,NaN,NaN,NaN
3567,M25126_20260311_cell#254,3,1,0,0,0,0.980907322636331,1.00465912746049,NaN,NaN,NaN,0.999999990263249
3569,M25126_20260311_cell#256,3,1,1,1,0,1.04044514273608,0.984609450260767,NaN,NaN,NaN,1
3573,M25126_20260311_cell#260,3,1,0,0,0,0.863728638920766,1.01208457414647,NaN,NaN,NaN,0.854368210215448
3574,M25126_20260311_cell#261,3,1,0,0,0,0.991480198996333,0.986859018769465,NaN,NaN,NaN,1
3575,M25126_20260311_cell#262,3,1,0,0,0,1.01911201997208,0.898088308949444,NaN,NaN,NaN,1
3576,M25126_20260311_cell#263,3,1,0,0,0,0.95246172855804,0.987619844453805,NaN,NaN,NaN,1
3578,M25126_20260311_cell#265,3,1,0,0,0,1.0375027051856,0.824756363720028,NaN,NaN,NaN,1
3579,M25126_20260311_cell#266,3,1,0,0,1,0.952204835718585,1.07395450020952,NaN,NaN,NaN,0.0104883168995654
3581,M25126_20260311_cell#268,3,1,0,0,0,0.987410571003316,0.858679193502339,NaN,NaN,NaN,1
3584,M25126_20260311_cell#271,3,1,0,0,0,0.984080837935403,0.999800875596234,NaN,NaN,NaN,1
3585,M25126_20260311_cell#272,3,1,0,0,0,0.96751486675849,0.935654613739524,NaN,NaN,NaN,1
3586,M25126_20260311_cell#273,3,1,0,0,0,0.844420038416644,0.917557002433626,NaN,NaN,NaN,1
3589,M25126_20260311_cell#276,3,1,1,1,0,1.24606964148384,1.0003332218849,NaN,NaN,NaN,1
3590,M25126_20260311_cell#277,3,1,0,0,0,0.926688112738393,0.981736403007774,NaN,NaN,NaN,1
3592,M25126_20260311_cell#279,3,1,0,0,0,0.974274832639981,0.958070899547361,NaN,NaN,NaN,1
3594,M25126_20260311_cell#281,3,1,1,1,0,1.101593091703,0.994072052403679,NaN,NaN,NaN,1
3597,M25126_20260311_cell#284,3,1,0,0,0,0.972148968788665,0.888585538133886,NaN,NaN,NaN,1
3598,M25126_20260311_cell#285,3,1,0,0,0,0.963705462581232,0.999290628538322,NaN,NaN,NaN,1
3599,M25126_20260311_cell#286,3,1,0,0,0,1.10719935628891,0.953098363926558,NaN,NaN,NaN,1
3600,M25126_20260311_cell#287,3,1,0,0,0,0.992102427590843,0.926150367527672,NaN,NaN,NaN,1
3601,M25126_20260311_cell#288,3,1,1,1,0,2.26198866333948,0.892929958261467,NaN,NaN,NaN,1
3603,M25126_20260311_cell#290,3,1,0,0,0,0.946755272345246,0.997206486229751,NaN,NaN,NaN,1
3607,M25126_20260311_cell#294,3,1,1,1,0,1.38368867787607,0.976757190247257,NaN,NaN,NaN,1
3611,M25126_20260311_cell#298,3,1,0,0,1,1.00479540547802,1.05068132241856,NaN,NaN,NaN,0.00688479197485159
3612,M25126_20260311_cell#299,3,1,0,0,0,1.03545943791652,0.940254134381285,NaN,NaN,NaN,1
3613,M25126_20260311_cell#300,3,1,1,1,0,1.24203182889225,0.984251284581893,NaN,NaN,NaN,1
3622,M25126_20260311_cell#309,3,1,1,1,0,1.12668589768714,0.842215410069204,NaN,NaN,NaN,1
3624,M25126_20260311_cell#311,3,1,0,0,0,0.93094113341276,0.996968573259342,NaN,NaN,NaN,1
3625,M25126_20260311_cell#312,3,1,0,0,0,0.95373648179518,0.957071992589797,NaN,NaN,NaN,1
3626,M25126_20260311_cell#313,3,1,0,0,0,0.960134998897474,0.945694244606328,NaN,NaN,NaN,1
3627,M25126_20260311_cell#314,3,1,0,0,0,0.961891135664729,0.98595823978676,NaN,NaN,NaN,1
3629,M25126_20260311_cell#316,3,1,0,0,0,0.97583157699072,0.992567774093869,NaN,NaN,NaN,1
3631,M25126_20260311_cell#318,3,1,0,0,0,1.00860157371323,0.996781953459275,NaN,NaN,NaN,1
3632,M25126_20260311_cell#319,3,1,0,0,0,0.858787560408816,0.755132626173274,NaN,NaN,NaN,1
3633,M25126_20260311_cell#320,3,1,0,0,0,1.0261613835403,1.00524008917523,NaN,NaN,NaN,0.991512195714679
3637,M25126_20260311_cell#324,3,1,0,0,0,1.02053706162467,0.994981879152462,NaN,NaN,NaN,1
3641,M25126_20260311_cell#328,3,1,0,0,0,0.964016839574998,0.991633479521483,NaN,NaN,NaN,1
3643,M25126_20260311_cell#330,3,1,0,0,0,0.856733070146057,0.900798009181252,NaN,NaN,NaN,1
3644,M25126_20260311_cell#331,3,1,0,0,0,0.919185406180934,0.912942837219592,NaN,NaN,NaN,1
3647,M25126_20260311_cell#334,3,1,0,0,0,0.945877678050205,0.912301251927067,NaN,NaN,NaN,1
3649,M25126_20260311_cell#336,3,1,0,0,0,0.857130460784175,0.931532107806133,NaN,NaN,NaN,1
3651,M25126_20260311_cell#338,3,1,0,0,0,0.984439117358507,0.994494403578765,NaN,NaN,NaN,1
3654,M25126_20260311_cell#341,3,1,1,1,0,2.23568766912057,0.947813158429025,NaN,NaN,NaN,1
3656,M25126_20260311_cell#343,3,1,0,0,0,0.991866375474062,0.954532158932124,NaN,NaN,NaN,1
3659,M25126_20260311_cell#346,3,1,0,0,0,1.05302808296056,1.00020103952941,NaN,NaN,NaN,1
3660,M25126_20260311_cell#347,3,1,0,0,0,0.860966648935644,0.976631090994205,NaN,NaN,NaN,1
3661,M25126_20260311_cell#348,3,1,0,0,0,0.952385107209411,0.838056234810125,NaN,NaN,NaN,1
3663,M25126_20260311_cell#350,3,1,0,0,0,0.989125859500691,0.970625620741667,NaN,NaN,NaN,1
3664,M25126_20260311_cell#351,3,1,0,0,0,0.992763174586759,0.935655981989785,NaN,NaN,NaN,1
3665,M25126_20260311_cell#352,3,1,0,0,0,0.996544603630564,0.787014546469035,NaN,NaN,NaN,1
3668,M25126_20260311_cell#355,3,1,1,1,0,1.19236890016257,0.970017924761563,NaN,NaN,NaN,1
3669,M25126_20260311_cell#356,3,1,0,0,0,0.97592616177136,0.83843136225618,NaN,NaN,NaN,1
3672,M25126_20260311_cell#359,3,1,1,1,0,1.13037869416152,0.981898696512264,NaN,NaN,NaN,1
3676,M25126_20260311_cell#363,3,1,0,0,1,0.995305380341527,1.12609979375695,NaN,NaN,NaN,2.88308221740863e-09
3677,M25126_20260311_cell#364,3,1,1,1,0,1.0517974089744,0.969021138451763,NaN,NaN,NaN,1
3678,M25126_20260311_cell#365,3,1,1,1,0,1.41126376737459,0.936483537382249,NaN,NaN,NaN,1
3682,M25126_20260311_cell#369,3,1,0,0,0,0.980484249203934,0.979841947955084,NaN,NaN,NaN,1
3686,M25126_20260311_cell#373,3,1,0,0,0,0.929281481182586,0.961686094447879,NaN,NaN,NaN,1
3687,M25126_20260311_cell#374,3,1,0,0,0,1.00402159307094,0.988096705285851,NaN,NaN,NaN,1
3689,M25126_20260311_cell#376,3,1,1,1,0,1.12783868765888,0.992859722222437,NaN,NaN,NaN,1
3691,M25126_20260311_cell#378,3,1,0,0,0,0.905437832152406,0.967261437804185,NaN,NaN,NaN,1
3695,M25126_20260311_cell#382,3,1,0,0,0,0.925469561262585,0.952467033150643,NaN,NaN,NaN,1
3697,M25126_20260311_cell#384,3,1,0,0,0,0.980781686947369,0.908234328747386,NaN,NaN,NaN,1
3700,M25126_20260311_cell#387,3,1,0,0,0,1.02729491122392,0.956002876225839,NaN,NaN,NaN,1
3701,M25126_20260311_cell#388,3,1,0,0,0,0.981441359021411,0.691940241398091,NaN,NaN,NaN,1
3702,M25126_20260311_cell#389,3,1,0,0,0,0.848391108177614,0.94699343793337,NaN,NaN,NaN,1
3704,M25126_20260311_cell#391,3,1,0,0,0,0.99247735810031,0.881552704700342,NaN,NaN,NaN,1
3706,M25126_20260311_cell#393,3,1,0,0,0,0.942678980406756,0.92468476806402,NaN,NaN,NaN,1
3707,M25126_20260311_cell#394,3,1,0,0,0,0.856099634129088,0.951465884986545,NaN,NaN,NaN,1
3708,M25126_20260311_cell#395,3,1,0,0,0,0.966108834654218,0.990442756410617,NaN,NaN,NaN,1
3709,M25126_20260311_cell#396,3,1,0,0,1,0.926666850290926,1.05998355165002,NaN,NaN,NaN,0
3710,M25126_20260311_cell#397,3,1,0,0,0,1.16987129516467,0.950330167913033,NaN,NaN,NaN,1
3711,M25126_20260311_cell#398,3,1,0,0,0,1.00808585780067,0.908771445280933,NaN,NaN,NaN,1
3712,M25126_20260311_cell#399,3,1,0,0,0,0.993832164317108,1.00279684397262,NaN,NaN,NaN,0.999975834729167
3713,M25126_20260311_cell#400,3,1,0,0,0,0.987174004274349,0.918386687140758,NaN,NaN,NaN,1
3714,M25126_20260311_cell#401,3,1,0,0,0,0.963768031574869,0.958013959999068,NaN,NaN,NaN,1
3715,M25126_20260311_cell#402,3,1,0,0,0,0.958992065054838,0.974465889888711,NaN,NaN,NaN,1
3716,M25126_20260311_cell#403,3,1,1,1,0,1.04651326205211,0.87341966670886,NaN,NaN,NaN,1
3717,M25126_20260311_cell#404,3,1,0,0,0,0.959963564506207,0.965249793730701,NaN,NaN,NaN,1
3718,M25126_20260311_cell#405,3,1,1,1,0,1.17424954265067,0.967108835484576,NaN,NaN,NaN,1
3719,M25126_20260311_cell#406,3,1,1,1,0,1.05206151326578,0.984585087428494,NaN,NaN,NaN,1
3721,M25126_20260311_cell#408,3,1,0,0,0,0.937149368938869,0.98810062856329,NaN,NaN,NaN,1
3722,M25126_20260311_cell#409,3,1,1,1,0,1.05111454813629,0.984987652665395,NaN,NaN,NaN,1
3723,M25126_20260311_cell#410,3,1,0,0,0,1.01177595104696,1.02273222210638,NaN,NaN,NaN,0.995768616481756
3726,M25126_20260311_cell#413,3,1,0,0,0,0.971973080775417,0.935376537516779,NaN,NaN,NaN,1
3727,M25126_20260311_cell#414,3,1,0,0,0,0.938102374820914,0.967101566022386,NaN,NaN,NaN,1
3733,M25126_20260311_cell#420,3,1,0,0,0,0.765477085345205,0.973543657265504,NaN,NaN,NaN,1
3736,M25126_20260311_cell#423,3,1,1,1,0,1.1155319720508,1.01226552712039,NaN,NaN,NaN,0.00250350462065685
3739,M25126_20260311_cell#426,3,1,0,0,0,1.01456336804129,0.973881050719442,NaN,NaN,NaN,1
3740,M25126_20260311_cell#427,3,1,1,1,0,1.0545959216437,0.977177531510135,NaN,NaN,NaN,1
3742,M25126_20260311_cell#429,3,1,1,1,0,1.02468472022471,1.00809277241215,NaN,NaN,NaN,0.385785875228512
3743,M25126_20260311_cell#430,3,1,0,0,0,1.0862217101164,0.961515012169643,NaN,NaN,NaN,1
3744,M25126_20260311_cell#431,3,1,1,1,0,1.04647006986439,0.969101135929924,NaN,NaN,NaN,1
3745,M25126_20260311_cell#432,3,1,0,0,0,1.00824479580178,0.989011473620034,NaN,NaN,NaN,1
3746,M25126_20260311_cell#433,3,1,1,1,0,1.30096236028698,0.816582555028487,NaN,NaN,NaN,1
3747,M25126_20260311_cell#434,3,1,0,0,0,0.667184568236821,0.767792207734599,NaN,NaN,NaN,1
3748,M25126_20260311_cell#435,3,1,1,1,0,1.12916480177909,0.970969081196677,NaN,NaN,NaN,1
3751,M25126_20260311_cell#438,3,1,0,0,0,0.935091988753111,0.948297949025313,NaN,NaN,NaN,1
3752,M25126_20260311_cell#439,3,1,1,1,0,1.12329217869494,0.7645071948025,NaN,NaN,NaN,1
3753,M25126_20260311_cell#440,3,1,0,0,0,0.95495926183307,0.947984428463553,NaN,NaN,NaN,1
3755,M25126_20260311_cell#442,3,1,1,1,0,1.38631127452589,0.890434766693257,NaN,NaN,NaN,1
3756,M25126_20260311_cell#443,3,1,0,0,0,0.961065895519614,0.934436437834335,NaN,NaN,NaN,1
3757,M25126_20260311_cell#444,3,1,1,1,0,1.04643341636946,0.976919860808702,NaN,NaN,NaN,1
3758,M25126_20260311_cell#445,3,1,0,0,0,1.10067134103493,0.950944356079336,NaN,NaN,NaN,1
3759,M25126_20260311_cell#446,3,1,0,0,0,0.984521035358224,0.94649864978124,NaN,NaN,NaN,1
3761,M25126_20260311_cell#448,3,1,0,0,0,0.964080789012866,0.965846342553751,NaN,NaN,NaN,1
3764,M25126_20260311_cell#451,3,1,0,0,1,0.982889078991283,1.3649719690979,NaN,NaN,NaN,0
3766,M25126_20260311_cell#453,3,1,1,1,1,1.07737653848099,1.05311167338094,NaN,NaN,NaN,3.06430725238727e-09
3769,M25126_20260311_cell#456,3,1,0,0,0,0.967291025255135,0.877797460161727,NaN,NaN,NaN,1
3770,M25126_20260311_cell#457,3,1,0,0,0,0.930710123590385,1.01395741198556,NaN,NaN,NaN,0.996785324874771
3771,M25126_20260311_cell#458,3,1,1,1,0,1.13729164951496,0.979183034889792,NaN,NaN,NaN,1
3772,M25126_20260311_cell#459,3,1,0,0,0,1.0085674741898,1.02221750374058,NaN,NaN,NaN,0.999991771837709
3773,M25126_20260311_cell#460,3,1,0,0,0,0.993745009604564,0.996241863368512,NaN,NaN,NaN,1
3775,M25126_20260311_cell#462,3,1,1,1,0,1.15650959539809,0.998993133429935,NaN,NaN,NaN,1
3776,M25126_20260311_cell#463,3,1,0,0,0,0.876221458468643,0.956737931295405,NaN,NaN,NaN,1
3777,M25126_20260311_cell#464,3,1,0,0,0,0.97462332458925,0.995827623135707,NaN,NaN,NaN,1
3779,M25126_20260311_cell#466,3,1,0,0,0,1.00006592660866,0.999078316285793,NaN,NaN,NaN,1
3780,M25126_20260311_cell#467,3,1,1,1,1,1.20933297410288,1.01922244181657,NaN,NaN,NaN,2.24598498688167e-08
3782,M25126_20260311_cell#469,3,1,0,0,0,0.949472405681018,1.01667531698247,NaN,NaN,NaN,0.897099041489698
3783,M25126_20260311_cell#470,3,1,0,1,0,-8.15502681422514,NaN,NaN,NaN,NaN,NaN
3784,M25126_20260311_cell#471,3,1,1,1,0,1.09681146827817,0.928896019876342,NaN,NaN,NaN,1
3785,M25126_20260311_cell#472,3,1,1,1,0,1.45634843831939,0.983535858608974,NaN,NaN,NaN,1
3786,M25126_20260311_cell#473,3,1,0,0,0,0.957445140865134,1.00374669767942,NaN,NaN,NaN,1
3791,M25126_20260311_cell#478,3,1,1,1,0,1.21822147597386,0.957151034605297,NaN,NaN,NaN,1
3792,M25126_20260311_cell#479,3,1,0,0,1,0.98413039435687,1.11495745004373,NaN,NaN,NaN,0
3793,M25126_20260311_cell#480,3,1,1,1,0,1.6033617359996,1.0113152398251,NaN,NaN,NaN,0.618866875352946
3794,M25126_20260311_cell#481,3,1,0,0,0,1.0092783984956,0.925902724458474,NaN,NaN,NaN,1
3804,M25126_20260311_cell#491,3,1,0,0,0,0.963673551363476,0.849040877170004,NaN,NaN,NaN,1
3805,M25126_20260311_cell#492,3,1,1,1,0,1.04565129510204,0.920665470053325,NaN,NaN,NaN,1
3806,M25126_20260311_cell#493,3,1,0,0,0,0.966311929695962,0.921879787737047,NaN,NaN,NaN,1
3808,M25126_20260311_cell#495,3,1,0,0,0,0.994811362444954,0.854598472606715,NaN,NaN,NaN,1
3809,M25126_20260311_cell#496,3,1,0,0,0,0.912273405605526,0.853362264811472,NaN,NaN,NaN,1
3810,M25126_20260311_cell#497,3,1,0,0,0,1.14075485387623,0.672288766480475,NaN,NaN,NaN,1
3811,M25126_20260311_cell#498,3,1,1,1,0,1.06140421527558,0.984717299578304,NaN,NaN,NaN,1
3812,M25126_20260311_cell#499,3,1,0,0,0,0.999738498469518,0.764617551976383,NaN,NaN,NaN,1
3813,M25126_20260311_cell#500,3,1,1,1,0,1.14713168103377,0.986309225106346,NaN,NaN,NaN,1
3814,M25126_20260311_cell#501,3,1,0,0,0,0.910103406639366,0.758276705363962,NaN,NaN,NaN,1
3815,M25126_20260311_cell#502,3,1,0,0,0,1.00572313199001,0.652819097066778,NaN,NaN,NaN,1
3818,M25126_20260311_cell#505,3,1,1,1,0,1.17591213728562,0.938616834630433,NaN,NaN,NaN,1
3820,M25126_20260311_cell#507,3,1,1,1,0,1.29357336766119,0.731654928071751,NaN,NaN,NaN,1
3825,M25126_20260311_cell#512,3,1,0,0,0,0.987222400621267,0.954369542489294,NaN,NaN,NaN,1
3827,M25126_20260311_cell#514,3,1,0,0,0,0.996607495663002,1.00333480684472,NaN,NaN,NaN,1
3829,M25126_20260311_cell#516,3,1,1,1,0,1.14639485438648,1.01310516039025,NaN,NaN,NaN,0.0889947130444504
3830,M25126_20260311_cell#517,3,1,0,0,0,0.960456297545864,0.789841410452879,NaN,NaN,NaN,1
3831,M25126_20260311_cell#518,3,1,0,0,0,0.650891088828819,0.991214842300549,NaN,NaN,NaN,1
3833,M25126_20260311_cell#520,3,1,0,0,0,1.06796628884562,0.938326476819413,NaN,NaN,NaN,1
3836,M25126_20260311_cell#523,3,1,0,0,0,0.983112129608812,0.935698446600589,NaN,NaN,NaN,1
3839,M25126_20260311_cell#526,3,1,0,0,0,0.931881144507571,0.921308514910237,NaN,NaN,NaN,1
3841,M25126_20260311_cell#528,3,1,0,0,0,0.939111185963597,1.0194283831568,NaN,NaN,NaN,0.452096922236542
3842,M25126_20260311_cell#529,3,1,0,0,0,0.878950767276363,0.934849164513313,NaN,NaN,NaN,1
3844,M25126_20260311_cell#531,3,1,1,1,0,1.9664903369152,1.03550474834058,NaN,NaN,NaN,0.994466504052854
3847,M25126_20260311_cell#534,3,1,0,0,0,0.84450309625428,0.92592644656586,NaN,NaN,NaN,1
3848,M25126_20260311_cell#535,3,1,1,1,0,1.12512685114897,0.952698494962015,NaN,NaN,NaN,1
3849,M25126_20260311_cell#536,3,1,1,1,0,2.02973775304865,1.00760415036225,NaN,NaN,NaN,0.999999999999833
3852,M25126_20260311_cell#539,3,1,0,0,0,0.932243146974701,0.899010020246799,NaN,NaN,NaN,1
3854,M25126_20260311_cell#541,3,1,1,1,0,1.2209343406946,0.914536600531507,NaN,NaN,NaN,1
3856,M25126_20260311_cell#543,3,1,1,1,0,1.34439025669456,0.95394375569701,NaN,NaN,NaN,1
3857,M25126_20260311_cell#544,3,1,1,1,0,1.08703360757429,0.987767298300317,NaN,NaN,NaN,1
3862,M25126_20260311_cell#549,3,1,0,0,0,0.959988359423385,0.898180892630203,NaN,NaN,NaN,1
3863,M25126_20260311_cell#550,3,1,0,0,0,1.0024396286487,0.985158509877006,NaN,NaN,NaN,1
3864,M25126_20260311_cell#551,3,1,0,0,0,0.936547561114005,0.916637605210152,NaN,NaN,NaN,1
3865,M25126_20260311_cell#552,3,1,0,0,0,1.00603445637798,0.974399120296238,NaN,NaN,NaN,1
3866,M25126_20260311_cell#553,3,1,0,0,0,0.981412859161987,0.92809144744696,NaN,NaN,NaN,1
3867,M25126_20260311_cell#554,3,1,1,1,0,1.07975340941938,0.997642658269036,NaN,NaN,NaN,1
3868,M25126_20260311_cell#555,3,1,0,0,0,1.00170042878461,0.959477761441161,NaN,NaN,NaN,1
3872,M25126_20260311_cell#559,3,1,1,1,0,1.09808637345079,0.824524547180113,NaN,NaN,NaN,1
3874,M25126_20260311_cell#561,3,1,0,0,0,1.01743963840597,1.00017117858545,NaN,NaN,NaN,1
3875,M25126_20260311_cell#562,3,1,1,1,0,1.0823761900028,0.961663404421066,NaN,NaN,NaN,1
3876,M25126_20260311_cell#563,3,1,1,1,0,1.10043381468321,0.989912118186886,NaN,NaN,NaN,1
3877,M25126_20260311_cell#564,3,1,1,1,0,1.09531359459908,0.995321228311478,NaN,NaN,NaN,1
3878,M25126_20260311_cell#565,3,1,1,1,0,1.26187118810423,0.9703922043532,NaN,NaN,NaN,1
3879,M25126_20260311_cell#566,3,1,0,0,0,0.921967061237464,0.978413184771976,NaN,NaN,NaN,1
3880,M25126_20260311_cell#567,3,1,0,0,1,0.981023365728477,1.0623334648546,NaN,NaN,NaN,2.73021647223537e-06
3881,M25126_20260311_cell#568,3,1,0,0,0,0.93810784040588,0.950835401352362,NaN,NaN,NaN,1
3884,M25126_20260311_cell#571,3,1,1,1,0,1.06872114638695,0.991040144608751,NaN,NaN,NaN,1
3885,M25126_20260311_cell#572,3,1,0,0,0,0.99977728934281,0.888696679090874,NaN,NaN,NaN,1
3887,M25126_20260311_cell#574,3,1,1,1,0,1.05968056984434,0.729551973248891,NaN,NaN,NaN,1
3888,M25126_20260311_cell#575,3,1,0,0,0,0.986833679805974,0.830527437962943,NaN,NaN,NaN,1
3889,M25126_20260311_cell#576,3,1,1,1,0,1.15459498677018,0.922369097663341,NaN,NaN,NaN,1
3890,M25126_20260311_cell#577,3,1,0,0,0,1.03504972699725,0.721786983511386,NaN,NaN,NaN,1
3891,M25126_20260311_cell#578,3,1,0,0,0,0.958425459053644,0.939307483608287,NaN,NaN,NaN,1
3892,M25126_20260311_cell#579,3,1,1,1,0,1.10921408242893,0.476607327166319,NaN,NaN,NaN,1
3893,M25126_20260311_cell#580,3,1,0,0,0,1.04448566291164,0.971643238746884,NaN,NaN,NaN,1
3894,M25126_20260311_cell#581,3,1,0,0,0,0.942236213015175,0.933943591120788,NaN,NaN,NaN,1
3895,M25126_20260311_cell#582,3,1,1,1,0,1.07026160654869,0.994398165224546,NaN,NaN,NaN,1
3896,M25126_20260312_cell#1,3,2,1,1,0,1.02605721829132,1.00103830250328,NaN,NaN,NaN,0.999999999970544
3897,M25126_20260312_cell#2,3,2,1,1,0,1.3872168569654,0.919091788608188,NaN,NaN,NaN,1
3902,M25126_20260312_cell#7,3,2,0,0,0,0.982500319912425,0.995301560930809,NaN,NaN,NaN,1
3903,M25126_20260312_cell#8,3,2,0,0,0,0.979807591343429,0.941296408553164,NaN,NaN,NaN,1
3905,M25126_20260312_cell#10,3,2,1,1,0,1.07378319098224,0.984879686181072,NaN,NaN,NaN,1
3906,M25126_20260312_cell#11,3,2,1,1,1,1.30802883577728,1.08901619032645,NaN,NaN,NaN,0
3907,M25126_20260312_cell#12,3,2,0,0,0,1.00342113384614,0.967482381737506,NaN,NaN,NaN,1
3909,M25126_20260312_cell#14,3,2,0,0,0,0.960833184683617,0.936055513857462,NaN,NaN,NaN,1
3910,M25126_20260312_cell#15,3,2,0,0,1,0.998545970364422,1.02454186284898,NaN,NaN,NaN,0
3911,M25126_20260312_cell#16,3,2,0,0,0,1.02363961923892,1.00660899631073,NaN,NaN,NaN,0.999893641687786
3913,M25126_20260312_cell#18,3,2,0,0,0,0.986475515805506,0.996573142552907,NaN,NaN,NaN,1
3915,M25126_20260312_cell#20,3,2,0,0,1,0.955588355335132,1.01860523858897,NaN,NaN,NaN,1.18486741680357e-05
3917,M25126_20260312_cell#22,3,2,0,0,0,0.984669908829413,0.94751406877663,NaN,NaN,NaN,1
3918,M25126_20260312_cell#23,3,2,0,0,0,0.98330452084696,0.96234288111837,NaN,NaN,NaN,1
3919,M25126_20260312_cell#24,3,2,1,1,0,1.09048891457851,0.994673656658905,NaN,NaN,NaN,1
3923,M25126_20260312_cell#28,3,2,0,0,0,1.00171853370066,0.979600387155185,NaN,NaN,NaN,1
3924,M25126_20260312_cell#29,3,2,1,1,0,1.01606872546276,1.00760139361136,NaN,NaN,NaN,5.85107077775149e-05
3925,M25126_20260312_cell#30,3,2,1,1,0,1.11088449468278,0.966692242868773,NaN,NaN,NaN,1
3926,M25126_20260312_cell#31,3,2,0,0,1,0.991299474657553,1.03821284152706,NaN,NaN,NaN,0
3928,M25126_20260312_cell#33,3,2,0,0,0,1.01129284027377,0.989459042543708,NaN,NaN,NaN,1
3929,M25126_20260312_cell#34,3,2,0,0,0,1.02693153936276,0.997240881621398,NaN,NaN,NaN,1
3930,M25126_20260312_cell#35,3,2,0,0,0,0.999237611180991,0.994755420753627,NaN,NaN,NaN,1
3931,M25126_20260312_cell#36,3,2,1,1,0,1.20532173790181,0.998535705295579,NaN,NaN,NaN,1
3933,M25126_20260312_cell#38,3,2,1,1,0,1.0487067456489,1.00322730395712,NaN,NaN,NaN,2.20855723265245e-07
3934,M25126_20260312_cell#39,3,2,1,1,0,1.03048583615695,0.991994125259318,NaN,NaN,NaN,1
3935,M25126_20260312_cell#40,3,2,1,1,0,1.26198963029311,0.995480925186497,NaN,NaN,NaN,1
3936,M25126_20260312_cell#41,3,2,1,1,0,1.13427375883064,1.00380940137482,NaN,NaN,NaN,0.861572430719134
3937,M25126_20260312_cell#42,3,2,1,1,0,1.18225826927366,0.977518550491448,NaN,NaN,NaN,1
3938,M25126_20260312_cell#43,3,2,1,1,0,1.09133663451049,0.886564606721074,NaN,NaN,NaN,1
3940,M25126_20260312_cell#45,3,2,1,1,0,1.0768360391966,1.00797802765696,NaN,NaN,NaN,0.647955833241775
3941,M25126_20260312_cell#46,3,2,0,0,0,0.925842742303898,0.971631660253668,NaN,NaN,NaN,1
3942,M25126_20260312_cell#47,3,2,0,0,0,0.949301235527806,0.979415477651818,NaN,NaN,NaN,1
3943,M25126_20260312_cell#48,3,2,0,0,0,0.917401377654964,0.915714633105161,NaN,NaN,NaN,1
3944,M25126_20260312_cell#49,3,2,0,0,0,0.982822046297769,0.974602094986458,NaN,NaN,NaN,1
3945,M25126_20260312_cell#50,3,2,0,0,0,0.801118357936919,0.99022831172862,NaN,NaN,NaN,1
3946,M25126_20260312_cell#51,3,2,1,1,0,1.08494510797213,1.00920502974585,NaN,NaN,NaN,0.987543721732236
3947,M25126_20260312_cell#52,3,2,1,1,0,1.05469486219378,0.993836512137065,NaN,NaN,NaN,1
3948,M25126_20260312_cell#53,3,2,1,1,0,1.05126235158206,0.993052024085192,NaN,NaN,NaN,1
3950,M25126_20260312_cell#55,3,2,1,1,1,1.04031448994924,1.02008748883084,NaN,NaN,NaN,0
3951,M25126_20260312_cell#56,3,2,0,0,0,1.00887544314036,0.943875469926668,NaN,NaN,NaN,1
3953,M25126_20260312_cell#58,3,2,0,0,0,1.01294653008426,0.975350739495589,NaN,NaN,NaN,1
3954,M25126_20260312_cell#59,3,2,1,1,0,1.24014506510084,0.958126676541873,NaN,NaN,NaN,1
3955,M25126_20260312_cell#60,3,2,0,0,0,0.866613714687791,0.937782944614105,NaN,NaN,NaN,1
3956,M25126_20260312_cell#61,3,2,1,1,0,1.24739692157633,0.999978109254283,NaN,NaN,NaN,1
3957,M25126_20260312_cell#62,3,2,1,1,0,1.09042694450139,0.991721796357638,NaN,NaN,NaN,1
3958,M25126_20260312_cell#63,3,2,0,0,0,0.985529040061485,0.952717464428422,NaN,NaN,NaN,1
3960,M25126_20260312_cell#65,3,2,0,0,0,0.939629490502828,0.998102904317668,NaN,NaN,NaN,1
3961,M25126_20260312_cell#66,3,2,0,0,0,0.980393415887695,0.998962892893708,NaN,NaN,NaN,1
3962,M25126_20260312_cell#67,3,2,1,1,0,1.09607545311037,0.984692158833406,NaN,NaN,NaN,1
3963,M25126_20260312_cell#68,3,2,1,1,1,1.07081527860021,1.06055381868805,NaN,NaN,NaN,0
3964,M25126_20260312_cell#69,3,2,0,0,0,0.970839239610774,0.941376560465754,NaN,NaN,NaN,1
3965,M25126_20260312_cell#70,3,2,0,0,0,0.99148770445131,0.999024624286942,NaN,NaN,NaN,1
3966,M25126_20260312_cell#71,3,2,0,0,0,1.05325340185379,0.908162042418372,NaN,NaN,NaN,1
3968,M25126_20260312_cell#73,3,2,0,0,0,0.975336985278842,0.97222836358601,NaN,NaN,NaN,1
3969,M25126_20260312_cell#74,3,2,0,0,0,0.95402274106662,0.990359127534186,NaN,NaN,NaN,1
3970,M25126_20260312_cell#75,3,2,0,1,0,1.0048312749167,NaN,NaN,NaN,NaN,NaN
3971,M25126_20260312_cell#76,3,2,1,1,0,1.09977630279098,0.988828489551988,NaN,NaN,NaN,1
3972,M25126_20260312_cell#77,3,2,1,1,1,1.06108718594597,1.02065341197678,NaN,NaN,NaN,0
3973,M25126_20260312_cell#78,3,2,1,1,0,2.13158603280916,0.990394744092882,NaN,NaN,NaN,1
3974,M25126_20260312_cell#79,3,2,0,0,0,1.00151843064322,0.933210164013086,NaN,NaN,NaN,1
3975,M25126_20260312_cell#80,3,2,1,1,1,1.2577991564342,1.02729029396785,NaN,NaN,NaN,0
3976,M25126_20260312_cell#81,3,2,0,0,0,0.950385949982013,0.920317760911151,NaN,NaN,NaN,1
3977,M25126_20260312_cell#82,3,2,1,1,1,1.05612392226394,1.01663765577953,NaN,NaN,NaN,3.70248276482243e-12
3978,M25126_20260312_cell#83,3,2,0,0,0,0.963660580973162,0.974018141528332,NaN,NaN,NaN,1
3979,M25126_20260312_cell#84,3,2,0,0,0,0.988860893293102,1.01223855288855,NaN,NaN,NaN,0.00656979275316538
3980,M25126_20260312_cell#85,3,2,1,1,0,1.10854358806863,0.992114874940088,NaN,NaN,NaN,1
3982,M25126_20260312_cell#87,3,2,1,1,0,1.33656903840578,0.777915292622769,NaN,NaN,NaN,1
3983,M25126_20260312_cell#88,3,2,1,1,0,1.06568564915298,0.987460839351349,NaN,NaN,NaN,1
3984,M25126_20260312_cell#89,3,2,0,0,1,1.00233177329878,1.06818356875122,NaN,NaN,NaN,6.66133814775094e-16
3985,M25126_20260312_cell#90,3,2,1,1,0,1.0605117283225,1.0078205661289,NaN,NaN,NaN,0.999516830590309
3986,M25126_20260312_cell#91,3,2,0,0,0,0.953113520005152,0.993423123053167,NaN,NaN,NaN,1
3988,M25126_20260312_cell#93,3,2,0,0,0,1.01892843715998,0.999154822909096,NaN,NaN,NaN,1
3989,M25126_20260312_cell#94,3,2,0,0,0,0.805694546855873,1.00308985948686,NaN,NaN,NaN,1
3990,M25126_20260312_cell#95,3,2,0,0,0,0.99759921496311,0.998956679595079,NaN,NaN,NaN,1
3992,M25126_20260312_cell#97,3,2,1,1,0,1.1114562244164,0.995645097381851,NaN,NaN,NaN,1
3993,M25126_20260312_cell#98,3,2,0,0,0,1.06843319226572,0.794237596398424,NaN,NaN,NaN,1
3994,M25126_20260312_cell#99,3,2,1,1,0,1.23006242145545,0.993671064782506,NaN,NaN,NaN,1
3995,M25126_20260312_cell#100,3,2,0,0,0,1.00094998287725,0.963674488167793,NaN,NaN,NaN,1
3997,M25126_20260312_cell#102,3,2,0,0,1,1.06048337227142,1.2819442446248,NaN,NaN,NaN,0
3998,M25126_20260312_cell#103,3,2,0,0,0,0.986878631720275,0.98198512692629,NaN,NaN,NaN,1
3999,M25126_20260312_cell#104,3,2,1,1,1,1.42085879730812,1.39752128705883,NaN,NaN,NaN,0
4000,M25126_20260312_cell#105,3,2,0,0,0,0.924034973241215,0.993822500930988,NaN,NaN,NaN,1
4001,M25126_20260312_cell#106,3,2,0,0,0,0.944032830840947,0.943809890101275,NaN,NaN,NaN,1
4002,M25126_20260312_cell#107,3,2,0,0,0,0.994512946845579,0.966692382629285,NaN,NaN,NaN,1
4003,M25126_20260312_cell#108,3,2,0,0,0,0.957135942128511,0.928103400986023,NaN,NaN,NaN,1
4004,M25126_20260312_cell#109,3,2,0,0,0,0.89163778949529,0.792564439288668,NaN,NaN,NaN,1
4005,M25126_20260312_cell#110,3,2,0,0,0,0.906081966480626,1.00517528125463,NaN,NaN,NaN,0.998983369028988
4006,M25126_20260312_cell#111,3,2,0,0,0,1.05563160959018,0.924222698536713,NaN,NaN,NaN,1
4007,M25126_20260312_cell#112,3,2,1,1,0,1.2798333160943,0.958062811652304,NaN,NaN,NaN,1
4009,M25126_20260312_cell#114,3,2,0,0,0,0.842730805952475,0.894021132630062,NaN,NaN,NaN,1
4010,M25126_20260312_cell#115,3,2,1,1,0,1.03414503252279,0.993632224057172,NaN,NaN,NaN,1
4011,M25126_20260312_cell#116,3,2,1,1,0,1.06067256934142,0.890976409905128,NaN,NaN,NaN,1
4012,M25126_20260312_cell#117,3,2,1,1,0,1.15534488637216,1.00389318105125,NaN,NaN,NaN,0.999999997474833
4013,M25126_20260312_cell#118,3,2,1,1,0,1.05304028707429,1.00171547343526,NaN,NaN,NaN,0.999554390657774
4014,M25126_20260312_cell#119,3,2,1,1,0,1.10319406272253,0.924600198559551,NaN,NaN,NaN,1
4015,M25126_20260312_cell#120,3,2,0,0,0,0.964605004962201,0.980256519333211,NaN,NaN,NaN,1
4016,M25126_20260312_cell#121,3,2,0,0,0,0.918552536892773,0.961563768566451,NaN,NaN,NaN,1
4017,M25126_20260312_cell#122,3,2,1,1,0,1.18793942793934,0.979807954816496,NaN,NaN,NaN,1
4018,M25126_20260312_cell#123,3,2,0,0,0,0.959515181447655,0.996612007763813,NaN,NaN,NaN,1
4019,M25126_20260312_cell#124,3,2,0,0,0,1.00919799526942,0.979339592348128,NaN,NaN,NaN,1
4020,M25126_20260312_cell#125,3,2,0,0,0,0.978825004359655,0.994086814054214,NaN,NaN,NaN,1
4021,M25126_20260312_cell#126,3,2,0,0,0,0.934864454216094,0.981621172103975,NaN,NaN,NaN,1
4022,M25126_20260312_cell#127,3,2,0,0,0,0.922416256238682,0.994319425010817,NaN,NaN,NaN,1
4023,M25126_20260312_cell#128,3,2,0,0,0,0.977705324831864,1.00758664384602,NaN,NaN,NaN,0.999998677939773
4024,M25126_20260312_cell#129,3,2,0,0,0,0.981040744460176,1.02292622222042,NaN,NaN,NaN,0.195657012286111
4025,M25126_20260312_cell#130,3,2,0,0,0,1.00082684683698,0.99025704542849,NaN,NaN,NaN,1
4026,M25126_20260312_cell#131,3,2,0,0,0,0.978540499780736,0.966861172600222,NaN,NaN,NaN,1
4027,M25126_20260312_cell#132,3,2,0,0,0,1.0046793377084,0.964923942591202,NaN,NaN,NaN,1
4028,M25126_20260312_cell#133,3,2,0,0,0,0.846558399261068,0.912394401616898,NaN,NaN,NaN,1
4029,M25126_20260312_cell#134,3,2,1,1,0,1.26320064145045,0.965685722024633,NaN,NaN,NaN,1
4030,M25126_20260312_cell#135,3,2,0,0,0,0.969887109055325,1.00585646590145,NaN,NaN,NaN,0.959202715097241
4031,M25126_20260312_cell#136,3,2,1,1,0,1.29306701014695,1.00972310147306,NaN,NaN,NaN,0.837701610287884
4032,M25126_20260312_cell#137,3,2,0,0,0,1.01426925364322,0.91794383484753,NaN,NaN,NaN,1
4034,M25126_20260312_cell#139,3,2,1,1,0,1.16731170218236,0.916815871335433,NaN,NaN,NaN,1
4037,M25126_20260312_cell#142,3,2,0,0,0,0.989361432082192,0.956761845396995,NaN,NaN,NaN,1
4038,M25126_20260312_cell#143,3,2,1,1,0,1.06007902379307,0.999831450342088,NaN,NaN,NaN,1
4040,M25126_20260312_cell#145,3,2,0,0,0,0.97946992562442,0.981127089207358,NaN,NaN,NaN,1
4041,M25126_20260312_cell#146,3,2,0,0,0,0.963158472265486,0.976771739221798,NaN,NaN,NaN,1
4042,M25126_20260312_cell#147,3,2,0,0,0,0.979259498559198,0.98854370453529,NaN,NaN,NaN,1
4043,M25126_20260312_cell#148,3,2,1,1,0,1.14564420103895,0.986118383237273,NaN,NaN,NaN,1
4045,M25126_20260312_cell#150,3,2,1,1,1,1.24020485554846,1.13644688846405,NaN,NaN,NaN,0
4047,M25126_20260312_cell#152,3,2,0,0,0,0.97932562382893,0.939079612720774,NaN,NaN,NaN,1
4049,M25126_20260312_cell#154,3,2,0,0,0,0.987289405788545,0.979778288187312,NaN,NaN,NaN,1
4050,M25126_20260312_cell#155,3,2,0,1,0,0.971702155936996,NaN,NaN,NaN,NaN,NaN
4051,M25126_20260312_cell#156,3,2,0,0,0,1.01684165698577,0.836973071437292,NaN,NaN,NaN,1
4053,M25126_20260312_cell#158,3,2,0,0,0,0.997404329365889,0.980700290307001,NaN,NaN,NaN,1
4054,M25126_20260312_cell#159,3,2,1,1,0,1.15705750755807,0.993625507846971,NaN,NaN,NaN,1
4056,M25126_20260312_cell#161,3,2,0,0,0,0.949484776376668,0.98460014463583,NaN,NaN,NaN,1
4057,M25126_20260312_cell#162,3,2,0,0,0,0.980348510218759,0.982103244018308,NaN,NaN,NaN,1
4058,M25126_20260312_cell#163,3,2,1,1,0,1.06877520879042,0.989356571707305,NaN,NaN,NaN,1
4059,M25126_20260312_cell#164,3,2,1,1,0,1.17523124419771,0.998600505503112,NaN,NaN,NaN,1
4060,M25126_20260312_cell#165,3,2,1,1,1,1.06143698769903,1.05816112680968,NaN,NaN,NaN,0
4062,M25126_20260312_cell#167,3,2,1,1,0,1.12839232907822,0.997191001647486,NaN,NaN,NaN,1
4063,M25126_20260312_cell#168,3,2,0,0,0,0.924759990316796,0.978796108709665,NaN,NaN,NaN,1
4064,M25126_20260312_cell#169,3,2,0,0,0,0.928140933402257,0.957003861351964,NaN,NaN,NaN,1
4066,M25126_20260312_cell#171,3,2,1,1,0,1.06618585547303,0.997161936716687,NaN,NaN,NaN,1
4067,M25126_20260312_cell#172,3,2,0,0,0,0.954451177357327,0.967590497201338,NaN,NaN,NaN,1
4070,M25126_20260312_cell#175,3,2,0,0,0,1.01021651225299,0.984986239941967,NaN,NaN,NaN,1
4071,M25126_20260312_cell#176,3,2,1,1,0,1.1308928242206,0.990579885980913,NaN,NaN,NaN,1
4072,M25126_20260312_cell#177,3,2,0,0,0,1.13596522290121,0.562055321233462,NaN,NaN,NaN,1
4073,M25126_20260312_cell#178,3,2,0,0,0,0.884484119682976,0.683832824061347,NaN,NaN,NaN,1
4074,M25126_20260312_cell#179,3,2,0,0,0,0.949547453998198,0.952598622645753,NaN,NaN,NaN,1
4075,M25126_20260312_cell#180,3,2,1,1,0,1.12553095095118,1.00302082157726,NaN,NaN,NaN,0.999999999964075
4076,M25126_20260312_cell#181,3,2,1,1,0,1.27372088041876,1.0123420223818,NaN,NaN,NaN,0.000496234770396287
4077,M25126_20260312_cell#182,3,2,1,1,0,1.08106184821525,0.916787805396355,NaN,NaN,NaN,1
4078,M25126_20260312_cell#183,3,2,1,1,0,1.06696935769736,0.943249292634669,NaN,NaN,NaN,1
4079,M25126_20260312_cell#184,3,2,0,0,0,0.979066837519545,0.856869905318611,NaN,NaN,NaN,1
4080,M25126_20260312_cell#185,3,2,0,0,0,1.00850379529217,0.954710759291815,NaN,NaN,NaN,1
4081,M25126_20260312_cell#186,3,2,1,1,0,1.22385159449036,1.0007057578509,NaN,NaN,NaN,1
4082,M25126_20260312_cell#187,3,2,0,0,0,0.958029853419303,0.985377064198364,NaN,NaN,NaN,1
4083,M25126_20260312_cell#188,3,2,0,0,0,0.902203725164496,0.941277958619171,NaN,NaN,NaN,1
4084,M25126_20260312_cell#189,3,2,0,0,0,0.849248623270357,1.03587459534523,NaN,NaN,NaN,0.0905674620660858
4085,M25126_20260312_cell#190,3,2,0,0,0,0.962839742569765,0.96035554883466,NaN,NaN,NaN,1
4086,M25126_20260312_cell#191,3,2,0,0,1,0.945146726771884,1.02391467877172,NaN,NaN,NaN,1.66533453693773e-15
4087,M25126_20260312_cell#192,3,2,1,1,0,1.29795246715455,0.992165516381371,NaN,NaN,NaN,1
4088,M25126_20260312_cell#193,3,2,1,1,0,1.09760179168377,0.977893268864344,NaN,NaN,NaN,1
4089,M25126_20260312_cell#194,3,2,0,0,0,0.977763697162808,0.927112694517508,NaN,NaN,NaN,1
4090,M25126_20260312_cell#195,3,2,1,1,0,1.08569594250839,1.00344139260982,NaN,NaN,NaN,0.503417903795364
4091,M25126_20260312_cell#196,3,2,0,0,0,0.830417841679894,0.946677171319355,NaN,NaN,NaN,1
4092,M25126_20260312_cell#197,3,2,0,0,0,0.949982514784404,0.998675047706557,NaN,NaN,NaN,1
4094,M25126_20260312_cell#199,3,2,0,0,0,1.00138668540949,0.992402319376331,NaN,NaN,NaN,1
4095,M25126_20260312_cell#200,3,2,0,0,0,0.994391164561192,0.940888289287002,NaN,NaN,NaN,1
4098,M25126_20260312_cell#203,3,2,1,1,0,1.05499826293328,0.998331394722957,NaN,NaN,NaN,1
4099,M25126_20260312_cell#204,3,2,0,0,0,0.999923232220931,0.920589990154269,NaN,NaN,NaN,1
4100,M25126_20260312_cell#205,3,2,0,0,1,0.940226106023266,1.02651730500471,NaN,NaN,NaN,9.17916361595772e-05
4101,M25126_20260312_cell#206,3,2,0,0,0,1.00510755409698,1.02980040654454,NaN,NaN,NaN,0.454739707771131
4102,M25126_20260312_cell#207,3,2,1,1,1,1.02470839824979,1.05493333140154,NaN,NaN,NaN,0
4103,M25126_20260312_cell#208,3,2,0,0,0,0.82839536370738,1.00173737790649,NaN,NaN,NaN,0.99999999997301
4104,M25126_20260312_cell#209,3,2,0,0,0,0.985078131593244,0.970378053533152,NaN,NaN,NaN,1
4105,M25126_20260312_cell#210,3,2,1,1,0,1.16506264747954,0.967817264592379,NaN,NaN,NaN,1
4106,M25126_20260312_cell#211,3,2,1,1,0,1.1993973881892,0.935247748018434,NaN,NaN,NaN,1
4108,M25126_20260312_cell#213,3,2,0,0,0,0.994525929002377,0.963900700654109,NaN,NaN,NaN,1
4109,M25126_20260312_cell#214,3,2,1,1,0,1.07290614096022,0.998403899421562,NaN,NaN,NaN,1
4111,M25126_20260312_cell#216,3,2,0,1,0,0.962076362546411,NaN,NaN,NaN,NaN,NaN
4113,M25126_20260312_cell#218,3,2,1,1,0,1.09104642449429,0.997761332619123,NaN,NaN,NaN,1
4114,M25126_20260312_cell#219,3,2,0,0,0,0.996527841618975,0.987090517296216,NaN,NaN,NaN,1
4115,M25126_20260312_cell#220,3,2,0,0,1,0.91140495491481,1.04603294771519,NaN,NaN,NaN,0
4116,M25126_20260312_cell#221,3,2,0,0,0,0.945626745116639,0.976295810970477,NaN,NaN,NaN,1
4117,M25126_20260312_cell#222,3,2,1,1,0,1.0550536981271,1.01403966821409,NaN,NaN,NaN,2.49794213091903e-08
4118,M25126_20260312_cell#223,3,2,0,0,0,0.983185174420073,0.977081276631106,NaN,NaN,NaN,1
4119,M25126_20260312_cell#224,3,2,0,0,0,0.967942832899878,0.986083198440998,NaN,NaN,NaN,1
4121,M25126_20260312_cell#226,3,2,1,1,0,1.16070332524073,0.92238186630914,NaN,NaN,NaN,1
4122,M25126_20260312_cell#227,3,2,0,0,0,0.937939575886516,0.960348836853307,NaN,NaN,NaN,1
4123,M25126_20260312_cell#228,3,2,1,1,0,1.06148105687757,0.980157089936371,NaN,NaN,NaN,1
4125,M25126_20260312_cell#230,3,2,0,0,1,0.964194747071345,1.09581284589986,NaN,NaN,NaN,0
4126,M25126_20260312_cell#231,3,2,1,1,0,1.10311019850483,0.939848631222251,NaN,NaN,NaN,1
4127,M25126_20260312_cell#232,3,2,0,0,0,1.01207326057051,0.976883879375896,NaN,NaN,NaN,1
4128,M25126_20260312_cell#233,3,2,0,0,0,1.00155433583661,0.983742858865031,NaN,NaN,NaN,1
4129,M25126_20260312_cell#234,3,2,0,0,0,0.950519013000611,0.952496906903861,NaN,NaN,NaN,1
4131,M25126_20260312_cell#236,3,2,0,0,0,0.980445064810624,1.00533066769676,NaN,NaN,NaN,0.999999987207206
4132,M25126_20260312_cell#237,3,2,0,0,0,1.00230389441173,0.97410834051048,NaN,NaN,NaN,1
4133,M25126_20260312_cell#238,3,2,1,1,0,1.07500666810948,0.984077948552217,NaN,NaN,NaN,1
4134,M25126_20260312_cell#239,3,2,0,0,1,0.970633877296921,1.02404415372695,NaN,NaN,NaN,4.02572397772971e-06
4135,M25126_20260312_cell#240,3,2,0,0,0,1.07101472531376,0.967693999464475,NaN,NaN,NaN,1
4136,M25126_20260312_cell#241,3,2,1,1,0,1.04086616762724,0.993884851252421,NaN,NaN,NaN,1
4137,M25126_20260312_cell#242,3,2,1,1,0,1.11346494469971,0.993160949271875,NaN,NaN,NaN,1
4139,M25126_20260312_cell#244,3,2,0,0,1,1.02755554747848,1.0245974353225,NaN,NaN,NaN,0.0284322056240003
4140,M25126_20260312_cell#245,3,2,0,0,0,1.06424789798748,1.05389919628572,NaN,NaN,NaN,0.445272983368376
4141,M25126_20260312_cell#246,3,2,0,0,0,0.925135593210822,0.931502371279882,NaN,NaN,NaN,1
4142,M25126_20260312_cell#247,3,2,0,0,0,0.96304637646874,0.98332471181481,NaN,NaN,NaN,1
4143,M25126_20260312_cell#248,3,2,0,0,1,0.889762575750167,1.11399477329266,NaN,NaN,NaN,0
4144,M25126_20260312_cell#249,3,2,1,1,1,1.03233376618034,1.32738766152917,NaN,NaN,NaN,0
4146,M25126_20260312_cell#251,3,2,1,1,0,1.16975553913197,0.985585098907998,NaN,NaN,NaN,1
4147,M25126_20260312_cell#252,3,2,1,1,0,1.1938674178365,0.970999270434538,NaN,NaN,NaN,1
4148,M25126_20260312_cell#253,3,2,0,0,0,0.93644311789956,0.993165010810594,NaN,NaN,NaN,1
4149,M25126_20260312_cell#254,3,2,1,1,1,1.45570534906708,1.41244959576501,NaN,NaN,NaN,0
4150,M25126_20260312_cell#255,3,2,1,1,1,1.10447449380621,1.04073075538773,NaN,NaN,NaN,0
4152,M25126_20260312_cell#257,3,2,1,1,0,1.1666583547443,0.84471464622214,NaN,NaN,NaN,1
4153,M25126_20260312_cell#258,3,2,1,1,0,1.09415037926147,0.970117519673346,NaN,NaN,NaN,1
4154,M25126_20260312_cell#259,3,2,0,0,0,0.973122492928309,1.01155776466851,NaN,NaN,NaN,0.0408973633634141
4155,M25126_20260312_cell#260,3,2,1,1,0,1.09989516822743,0.994636099855964,NaN,NaN,NaN,1
4156,M25126_20260312_cell#261,3,2,0,0,1,1.02203931206015,1.14604781050153,NaN,NaN,NaN,0.000378668115278091
4157,M25126_20260312_cell#262,3,2,0,0,0,0.965854858027919,0.984869652028078,NaN,NaN,NaN,1
4158,M25126_20260312_cell#263,3,2,1,1,0,1.12839767634393,0.972341566355524,NaN,NaN,NaN,1
4159,M25126_20260312_cell#264,3,2,0,0,0,0.916458209978437,0.946372091587203,NaN,NaN,NaN,1
4162,M25126_20260312_cell#267,3,2,0,0,0,0.999261412642524,0.95604855920824,NaN,NaN,NaN,1
4163,M25126_20260312_cell#268,3,2,0,0,0,0.977850860333179,0.972636733298322,NaN,NaN,NaN,1
4164,M25126_20260312_cell#269,3,2,0,0,0,0.957096266235294,0.942179849720483,NaN,NaN,NaN,1
4165,M25126_20260312_cell#270,3,2,0,0,0,0.982310325950122,1.00935796263093,NaN,NaN,NaN,3.68127750505209e-12
4166,M25126_20260312_cell#271,3,2,0,0,0,0.926650288163742,0.770088719840815,NaN,NaN,NaN,1
4168,M25126_20260312_cell#273,3,2,0,0,0,0.900849388265782,0.911878740073178,NaN,NaN,NaN,1
4169,M25126_20260312_cell#274,3,2,0,0,1,1.01450379158359,1.08940496609759,NaN,NaN,NaN,0
4170,M25126_20260312_cell#275,3,2,0,0,0,0.936443188141683,0.956539587064066,NaN,NaN,NaN,1
4171,M25126_20260312_cell#276,3,2,0,0,0,0.99889834980395,0.988988720360511,NaN,NaN,NaN,1
4174,M25126_20260312_cell#279,3,2,1,1,1,1.11774458745406,1.02243392453956,NaN,NaN,NaN,3.33066907387547e-16
4176,M25126_20260312_cell#281,3,2,0,0,0,1.00985456701083,0.992198445484617,NaN,NaN,NaN,1
4177,M25126_20260312_cell#282,3,2,0,0,0,0.999503557776906,0.962419662657969,NaN,NaN,NaN,1
4178,M25126_20260312_cell#283,3,2,0,0,0,0.919638219912275,0.967475368053593,NaN,NaN,NaN,1
4179,M25126_20260312_cell#284,3,2,0,0,0,0.98180410358385,0.951407532055841,NaN,NaN,NaN,1
4180,M25126_20260312_cell#285,3,2,0,0,0,1.00500658608443,0.970692663364382,NaN,NaN,NaN,1
4181,M25126_20260312_cell#286,3,2,0,0,1,0.962637939001112,1.01876606065847,NaN,NaN,NaN,0.0136526529082746
4182,M25126_20260312_cell#287,3,2,0,0,1,1.17459673233542,1.17255948382597,NaN,NaN,NaN,9.34071869562736e-06
4183,M25126_20260312_cell#288,3,2,0,0,0,0.862042708694673,1.00518098555502,NaN,NaN,NaN,0.99996187373275
4184,M25126_20260312_cell#289,3,2,0,0,0,0.953615327126574,1.00128666798857,NaN,NaN,NaN,0.999999999999993
4185,M25126_20260312_cell#290,3,2,1,1,0,1.03352472338119,0.995518082223513,NaN,NaN,NaN,1
4186,M25126_20260312_cell#291,3,2,1,1,0,1.09595794915486,0.899403867051685,NaN,NaN,NaN,1
4187,M25126_20260312_cell#292,3,2,1,1,0,1.08277766112958,0.936797594478719,NaN,NaN,NaN,1
4188,M25126_20260312_cell#293,3,2,1,1,0,1.18402165223017,0.844154272845401,NaN,NaN,NaN,1
4189,M25126_20260312_cell#294,3,2,1,1,0,1.02062798077693,0.999960905630306,NaN,NaN,NaN,1
4190,M25126_20260312_cell#295,3,2,1,1,0,1.03658085887858,0.998235413161482,NaN,NaN,NaN,1
4192,M25126_20260312_cell#297,3,2,1,1,0,1.15396471621705,0.999189176117188,NaN,NaN,NaN,1
4193,M25126_20260312_cell#298,3,2,1,1,0,1.0709906037372,0.990412328489526,NaN,NaN,NaN,1
4194,M25126_20260312_cell#299,3,2,0,0,1,0.966679600245203,1.02499558580545,NaN,NaN,NaN,2.94209101525666e-14
4195,M25126_20260312_cell#300,3,2,0,0,1,1.02606356103206,1.04031060612438,NaN,NaN,NaN,6.66133814775094e-16
4196,M25126_20260312_cell#301,3,2,1,1,1,1.06087082773118,1.02463343587239,NaN,NaN,NaN,2.41140440948584e-13
4197,M25126_20260312_cell#302,3,2,0,0,0,0.916464395594091,0.999100889059186,NaN,NaN,NaN,1
4199,M25126_20260312_cell#304,3,2,0,0,0,0.981997226960477,0.98754523908461,NaN,NaN,NaN,1
4200,M25126_20260312_cell#305,3,2,0,0,0,0.795728894480698,0.907462017931245,NaN,NaN,NaN,1
4201,M25126_20260312_cell#306,3,2,1,1,0,1.0757570419093,0.978780709102654,NaN,NaN,NaN,1
4204,M25126_20260312_cell#309,3,2,1,1,0,1.02396741917743,0.97120588944279,NaN,NaN,NaN,1
4205,M25126_20260312_cell#310,3,2,0,0,0,0.96437303159271,1.00891873934277,NaN,NaN,NaN,0.945083089588777
4206,M25126_20260312_cell#311,3,2,1,1,0,1.0493352561836,0.992696449290478,NaN,NaN,NaN,1
4207,M25126_20260312_cell#312,3,2,1,1,0,1.09944587983219,0.949683500636703,NaN,NaN,NaN,1
4208,M25126_20260312_cell#313,3,2,1,1,0,1.14335188734788,0.988247705514156,NaN,NaN,NaN,1
4210,M25126_20260312_cell#315,3,2,0,0,1,0.898887372406826,1.05488701567208,NaN,NaN,NaN,0
4211,M25126_20260312_cell#316,3,2,1,1,0,1.03758637141135,0.967559221835025,NaN,NaN,NaN,1
4212,M25126_20260312_cell#317,3,2,0,0,0,0.998929453883733,0.994753395677814,NaN,NaN,NaN,1
4213,M25126_20260312_cell#318,3,2,0,0,0,0.99730928536146,0.996760217630252,NaN,NaN,NaN,1
4215,M25126_20260312_cell#320,3,2,0,0,0,0.975477247427289,0.932812332991329,NaN,NaN,NaN,1
4216,M25126_20260312_cell#321,3,2,0,0,0,1.00873961064038,0.993585256974888,NaN,NaN,NaN,1
4217,M25126_20260312_cell#322,3,2,0,0,0,0.857075070885006,0.956109645297412,NaN,NaN,NaN,1
4218,M25126_20260312_cell#323,3,2,1,1,0,1.05057236530236,0.967394687608628,NaN,NaN,NaN,1
4219,M25126_20260312_cell#324,3,2,1,1,0,1.23359480903764,0.965993999522106,NaN,NaN,NaN,1
4220,M25126_20260312_cell#325,3,2,0,0,1,0.933872846092138,1.03556587019868,NaN,NaN,NaN,1.92168902102274e-06
4223,M25126_20260312_cell#328,3,2,0,0,0,0.927914656311247,0.90203469835312,NaN,NaN,NaN,1
4224,M25126_20260312_cell#329,3,2,1,1,0,1.13154146980376,0.985656098795662,NaN,NaN,NaN,1
4225,M25126_20260312_cell#330,3,2,0,0,0,0.983301101066389,0.987195279835647,NaN,NaN,NaN,1
4226,M25126_20260312_cell#331,3,2,1,1,0,1.02332859371697,1.00250542304871,NaN,NaN,NaN,0.9966659993979
4227,M25126_20260312_cell#332,3,2,1,1,0,1.04699977762803,0.995626666938842,NaN,NaN,NaN,1
4228,M25126_20260312_cell#333,3,2,1,1,1,1.63739058501283,1.24033979211687,NaN,NaN,NaN,0
4229,M25126_20260312_cell#334,3,2,0,0,0,1.02230306923873,0.710504501861551,NaN,NaN,NaN,1
4230,M25126_20260312_cell#335,3,2,1,1,0,1.11795556496233,0.962314551884261,NaN,NaN,NaN,1
4231,M25126_20260312_cell#336,3,2,1,1,1,1.14242485654121,1.01763794319161,NaN,NaN,NaN,0.000538815363530953
4232,M25126_20260312_cell#337,3,2,0,0,1,0.97774098025449,1.01827488452267,NaN,NaN,NaN,1.22635235300095e-12
4233,M25126_20260312_cell#338,3,2,1,1,1,1.21278640772125,1.15411474721972,NaN,NaN,NaN,0
4234,M25126_20260312_cell#339,3,2,0,0,0,1.01900691907347,0.917614134298482,NaN,NaN,NaN,1
4236,M25126_20260312_cell#341,3,2,1,1,1,1.38731518922907,1.35468343767938,NaN,NaN,NaN,0
4237,M25126_20260312_cell#342,3,2,0,0,0,0.929102867488379,0.972523626957651,NaN,NaN,NaN,1
4238,M25126_20260312_cell#343,3,2,1,1,0,1.08427942800036,0.993868996803318,NaN,NaN,NaN,1
4239,M25126_20260312_cell#344,3,2,1,1,0,1.10450167069029,0.998497449909303,NaN,NaN,NaN,1
4240,M25126_20260312_cell#345,3,2,1,1,0,1.10879354612398,0.982559166824329,NaN,NaN,NaN,1
4242,M25126_20260312_cell#347,3,2,1,1,0,1.1570845003853,0.994546570167981,NaN,NaN,NaN,1
4243,M25126_20260312_cell#348,3,2,1,1,0,1.4945484472896,0.889135086916982,NaN,NaN,NaN,1
4244,M25126_20260312_cell#349,3,2,0,0,1,0.953087608226422,1.02864594260276,NaN,NaN,NaN,4.54808080085911e-10
4245,M25126_20260312_cell#350,3,2,0,0,0,0.969397356614928,0.951873013884681,NaN,NaN,NaN,1
4246,M25126_20260312_cell#351,3,2,0,0,0,1.00864535563822,1.00559514520372,NaN,NaN,NaN,0.988994203878384
4247,M25126_20260312_cell#352,3,2,0,0,0,0.997647056529595,0.993904469993182,NaN,NaN,NaN,1
4248,M25126_20260312_cell#353,3,2,0,0,0,0.826005841186659,1.00795372292929,NaN,NaN,NaN,0.999713726429124
4249,M25126_20260312_cell#354,3,2,0,0,1,0.998392896291216,1.0242066008857,NaN,NaN,NaN,8.58885257666309e-05
4250,M25126_20260312_cell#355,3,2,0,0,0,0.977167936847942,0.960763497716066,NaN,NaN,NaN,1
4251,M25126_20260312_cell#356,3,2,1,1,0,1.05776151308366,0.972631100266107,NaN,NaN,NaN,1
4252,M25126_20260312_cell#357,3,2,0,0,1,0.963072804322686,1.02438146039646,NaN,NaN,NaN,5.55111512312578e-16
4253,M25126_20260312_cell#358,3,2,0,0,0,0.936648156986183,0.959888398314798,NaN,NaN,NaN,1
4254,M25126_20260312_cell#359,3,2,1,1,1,1.09589385661092,1.01641284351571,NaN,NaN,NaN,3.43058914609173e-14
4255,M25126_20260312_cell#360,3,2,1,1,1,1.82604318476092,1.14559117709556,NaN,NaN,NaN,0
4257,M25126_20260312_cell#362,3,2,1,1,0,1.06264170773034,1.00909327449354,NaN,NaN,NaN,0
4258,M25126_20260312_cell#363,3,2,1,1,0,1.04548348441773,0.992864605708633,NaN,NaN,NaN,1
4259,M25126_20260312_cell#364,3,2,1,1,0,1.10718856543603,0.968300058945548,NaN,NaN,NaN,1
4260,M25126_20260312_cell#365,3,2,0,0,1,0.939793652773325,1.0446201386695,NaN,NaN,NaN,1.95946304337724e-06
4261,M25126_20260312_cell#366,3,2,0,0,0,0.981453889595424,0.968337612515964,NaN,NaN,NaN,1
4262,M25126_20260312_cell#367,3,2,0,0,0,0.908173680549677,1.01075884667424,NaN,NaN,NaN,0
4263,M25126_20260312_cell#368,3,2,0,0,0,1.00011147591184,0.991630724570991,NaN,NaN,NaN,1
4264,M25126_20260312_cell#369,3,2,1,1,1,1.12436403959126,1.03499250651082,NaN,NaN,NaN,0
4265,M25126_20260312_cell#370,3,2,1,1,0,1.26163179260225,0.999763659922381,NaN,NaN,NaN,1
4266,M25126_20260312_cell#371,3,2,0,0,0,1.02089742962828,1.01434099688886,NaN,NaN,NaN,0
4267,M25126_20260312_cell#372,3,2,1,1,1,1.15280580767545,1.11509716929538,NaN,NaN,NaN,0
4268,M25126_20260312_cell#373,3,2,0,0,0,0.956358627427185,0.962895246289882,NaN,NaN,NaN,1
4269,M25126_20260312_cell#374,3,2,0,0,0,0.859307665210302,0.955509949971256,NaN,NaN,NaN,1
4270,M25126_20260312_cell#375,3,2,1,1,0,1.19958283979808,0.991046408415958,NaN,NaN,NaN,1
4271,M25126_20260312_cell#376,3,2,0,0,0,0.997791880515071,0.988487503966011,NaN,NaN,NaN,1
4272,M25126_20260312_cell#377,3,2,0,0,0,0.955436504579251,1.01068457592397,NaN,NaN,NaN,0.0908941042793031
4274,M25126_20260312_cell#379,3,2,0,0,0,1.00170013862018,0.936862330015088,NaN,NaN,NaN,1
4275,M25126_20260312_cell#380,3,2,0,0,0,0.867835653347232,0.906016336830401,NaN,NaN,NaN,1
4276,M25126_20260312_cell#381,3,2,0,0,0,1.01848926109026,0.9521555469309,NaN,NaN,NaN,1
4278,M25126_20260312_cell#383,3,2,1,1,1,1.27604000028735,1.06428463948389,NaN,NaN,NaN,0
4279,M25126_20260312_cell#384,3,2,1,1,0,1.22578308019898,0.994217503480126,NaN,NaN,NaN,1
4280,M25126_20260312_cell#385,3,2,0,0,0,0.952693616140343,0.962100048338581,NaN,NaN,NaN,1
4281,M25126_20260312_cell#386,3,2,0,0,0,0.975901279962957,0.963516275783584,NaN,NaN,NaN,1
4282,M25126_20260312_cell#387,3,2,0,0,0,0.987689400347065,0.920594773607487,NaN,NaN,NaN,1
4283,M25126_20260312_cell#388,3,2,1,1,0,1.32538068951002,0.987550314576461,NaN,NaN,NaN,1
4284,M25126_20260312_cell#389,3,2,0,0,0,0.9508528317934,0.977818895647616,NaN,NaN,NaN,1
4285,M25126_20260312_cell#390,3,2,0,0,0,1.00606264933459,0.977400741960583,NaN,NaN,NaN,1
4286,M25126_20260312_cell#391,3,2,0,0,0,0.971553373031567,0.990698470103753,NaN,NaN,NaN,1
4287,M25126_20260312_cell#392,3,2,1,1,0,1.05991370285704,0.961764425530288,NaN,NaN,NaN,1
4288,M25126_20260312_cell#393,3,2,1,1,1,1.45697898029338,1.03543310261863,NaN,NaN,NaN,7.19424519957101e-14
4289,M25126_20260312_cell#394,3,2,1,1,0,1.11166238970364,0.944871678919777,NaN,NaN,NaN,1
4290,M25126_20260312_cell#395,3,2,0,0,0,0.982325690076757,0.986171976161187,NaN,NaN,NaN,1
4291,M25126_20260312_cell#396,3,2,0,0,0,0.881725611516681,0.946206958468061,NaN,NaN,NaN,1
4292,M25126_20260312_cell#397,3,2,1,1,1,1.21224435777987,1.0951405392466,NaN,NaN,NaN,0
4293,M25126_20260312_cell#398,3,2,1,1,1,1.14637769083685,1.10398302798148,NaN,NaN,NaN,0
4294,M25126_20260312_cell#399,3,2,1,1,0,1.16026527275349,0.963066871990913,NaN,NaN,NaN,1
4295,M25126_20260312_cell#400,3,2,1,1,0,1.05820745494359,0.913364554612226,NaN,NaN,NaN,1
4296,M25126_20260312_cell#401,3,2,1,1,0,1.27302007276178,0.980360363223464,NaN,NaN,NaN,1
4297,M25126_20260312_cell#402,3,2,0,0,0,0.852882477865177,0.990400776472035,NaN,NaN,NaN,1
4298,M25126_20260312_cell#403,3,2,1,1,0,1.26290676834622,0.966585661989092,NaN,NaN,NaN,1
4299,M25126_20260312_cell#404,3,2,1,1,0,1.17535008581093,1.04176790439827,NaN,NaN,NaN,0.583803700192663
4300,M25126_20260312_cell#405,3,2,0,0,0,1.02173643711285,0.980246410403457,NaN,NaN,NaN,1
4301,M25126_20260312_cell#406,3,2,1,1,1,1.36841131076008,1.1316384809805,NaN,NaN,NaN,0
4302,M25126_20260312_cell#407,3,2,0,0,0,0.990447045813323,0.998781197101091,NaN,NaN,NaN,1
4305,M25126_20260312_cell#410,3,2,0,0,0,0.962147085534369,0.987297309847962,NaN,NaN,NaN,1
4306,M25126_20260312_cell#411,3,2,0,0,0,0.965967119269473,0.941127202852345,NaN,NaN,NaN,1
4307,M25126_20260312_cell#412,3,2,0,0,1,0.926545348261804,1.13491909656267,NaN,NaN,NaN,0
4308,M25126_20260312_cell#413,3,2,1,1,0,1.03266869478387,0.999228158618247,NaN,NaN,NaN,1
4309,M25126_20260312_cell#414,3,2,1,1,0,1.0316883621645,0.992097066160585,NaN,NaN,NaN,1
4311,M25126_20260312_cell#416,3,2,0,0,0,0.92062950592485,0.96507834683136,NaN,NaN,NaN,1
4312,M25126_20260312_cell#417,3,2,0,0,0,0.929673345019071,1.03776519340051,NaN,NaN,NaN,0.955030190872001
4315,M25126_20260312_cell#420,3,2,0,0,0,0.905724522797439,0.988289443771206,NaN,NaN,NaN,1
4316,M25126_20260312_cell#421,3,2,1,1,0,1.09301982054031,0.954155129614817,NaN,NaN,NaN,1
4317,M25126_20260312_cell#422,3,2,0,0,0,0.942174070177286,0.952785741984601,NaN,NaN,NaN,1
4318,M25126_20260312_cell#423,3,2,1,1,0,1.04339681024194,1.00600176982219,NaN,NaN,NaN,0.000368418121157399
4319,M25126_20260312_cell#424,3,2,1,1,0,1.03858324009603,0.989902061836243,NaN,NaN,NaN,1
4320,M25126_20260312_cell#425,3,2,0,0,0,0.915675494579005,0.964714772224077,NaN,NaN,NaN,1
4321,M25126_20260312_cell#426,3,2,0,0,0,0.943218770959993,0.8948556154675,NaN,NaN,NaN,1
4325,M25126_20260312_cell#430,3,2,1,1,0,1.05316094188802,0.998722670865066,NaN,NaN,NaN,1
4326,M25126_20260312_cell#431,3,2,1,1,0,1.04194674404529,0.994628112947973,NaN,NaN,NaN,1
4327,M25126_20260312_cell#432,3,2,0,0,0,0.989034604700459,1.00931329588922,NaN,NaN,NaN,0.202531609339927
4328,M25126_20260312_cell#433,3,2,1,1,0,1.03113188964129,0.992484288186965,NaN,NaN,NaN,1
4329,M25126_20260312_cell#434,3,2,0,0,0,1.0030988138162,0.999668483562137,NaN,NaN,NaN,1
4330,M25126_20260312_cell#435,3,2,0,0,1,1.0065320692228,1.01698956592951,NaN,NaN,NaN,0
4331,M25126_20260312_cell#436,3,2,0,0,0,1.00045634118006,0.94962915151015,NaN,NaN,NaN,1
4334,M25126_20260312_cell#439,3,2,0,0,0,0.886962608452402,0.977529545210562,NaN,NaN,NaN,1
4335,M25126_20260312_cell#440,3,2,0,0,0,0.986479830858746,0.986374771768006,NaN,NaN,NaN,1
4337,M25126_20260312_cell#442,3,2,1,1,0,1.07953908758229,0.996369499855432,NaN,NaN,NaN,1
4339,M25126_20260312_cell#444,3,2,1,1,1,1.02191367678417,1.01746026527003,NaN,NaN,NaN,0
4341,M25126_20260312_cell#446,3,2,0,0,0,0.861205593602375,0.964121654587311,NaN,NaN,NaN,1
4342,M25126_20260312_cell#447,3,2,1,1,0,1.35714373985749,0.999001211642784,NaN,NaN,NaN,1
4343,M25126_20260312_cell#448,3,2,1,1,0,1.04623781107768,0.996728656242355,NaN,NaN,NaN,1
4344,M25126_20260312_cell#449,3,2,0,0,1,0.944678060140123,1.0384567563719,NaN,NaN,NaN,7.1608274865298e-12
4345,M25126_20260312_cell#450,3,2,1,1,0,1.04147279043352,1.00827251321306,NaN,NaN,NaN,0.0812026680097961
4346,M25126_20260312_cell#451,3,2,0,0,1,0.981181920539326,1.01517736150406,NaN,NaN,NaN,9.79069449069669e-07
4347,M25126_20260312_cell#452,3,2,0,0,0,0.995359574735368,0.992191163740944,NaN,NaN,NaN,1
4348,M25126_20260312_cell#453,3,2,1,1,1,1.11322796322991,1.02654620078605,NaN,NaN,NaN,5.99520433297585e-15
4349,M25126_20260312_cell#454,3,2,1,1,0,1.02342158870205,0.988689290556449,NaN,NaN,NaN,1
4350,M25126_20260312_cell#455,3,2,1,1,0,1.12667706817102,0.987369127045605,NaN,NaN,NaN,1
4351,M25126_20260312_cell#456,3,2,0,0,0,0.945037948607916,0.963246722629754,NaN,NaN,NaN,1
4352,M25126_20260312_cell#457,3,2,0,0,0,1.0370169242458,0.953051496252908,NaN,NaN,NaN,1
4353,M25126_20260312_cell#458,3,2,1,1,0,1.03195066096397,1.00716555844431,NaN,NaN,NaN,0
4354,M25126_20260312_cell#459,3,2,1,1,0,1.02873407863604,0.991259067301999,NaN,NaN,NaN,1
4355,M25126_20260312_cell#460,3,2,1,1,0,1.17485344459174,0.985491943438596,NaN,NaN,NaN,1
4356,M25126_20260312_cell#461,3,2,1,1,0,1.10112717975842,0.98121761975066,NaN,NaN,NaN,1
4357,M25126_20260312_cell#462,3,2,1,1,0,1.12121492187489,0.977823013592,NaN,NaN,NaN,1
4358,M25126_20260312_cell#463,3,2,1,1,1,1.13367706169262,1.0409213611512,NaN,NaN,NaN,0.000520638985656352
4359,M25126_20260312_cell#464,3,2,1,1,0,1.07648426352481,0.990929535569221,NaN,NaN,NaN,1
4361,M25126_20260312_cell#466,3,2,1,1,0,1.01719449570866,0.964138469700285,NaN,NaN,NaN,1
4362,M25126_20260312_cell#467,3,2,0,0,0,0.922696369936234,0.976930625257341,NaN,NaN,NaN,1
4363,M25126_20260312_cell#468,3,2,0,0,0,1.01585282187047,0.926075615030506,NaN,NaN,NaN,1
4364,M25126_20260312_cell#469,3,2,1,1,0,1.13942559443494,0.970336112983669,NaN,NaN,NaN,1
4366,M25126_20260312_cell#471,3,2,0,0,1,0.94692360724362,1.06573622760593,NaN,NaN,NaN,0
4367,M25126_20260312_cell#472,3,2,0,0,0,0.998744491184518,0.957744842608239,NaN,NaN,NaN,1
4368,M25126_20260312_cell#473,3,2,1,1,0,1.09480559241402,1.00016877401343,NaN,NaN,NaN,1
4369,M25126_20260312_cell#474,3,2,0,0,0,1.01737619550685,0.997222877959197,NaN,NaN,NaN,1
4370,M25126_20260312_cell#475,3,2,0,0,0,0.968808145486783,0.925684132857463,NaN,NaN,NaN,1
4371,M25126_20260312_cell#476,3,2,1,1,1,1.16572375686983,1.2021313597356,NaN,NaN,NaN,0
4373,M25126_20260312_cell#478,3,2,1,1,0,1.1983438168326,0.964628969445767,NaN,NaN,NaN,1
4374,M25126_20260312_cell#479,3,2,0,0,0,1.02934833042385,0.974183248398987,NaN,NaN,NaN,1
4375,M25126_20260312_cell#480,3,2,0,0,1,0.996411568532395,1.03932901995489,NaN,NaN,NaN,0
4376,M25126_20260312_cell#481,3,2,1,1,0,1.13213513677553,0.953555249420141,NaN,NaN,NaN,1
4378,M25126_20260312_cell#483,3,2,1,1,0,1.15893125501303,0.921529225724325,NaN,NaN,NaN,1
4379,M25126_20260312_cell#484,3,2,0,0,0,1.02971154570246,0.995150215792786,NaN,NaN,NaN,1
4381,M25126_20260312_cell#486,3,2,1,1,1,1.05525245886649,1.08774836858263,NaN,NaN,NaN,0
4383,M25126_20260312_cell#488,3,2,1,1,0,1.03723013969232,0.984741048860047,NaN,NaN,NaN,1
4384,M25126_20260312_cell#489,3,2,0,0,0,0.927577070175112,0.804412566572623,NaN,NaN,NaN,1
4385,M25126_20260312_cell#490,3,2,1,1,0,1.16158700154515,0.981728638454945,NaN,NaN,NaN,1
4386,M25126_20260312_cell#491,3,2,1,1,0,1.15831484447359,0.989395850269378,NaN,NaN,NaN,1
4387,M25126_20260312_cell#492,3,2,1,1,1,1.08692863991142,1.01600310378752,NaN,NaN,NaN,1.2193388631121e-05
4388,M25126_20260312_cell#493,3,2,0,0,0,0.982407059526409,0.988640492956837,NaN,NaN,NaN,1
4389,M25126_20260312_cell#494,3,2,0,0,0,0.987948858068246,0.974317336117471,NaN,NaN,NaN,1
4390,M25126_20260312_cell#495,3,2,1,1,0,1.07485683900282,0.985586412238338,NaN,NaN,NaN,1
4391,M25126_20260312_cell#496,3,2,0,0,0,0.99686299985068,0.935777643325101,NaN,NaN,NaN,1
4393,M25126_20260312_cell#498,3,2,0,0,0,0.979215829425413,0.993625444472755,NaN,NaN,NaN,1
4396,M25126_20260312_cell#501,3,2,1,1,0,1.09457448056512,1.01473382462385,NaN,NaN,NaN,7.52150164373688e-09
4397,M25126_20260312_cell#502,3,2,1,1,0,1.0462966702608,0.987641345752181,NaN,NaN,NaN,1
4398,M25126_20260312_cell#503,3,2,1,1,0,1.67315137852543,0.968164502626555,NaN,NaN,NaN,1
4399,M25126_20260312_cell#504,3,2,1,1,0,1.04067750947479,0.972039603247222,NaN,NaN,NaN,1
4400,M25126_20260312_cell#505,3,2,1,1,0,1.0623131022981,1.01118674373386,NaN,NaN,NaN,1.89301898823047e-06
4401,M25126_20260312_cell#506,3,2,1,1,1,1.0930621935749,1.04596199533508,NaN,NaN,NaN,0
4402,M25126_20260312_cell#507,3,2,1,1,0,1.04454558599247,1.00742799593171,NaN,NaN,NaN,0.274763057172529
4403,M25126_20260312_cell#508,3,2,1,1,0,1.07160722182603,0.953814224817351,NaN,NaN,NaN,1
4404,M25126_20260312_cell#509,3,2,1,1,0,1.11657383340046,0.995594082212303,NaN,NaN,NaN,1
4405,M25126_20260312_cell#510,3,2,1,1,0,1.07333451287032,1.00023967866643,NaN,NaN,NaN,0.999999999998926
4406,M25126_20260312_cell#511,3,2,1,1,0,1.29926952266664,0.974988485204895,NaN,NaN,NaN,1
4408,M25126_20260312_cell#513,3,2,1,1,0,1.04484752314821,1.00567433383732,NaN,NaN,NaN,0.231002390148251
4409,M25126_20260312_cell#514,3,2,1,1,1,1.13435269043379,1.04811041783655,NaN,NaN,NaN,0
4410,M25126_20260312_cell#515,3,2,1,1,0,1.16162416476338,0.965437518557936,NaN,NaN,NaN,1
4411,M25126_20260312_cell#516,3,2,0,0,0,1.00200920766381,0.844483454629173,NaN,NaN,NaN,1
4412,M25126_20260312_cell#517,3,2,1,1,0,1.19767983445605,0.994114102138308,NaN,NaN,NaN,1
4413,M25126_20260312_cell#518,3,2,0,0,0,0.99147272466797,0.973379846127376,NaN,NaN,NaN,1
4414,M25126_20260312_cell#519,3,2,1,1,0,1.04371167868551,1.00744961094277,NaN,NaN,NaN,0.633357220711611
4415,M25126_20260312_cell#520,3,2,0,0,0,0.885165445434305,0.932051856990464,NaN,NaN,NaN,1
4416,M25126_20260312_cell#521,3,2,0,0,0,0.948901033808087,0.97753393399207,NaN,NaN,NaN,1
4417,M25126_20260312_cell#522,3,2,0,0,0,0.885128059920496,0.973039256069336,NaN,NaN,NaN,1
4418,M25126_20260312_cell#523,3,2,1,1,0,1.04050123020066,0.980423529601898,NaN,NaN,NaN,1
4419,M25126_20260312_cell#524,3,2,0,0,0,0.960327364407957,0.988876766025404,NaN,NaN,NaN,1
4420,M25126_20260312_cell#525,3,2,0,0,0,0.533090113961958,0.834909183622508,NaN,NaN,NaN,1
4421,M25126_20260312_cell#526,3,2,1,1,0,1.09718689932155,0.985868320144635,NaN,NaN,NaN,1
4423,M25126_20260312_cell#528,3,2,0,0,0,0.995669739446034,0.962342530351011,NaN,NaN,NaN,1
4424,M25126_20260312_cell#529,3,2,0,0,0,0.963051682541047,0.995838710167912,NaN,NaN,NaN,1
4425,M25126_20260312_cell#530,3,2,1,1,0,1.03917593386524,0.928959112835393,NaN,NaN,NaN,1
4426,M25126_20260312_cell#531,3,2,1,1,0,1.03422594665141,1.00080423453331,NaN,NaN,NaN,0.999999999999985
4427,M25126_20260312_cell#532,3,2,0,0,0,0.966333792801881,0.972164255410266,NaN,NaN,NaN,1
4428,M25126_20260313_cell#1,3,3,0,0,0,0.758612139908365,0.853644084044034,NaN,NaN,NaN,1
4429,M25126_20260313_cell#2,3,3,1,1,0,1.064426096617,0.988358145829823,NaN,NaN,NaN,1
4430,M25126_20260313_cell#3,3,3,0,0,0,1.01009881081691,0.97540823289675,NaN,NaN,NaN,1
4431,M25126_20260313_cell#4,3,3,1,1,0,1.05450823446819,0.981140203347856,NaN,NaN,NaN,1
4433,M25126_20260313_cell#6,3,3,0,0,0,0.999008276737126,0.983960635948722,NaN,NaN,NaN,1
4434,M25126_20260313_cell#7,3,3,0,0,0,0.950385874009692,0.979459697094773,NaN,NaN,NaN,1
4435,M25126_20260313_cell#8,3,3,0,0,0,0.894203499254086,0.893928339784206,NaN,NaN,NaN,1
4438,M25126_20260313_cell#11,3,3,0,0,0,0.988116909278506,0.997324331859223,NaN,NaN,NaN,1
4440,M25126_20260313_cell#13,3,3,1,1,0,1.06812416699751,0.984524742288156,NaN,NaN,NaN,1
4441,M25126_20260313_cell#14,3,3,1,1,0,1.07486662628633,0.973739402872527,NaN,NaN,NaN,1
4442,M25126_20260313_cell#15,3,3,1,1,0,1.06546639715259,0.953336365423675,NaN,NaN,NaN,1
4443,M25126_20260313_cell#16,3,3,0,0,0,0.983811512374234,0.943489645966884,NaN,NaN,NaN,1
4444,M25126_20260313_cell#17,3,3,0,0,0,0.981410023768729,0.960208957410077,NaN,NaN,NaN,1
4445,M25126_20260313_cell#18,3,3,0,0,0,0.842452821723195,0.887888076416495,NaN,NaN,NaN,1
4449,M25126_20260313_cell#22,3,3,0,0,0,0.923478792788292,0.918921249724071,NaN,NaN,NaN,1
4451,M25126_20260313_cell#24,3,3,0,0,0,1.08582422642006,0.927560218184279,NaN,NaN,NaN,1
4452,M25126_20260313_cell#25,3,3,0,0,0,0.978669150361139,0.975029691637024,NaN,NaN,NaN,1
4453,M25126_20260313_cell#26,3,3,0,0,0,0.977103324029659,0.970919620395061,NaN,NaN,NaN,1
4454,M25126_20260313_cell#27,3,3,0,0,0,0.964398655241592,0.948027177212265,NaN,NaN,NaN,1
4456,M25126_20260313_cell#29,3,3,1,1,0,1.15092961246153,0.966859314136072,NaN,NaN,NaN,1
4457,M25126_20260313_cell#30,3,3,0,0,0,0.990814922407162,0.916205478511125,NaN,NaN,NaN,1
4458,M25126_20260313_cell#31,3,3,0,0,0,0.905443110846398,0.93511928388471,NaN,NaN,NaN,1
4459,M25126_20260313_cell#32,3,3,0,0,0,0.993236968950489,0.916859877716674,NaN,NaN,NaN,1
4460,M25126_20260313_cell#33,3,3,0,0,0,0.985444347372849,0.997767665585582,NaN,NaN,NaN,1
4461,M25126_20260313_cell#34,3,3,0,0,0,0.978040307586823,1.00626477808637,NaN,NaN,NaN,0.982339780590994
4462,M25126_20260313_cell#35,3,3,0,0,0,0.959740271783335,0.789588843688907,NaN,NaN,NaN,1
4464,M25126_20260313_cell#37,3,3,1,1,0,1.11624760480137,0.964877663003927,NaN,NaN,NaN,1
4465,M25126_20260313_cell#38,3,3,0,0,0,1.01916787891027,0.989749705978459,NaN,NaN,NaN,1
4466,M25126_20260313_cell#39,3,3,0,0,0,0.895273526220789,0.9735138364636,NaN,NaN,NaN,1
4467,M25126_20260313_cell#40,3,3,0,0,0,0.90072761641448,0.684162359535164,NaN,NaN,NaN,1
4468,M25126_20260313_cell#41,3,3,1,1,1,1.06308381149551,1.0187388091776,NaN,NaN,NaN,0
4470,M25126_20260313_cell#43,3,3,1,1,0,1.12336606681802,0.988805194302216,NaN,NaN,NaN,1
4471,M25126_20260313_cell#44,3,3,1,1,0,1.11501552446954,0.988572010972517,NaN,NaN,NaN,1
4472,M25126_20260313_cell#45,3,3,0,0,0,0.973664458565924,0.967230308681533,NaN,NaN,NaN,1
4473,M25126_20260313_cell#46,3,3,1,1,0,1.08641649456185,0.960999686645796,NaN,NaN,NaN,1
4474,M25126_20260313_cell#47,3,3,1,1,0,1.07174062529879,0.925140832649259,NaN,NaN,NaN,1
4475,M25126_20260313_cell#48,3,3,0,0,0,1.0206868030641,0.958903561360343,NaN,NaN,NaN,1
4476,M25126_20260313_cell#49,3,3,1,1,1,1.38649364946153,1.03097495538408,NaN,NaN,NaN,0.00609892065079687
4477,M25126_20260313_cell#50,3,3,0,0,0,0.978572648056649,0.983657730767626,NaN,NaN,NaN,1
4479,M25126_20260313_cell#52,3,3,0,0,0,0.947380341728841,0.990878673964573,NaN,NaN,NaN,1
4480,M25126_20260313_cell#53,3,3,0,0,0,0.955669161145831,0.942618677983141,NaN,NaN,NaN,1
4481,M25126_20260313_cell#54,3,3,0,0,0,0.882431383546441,0.967441175157116,NaN,NaN,NaN,1
4482,M25126_20260313_cell#55,3,3,0,0,0,0.955972105896916,0.986131670138435,NaN,NaN,NaN,1
4484,M25126_20260313_cell#57,3,3,0,0,0,0.988830068205294,0.98984844552745,NaN,NaN,NaN,1
4485,M25126_20260313_cell#58,3,3,0,0,0,0.974067199821071,0.965076893171503,NaN,NaN,NaN,1
4486,M25126_20260313_cell#59,3,3,0,0,0,0.985961288722504,0.950212772623901,NaN,NaN,NaN,1
4487,M25126_20260313_cell#60,3,3,0,0,0,1.10436088013071,0.794536897110747,NaN,NaN,NaN,1
4488,M25126_20260313_cell#61,3,3,1,1,0,1.09995233876163,0.910285356115225,NaN,NaN,NaN,1
4489,M25126_20260313_cell#62,3,3,1,1,0,1.09227510201714,0.980247066995737,NaN,NaN,NaN,1
4490,M25126_20260313_cell#63,3,3,1,1,1,1.15493518773414,1.12140328437308,NaN,NaN,NaN,0
4491,M25126_20260313_cell#64,3,3,0,0,0,0.943574560178142,0.918634324068207,NaN,NaN,NaN,1
4492,M25126_20260313_cell#65,3,3,0,0,0,0.965024987634915,0.848055384141174,NaN,NaN,NaN,1
4493,M25126_20260313_cell#66,3,3,1,1,0,1.04575196434454,0.984084088738285,NaN,NaN,NaN,1
4494,M25126_20260313_cell#67,3,3,1,1,0,1.19991157033743,0.947305649621821,NaN,NaN,NaN,1
4495,M25126_20260313_cell#68,3,3,1,1,0,1.06164923289279,0.98019153093145,NaN,NaN,NaN,1
4496,M25126_20260313_cell#69,3,3,0,0,0,0.897473330103129,0.958213667497215,NaN,NaN,NaN,1
4497,M25126_20260313_cell#70,3,3,1,1,0,1.11014457532337,0.946493516684497,NaN,NaN,NaN,1
4498,M25126_20260313_cell#71,3,3,0,0,0,0.926094832510699,0.976459550065007,NaN,NaN,NaN,1
4499,M25126_20260313_cell#72,3,3,0,0,0,0.946324542056183,0.984538684623261,NaN,NaN,NaN,1
4501,M25126_20260313_cell#74,3,3,0,0,0,1.00932124037043,0.980712194533125,NaN,NaN,NaN,1
4502,M25126_20260313_cell#75,3,3,0,0,0,0.900268402304254,0.909339613490201,NaN,NaN,NaN,1
4504,M25126_20260313_cell#77,3,3,1,1,0,1.52994681627811,0.774099246784899,NaN,NaN,NaN,1
4505,M25126_20260313_cell#78,3,3,0,0,0,0.9684615408653,0.983597318894289,NaN,NaN,NaN,1
4506,M25126_20260313_cell#79,3,3,0,0,1,0.954179102145308,1.04428848179004,NaN,NaN,NaN,0
4507,M25126_20260313_cell#80,3,3,0,0,0,0.935570806368645,0.977473029358613,NaN,NaN,NaN,1
4508,M25126_20260313_cell#81,3,3,1,1,0,1.02625041421891,0.99210596803764,NaN,NaN,NaN,1
4509,M25126_20260313_cell#82,3,3,0,0,0,0.976318453450195,0.963499289312257,NaN,NaN,NaN,1
4510,M25126_20260313_cell#83,3,3,0,0,0,1.01998137496991,0.968335147541872,NaN,NaN,NaN,1
4511,M25126_20260313_cell#84,3,3,1,1,1,1.26514521953273,1.10152829876091,NaN,NaN,NaN,0
4512,M25126_20260313_cell#85,3,3,1,1,0,1.15951214948149,0.921259866451746,NaN,NaN,NaN,1
4513,M25126_20260313_cell#86,3,3,0,0,0,1.02423833592365,0.97871512970301,NaN,NaN,NaN,1
4514,M25126_20260313_cell#87,3,3,1,1,0,1.25467350041018,0.989423555903343,NaN,NaN,NaN,1
4516,M25126_20260313_cell#89,3,3,0,0,0,0.99269207260604,0.989112611972491,NaN,NaN,NaN,1
4517,M25126_20260313_cell#90,3,3,0,0,0,1.0538093764887,0.869446727575902,NaN,NaN,NaN,1
4519,M25126_20260313_cell#92,3,3,0,0,0,1.00741387488664,0.993375088595155,NaN,NaN,NaN,1
4520,M25126_20260313_cell#93,3,3,0,0,0,0.859162845830159,0.728937209078687,NaN,NaN,NaN,1
4521,M25126_20260313_cell#94,3,3,0,0,0,0.985139459574452,0.963763822001732,NaN,NaN,NaN,1
4523,M25126_20260313_cell#96,3,3,1,1,0,1.03123475942825,0.967702261470173,NaN,NaN,NaN,1
4524,M25126_20260313_cell#97,3,3,1,1,0,1.12861979189787,0.972843015450454,NaN,NaN,NaN,1
4525,M25126_20260313_cell#98,3,3,1,1,0,1.14450458660257,0.999810100712271,NaN,NaN,NaN,1
4527,M25126_20260313_cell#100,3,3,0,0,0,0.997224886662657,0.952414116132897,NaN,NaN,NaN,1
4529,M25126_20260313_cell#102,3,3,0,0,0,0.909675626637629,0.931600445551684,NaN,NaN,NaN,1
4531,M25126_20260313_cell#104,3,3,0,0,0,0.962446266128158,0.985910039570741,NaN,NaN,NaN,1
4533,M25126_20260313_cell#106,3,3,0,0,0,1.01428833155153,0.848538648167782,NaN,NaN,NaN,1
4534,M25126_20260313_cell#107,3,3,0,0,0,1.04210602668201,0.949185285851183,NaN,NaN,NaN,1
4536,M25126_20260313_cell#109,3,3,0,0,0,0.992737164640666,0.978655008098164,NaN,NaN,NaN,1
4537,M25126_20260313_cell#110,3,3,1,1,0,1.04008264467508,0.908642750906652,NaN,NaN,NaN,1
4538,M25126_20260313_cell#111,3,3,0,0,0,1.00785363135133,0.946258012953492,NaN,NaN,NaN,1
4539,M25126_20260313_cell#112,3,3,0,0,0,1.05330466307614,0.796962737152658,NaN,NaN,NaN,1
4540,M25126_20260313_cell#113,3,3,0,0,0,0.97557230267928,0.935658152101614,NaN,NaN,NaN,1
4542,M25126_20260313_cell#115,3,3,1,1,0,1.0470785768475,0.952367953001835,NaN,NaN,NaN,1
4543,M25126_20260313_cell#116,3,3,0,0,0,1.01937258181483,0.920613421804389,NaN,NaN,NaN,1
4544,M25126_20260313_cell#117,3,3,1,1,0,1.15614349351371,0.972404071134026,NaN,NaN,NaN,1
4545,M25126_20260313_cell#118,3,3,0,0,1,0.972198460441861,1.06386326145026,NaN,NaN,NaN,0
4546,M25126_20260313_cell#119,3,3,0,0,0,0.995742620813327,0.965490659698915,NaN,NaN,NaN,1
4547,M25126_20260313_cell#120,3,3,0,0,0,1.01455472714005,0.984606102425999,NaN,NaN,NaN,1
4548,M25126_20260313_cell#121,3,3,0,0,0,0.953540653038116,0.9730005287975,NaN,NaN,NaN,1
4550,M25126_20260313_cell#123,3,3,1,1,0,1.14121413922331,0.973056461193553,NaN,NaN,NaN,1
4551,M25126_20260313_cell#124,3,3,0,0,0,1.0049926015126,0.856205491460732,NaN,NaN,NaN,1
4553,M25126_20260313_cell#126,3,3,0,0,0,0.989172166327192,1.00380619768556,NaN,NaN,NaN,0.975945243088422
4554,M25126_20260313_cell#127,3,3,1,1,0,1.23309162120353,0.786096263764252,NaN,NaN,NaN,1
4556,M25126_20260313_cell#129,3,3,0,0,0,0.953890880589275,0.84187025361472,NaN,NaN,NaN,1
4557,M25126_20260313_cell#130,3,3,0,0,0,1.00548945416086,0.902600519289692,NaN,NaN,NaN,1
4558,M25126_20260313_cell#131,3,3,0,0,0,1.00224866710835,0.928206237103701,NaN,NaN,NaN,1
4560,M25126_20260313_cell#133,3,3,0,0,0,0.960982320091195,0.997031390530137,NaN,NaN,NaN,1
4561,M25126_20260313_cell#134,3,3,0,0,0,0.987673533015945,0.95547848144456,NaN,NaN,NaN,1
4563,M25126_20260313_cell#136,3,3,0,0,0,0.998212003637183,0.974489839261368,NaN,NaN,NaN,1
4564,M25126_20260313_cell#137,3,3,1,1,0,1.25230091207189,0.897298229857372,NaN,NaN,NaN,1
4565,M25126_20260313_cell#138,3,3,0,0,0,0.961835810209226,0.954887404443475,NaN,NaN,NaN,1
4566,M25126_20260313_cell#139,3,3,0,0,0,0.995943248464089,0.96052785319325,NaN,NaN,NaN,1
4567,M25126_20260313_cell#140,3,3,1,1,0,1.29114037854313,0.843530597555248,NaN,NaN,NaN,1
4569,M25126_20260313_cell#142,3,3,1,1,0,1.13900403365549,0.977384159868043,NaN,NaN,NaN,1
4570,M25126_20260313_cell#143,3,3,1,1,0,1.0661681319031,0.970493426546722,NaN,NaN,NaN,1
4572,M25126_20260313_cell#145,3,3,0,0,0,0.997937840265366,0.994381287118157,NaN,NaN,NaN,1
4573,M25126_20260313_cell#146,3,3,1,1,0,1.20269514743123,0.8295916216097,NaN,NaN,NaN,1
4574,M25126_20260313_cell#147,3,3,1,1,0,1.06553802562705,0.951476439611536,NaN,NaN,NaN,1
4575,M25126_20260313_cell#148,3,3,0,0,0,0.900686503874047,0.853643306406134,NaN,NaN,NaN,1
4576,M25126_20260313_cell#149,3,3,1,1,0,1.0506903821416,0.99679174366946,NaN,NaN,NaN,1
4577,M25126_20260313_cell#150,3,3,0,0,0,0.928898572723747,0.92727547095895,NaN,NaN,NaN,1
4579,M25126_20260313_cell#152,3,3,0,0,1,0.910577795742359,1.05539327465441,NaN,NaN,NaN,8.70249652007438e-07
4581,M25126_20260313_cell#154,3,3,1,1,0,1.0659600771593,0.989541339863845,NaN,NaN,NaN,1
4582,M25126_20260313_cell#155,3,3,1,1,0,1.02235346540505,0.970089294000478,NaN,NaN,NaN,1
4584,M25126_20260313_cell#157,3,3,1,1,0,1.21825601181412,0.983927010980734,NaN,NaN,NaN,1
4586,M25126_20260313_cell#159,3,3,1,1,1,1.04412619345226,1.02010866402189,NaN,NaN,NaN,0
4587,M25126_20260313_cell#160,3,3,0,0,0,0.961299431516183,0.98296935279296,NaN,NaN,NaN,1
4588,M25126_20260313_cell#161,3,3,0,0,0,1.04342114348059,0.921288639506976,NaN,NaN,NaN,1
4589,M25126_20260313_cell#162,3,3,0,0,0,0.888358426583141,0.923266674300259,NaN,NaN,NaN,1
4590,M25126_20260313_cell#163,3,3,0,0,0,0.89176478534571,0.955469187288598,NaN,NaN,NaN,1
4591,M25126_20260313_cell#164,3,3,1,1,0,1.01600629802795,1.00246947869562,NaN,NaN,NaN,0.800758341304987
4593,M25126_20260313_cell#166,3,3,0,0,0,0.967973964593113,0.990178394653842,NaN,NaN,NaN,1
4594,M25126_20260313_cell#167,3,3,1,1,0,1.29707920312291,0.983658631683373,NaN,NaN,NaN,1
4595,M25126_20260313_cell#168,3,3,0,1,0,-11.996519208687,NaN,NaN,NaN,NaN,NaN
4597,M25126_20260313_cell#170,3,3,1,1,0,1.11713732666163,0.941876725294438,NaN,NaN,NaN,1
4598,M25126_20260313_cell#171,3,3,0,0,0,1.00710525698246,0.952418247961211,NaN,NaN,NaN,1
4599,M25126_20260313_cell#172,3,3,0,0,0,0.988215469921563,0.986488403219404,NaN,NaN,NaN,1
4600,M25126_20260313_cell#173,3,3,1,1,0,1.02378332798986,0.982200921104454,NaN,NaN,NaN,1
4601,M25126_20260313_cell#174,3,3,1,1,1,1.0477802355409,1.03503611071996,NaN,NaN,NaN,1.37528877175441e-11
4602,M25126_20260313_cell#175,3,3,0,0,0,1.01670065150206,0.946130140848905,NaN,NaN,NaN,1
4603,M25126_20260313_cell#176,3,3,0,0,0,1.05870097339594,0.869256924218393,NaN,NaN,NaN,1
4604,M25126_20260313_cell#177,3,3,0,0,0,0.911778134743366,0.829109574371688,NaN,NaN,NaN,1
4605,M25126_20260313_cell#178,3,3,1,1,0,1.27697156145222,0.962719248841532,NaN,NaN,NaN,1
4607,M25126_20260313_cell#180,3,3,1,1,0,1.06291579081581,0.991889817019223,NaN,NaN,NaN,1
4608,M25126_20260313_cell#181,3,3,0,0,0,0.990785627503712,0.971499306591066,NaN,NaN,NaN,1
4609,M25126_20260313_cell#182,3,3,1,1,0,1.07445577525729,0.965087770408853,NaN,NaN,NaN,1
4610,M25126_20260313_cell#183,3,3,1,1,0,1.08468395195216,0.843937832863228,NaN,NaN,NaN,1
4612,M25126_20260313_cell#185,3,3,1,1,0,1.14181574522014,0.986708604201992,NaN,NaN,NaN,1
4613,M25126_20260313_cell#186,3,3,0,0,0,1.01526226635476,0.912315262072026,NaN,NaN,NaN,1
4614,M25126_20260313_cell#187,3,3,1,1,0,1.03654890466397,0.969916084492995,NaN,NaN,NaN,1
4615,M25126_20260313_cell#188,3,3,0,0,0,0.965834387255918,0.978197800178874,NaN,NaN,NaN,1
4616,M25126_20260313_cell#189,3,3,1,1,0,1.14883941018945,0.987099737448556,NaN,NaN,NaN,1
4618,M25126_20260313_cell#191,3,3,1,1,0,1.04877504772112,0.955606744550866,NaN,NaN,NaN,1
4619,M25126_20260313_cell#192,3,3,0,0,0,0.916740022266228,0.881390190940651,NaN,NaN,NaN,1
4620,M25126_20260313_cell#193,3,3,1,1,0,1.27465080568187,0.960411284210542,NaN,NaN,NaN,1
4621,M25126_20260313_cell#194,3,3,0,0,1,0.957156364632209,1.07316634059068,NaN,NaN,NaN,0.00452128691767817
4622,M25126_20260313_cell#195,3,3,0,0,0,0.993579419090939,0.978649894269631,NaN,NaN,NaN,1
4624,M25126_20260313_cell#197,3,3,0,0,0,0.995607570774668,0.968484252914597,NaN,NaN,NaN,1
4626,M25126_20260313_cell#199,3,3,0,0,0,0.95566074525453,0.913555580935446,NaN,NaN,NaN,1
4630,M25126_20260313_cell#203,3,3,1,1,0,1.07989731726691,1.00549174908363,NaN,NaN,NaN,0.19438488794897
4631,M25126_20260313_cell#204,3,3,1,1,0,1.62849325939685,0.773727404805552,NaN,NaN,NaN,1
4632,M25126_20260313_cell#205,3,3,0,0,1,0.99132489445105,1.03033434152381,NaN,NaN,NaN,1.81702722155119e-05
4633,M25126_20260313_cell#206,3,3,1,1,0,1.09619079056783,0.937803886209027,NaN,NaN,NaN,1
4634,M25126_20260313_cell#207,3,3,0,0,0,1.00409216919082,0.965945220566881,NaN,NaN,NaN,1
4635,M25126_20260313_cell#208,3,3,1,1,0,1.40751148208864,0.986393045225614,NaN,NaN,NaN,1
4637,M25126_20260313_cell#210,3,3,0,0,0,0.956896434220504,0.95020449755811,NaN,NaN,NaN,1
4638,M25126_20260313_cell#211,3,3,1,1,0,1.33200626615829,0.94329985116441,NaN,NaN,NaN,1
4639,M25126_20260313_cell#212,3,3,1,1,0,1.12055646257641,0.88889915159344,NaN,NaN,NaN,1
4640,M25126_20260313_cell#213,3,3,0,0,0,1.04378049802536,0.794434398881125,NaN,NaN,NaN,1
4641,M25126_20260313_cell#214,3,3,0,0,0,0.939824107611883,0.954349492287259,NaN,NaN,NaN,1
4642,M25126_20260313_cell#215,3,3,0,0,0,0.994479322380615,0.98107770276665,NaN,NaN,NaN,1
4643,M25126_20260313_cell#216,3,3,0,0,0,0.98937034042374,0.907272891826029,NaN,NaN,NaN,1
4644,M25126_20260313_cell#217,3,3,1,1,0,1.08713707695309,0.940794160792346,NaN,NaN,NaN,1
4645,M25126_20260313_cell#218,3,3,0,0,0,1.03764320108877,0.862619725089183,NaN,NaN,NaN,1
4646,M25126_20260313_cell#219,3,3,1,1,0,1.07557759568315,0.963819655374465,NaN,NaN,NaN,1
4647,M25126_20260313_cell#220,3,3,0,0,0,0.95849880213014,0.913886497206226,NaN,NaN,NaN,1
4648,M25126_20260313_cell#221,3,3,0,0,0,0.946984445154539,0.884549769702409,NaN,NaN,NaN,1
4649,M25126_20260313_cell#222,3,3,0,0,0,0.985194154751949,0.947567977434972,NaN,NaN,NaN,1
4651,M25126_20260313_cell#224,3,3,1,1,0,1.07969774682749,0.967639177156681,NaN,NaN,NaN,1
4652,M25126_20260313_cell#225,3,3,1,1,0,1.08505606245431,0.9472973357567,NaN,NaN,NaN,1
4653,M25126_20260313_cell#226,3,3,1,1,0,1.04750951286008,0.963896037622126,NaN,NaN,NaN,1
4655,M25126_20260313_cell#228,3,3,0,0,0,0.902459931644502,0.932348545943092,NaN,NaN,NaN,1
4656,M25126_20260313_cell#229,3,3,0,0,0,0.881268992978745,0.874155206051978,NaN,NaN,NaN,1
4657,M25126_20260313_cell#230,3,3,1,1,0,1.0509992722185,0.975359695418697,NaN,NaN,NaN,1
4658,M25126_20260313_cell#231,3,3,0,0,0,0.972801229788877,0.983687191874552,NaN,NaN,NaN,1
4659,M25126_20260313_cell#232,3,3,0,0,0,0.965576193307999,0.95420817499083,NaN,NaN,NaN,1
4661,M25126_20260313_cell#234,3,3,0,0,0,0.976065159147006,0.951413619965696,NaN,NaN,NaN,1
4662,M25126_20260313_cell#235,3,3,1,1,0,1.09592353091905,1.00157329714897,NaN,NaN,NaN,1
4663,M25126_20260313_cell#236,3,3,1,1,0,1.14392579096949,0.83154857463505,NaN,NaN,NaN,1
4664,M25126_20260313_cell#237,3,3,0,0,0,0.967256008661789,0.99090006680053,NaN,NaN,NaN,1
4665,M25126_20260313_cell#238,3,3,0,0,0,0.941972504013095,1.00625301961873,NaN,NaN,NaN,0.999725779815864
4666,M25126_20260313_cell#239,3,3,1,1,0,1.06703698658168,0.996306769809461,NaN,NaN,NaN,1
4667,M25126_20260313_cell#240,3,3,0,0,0,0.964725118915678,0.916822597549273,NaN,NaN,NaN,1
4668,M25126_20260313_cell#241,3,3,0,0,0,0.924902276485528,0.92347844792915,NaN,NaN,NaN,1
4670,M25126_20260313_cell#243,3,3,1,1,0,1.06515582859099,0.960201955887786,NaN,NaN,NaN,1
4672,M25126_20260313_cell#245,3,3,0,0,0,0.990834187922877,1.00433934839069,NaN,NaN,NaN,0.999970490562457
4674,M25126_20260313_cell#247,3,3,0,0,0,0.997787582686726,0.935253264857502,NaN,NaN,NaN,1
4675,M25126_20260313_cell#248,3,3,0,0,0,0.949943003040282,0.960107935090141,NaN,NaN,NaN,1
4676,M25126_20260313_cell#249,3,3,0,0,0,0.875535102879557,0.888459919584793,NaN,NaN,NaN,1
4677,M25126_20260313_cell#250,3,3,1,1,0,1.23214777414015,0.989864718801622,NaN,NaN,NaN,1
4679,M25126_20260313_cell#252,3,3,1,1,0,1.09146152476644,0.992396320649193,NaN,NaN,NaN,1
4681,M25126_20260313_cell#254,3,3,0,0,1,1.00777626441325,1.040799088216,NaN,NaN,NaN,0.033853308909269
4682,M25126_20260313_cell#255,3,3,1,1,0,1.08456667202958,0.982118767069895,NaN,NaN,NaN,1
4683,M25126_20260313_cell#256,3,3,1,1,0,1.03891340904513,0.964193263353168,NaN,NaN,NaN,1
4685,M25126_20260313_cell#258,3,3,0,0,0,1.00606660134894,0.859595826779686,NaN,NaN,NaN,1
4686,M25126_20260313_cell#259,3,3,0,0,0,0.951139250828649,0.959666320327708,NaN,NaN,NaN,1
4687,M25126_20260313_cell#260,3,3,0,0,0,0.999085515317929,0.994813604068953,NaN,NaN,NaN,1
4688,M25126_20260313_cell#261,3,3,0,0,0,0.981624029068391,0.983569825893057,NaN,NaN,NaN,1
4691,M25126_20260313_cell#264,3,3,0,0,0,0.873437546730644,0.919318847447626,NaN,NaN,NaN,1
4692,M25126_20260313_cell#265,3,3,1,1,0,1.08287790249498,0.986147215655375,NaN,NaN,NaN,1
4693,M25126_20260313_cell#266,3,3,1,1,0,1.01899206716344,0.983568052680454,NaN,NaN,NaN,1
4694,M25126_20260313_cell#267,3,3,1,1,0,1.08359386772742,0.974060672553248,NaN,NaN,NaN,1
4695,M25126_20260313_cell#268,3,3,1,1,0,1.1855371086376,0.998531114875465,NaN,NaN,NaN,1
4696,M25126_20260313_cell#269,3,3,1,1,0,1.04109434871999,0.986173404118036,NaN,NaN,NaN,1
4697,M25126_20260313_cell#270,3,3,1,1,0,1.29815408267053,0.988490153749838,NaN,NaN,NaN,1
4698,M25126_20260313_cell#271,3,3,0,0,0,1.10534822846726,0.697576934185836,NaN,NaN,NaN,1
4699,M25126_20260313_cell#272,3,3,0,0,0,0.947262325640277,0.969719160238697,NaN,NaN,NaN,1
4700,M25126_20260313_cell#273,3,3,0,0,0,0.935938090241307,0.999404445949035,NaN,NaN,NaN,1
4701,M25126_20260313_cell#274,3,3,1,1,0,1.04039211662168,0.988974829273963,NaN,NaN,NaN,1
4702,M25126_20260313_cell#275,3,3,0,0,0,0.989614870680197,0.925439942139454,NaN,NaN,NaN,1
4703,M25126_20260313_cell#276,3,3,0,0,0,0.979103225747899,0.887123463915933,NaN,NaN,NaN,1
4705,M25126_20260313_cell#278,3,3,0,0,0,0.964596439183857,0.98138958350509,NaN,NaN,NaN,1
4706,M25126_20260313_cell#279,3,3,0,0,0,1.01193318545633,0.898530560880689,NaN,NaN,NaN,1
4707,M25126_20260313_cell#280,3,3,0,0,0,0.961458397328983,0.937989308437,NaN,NaN,NaN,1
4708,M25126_20260313_cell#281,3,3,1,1,0,1.15937444852388,1.0024194580623,NaN,NaN,NaN,0.999999999999999
4709,M25126_20260313_cell#282,3,3,1,1,0,1.02639700758747,1.00257484450733,NaN,NaN,NaN,0.999999940108135
4710,M25126_20260313_cell#283,3,3,0,0,0,0.965969688756643,0.985200531020808,NaN,NaN,NaN,1
4711,M25126_20260313_cell#284,3,3,0,0,0,0.945037885978973,0.974933288758142,NaN,NaN,NaN,1
4712,M25126_20260313_cell#285,3,3,0,0,0,1.00996061815196,0.928705972728836,NaN,NaN,NaN,1
4714,M25126_20260313_cell#287,3,3,0,0,0,1.00558247753354,0.956331439705823,NaN,NaN,NaN,1
4715,M25126_20260313_cell#288,3,3,0,0,1,0.928498856649919,1.0312006191826,NaN,NaN,NaN,2.19065320039569e-06
4716,M25126_20260313_cell#289,3,3,0,0,0,0.976823626477229,0.967975917455066,NaN,NaN,NaN,1
4719,M25126_20260313_cell#292,3,3,0,0,0,0.954488449992847,0.945246410379714,NaN,NaN,NaN,1
4721,M25126_20260313_cell#294,3,3,1,1,0,1.32747710052226,1.00064243060429,NaN,NaN,NaN,0.999999999999994
4722,M25126_20260313_cell#295,3,3,1,1,0,1.11971040533819,0.94717909428351,NaN,NaN,NaN,1
4723,M25126_20260313_cell#296,3,3,1,1,1,1.09168372757664,1.12099142041211,NaN,NaN,NaN,0
4724,M25126_20260313_cell#297,3,3,1,1,0,1.13562962875884,0.959082516578925,NaN,NaN,NaN,1
4726,M25126_20260313_cell#299,3,3,1,1,0,1.04410975079276,0.943560166227162,NaN,NaN,NaN,1
4727,M25126_20260313_cell#300,3,3,0,0,0,0.980655940179585,0.946975115351528,NaN,NaN,NaN,1
4728,M25126_20260313_cell#301,3,3,0,0,0,0.982127213149443,0.987316446808518,NaN,NaN,NaN,1
4729,M25126_20260313_cell#302,3,3,1,1,0,1.35900751832204,0.837942885637546,NaN,NaN,NaN,1
4730,M25126_20260313_cell#303,3,3,0,0,0,1.11050567971509,0.978260403115384,NaN,NaN,NaN,1
4731,M25126_20260313_cell#304,3,3,0,0,0,0.977198149976159,0.967758294585605,NaN,NaN,NaN,1
4732,M25126_20260313_cell#305,3,3,0,0,0,0.743428001212015,0.866453046780262,NaN,NaN,NaN,1
4733,M25126_20260313_cell#306,3,3,0,0,0,1.00146285671216,0.946459740619217,NaN,NaN,NaN,1
4734,M25126_20260313_cell#307,3,3,0,0,0,1.05196407333958,0.950401432639733,NaN,NaN,NaN,1
4735,M25126_20260313_cell#308,3,3,0,0,0,1.00071702404489,0.972771684081617,NaN,NaN,NaN,1
4736,M25126_20260313_cell#309,3,3,1,1,0,1.09151449907985,1.01414203659366,NaN,NaN,NaN,6.20470309575794e-08
4737,M25126_20260313_cell#310,3,3,1,1,1,1.58790384271911,1.15966213554732,NaN,NaN,NaN,1.11436671001997e-09
4740,M25126_20260313_cell#313,3,3,0,0,0,0.796822487379772,0.859842044786914,NaN,NaN,NaN,1
4741,M25126_20260313_cell#314,3,3,0,0,0,0.944253127100323,0.866818132109283,NaN,NaN,NaN,1
4742,M25126_20260313_cell#315,3,3,0,0,0,1.05070323012348,0.964870360319845,NaN,NaN,NaN,1
4744,M25126_20260313_cell#317,3,3,1,1,0,1.06498283635015,0.995939923629506,NaN,NaN,NaN,1
4745,M25126_20260313_cell#318,3,3,0,0,0,0.998782468181885,0.955892088220186,NaN,NaN,NaN,1
4746,M25126_20260313_cell#319,3,3,0,0,0,0.955099861489647,0.919306029726056,NaN,NaN,NaN,1
4747,M25126_20260313_cell#320,3,3,1,1,0,1.28144126818813,0.987970469204278,NaN,NaN,NaN,1
4748,M25126_20260313_cell#321,3,3,0,0,0,0.930480676875793,0.883620721961485,NaN,NaN,NaN,1
4749,M25126_20260313_cell#322,3,3,0,0,0,0.990486176203437,0.939163076671034,NaN,NaN,NaN,1
4751,M25126_20260313_cell#324,3,3,1,1,0,1.05352743278933,0.992109510357345,NaN,NaN,NaN,1
4753,M25126_20260313_cell#326,3,3,1,1,0,1.03134469658006,0.962850504924397,NaN,NaN,NaN,1
4754,M25126_20260313_cell#327,3,3,1,1,0,1.49903217061387,0.843174101439269,NaN,NaN,NaN,1
4755,M25126_20260313_cell#328,3,3,0,0,0,0.970960469113937,0.944046475536092,NaN,NaN,NaN,1
4756,M25126_20260313_cell#329,3,3,0,0,0,0.980612663844949,0.95341619347156,NaN,NaN,NaN,1
4757,M25126_20260313_cell#330,3,3,0,0,0,1.00623753946787,0.944710752636048,NaN,NaN,NaN,1
4759,M25126_20260313_cell#332,3,3,0,0,0,1.00239621944526,0.989991760399676,NaN,NaN,NaN,1
4761,M25126_20260313_cell#334,3,3,0,0,0,1.00739160269305,0.883023235898256,NaN,NaN,NaN,1
4762,M25126_20260313_cell#335,3,3,0,0,0,0.937654733825968,0.957612098486779,NaN,NaN,NaN,1
4764,M25126_20260313_cell#337,3,3,1,1,0,1.02205801355606,0.985982089502554,NaN,NaN,NaN,1
4766,M25126_20260313_cell#339,3,3,0,0,0,0.976491083039844,0.987934887538666,NaN,NaN,NaN,1
4767,M25126_20260313_cell#340,3,3,0,0,0,0.951438339398447,0.958137005994808,NaN,NaN,NaN,1
4768,M25126_20260313_cell#341,3,3,1,1,0,1.02298270979112,0.988174449863978,NaN,NaN,NaN,1
4770,M25126_20260313_cell#343,3,3,0,0,0,0.992085334399806,0.961619478364623,NaN,NaN,NaN,1
4771,M25126_20260313_cell#344,3,3,1,1,0,1.0559515501138,0.996603362986193,NaN,NaN,NaN,1
4772,M25126_20260313_cell#345,3,3,0,0,0,1.01021521621878,0.967480786117822,NaN,NaN,NaN,1
4773,M25126_20260313_cell#346,3,3,0,0,0,1.01495902393202,0.947234159772538,NaN,NaN,NaN,1
4775,M25126_20260313_cell#348,3,3,0,0,0,0.793960005858492,0.991452217300424,NaN,NaN,NaN,1
4776,M25126_20260313_cell#349,3,3,1,1,0,1.04540525882377,0.974678417388011,NaN,NaN,NaN,1
4777,M25126_20260313_cell#350,3,3,0,0,0,0.976845855344559,0.797382163208415,NaN,NaN,NaN,1
4779,M25126_20260313_cell#352,3,3,0,0,0,0.950360862707561,0.95154899146685,NaN,NaN,NaN,1
4780,M25126_20260313_cell#353,3,3,0,0,0,0.932658069253666,0.94515592577912,NaN,NaN,NaN,1
4781,M25126_20260313_cell#354,3,3,1,1,0,1.13534217680196,0.995956992675571,NaN,NaN,NaN,1
4782,M25126_20260313_cell#355,3,3,1,1,0,1.07286916604395,0.972121721332648,NaN,NaN,NaN,1
4783,M25126_20260313_cell#356,3,3,0,0,0,1.00621971620975,0.933496683314189,NaN,NaN,NaN,1
4785,M25126_20260313_cell#358,3,3,0,0,0,1.02612582055228,1.00377723884109,NaN,NaN,NaN,0.99995610871927
4786,M25126_20260313_cell#359,3,3,0,0,0,0.994803387597494,0.988818830925625,NaN,NaN,NaN,1
4789,M25126_20260313_cell#362,3,3,0,0,0,0.892520087164395,0.958116861375569,NaN,NaN,NaN,1
4790,M25126_20260313_cell#363,3,3,0,0,0,0.960471117343568,0.960141793932642,NaN,NaN,NaN,1
4793,M25126_20260313_cell#366,3,3,0,0,0,0.970863758826096,0.976355807163638,NaN,NaN,NaN,1
4794,M25126_20260313_cell#367,3,3,0,0,0,1.02877385323246,0.975650316785865,NaN,NaN,NaN,1
4795,M25126_20260313_cell#368,3,3,0,0,0,0.990702794635623,0.959174498105505,NaN,NaN,NaN,1
4797,M25126_20260313_cell#370,3,3,0,0,0,1.01313855612108,0.940590090173094,NaN,NaN,NaN,1
4798,M25126_20260313_cell#371,3,3,1,1,0,1.46315122326152,0.963009115306156,NaN,NaN,NaN,1
4799,M25126_20260313_cell#372,3,3,1,1,0,1.0971034394484,0.96675661839813,NaN,NaN,NaN,1
4800,M25126_20260313_cell#373,3,3,0,0,0,0.993161304930709,0.947550862438909,NaN,NaN,NaN,1
4801,M25126_20260313_cell#374,3,3,1,1,0,1.04474123673787,0.986494658256861,NaN,NaN,NaN,1
4802,M25126_20260313_cell#375,3,3,0,0,0,0.951088811334112,0.959516357875409,NaN,NaN,NaN,1
4803,M25126_20260313_cell#376,3,3,1,1,0,1.06132655459123,0.96881167779788,NaN,NaN,NaN,1
4804,M25126_20260313_cell#377,3,3,0,0,0,1.0172929240449,0.990908721051104,NaN,NaN,NaN,1
4805,M25126_20260313_cell#378,3,3,0,0,0,0.963565996259806,0.978747474215504,NaN,NaN,NaN,1
4806,M25126_20260313_cell#379,3,3,0,0,0,0.928450381676557,0.98091658095744,NaN,NaN,NaN,1
4807,M25126_20260313_cell#380,3,3,0,0,0,0.932655355072318,0.608670934048635,NaN,NaN,NaN,1
4808,M25126_20260313_cell#381,3,3,0,0,0,0.901781895829749,0.959926980573396,NaN,NaN,NaN,1
4809,M25126_20260313_cell#382,3,3,0,0,0,0.942693266677699,0.949618545456203,NaN,NaN,NaN,1
4810,M25126_20260313_cell#383,3,3,0,0,0,1.02809191465159,0.981030312173804,NaN,NaN,NaN,1
4812,M25126_20260313_cell#385,3,3,1,1,1,1.10820560188053,1.47226444306605,NaN,NaN,NaN,0
4814,M25126_20260313_cell#387,3,3,0,0,1,0.970149354296117,1.18527720013237,NaN,NaN,NaN,0
4815,M25126_20260313_cell#388,3,3,1,1,0,1.21317966804814,1.01441853433814,NaN,NaN,NaN,0.68779824609387
4816,M25126_20260313_cell#389,3,3,0,0,0,0.899329111407926,0.969220260031273,NaN,NaN,NaN,1
4818,M25126_20260313_cell#391,3,3,0,0,0,0.880808464921325,1.00899271220832,NaN,NaN,NaN,0.999996777009842
4819,M25126_20260313_cell#392,3,3,1,1,0,1.09498387709367,0.956327456403841,NaN,NaN,NaN,1
4820,M25126_20260313_cell#393,3,3,0,0,0,0.945532673889264,0.98474593099341,NaN,NaN,NaN,1
4821,M25126_20260313_cell#394,3,3,0,0,0,0.977107176311207,0.979914930000072,NaN,NaN,NaN,1
4822,M25126_20260313_cell#395,3,3,1,1,0,1.06040153763398,0.981032401589516,NaN,NaN,NaN,1
4823,M25126_20260313_cell#396,3,3,1,1,0,1.01688437928177,0.996795729240478,NaN,NaN,NaN,1
4825,M25126_20260313_cell#398,3,3,0,0,0,0.948718117819534,0.995161609064633,NaN,NaN,NaN,1
4826,M25126_20260313_cell#399,3,3,0,0,0,1.01102005077827,0.984605224841749,NaN,NaN,NaN,1
4827,M25126_20260313_cell#400,3,3,1,1,0,1.05494995939938,0.997444744308907,NaN,NaN,NaN,1
4829,M25126_20260313_cell#402,3,3,0,0,0,0.987539446381243,0.983528103404104,NaN,NaN,NaN,1
4830,M25126_20260313_cell#403,3,3,0,0,0,1.00538516440475,0.96607631896817,NaN,NaN,NaN,1
4833,M25126_20260313_cell#406,3,3,1,1,0,1.17182743835036,0.966332457250803,NaN,NaN,NaN,1
4834,M25126_20260313_cell#407,3,3,1,1,0,1.23928643831921,0.972681299164137,NaN,NaN,NaN,1
4835,M25126_20260313_cell#408,3,3,1,1,1,1.58619492648213,1.01821495691013,NaN,NaN,NaN,0.019666429349758
4836,M25126_20260313_cell#409,3,3,1,1,1,1.20226425555355,1.05393690700874,NaN,NaN,NaN,0
4837,M25126_20260313_cell#410,3,3,0,0,0,0.921781845126206,1.01559592400288,NaN,NaN,NaN,0.965772801513265
4838,M25126_20260313_cell#411,3,3,0,0,0,1.02694666111757,0.926031747038515,NaN,NaN,NaN,1
4839,M25126_20260313_cell#412,3,3,0,0,0,0.977143633527058,0.99205253701467,NaN,NaN,NaN,1
4840,M25126_20260313_cell#413,3,3,0,0,0,0.915544178775698,0.815487980600844,NaN,NaN,NaN,1
4841,M25126_20260313_cell#414,3,3,1,1,0,1.10119929540631,0.997698585982276,NaN,NaN,NaN,1
4842,M25126_20260313_cell#415,3,3,1,1,0,1.15628903862669,0.865036042614278,NaN,NaN,NaN,1
4843,M25126_20260313_cell#416,3,3,1,1,0,1.06321463916343,1.00584432739612,NaN,NaN,NaN,0.000581942782912348
4845,M25126_20260313_cell#418,3,3,0,0,0,0.923781177949522,0.969047229056614,NaN,NaN,NaN,1
4846,M25126_20260313_cell#419,3,3,0,0,0,0.992314513972316,0.937321133688842,NaN,NaN,NaN,1
4847,M25126_20260313_cell#420,3,3,1,1,0,1.10454198172938,0.991403325990159,NaN,NaN,NaN,1
4848,M25126_20260313_cell#421,3,3,1,1,0,1.08488858539014,0.946690911136658,NaN,NaN,NaN,1
4849,M25126_20260313_cell#422,3,3,0,0,0,0.981309754680353,1.01372801841695,NaN,NaN,NaN,0.650804430265888
4851,M25126_20260313_cell#424,3,3,1,1,0,1.02469138925263,0.965992783099606,NaN,NaN,NaN,1
4854,M25131_20260318_cell#3,4,1,0,0,0,0.952551611561786,0.783508318255527,NaN,NaN,NaN,1
4855,M25131_20260318_cell#4,4,1,0,1,0,1.01253080290776,NaN,NaN,NaN,NaN,NaN
4856,M25131_20260318_cell#5,4,1,0,0,1,0.933497299692908,1.02238368063112,NaN,NaN,NaN,6.90558721316847e-14
4857,M25131_20260318_cell#6,4,1,1,1,0,1.13016508292442,0.960739158946614,NaN,NaN,NaN,1
4859,M25131_20260318_cell#8,4,1,1,1,0,1.01982938259429,0.994370211701171,NaN,NaN,NaN,1
4860,M25131_20260318_cell#9,4,1,1,1,0,1.19178019672274,0.949683141022087,NaN,NaN,NaN,1
4861,M25131_20260318_cell#10,4,1,0,0,0,1.0085855475848,0.945372285840151,NaN,NaN,NaN,1
4862,M25131_20260318_cell#11,4,1,1,1,0,1.42338922893298,0.992621926350618,NaN,NaN,NaN,1
4863,M25131_20260318_cell#12,4,1,1,1,0,1.09589952779548,0.990636411159577,NaN,NaN,NaN,1
4864,M25131_20260318_cell#13,4,1,1,1,0,1.06549707852794,0.984749335273938,NaN,NaN,NaN,1
4865,M25131_20260318_cell#14,4,1,1,1,0,1.23714717920508,0.943441262221734,NaN,NaN,NaN,1
4866,M25131_20260318_cell#15,4,1,1,1,0,1.38906555752598,0.970503434016692,NaN,NaN,NaN,1
4867,M25131_20260318_cell#16,4,1,0,0,0,1.01201836893165,0.944718731723269,NaN,NaN,NaN,1
4868,M25131_20260318_cell#17,4,1,1,1,0,1.0798038739223,0.968043091724509,NaN,NaN,NaN,1
4869,M25131_20260318_cell#18,4,1,1,1,0,1.36732076742597,0.752082235144553,NaN,NaN,NaN,1
4870,M25131_20260318_cell#19,4,1,0,0,0,0.930875864373049,0.969098632598486,NaN,NaN,NaN,1
4871,M25131_20260318_cell#20,4,1,0,0,0,0.974334353445692,0.958851303906331,NaN,NaN,NaN,1
4872,M25131_20260318_cell#21,4,1,1,1,0,1.06145950539989,0.845461645483686,NaN,NaN,NaN,1
4873,M25131_20260318_cell#22,4,1,1,1,0,1.09734256802295,1.00718321883138,NaN,NaN,NaN,9.13532274504636e-06
4874,M25131_20260318_cell#23,4,1,1,1,0,1.03641626697,0.966580377212305,NaN,NaN,NaN,1
4875,M25131_20260318_cell#24,4,1,0,1,0,1.01155042659496,NaN,NaN,NaN,NaN,NaN
4876,M25131_20260318_cell#25,4,1,0,0,0,1.04500968817555,0.875946387620275,NaN,NaN,NaN,1
4877,M25131_20260318_cell#26,4,1,1,1,0,1.17837857304009,0.790200781057123,NaN,NaN,NaN,1
4878,M25131_20260318_cell#27,4,1,0,0,0,0.994718051183396,0.905754378058081,NaN,NaN,NaN,1
4879,M25131_20260318_cell#28,4,1,1,1,0,1.11345867552984,0.927125208453846,NaN,NaN,NaN,1
4880,M25131_20260318_cell#29,4,1,0,0,0,0.949093551333228,0.955529130163614,NaN,NaN,NaN,1
4881,M25131_20260318_cell#30,4,1,1,1,0,1.13626546442428,0.945447691102272,NaN,NaN,NaN,1
4882,M25131_20260318_cell#31,4,1,0,0,0,1.00799442224517,1.02612613584359,NaN,NaN,NaN,0.990394123036711
4883,M25131_20260318_cell#32,4,1,1,1,0,1.10572323590503,0.987676674662526,NaN,NaN,NaN,1
4884,M25131_20260318_cell#33,4,1,0,0,0,0.964096081833138,0.343029634793695,NaN,NaN,NaN,1
4885,M25131_20260318_cell#34,4,1,1,1,0,1.21840775567968,0.813562747358805,NaN,NaN,NaN,1
4886,M25131_20260318_cell#35,4,1,0,0,0,1.02815877551333,0.855541647039747,NaN,NaN,NaN,1
4889,M25131_20260318_cell#38,4,1,0,0,0,0.973195009853098,0.98040877025375,NaN,NaN,NaN,1
4890,M25131_20260318_cell#39,4,1,1,1,0,1.50436952057665,0.866181265412017,NaN,NaN,NaN,1
4891,M25131_20260318_cell#40,4,1,0,0,0,1.02098536387863,0.9576824046932,NaN,NaN,NaN,1
4892,M25131_20260318_cell#41,4,1,1,1,0,1.09391180979745,0.997171255633916,NaN,NaN,NaN,1
4893,M25131_20260318_cell#42,4,1,0,0,0,0.981556543672792,0.946959449695913,NaN,NaN,NaN,1
4894,M25131_20260318_cell#43,4,1,0,0,0,0.965419424512222,0.97480654376803,NaN,NaN,NaN,1
4895,M25131_20260318_cell#44,4,1,1,1,0,1.31752700529107,0.995302327715429,NaN,NaN,NaN,1
4897,M25131_20260318_cell#46,4,1,1,1,0,1.58636360459026,0.931681651927136,NaN,NaN,NaN,1
4898,M25131_20260318_cell#47,4,1,0,0,0,0.925972978196477,0.922932521838272,NaN,NaN,NaN,1
4899,M25131_20260318_cell#48,4,1,1,1,1,1.53983211679456,1.09561674972427,NaN,NaN,NaN,0
4900,M25131_20260318_cell#49,4,1,0,0,0,0.973131553963392,0.993459997209122,NaN,NaN,NaN,1
4901,M25131_20260318_cell#50,4,1,1,1,0,1.05134241355164,1.00602455640778,NaN,NaN,NaN,0.975983803671468
4902,M25131_20260318_cell#51,4,1,1,1,0,1.20581618961543,0.97798400995005,NaN,NaN,NaN,1
4903,M25131_20260318_cell#52,4,1,0,0,0,0.965449471211689,0.958935712616726,NaN,NaN,NaN,1
4904,M25131_20260318_cell#53,4,1,1,1,0,1.07920374633616,0.982389991316067,NaN,NaN,NaN,1
4905,M25131_20260318_cell#54,4,1,0,0,0,0.931133891093258,0.924522663917857,NaN,NaN,NaN,1
4906,M25131_20260318_cell#55,4,1,1,1,0,1.10264337741022,0.974006232865481,NaN,NaN,NaN,1
4907,M25131_20260318_cell#56,4,1,1,1,0,1.2005761996304,0.627036778970364,NaN,NaN,NaN,1
4908,M25131_20260318_cell#57,4,1,0,0,0,0.992321216700422,0.912992639392135,NaN,NaN,NaN,1
4909,M25131_20260318_cell#58,4,1,0,0,0,0.857874542644621,0.959410210515014,NaN,NaN,NaN,1
4910,M25131_20260318_cell#59,4,1,0,0,0,0.976379544472754,0.924736361917704,NaN,NaN,NaN,1
4911,M25131_20260318_cell#60,4,1,1,1,0,1.20651304559519,0.94290143574694,NaN,NaN,NaN,1
4913,M25131_20260318_cell#62,4,1,0,0,0,0.99463933875976,0.908544088389381,NaN,NaN,NaN,1
4914,M25131_20260318_cell#63,4,1,1,1,0,1.13020554671489,0.986713095768913,NaN,NaN,NaN,1
4915,M25131_20260318_cell#64,4,1,1,1,0,1.28869761829501,0.975118460641373,NaN,NaN,NaN,1
4916,M25131_20260318_cell#65,4,1,1,1,0,1.18300141810161,0.957199333585078,NaN,NaN,NaN,1
4918,M25131_20260318_cell#67,4,1,1,1,0,1.19688352446918,0.915050511108348,NaN,NaN,NaN,1
4919,M25131_20260318_cell#68,4,1,1,1,0,1.0615004022007,0.889550165707503,NaN,NaN,NaN,1
4920,M25131_20260318_cell#69,4,1,0,0,0,0.970418954148914,0.991126806471437,NaN,NaN,NaN,1
4921,M25131_20260318_cell#70,4,1,1,1,0,1.03745720899901,0.943383950034352,NaN,NaN,NaN,1
4922,M25131_20260318_cell#71,4,1,1,1,0,1.07751132538856,0.970671144405142,NaN,NaN,NaN,1
4923,M25131_20260318_cell#72,4,1,1,1,0,1.23802296622402,0.923816481019733,NaN,NaN,NaN,1
4925,M25131_20260318_cell#74,4,1,0,0,0,0.861313592214765,0.928961749047236,NaN,NaN,NaN,1
4926,M25131_20260318_cell#75,4,1,0,0,1,1.06012248330638,1.1464795705671,NaN,NaN,NaN,1.11022302462516e-16
4928,M25131_20260318_cell#77,4,1,0,0,0,0.950991403498377,1.05458246876326,NaN,NaN,NaN,0.39637314303185
4929,M25131_20260318_cell#78,4,1,1,1,0,1.05674317529641,0.887592575577572,NaN,NaN,NaN,1
4930,M25131_20260318_cell#79,4,1,1,1,0,1.09657377273732,0.994513735312781,NaN,NaN,NaN,1
4931,M25131_20260318_cell#80,4,1,1,1,1,1.08072084821178,1.04466298972324,NaN,NaN,NaN,0
4932,M25131_20260318_cell#81,4,1,1,1,0,1.04075043879351,0.956983493036329,NaN,NaN,NaN,1
4933,M25131_20260318_cell#82,4,1,1,1,0,1.16357275627542,1.0002385421284,NaN,NaN,NaN,1
4934,M25131_20260318_cell#83,4,1,0,0,0,0.958010801608496,0.932614758436671,NaN,NaN,NaN,1
4935,M25131_20260318_cell#84,4,1,0,0,0,0.968130910533402,0.96336344472798,NaN,NaN,NaN,1
4936,M25131_20260318_cell#85,4,1,0,0,0,0.996765502697198,0.98378275710309,NaN,NaN,NaN,1
4937,M25131_20260318_cell#86,4,1,0,0,0,1.0145554145928,0.879526402915072,NaN,NaN,NaN,1
4939,M25131_20260318_cell#88,4,1,1,1,0,1.15626794538047,0.997955779132114,NaN,NaN,NaN,1
4940,M25131_20260318_cell#89,4,1,1,1,0,1.15722712701365,1.00072455567379,NaN,NaN,NaN,0.960620955274311
4941,M25131_20260318_cell#90,4,1,0,0,0,1.04652132978234,0.895204113478058,NaN,NaN,NaN,1
4942,M25131_20260318_cell#91,4,1,0,0,0,0.979064904165663,0.991189662060551,NaN,NaN,NaN,1
4943,M25131_20260318_cell#92,4,1,1,1,0,1.10019048984546,0.950273331981327,NaN,NaN,NaN,1
4944,M25131_20260318_cell#93,4,1,1,1,0,1.11434060675685,0.949100658156413,NaN,NaN,NaN,1
4945,M25131_20260318_cell#94,4,1,1,1,1,1.44852621401609,1.03033785356419,NaN,NaN,NaN,0.000275134419526646
4946,M25131_20260318_cell#95,4,1,1,1,0,1.27892257541458,0.717191949026404,NaN,NaN,NaN,1
4947,M25131_20260318_cell#96,4,1,1,1,0,1.02191661110878,0.925799646790682,NaN,NaN,NaN,1
4950,M25131_20260318_cell#99,4,1,1,1,0,1.15513106323257,0.941457997615277,NaN,NaN,NaN,1
4952,M25131_20260318_cell#101,4,1,0,0,0,0.892822305740537,0.616945380105815,NaN,NaN,NaN,1
4953,M25131_20260318_cell#102,4,1,1,1,0,1.27223393186889,0.968146679601018,NaN,NaN,NaN,1
4954,M25131_20260318_cell#103,4,1,0,0,0,0.968510987269702,0.969537931668062,NaN,NaN,NaN,1
4955,M25131_20260318_cell#104,4,1,1,1,1,1.44483183556417,1.03665465377419,NaN,NaN,NaN,0
4956,M25131_20260318_cell#105,4,1,1,1,0,1.07833402382372,0.980426462185594,NaN,NaN,NaN,1
4957,M25131_20260318_cell#106,4,1,1,1,0,1.09270103996577,0.987067386532916,NaN,NaN,NaN,1
4958,M25131_20260318_cell#107,4,1,0,0,0,1.02212599673283,0.875208163671709,NaN,NaN,NaN,1
4959,M25131_20260318_cell#108,4,1,0,0,1,0.954984511922174,1.04102758963315,NaN,NaN,NaN,0.00284037984857077
4960,M25131_20260318_cell#109,4,1,1,1,0,1.01953805257703,0.975314481231019,NaN,NaN,NaN,1
4961,M25131_20260318_cell#110,4,1,1,1,0,1.28406199799306,0.947345070352979,NaN,NaN,NaN,1
4962,M25131_20260318_cell#111,4,1,0,0,0,0.989270313264864,0.857682037919793,NaN,NaN,NaN,1
4963,M25131_20260318_cell#112,4,1,1,1,0,2.95639001555167,0.91142265938572,NaN,NaN,NaN,1
4965,M25131_20260318_cell#114,4,1,1,1,0,1.32477920432741,0.921941164046231,NaN,NaN,NaN,1
4966,M25131_20260318_cell#115,4,1,0,0,0,0.894677963582762,0.890577849816274,NaN,NaN,NaN,1
4967,M25131_20260318_cell#116,4,1,1,1,0,1.04844418025794,0.993153741057548,NaN,NaN,NaN,1
4969,M25131_20260318_cell#118,4,1,0,0,0,1.00403364068243,0.8759605226327,NaN,NaN,NaN,1
4970,M25131_20260318_cell#119,4,1,0,0,0,0.986257640153377,0.888444342931322,NaN,NaN,NaN,1
4971,M25131_20260318_cell#120,4,1,1,1,1,1.06847780204648,1.01663670434911,NaN,NaN,NaN,0.000225823974666972
4972,M25131_20260318_cell#121,4,1,0,0,0,1.04592134790418,0.921806072247631,NaN,NaN,NaN,1
4973,M25131_20260318_cell#122,4,1,1,1,0,1.47896615473328,1.0078080653904,NaN,NaN,NaN,0.109358368487159
4975,M25131_20260318_cell#124,4,1,1,1,1,1.06345852262383,1.0193526129029,NaN,NaN,NaN,4.14519433222793e-05
4976,M25131_20260318_cell#125,4,1,1,1,0,1.05744659538742,0.929924864003923,NaN,NaN,NaN,1
4977,M25131_20260318_cell#126,4,1,1,1,0,1.06678226209508,1.0133401376616,NaN,NaN,NaN,0
4978,M25131_20260318_cell#127,4,1,1,1,0,1.79440627104709,0.960517022037732,NaN,NaN,NaN,1
4979,M25131_20260318_cell#128,4,1,1,1,0,1.06508939727268,0.990410352662098,NaN,NaN,NaN,1
4981,M25131_20260318_cell#130,4,1,1,1,0,1.18665551515627,0.991293820917047,NaN,NaN,NaN,1
4982,M25131_20260318_cell#131,4,1,0,0,0,0.960400503148554,0.979171145130703,NaN,NaN,NaN,1
4983,M25131_20260318_cell#132,4,1,0,0,0,0.842135898357373,0.912967046183812,NaN,NaN,NaN,1
4984,M25131_20260318_cell#133,4,1,1,1,0,1.13042445837052,1.01286933306827,NaN,NaN,NaN,0
4985,M25131_20260318_cell#134,4,1,1,1,0,1.64710494686819,0.943603576303992,NaN,NaN,NaN,1
4986,M25131_20260318_cell#135,4,1,0,0,0,0.969706490371934,0.942953598693006,NaN,NaN,NaN,1
4987,M25131_20260318_cell#136,4,1,0,0,0,0.934446325455253,0.947192403538786,NaN,NaN,NaN,1
4988,M25131_20260318_cell#137,4,1,1,1,0,1.12654673373648,0.977254598243405,NaN,NaN,NaN,1
4990,M25131_20260318_cell#139,4,1,0,0,0,0.951955576324657,1.00122877313452,NaN,NaN,NaN,1
4992,M25131_20260318_cell#141,4,1,0,0,0,0.965187271357343,0.902103765327234,NaN,NaN,NaN,1
4993,M25131_20260318_cell#142,4,1,0,0,0,1.06413867265939,0.983151808211358,NaN,NaN,NaN,1
4994,M25131_20260318_cell#143,4,1,1,1,0,1.49684359170983,0.995261891075356,NaN,NaN,NaN,1
4995,M25131_20260318_cell#144,4,1,0,0,0,0.97324134373565,0.893765133234023,NaN,NaN,NaN,1
4996,M25131_20260318_cell#145,4,1,1,1,0,1.14089630099179,0.953298673815312,NaN,NaN,NaN,1
4997,M25131_20260318_cell#146,4,1,1,1,0,1.1409982759274,0.930167675128364,NaN,NaN,NaN,1
4998,M25131_20260318_cell#147,4,1,1,1,0,1.03888415352531,0.997412252597972,NaN,NaN,NaN,1
5000,M25131_20260318_cell#149,4,1,1,1,0,1.06732897181467,0.79487186326454,NaN,NaN,NaN,1
5001,M25131_20260318_cell#150,4,1,0,0,0,1.03950173313359,0.954262013534666,NaN,NaN,NaN,1
5002,M25131_20260318_cell#151,4,1,0,0,0,0.954727848835886,1.0088636573607,NaN,NaN,NaN,0.790823482642695
5003,M25131_20260318_cell#152,4,1,1,1,0,1.22629577126543,0.897315486022996,NaN,NaN,NaN,1
5005,M25131_20260318_cell#154,4,1,1,1,0,1.30803107502369,0.996787618440503,NaN,NaN,NaN,1
5006,M25131_20260318_cell#155,4,1,1,1,0,1.08391652666055,0.944471484820182,NaN,NaN,NaN,1
5007,M25131_20260318_cell#156,4,1,1,1,0,1.29918098167715,0.973717401248256,NaN,NaN,NaN,1
5009,M25131_20260318_cell#158,4,1,0,0,0,0.960551298731056,0.991409133795535,NaN,NaN,NaN,1
5010,M25131_20260318_cell#159,4,1,1,1,0,1.23883520780769,0.740737017969441,NaN,NaN,NaN,1
5011,M25131_20260318_cell#160,4,1,0,0,0,0.96655666993866,0.844287746722613,NaN,NaN,NaN,1
5012,M25131_20260318_cell#161,4,1,0,0,0,0.981115801672324,1.0026035400255,NaN,NaN,NaN,0.999999999545647
5014,M25131_20260318_cell#163,4,1,1,1,0,1.09739247909777,0.993195362201536,NaN,NaN,NaN,1
5015,M25131_20260318_cell#164,4,1,0,0,0,0.892485150324485,1.01272065780734,NaN,NaN,NaN,0.999999979997912
5016,M25131_20260318_cell#165,4,1,0,0,0,0.961995002896306,0.978944931318706,NaN,NaN,NaN,1
5017,M25131_20260318_cell#166,4,1,1,1,0,1.17366194827093,0.876624994064034,NaN,NaN,NaN,1
5018,M25131_20260318_cell#167,4,1,0,0,0,0.969132042871027,0.79364491754917,NaN,NaN,NaN,1
5019,M25131_20260318_cell#168,4,1,1,1,0,1.4350189670144,0.928101965510468,NaN,NaN,NaN,1
5020,M25131_20260318_cell#169,4,1,0,0,0,0.99369820163525,0.941100882281563,NaN,NaN,NaN,1
5021,M25131_20260318_cell#170,4,1,0,0,0,0.894570042884179,0.810178996667589,NaN,NaN,NaN,1
5022,M25131_20260318_cell#171,4,1,1,1,0,1.35816383790279,0.938808754912227,NaN,NaN,NaN,1
5023,M25131_20260318_cell#172,4,1,1,1,0,1.31042188003601,0.686039564361263,NaN,NaN,NaN,1
5024,M25131_20260318_cell#173,4,1,0,0,1,0.731304495378288,1.05582714490683,NaN,NaN,NaN,0.000679735379003232
5025,M25131_20260318_cell#174,4,1,1,1,1,1.13571321655188,1.04952742833362,NaN,NaN,NaN,0
5026,M25131_20260318_cell#175,4,1,1,1,0,1.19259061511803,0.957905666943655,NaN,NaN,NaN,1
5027,M25131_20260318_cell#176,4,1,1,1,0,1.16306089861202,1.011518054546,NaN,NaN,NaN,0.346566315648635
5028,M25131_20260318_cell#177,4,1,0,0,0,0.972063320414574,0.905855181360346,NaN,NaN,NaN,1
5029,M25131_20260318_cell#178,4,1,1,1,1,1.2327583752775,1.07663471235795,NaN,NaN,NaN,0
5030,M25131_20260318_cell#179,4,1,1,1,0,1.08716001045748,0.953580958853215,NaN,NaN,NaN,1
5031,M25131_20260318_cell#180,4,1,1,1,1,1.42856816347418,1.19359494913147,NaN,NaN,NaN,0
5032,M25131_20260318_cell#181,4,1,1,1,0,1.07665281973175,0.890198564085098,NaN,NaN,NaN,1
5033,M25131_20260318_cell#182,4,1,1,1,0,1.08621914309821,0.956810250272991,NaN,NaN,NaN,1
5034,M25131_20260318_cell#183,4,1,1,1,0,1.11155699965006,1.00447273674477,NaN,NaN,NaN,0.336619818250733
5035,M25131_20260318_cell#184,4,1,0,0,0,0.98305144108019,0.982425217169101,NaN,NaN,NaN,1
5036,M25131_20260318_cell#185,4,1,0,0,0,1.0111227635633,0.872017272440017,NaN,NaN,NaN,1
5037,M25131_20260318_cell#186,4,1,1,1,0,1.45414751833723,0.978138476231287,NaN,NaN,NaN,1
5038,M25131_20260318_cell#187,4,1,0,0,0,0.935095706056068,1.01473076755969,NaN,NaN,NaN,0.916078548980973
5040,M25131_20260318_cell#189,4,1,1,1,1,1.21617188498344,1.04108354598901,NaN,NaN,NaN,7.7715611723761e-16
5041,M25131_20260318_cell#190,4,1,0,0,0,1.02367546341258,0.914812618947044,NaN,NaN,NaN,1
5042,M25131_20260318_cell#191,4,1,1,1,0,1.06571690950007,0.956943039176133,NaN,NaN,NaN,1
5043,M25131_20260318_cell#192,4,1,1,1,0,1.05710326059421,0.96895000868374,NaN,NaN,NaN,1
5044,M25131_20260318_cell#193,4,1,1,1,0,1.12166131239488,0.944884815009645,NaN,NaN,NaN,1
5045,M25131_20260318_cell#194,4,1,1,1,0,1.29996471567715,1.02251541835713,NaN,NaN,NaN,0.481312507112323
5046,M25131_20260318_cell#195,4,1,0,0,0,0.959430352395308,0.913270884642611,NaN,NaN,NaN,1
5047,M25131_20260318_cell#196,4,1,1,1,0,1.09568449420721,0.988860774320205,NaN,NaN,NaN,1
5048,M25131_20260318_cell#197,4,1,1,1,0,1.07605203407064,0.84813098154652,NaN,NaN,NaN,1
5049,M25131_20260318_cell#198,4,1,0,0,0,0.885098379526928,1.00682369765354,NaN,NaN,NaN,0.36271839606409
5050,M25131_20260318_cell#199,4,1,0,0,0,0.950698701292927,0.961895739163623,NaN,NaN,NaN,1
5051,M25131_20260318_cell#200,4,1,1,1,0,1.91594264762347,0.999407459903086,NaN,NaN,NaN,1
5052,M25131_20260318_cell#201,4,1,1,1,1,1.46525467220985,1.03940702338046,NaN,NaN,NaN,0.000104375707129623
5053,M25131_20260318_cell#202,4,1,1,1,0,1.17991644666032,0.842584222916087,NaN,NaN,NaN,1
5054,M25131_20260318_cell#203,4,1,1,1,0,1.16277658606208,0.847631816395266,NaN,NaN,NaN,1
5055,M25131_20260318_cell#204,4,1,1,1,0,1.1480324685382,1.003330295381,NaN,NaN,NaN,0.109736039987123
5056,M25131_20260318_cell#205,4,1,1,1,0,1.20512767462236,0.959107319239608,NaN,NaN,NaN,1
5057,M25131_20260318_cell#206,4,1,1,1,0,1.04367806199972,0.987562512238435,NaN,NaN,NaN,1
5058,M25131_20260318_cell#207,4,1,1,1,0,1.21240157310004,0.923991950579633,NaN,NaN,NaN,1
5060,M25131_20260318_cell#209,4,1,0,0,0,1.00196716285765,0.880171087050115,NaN,NaN,NaN,1
5061,M25131_20260318_cell#210,4,1,1,1,0,1.23843832077396,0.986652907310117,NaN,NaN,NaN,1
5063,M25131_20260318_cell#212,4,1,0,0,0,0.950547139101356,0.989759503891403,NaN,NaN,NaN,1
5064,M25131_20260318_cell#213,4,1,0,0,0,0.920659580549296,0.868548839713272,NaN,NaN,NaN,1
5066,M25131_20260318_cell#215,4,1,1,1,0,2.08173484792288,0.98499187697297,NaN,NaN,NaN,1
5067,M25131_20260318_cell#216,4,1,0,0,0,0.951648354241891,0.981726158439361,NaN,NaN,NaN,1
5068,M25131_20260318_cell#217,4,1,1,1,0,1.20316096327146,0.985516652560788,NaN,NaN,NaN,1
5069,M25131_20260318_cell#218,4,1,1,1,0,1.24054603221944,0.966854441832538,NaN,NaN,NaN,1
5070,M25131_20260318_cell#219,4,1,1,1,0,1.12495994592637,0.960585398470181,NaN,NaN,NaN,1
5071,M25131_20260318_cell#220,4,1,1,1,0,1.20324979688962,0.876787157679748,NaN,NaN,NaN,1
5072,M25131_20260318_cell#221,4,1,1,1,0,1.26046112692276,0.913627089022879,NaN,NaN,NaN,1
5073,M25131_20260318_cell#222,4,1,1,1,0,1.16361043540008,0.984535425520785,NaN,NaN,NaN,1
5074,M25131_20260318_cell#223,4,1,0,0,0,0.972307386538843,0.993929198635922,NaN,NaN,NaN,1
5075,M25131_20260318_cell#224,4,1,1,1,0,1.27623724174007,0.933143221238054,NaN,NaN,NaN,1
5076,M25131_20260318_cell#225,4,1,0,0,0,0.974746010870913,0.956925123276734,NaN,NaN,NaN,1
5077,M25131_20260318_cell#226,4,1,1,1,0,1.07714176940944,0.980138579202456,NaN,NaN,NaN,1
5078,M25131_20260318_cell#227,4,1,0,0,0,1.25351542757284,0.966656419948855,NaN,NaN,NaN,1
5079,M25131_20260318_cell#228,4,1,0,0,0,1.02137158181361,0.942927856333363,NaN,NaN,NaN,1
5080,M25131_20260318_cell#229,4,1,1,1,0,1.20348151989242,0.96105307239647,NaN,NaN,NaN,1
5082,M25131_20260318_cell#231,4,1,1,1,0,1.23250914491433,1.00804319901774,NaN,NaN,NaN,0
5083,M25131_20260318_cell#232,4,1,1,1,0,1.15747444814433,0.822332871550486,NaN,NaN,NaN,1
5084,M25131_20260318_cell#233,4,1,1,1,0,1.20116652447065,0.999948163399758,NaN,NaN,NaN,1
5085,M25131_20260318_cell#234,4,1,0,0,0,0.963514359161934,0.978512460072275,NaN,NaN,NaN,1
5086,M25131_20260318_cell#235,4,1,0,0,0,0.980695163500544,0.981597451790383,NaN,NaN,NaN,1
5087,M25131_20260318_cell#236,4,1,1,1,0,1.35466021188872,0.975717391072207,NaN,NaN,NaN,1
5088,M25131_20260318_cell#237,4,1,1,1,0,1.31315935845887,0.958642310807413,NaN,NaN,NaN,1
5089,M25131_20260318_cell#238,4,1,1,1,0,1.06263646540212,0.934442752055205,NaN,NaN,NaN,1
5090,M25131_20260318_cell#239,4,1,0,0,0,0.970621629633275,0.959878173677157,NaN,NaN,NaN,1
5091,M25131_20260318_cell#240,4,1,1,1,0,1.13176926680406,0.805304014700793,NaN,NaN,NaN,1
5092,M25131_20260318_cell#241,4,1,1,1,0,1.67966849094913,0.907024912671689,NaN,NaN,NaN,1
5093,M25131_20260318_cell#242,4,1,0,0,0,0.963907804743144,0.955382720040765,NaN,NaN,NaN,1
5094,M25131_20260318_cell#243,4,1,0,0,0,1.09022581460334,0.710201834803412,NaN,NaN,NaN,1
5095,M25131_20260318_cell#244,4,1,1,1,0,1.05849902015978,1.00080966918578,NaN,NaN,NaN,0.523903744921292
5096,M25131_20260318_cell#245,4,1,1,1,1,1.55527545243151,1.06903612924061,NaN,NaN,NaN,0
5097,M25131_20260318_cell#246,4,1,0,0,0,1.01027818583713,0.944896000047365,NaN,NaN,NaN,1
5098,M25131_20260318_cell#247,4,1,1,1,0,1.26730763032598,0.975217707342878,NaN,NaN,NaN,1
5101,M25131_20260318_cell#250,4,1,1,1,1,1.88581334634116,1.06776732255931,NaN,NaN,NaN,0
5102,M25131_20260318_cell#251,4,1,0,0,0,0.920997508749314,1.01206007429209,NaN,NaN,NaN,0.309492682912431
5103,M25131_20260318_cell#252,4,1,1,1,0,1.35880832217191,0.963575890280984,NaN,NaN,NaN,1
5104,M25131_20260318_cell#253,4,1,0,0,0,0.862036825018291,0.968323945845451,NaN,NaN,NaN,1
5105,M25131_20260318_cell#254,4,1,1,1,0,1.42183899202971,1.00855941617823,NaN,NaN,NaN,0.999272425187181
5106,M25131_20260318_cell#255,4,1,0,0,0,1.35955170660192,0.503046109561527,NaN,NaN,NaN,1
5107,M25131_20260318_cell#256,4,1,0,0,0,0.997716609449717,0.901364136902259,NaN,NaN,NaN,1
5108,M25131_20260318_cell#257,4,1,0,0,0,0.967765553201797,0.973650817777648,NaN,NaN,NaN,1
5109,M25131_20260318_cell#258,4,1,1,1,0,1.15032373670814,0.968215645297684,NaN,NaN,NaN,1
5110,M25131_20260318_cell#259,4,1,1,1,0,1.02647509962218,0.952092607899749,NaN,NaN,NaN,1
5111,M25131_20260318_cell#260,4,1,1,1,0,1.09880344604262,0.985627311892034,NaN,NaN,NaN,1
5112,M25131_20260318_cell#261,4,1,0,0,0,1.01724285390064,0.94995186773248,NaN,NaN,NaN,1
5113,M25131_20260318_cell#262,4,1,0,0,0,0.995956723307196,0.867805401910603,NaN,NaN,NaN,1
5114,M25131_20260318_cell#263,4,1,0,0,0,0.95844366751758,0.952900770902722,NaN,NaN,NaN,1
5115,M25131_20260318_cell#264,4,1,0,0,0,0.990281751617514,0.992016092329198,NaN,NaN,NaN,1
5116,M25131_20260318_cell#265,4,1,0,0,0,1.00350485618501,0.945433483922083,NaN,NaN,NaN,1
5117,M25131_20260318_cell#266,4,1,1,1,0,1.40332278885409,0.974133202188533,NaN,NaN,NaN,1
5118,M25131_20260318_cell#267,4,1,1,1,0,1.07443901229597,0.965068621155783,NaN,NaN,NaN,1
5119,M25131_20260318_cell#268,4,1,1,1,1,1.16241846406607,1.07466835095913,NaN,NaN,NaN,0
5120,M25131_20260318_cell#269,4,1,1,1,1,2.04218110044893,1.02318039606871,NaN,NaN,NaN,0
5121,M25131_20260318_cell#270,4,1,1,1,0,1.03106977059112,0.819691904634909,NaN,NaN,NaN,1
5122,M25131_20260318_cell#271,4,1,0,0,0,0.937754752695636,0.993735820275794,NaN,NaN,NaN,1
5123,M25131_20260318_cell#272,4,1,1,1,0,1.21021131090636,0.965996206708193,NaN,NaN,NaN,1
5124,M25131_20260318_cell#273,4,1,1,1,0,1.22679080240529,0.953909455062978,NaN,NaN,NaN,1
5125,M25131_20260318_cell#274,4,1,1,1,0,1.17093118256112,0.998493746671519,NaN,NaN,NaN,1
5126,M25131_20260318_cell#275,4,1,1,1,0,1.29221037674183,0.989653540655275,NaN,NaN,NaN,1
5127,M25131_20260318_cell#276,4,1,0,0,0,1.01510472423029,0.998979515428523,NaN,NaN,NaN,1
5128,M25131_20260318_cell#277,4,1,0,0,0,0.948772064718423,0.981098803529739,NaN,NaN,NaN,1
5129,M25131_20260318_cell#278,4,1,0,0,0,0.88548230794932,0.939952919040949,NaN,NaN,NaN,1
5130,M25131_20260318_cell#279,4,1,0,0,0,0.778689283076173,0.896739066033042,NaN,NaN,NaN,1
5131,M25131_20260318_cell#280,4,1,0,0,0,1.00554914738928,0.956486982114593,NaN,NaN,NaN,1
5132,M25131_20260318_cell#281,4,1,1,1,0,2.54193577945888,0.995416393686629,NaN,NaN,NaN,1
5133,M25131_20260318_cell#282,4,1,0,0,0,0.968862102598642,0.910285618965625,NaN,NaN,NaN,1
5134,M25131_20260318_cell#283,4,1,1,1,0,1.55109401706141,0.933321772098203,NaN,NaN,NaN,1
5135,M25131_20260318_cell#284,4,1,1,1,0,1.23322179685762,0.970449488698912,NaN,NaN,NaN,1
5136,M25131_20260318_cell#285,4,1,0,0,0,1.00894533406949,0.956805278744775,NaN,NaN,NaN,1
5137,M25131_20260318_cell#286,4,1,1,1,0,1.1338319173018,0.915566051763739,NaN,NaN,NaN,1
5138,M25131_20260318_cell#287,4,1,0,0,0,0.963607890957438,0.930569401237575,NaN,NaN,NaN,1
5139,M25131_20260318_cell#288,4,1,1,1,0,1.14198290446228,1.00416984312551,NaN,NaN,NaN,0.000151093384253564
5140,M25131_20260318_cell#289,4,1,0,0,0,0.82656680885892,0.93009677333208,NaN,NaN,NaN,1
5141,M25131_20260318_cell#290,4,1,1,1,1,1.57908104249789,1.10863331385728,NaN,NaN,NaN,0
5142,M25131_20260318_cell#291,4,1,0,1,0,1.01355617919915,NaN,NaN,NaN,NaN,NaN
5143,M25131_20260318_cell#292,4,1,1,1,0,1.68601528909436,0.978936980120695,NaN,NaN,NaN,1
5144,M25131_20260318_cell#293,4,1,1,1,0,1.06979213117197,0.977235529281145,NaN,NaN,NaN,1
5145,M25131_20260318_cell#294,4,1,0,0,0,0.865239737797389,0.879492152029098,NaN,NaN,NaN,1
5146,M25131_20260318_cell#295,4,1,0,0,0,1.08727379383011,0.686058210299494,NaN,NaN,NaN,1
5147,M25131_20260318_cell#296,4,1,1,1,0,1.17507767240766,0.846348183448175,NaN,NaN,NaN,1
5148,M25131_20260318_cell#297,4,1,1,1,0,1.09065131745257,0.953433186551979,NaN,NaN,NaN,1
5149,M25131_20260318_cell#298,4,1,1,1,0,1.16811120242603,0.909878369005855,NaN,NaN,NaN,1
5150,M25131_20260318_cell#299,4,1,0,1,0,1.01444093938746,NaN,NaN,NaN,NaN,NaN
5151,M25131_20260318_cell#300,4,1,1,1,0,1.25554059551126,0.722858593514766,NaN,NaN,NaN,1
5152,M25131_20260318_cell#301,4,1,1,1,0,1.58514383993481,0.984579650634702,NaN,NaN,NaN,1
5153,M25131_20260318_cell#302,4,1,0,1,0,1.00767483348607,NaN,NaN,NaN,NaN,NaN
5154,M25131_20260318_cell#303,4,1,1,1,0,1.25818079034965,0.997632603973841,NaN,NaN,NaN,1
5155,M25131_20260318_cell#304,4,1,1,1,0,1.38142786521313,0.8805624159978,NaN,NaN,NaN,1
5156,M25131_20260318_cell#305,4,1,1,1,0,1.18533336055662,0.945837021203988,NaN,NaN,NaN,1
5157,M25131_20260318_cell#306,4,1,1,1,0,1.77957720285069,0.994882585057843,NaN,NaN,NaN,1
5158,M25131_20260318_cell#307,4,1,1,1,0,1.06066412290312,0.903021298150756,NaN,NaN,NaN,1
5159,M25131_20260318_cell#308,4,1,1,1,0,1.12510771140903,0.915825890815146,NaN,NaN,NaN,1
5160,M25131_20260318_cell#309,4,1,1,1,0,1.08925073282643,0.985414884110816,NaN,NaN,NaN,1
5161,M25131_20260318_cell#310,4,1,1,1,0,1.30857430910858,0.982980555771728,NaN,NaN,NaN,1
5162,M25131_20260318_cell#311,4,1,1,1,0,1.07555574280329,0.961951186882927,NaN,NaN,NaN,1
5163,M25131_20260318_cell#312,4,1,1,1,0,1.08528725305006,0.985354033926855,NaN,NaN,NaN,1
5164,M25131_20260318_cell#313,4,1,1,1,0,1.08776964298525,0.98222450750537,NaN,NaN,NaN,1
5165,M25131_20260318_cell#314,4,1,1,1,0,1.24802538268426,0.991102222901094,NaN,NaN,NaN,1
5166,M25131_20260318_cell#315,4,1,0,0,0,0.910916969359213,1.01915098956213,NaN,NaN,NaN,0.863612827998153
5167,M25131_20260318_cell#316,4,1,0,0,0,0.979785373051084,1.00828640587491,NaN,NaN,NaN,1.13117850876199e-05
5168,M25131_20260318_cell#317,4,1,1,1,0,1.15259580185937,0.996438767205886,NaN,NaN,NaN,1
5169,M25131_20260318_cell#318,4,1,1,1,0,1.04269243349287,0.949845128680135,NaN,NaN,NaN,1
5170,M25131_20260318_cell#319,4,1,1,1,0,1.05816915375836,0.990351532814723,NaN,NaN,NaN,1
5171,M25131_20260318_cell#320,4,1,1,1,0,1.12055493097828,0.970186370788592,NaN,NaN,NaN,1
5172,M25131_20260318_cell#321,4,1,1,1,0,1.47102459092309,0.988749099011288,NaN,NaN,NaN,1
5173,M25131_20260318_cell#322,4,1,1,1,0,1.21261431655705,0.979798300328288,NaN,NaN,NaN,1
5174,M25131_20260318_cell#323,4,1,1,1,0,1.72722799300582,0.899041522762999,NaN,NaN,NaN,1
5175,M25131_20260318_cell#324,4,1,1,1,0,1.11454269087915,0.93186033550266,NaN,NaN,NaN,1
5176,M25131_20260318_cell#325,4,1,1,1,0,1.10214210448813,1.00795391953532,NaN,NaN,NaN,0.999592530166556
5177,M25131_20260318_cell#326,4,1,1,1,0,1.23786206414536,0.929821388078543,NaN,NaN,NaN,1
5178,M25131_20260318_cell#327,4,1,1,1,0,1.08547983611091,1.01258611784925,NaN,NaN,NaN,0
5179,M25131_20260318_cell#328,4,1,1,1,0,1.0608572998192,0.955240347064969,NaN,NaN,NaN,1
5180,M25131_20260318_cell#329,4,1,1,1,0,1.78116393940847,1.00445218658772,NaN,NaN,NaN,0.999992837480552
5181,M25131_20260318_cell#330,4,1,1,1,0,1.23875996097814,1.00765057635682,NaN,NaN,NaN,0.758524445322189
5182,M25131_20260318_cell#331,4,1,1,1,0,1.47826540805706,0.986191510038523,NaN,NaN,NaN,1
5183,M25131_20260318_cell#332,4,1,0,0,0,0.932391315464492,0.930761847670256,NaN,NaN,NaN,1
5184,M25131_20260318_cell#333,4,1,0,0,0,1.05527500849726,0.777442477196713,NaN,NaN,NaN,1
5185,M25131_20260318_cell#334,4,1,1,1,0,1.26808675200021,0.977140785487176,NaN,NaN,NaN,1
5186,M25131_20260318_cell#335,4,1,0,0,0,0.693821863076609,0.720006557295995,NaN,NaN,NaN,1
5187,M25131_20260318_cell#336,4,1,0,0,0,1.00391407392872,0.905623297484907,NaN,NaN,NaN,1
5188,M25131_20260318_cell#337,4,1,0,0,1,0.997123267471542,1.06640161437362,NaN,NaN,NaN,2.24536488954152e-05
5189,M25131_20260318_cell#338,4,1,1,1,0,1.10780483276666,0.953822727246911,NaN,NaN,NaN,1
5190,M25131_20260318_cell#339,4,1,1,1,0,1.54115490428122,1.00521482032753,NaN,NaN,NaN,4.12387124029134e-05
5191,M25131_20260318_cell#340,4,1,1,1,1,1.34793437250181,1.0575691685363,NaN,NaN,NaN,0.0311547562211248
5192,M25131_20260318_cell#341,4,1,1,1,0,1.12903766724724,0.976720332166606,NaN,NaN,NaN,1
5193,M25131_20260318_cell#342,4,1,1,1,0,1.21399421903874,0.924948808145685,NaN,NaN,NaN,1
5194,M25131_20260318_cell#343,4,1,0,0,0,1.01718977487254,0.990726142882075,NaN,NaN,NaN,1
5195,M25131_20260318_cell#344,4,1,1,1,0,1.3607089477967,0.875271588064168,NaN,NaN,NaN,1
5196,M25131_20260318_cell#345,4,1,0,0,0,1.02488058147767,0.834315343847299,NaN,NaN,NaN,1
5197,M25131_20260318_cell#346,4,1,0,0,0,0.970539137565619,0.984153135900449,NaN,NaN,NaN,1
5198,M25131_20260318_cell#347,4,1,1,1,0,1.04229042347164,0.98950193456759,NaN,NaN,NaN,1
5199,M25131_20260318_cell#348,4,1,1,1,0,1.08110457559241,0.800303900260095,NaN,NaN,NaN,1
5200,M25131_20260318_cell#349,4,1,0,0,0,0.942692538515934,0.947599122809548,NaN,NaN,NaN,1
5201,M25131_20260318_cell#350,4,1,1,1,0,1.09606829682594,0.792742056563771,NaN,NaN,NaN,1
5203,M25131_20260318_cell#352,4,1,0,0,0,1.00650729032492,0.973477832681667,NaN,NaN,NaN,1
5204,M25131_20260318_cell#353,4,1,0,0,0,0.944885968008659,1.03054928808909,NaN,NaN,NaN,0.999988271647927
5205,M25131_20260318_cell#354,4,1,0,0,0,1.00869843770194,0.977133511494767,NaN,NaN,NaN,1
5206,M25131_20260318_cell#355,4,1,1,1,0,1.13250348942689,0.970740301981554,NaN,NaN,NaN,1
5207,M25131_20260318_cell#356,4,1,1,1,0,1.10881848136111,0.892130497036304,NaN,NaN,NaN,1
5208,M25131_20260318_cell#357,4,1,0,0,0,0.915702716193745,0.690769436205638,NaN,NaN,NaN,1
5209,M25131_20260318_cell#358,4,1,1,1,0,1.13252457219248,0.97360661832633,NaN,NaN,NaN,1
5210,M25131_20260318_cell#359,4,1,0,0,0,0.996592422237726,0.925533301318336,NaN,NaN,NaN,1
5211,M25131_20260318_cell#360,4,1,0,0,1,1.00570479754893,1.02563034913726,NaN,NaN,NaN,0
5212,M25131_20260318_cell#361,4,1,1,1,1,1.24165869822344,1.04252999990784,NaN,NaN,NaN,0
5213,M25131_20260318_cell#362,4,1,1,1,0,1.44983335423261,0.98389702335463,NaN,NaN,NaN,1
5214,M25131_20260318_cell#363,4,1,1,1,0,1.15535737105532,0.973003923880754,NaN,NaN,NaN,1
5215,M25131_20260318_cell#364,4,1,1,1,0,1.06975581489009,0.944299612873115,NaN,NaN,NaN,1
5216,M25131_20260318_cell#365,4,1,1,1,0,1.11274200894908,0.98658420108888,NaN,NaN,NaN,1
5217,M25131_20260318_cell#366,4,1,0,0,0,0.946903914525828,0.941006716439452,NaN,NaN,NaN,1
5218,M25131_20260318_cell#367,4,1,1,1,0,1.20093619787979,1.00061174843576,NaN,NaN,NaN,0.999999999999955
5219,M25131_20260318_cell#368,4,1,1,1,0,1.77988546227165,0.980257912900955,NaN,NaN,NaN,1
5220,M25131_20260318_cell#369,4,1,1,1,0,1.2813623559331,0.987010178367641,NaN,NaN,NaN,1
5221,M25131_20260318_cell#370,4,1,1,1,0,1.1984242049093,0.998324730398691,NaN,NaN,NaN,1
5222,M25131_20260318_cell#371,4,1,0,0,0,1.01325207812268,0.944305152813693,NaN,NaN,NaN,1
5223,M25131_20260318_cell#372,4,1,0,0,0,0.826530200931166,0.842508066444847,NaN,NaN,NaN,1
5224,M25131_20260318_cell#373,4,1,0,0,0,0.978060834851767,0.992504264234244,NaN,NaN,NaN,1
5225,M25131_20260318_cell#374,4,1,1,1,0,1.05504620055248,0.95510394819041,NaN,NaN,NaN,1
5226,M25131_20260318_cell#375,4,1,1,1,0,1.32292494199349,0.842510767529432,NaN,NaN,NaN,1
5227,M25131_20260318_cell#376,4,1,1,1,0,1.02917386865821,0.98839432332952,NaN,NaN,NaN,1
5228,M25131_20260318_cell#377,4,1,0,0,0,0.941165017575294,0.926874542765682,NaN,NaN,NaN,1
5229,M25131_20260318_cell#378,4,1,1,1,1,1.0633144717949,1.01740661725728,NaN,NaN,NaN,5.595222033139e-06
5230,M25131_20260318_cell#379,4,1,0,0,0,1.02917589885367,0.801577881661234,NaN,NaN,NaN,1
5231,M25131_20260318_cell#380,4,1,1,1,0,1.29534921465073,0.958544389387466,NaN,NaN,NaN,1
5233,M25131_20260318_cell#382,4,1,1,1,0,1.0584530748012,0.961891799478761,NaN,NaN,NaN,1
5234,M25131_20260318_cell#383,4,1,0,0,0,0.979402977016781,1.05921932426183,NaN,NaN,NaN,0.0661185116652965
5235,M25131_20260318_cell#384,4,1,1,1,1,1.06910543110248,1.03532759980959,NaN,NaN,NaN,0
5236,M25131_20260318_cell#385,4,1,1,1,0,1.06538750627988,0.950386356628537,NaN,NaN,NaN,1
5237,M25131_20260318_cell#386,4,1,0,0,0,0.958164976126938,0.975086709608477,NaN,NaN,NaN,1
5238,M25131_20260318_cell#387,4,1,1,1,0,1.36175592366297,0.971589724634978,NaN,NaN,NaN,1
5239,M25131_20260318_cell#388,4,1,1,1,0,1.77047873616625,0.980554344837011,NaN,NaN,NaN,1
5240,M25131_20260318_cell#389,4,1,0,0,0,1.01387388484093,0.995380283409349,NaN,NaN,NaN,1
5241,M25131_20260318_cell#390,4,1,0,0,0,0.965855493173338,0.964966147613034,NaN,NaN,NaN,1
5242,M25131_20260318_cell#391,4,1,0,0,0,0.96967535529784,0.893204181740029,NaN,NaN,NaN,1
5243,M25131_20260318_cell#392,4,1,1,1,0,1.12551561118324,0.989950704791936,NaN,NaN,NaN,1
5244,M25131_20260318_cell#393,4,1,1,1,0,1.52871101293314,0.849363465981218,NaN,NaN,NaN,1
5245,M25131_20260318_cell#394,4,1,0,0,0,0.905188281635887,0.989911739108111,NaN,NaN,NaN,1
5246,M25131_20260318_cell#395,4,1,0,0,0,0.957871590050917,0.898098238707086,NaN,NaN,NaN,1
5247,M25131_20260318_cell#396,4,1,1,1,0,1.33560653504606,0.865929141728452,NaN,NaN,NaN,1
5248,M25131_20260318_cell#397,4,1,1,1,0,1.11181472501094,0.974106216118365,NaN,NaN,NaN,1
5249,M25131_20260318_cell#398,4,1,1,1,0,1.13169832738229,0.990078237360304,NaN,NaN,NaN,1
5250,M25131_20260318_cell#399,4,1,1,1,0,1.08559777873574,0.933239120394581,NaN,NaN,NaN,1
5251,M25131_20260318_cell#400,4,1,0,0,0,0.991944885294428,0.949574309236493,NaN,NaN,NaN,1
5252,M25131_20260318_cell#401,4,1,0,0,0,1.0049105064852,0.959972645445798,NaN,NaN,NaN,1
5253,M25131_20260318_cell#402,4,1,0,0,0,1.02951443718646,0.678637659158213,NaN,NaN,NaN,1
5254,M25131_20260318_cell#403,4,1,1,1,0,1.13259328292866,1.00969694072197,NaN,NaN,NaN,0
5255,M25131_20260318_cell#404,4,1,0,0,0,0.958129882654697,0.984181190787715,NaN,NaN,NaN,1
5256,M25131_20260318_cell#405,4,1,0,0,0,0.881216759484042,1.01854962076586,NaN,NaN,NaN,0.343737692151795
5257,M25131_20260318_cell#406,4,1,1,1,0,1.07812051772829,0.984113755501035,NaN,NaN,NaN,1
5258,M25131_20260318_cell#407,4,1,0,0,0,1.0254080031055,0.828144815845631,NaN,NaN,NaN,1
5259,M25131_20260318_cell#408,4,1,1,1,0,1.04584101696366,0.987335507950007,NaN,NaN,NaN,1
5260,M25131_20260318_cell#409,4,1,1,1,0,1.17816475648371,0.999017343040945,NaN,NaN,NaN,1
5261,M25131_20260318_cell#410,4,1,0,0,0,0.990460303234934,0.984765786772428,NaN,NaN,NaN,1
5262,M25131_20260318_cell#411,4,1,1,1,0,1.0658397556766,0.957328862853907,NaN,NaN,NaN,1
5263,M25131_20260318_cell#412,4,1,1,1,0,1.02921520845214,0.942230275987995,NaN,NaN,NaN,1
5264,M25131_20260318_cell#413,4,1,1,1,0,1.107096126346,0.968384527111894,NaN,NaN,NaN,1
5265,M25131_20260318_cell#414,4,1,1,1,0,1.31279892768502,1.01448953317851,NaN,NaN,NaN,1.53549979398093e-07
5266,M25131_20260318_cell#415,4,1,1,1,0,1.44208983946317,1.0004212919767,NaN,NaN,NaN,0.999999697495906
5267,M25131_20260318_cell#416,4,1,0,0,0,1.00831709054956,0.94108963929976,NaN,NaN,NaN,1
5268,M25131_20260318_cell#417,4,1,1,1,0,1.24084763157339,0.983469034391453,NaN,NaN,NaN,1
5269,M25131_20260318_cell#418,4,1,0,0,0,0.966944053894018,0.88736826379159,NaN,NaN,NaN,1
5270,M25131_20260318_cell#419,4,1,0,0,0,1.01484819924577,0.918960768473231,NaN,NaN,NaN,1
5271,M25131_20260318_cell#420,4,1,1,1,0,1.0784915393989,0.995387362308233,NaN,NaN,NaN,1
5272,M25131_20260321_cell#1,4,2,0,0,0,0.987433896598155,0.96342676063766,NaN,NaN,NaN,1
5273,M25131_20260321_cell#2,4,2,1,1,0,1.09566329884306,0.973191091740916,NaN,NaN,NaN,1
5274,M25131_20260321_cell#3,4,2,1,1,0,1.71315449813239,0.977278053160872,NaN,NaN,NaN,1
5275,M25131_20260321_cell#4,4,2,1,1,0,1.11227555258675,1.0023005536545,NaN,NaN,NaN,8.88178419700125e-16
5276,M25131_20260321_cell#5,4,2,1,1,0,1.41793771103528,1.00096800984525,NaN,NaN,NaN,0.979183368485701
5277,M25131_20260321_cell#6,4,2,1,1,0,1.25885714072922,0.97128613178088,NaN,NaN,NaN,1
5278,M25131_20260321_cell#7,4,2,1,1,0,1.03524788851448,0.993474593272558,NaN,NaN,NaN,1
5279,M25131_20260321_cell#8,4,2,1,1,0,1.14882326642723,0.980460629577985,NaN,NaN,NaN,1
5280,M25131_20260321_cell#9,4,2,1,1,0,1.30739968244336,0.994308511842428,NaN,NaN,NaN,1
5281,M25131_20260321_cell#10,4,2,1,1,0,1.16330315072007,0.982746287462338,NaN,NaN,NaN,1
5282,M25131_20260321_cell#11,4,2,1,1,0,1.12537141551187,0.939535064671291,NaN,NaN,NaN,1
5283,M25131_20260321_cell#12,4,2,0,0,0,0.987189785615467,0.931636409302896,NaN,NaN,NaN,1
5284,M25131_20260321_cell#13,4,2,1,1,0,1.15475499717345,0.990769195031935,NaN,NaN,NaN,1
5285,M25131_20260321_cell#14,4,2,1,1,0,1.29651732727674,1.00179067237837,NaN,NaN,NaN,0.000280738211410392
5286,M25131_20260321_cell#15,4,2,1,1,0,1.66490173325961,0.978464840733309,NaN,NaN,NaN,1
5288,M25131_20260321_cell#17,4,2,1,1,0,5.30748065869105,0.817147370033826,NaN,NaN,NaN,1
5289,M25131_20260321_cell#18,4,2,0,0,0,0.997565928132602,0.996097896635656,NaN,NaN,NaN,1
5290,M25131_20260321_cell#19,4,2,1,1,0,1.17294380794057,0.993332200237436,NaN,NaN,NaN,1
5291,M25131_20260321_cell#20,4,2,1,1,0,1.08899741235555,0.957211839537958,NaN,NaN,NaN,1
5292,M25131_20260321_cell#21,4,2,0,0,0,0.969278168646866,0.839598358308725,NaN,NaN,NaN,1
5293,M25131_20260321_cell#22,4,2,1,1,0,1.41928833194432,0.473828088898667,NaN,NaN,NaN,1
5294,M25131_20260321_cell#23,4,2,1,1,0,1.30002841379855,0.982690345341612,NaN,NaN,NaN,1
5295,M25131_20260321_cell#24,4,2,0,0,0,1.01753374482617,0.99805744461481,NaN,NaN,NaN,1
5296,M25131_20260321_cell#25,4,2,1,1,0,1.1517536969739,0.959458504280696,NaN,NaN,NaN,1
5297,M25131_20260321_cell#26,4,2,1,1,0,1.09622878159894,0.975992406672999,NaN,NaN,NaN,1
5298,M25131_20260321_cell#27,4,2,0,0,0,0.943020893028205,1.00334541083028,NaN,NaN,NaN,0.999996896068052
5299,M25131_20260321_cell#28,4,2,0,0,1,0.986391881545338,1.02928119668036,NaN,NaN,NaN,0.00166923821243681
5300,M25131_20260321_cell#29,4,2,0,0,0,1.0178796668184,0.929416079233896,NaN,NaN,NaN,1
5301,M25131_20260321_cell#30,4,2,1,1,0,1.43094981693548,0.945989284074882,NaN,NaN,NaN,1
5302,M25131_20260321_cell#31,4,2,0,0,1,0.980523063142634,1.09274779848867,NaN,NaN,NaN,0
5303,M25131_20260321_cell#32,4,2,1,1,1,1.37096735783145,1.04155341444133,NaN,NaN,NaN,0
5304,M25131_20260321_cell#33,4,2,0,0,0,0.951794278686798,0.958724402961742,NaN,NaN,NaN,1
5305,M25131_20260321_cell#34,4,2,0,0,0,0.92976811148727,0.999181118816574,NaN,NaN,NaN,1
5306,M25131_20260321_cell#35,4,2,1,1,0,1.09392102225238,0.98721727591296,NaN,NaN,NaN,1
5307,M25131_20260321_cell#36,4,2,1,1,0,1.09746595944312,1.00929700339847,NaN,NaN,NaN,0.981167460316443
5308,M25131_20260321_cell#37,4,2,1,1,0,1.5642131273759,0.983533808378272,NaN,NaN,NaN,1
5309,M25131_20260321_cell#38,4,2,1,1,0,1.35452593711389,0.888384550152907,NaN,NaN,NaN,1
5310,M25131_20260321_cell#39,4,2,0,0,1,0.916516447688198,1.02095556169484,NaN,NaN,NaN,0
5311,M25131_20260321_cell#40,4,2,1,1,0,1.12716969960195,0.866389480040991,NaN,NaN,NaN,1
5312,M25131_20260321_cell#41,4,2,0,0,0,1.03112741751069,1.06042326401931,NaN,NaN,NaN,0.227796188124482
5313,M25131_20260321_cell#42,4,2,0,1,0,0.996765459945063,NaN,NaN,NaN,NaN,NaN
5314,M25131_20260321_cell#43,4,2,1,1,0,1.03198110682951,0.99806679846155,NaN,NaN,NaN,1
5315,M25131_20260321_cell#44,4,2,1,1,0,1.10539152764101,0.967586908516276,NaN,NaN,NaN,1
5316,M25131_20260321_cell#45,4,2,1,1,0,1.19326996280962,0.93400656780183,NaN,NaN,NaN,1
5317,M25131_20260321_cell#46,4,2,1,1,0,1.06798559059893,0.983389403505372,NaN,NaN,NaN,1
5318,M25131_20260321_cell#47,4,2,1,1,0,1.20857882520326,1.01024799233107,NaN,NaN,NaN,1.78337344891588e-11
5319,M25131_20260321_cell#48,4,2,1,1,0,1.13418435970216,0.976323683631145,NaN,NaN,NaN,1
5320,M25131_20260321_cell#49,4,2,1,1,0,1.54948278287653,0.993793608950731,NaN,NaN,NaN,1
5321,M25131_20260321_cell#50,4,2,1,1,0,1.29220909614025,0.984108174471082,NaN,NaN,NaN,1
5322,M25131_20260321_cell#51,4,2,1,1,0,1.09245859513276,0.99684528081105,NaN,NaN,NaN,1
5323,M25131_20260321_cell#52,4,2,1,1,0,1.03322849646054,0.966818893699334,NaN,NaN,NaN,1
5324,M25131_20260321_cell#53,4,2,1,1,0,1.19063223352996,0.921626552698282,NaN,NaN,NaN,1
5325,M25131_20260321_cell#54,4,2,0,0,1,0.9550665615378,1.08744253405255,NaN,NaN,NaN,0
5326,M25131_20260321_cell#55,4,2,0,0,0,0.927331208769532,0.99239791756454,NaN,NaN,NaN,1
5327,M25131_20260321_cell#56,4,2,1,1,0,1.26987700850141,0.853184215552824,NaN,NaN,NaN,1
5328,M25131_20260321_cell#57,4,2,0,0,0,0.867841358815824,0.860674975798485,NaN,NaN,NaN,1
5329,M25131_20260321_cell#58,4,2,1,1,0,1.40781022497933,0.940893182136284,NaN,NaN,NaN,1
5330,M25131_20260321_cell#59,4,2,0,0,1,1.04946692415514,1.03447442637085,NaN,NaN,NaN,0.00108163632336189
5331,M25131_20260321_cell#60,4,2,1,1,1,1.41459886283922,1.15673721448144,NaN,NaN,NaN,0
5332,M25131_20260321_cell#61,4,2,1,1,0,1.1164259080023,0.996195573304307,NaN,NaN,NaN,1
5333,M25131_20260321_cell#62,4,2,1,1,0,1.04984404140131,1.00433398149141,NaN,NaN,NaN,0.889510260671715
5334,M25131_20260321_cell#63,4,2,1,1,1,1.22430695559159,1.06400436044812,NaN,NaN,NaN,0
5335,M25131_20260321_cell#64,4,2,1,1,0,1.04145736926009,0.992826132611283,NaN,NaN,NaN,1
5336,M25131_20260321_cell#65,4,2,0,0,0,0.930112890999351,0.981120528726154,NaN,NaN,NaN,1
5338,M25131_20260321_cell#67,4,2,1,1,0,1.55087656431667,0.921281959224859,NaN,NaN,NaN,1
5341,M25131_20260321_cell#70,4,2,0,0,0,0.950166023640369,0.98672933741722,NaN,NaN,NaN,1
5342,M25131_20260321_cell#71,4,2,0,0,0,0.98960014862568,0.994651727200983,NaN,NaN,NaN,1
5343,M25131_20260321_cell#72,4,2,0,0,0,0.975776615161666,0.980528985972234,NaN,NaN,NaN,1
5344,M25131_20260321_cell#73,4,2,0,0,0,1.10811779461866,0.964905097071269,NaN,NaN,NaN,1
5345,M25131_20260321_cell#74,4,2,1,1,0,1.05941202378569,0.985711494437648,NaN,NaN,NaN,1
5346,M25131_20260321_cell#75,4,2,1,1,0,1.1817281063212,0.949962315987453,NaN,NaN,NaN,1
5347,M25131_20260321_cell#76,4,2,1,1,0,1.23240180899863,0.911935936775745,NaN,NaN,NaN,1
5349,M25131_20260321_cell#78,4,2,1,1,0,1.05362146245261,0.99174304537814,NaN,NaN,NaN,1
5350,M25131_20260321_cell#79,4,2,1,1,0,1.30857557857659,0.989210400456627,NaN,NaN,NaN,1
5351,M25131_20260321_cell#80,4,2,0,0,0,0.931602743050712,0.840027471850084,NaN,NaN,NaN,1
5352,M25131_20260321_cell#81,4,2,1,1,1,1.63350260023604,1.43557179298516,NaN,NaN,NaN,0
5353,M25131_20260321_cell#82,4,2,0,0,1,0.929007724625971,1.02446439749908,NaN,NaN,NaN,0.000260479349285192
5355,M25131_20260321_cell#84,4,2,1,1,0,1.10232450733559,0.833016807742527,NaN,NaN,NaN,1
5357,M25131_20260321_cell#86,4,2,1,1,1,1.2637864262949,1.02678317395893,NaN,NaN,NaN,1.22330285901029e-08
5358,M25131_20260321_cell#87,4,2,0,0,0,0.940019444577771,0.99426924374573,NaN,NaN,NaN,1
5359,M25131_20260321_cell#88,4,2,1,1,0,1.25977167634383,1.03005917764207,NaN,NaN,NaN,0.220247109118191
5360,M25131_20260321_cell#89,4,2,1,1,0,1.05500088467898,0.700103351289473,NaN,NaN,NaN,1
5361,M25131_20260321_cell#90,4,2,0,0,0,0.892912942923732,0.991338573318055,NaN,NaN,NaN,1
5363,M25131_20260321_cell#92,4,2,1,1,0,1.15747726179897,1.01296075854833,NaN,NaN,NaN,8.34746067447378e-05
5364,M25131_20260321_cell#93,4,2,1,1,0,1.04326125723895,1.00100438220616,NaN,NaN,NaN,0.999999999989912
5365,M25131_20260321_cell#94,4,2,0,0,0,0.992859824424478,0.989244223041411,NaN,NaN,NaN,1
5366,M25131_20260321_cell#95,4,2,1,1,0,1.14337208307984,0.964976169906684,NaN,NaN,NaN,1
5367,M25131_20260321_cell#96,4,2,1,1,0,1.09864274788188,0.99768012437538,NaN,NaN,NaN,1
5368,M25131_20260321_cell#97,4,2,1,1,0,1.13987599981045,0.928804902892698,NaN,NaN,NaN,1
5369,M25131_20260321_cell#98,4,2,1,1,0,1.07597744317173,0.994786739830342,NaN,NaN,NaN,1
5370,M25131_20260321_cell#99,4,2,1,1,0,1.02068030556746,0.933948734316219,NaN,NaN,NaN,1
5371,M25131_20260321_cell#100,4,2,0,0,1,0.846783401985209,1.16904377573085,NaN,NaN,NaN,0
5372,M25131_20260321_cell#101,4,2,1,1,1,1.2414393383477,1.02675269687284,NaN,NaN,NaN,0
5373,M25131_20260321_cell#102,4,2,0,0,0,0.934965497485166,0.847527669290832,NaN,NaN,NaN,1
5374,M25131_20260321_cell#103,4,2,0,0,0,0.970412390224424,0.979022329410656,NaN,NaN,NaN,1
5375,M25131_20260321_cell#104,4,2,0,0,0,0.991781798772298,0.981166831762238,NaN,NaN,NaN,1
5376,M25131_20260321_cell#105,4,2,0,0,1,0.877074998574493,1.01774006534005,NaN,NaN,NaN,0.0218762505080077
5377,M25131_20260321_cell#106,4,2,1,1,0,1.78385337902735,0.992946130833701,NaN,NaN,NaN,1
5378,M25131_20260321_cell#107,4,2,1,1,0,1.07241484507786,0.99461063711799,NaN,NaN,NaN,1
5380,M25131_20260321_cell#109,4,2,1,1,0,1.11048876180585,0.851835209026227,NaN,NaN,NaN,1
5381,M25131_20260321_cell#110,4,2,1,1,0,1.22841149072203,0.974634964117414,NaN,NaN,NaN,1
5382,M25131_20260321_cell#111,4,2,0,0,0,0.935032297402472,0.920813947330557,NaN,NaN,NaN,1
5383,M25131_20260321_cell#112,4,2,0,0,1,0.916923904161115,1.06866980333584,NaN,NaN,NaN,0
5384,M25131_20260321_cell#113,4,2,0,0,1,0.947131149659919,1.03497508986855,NaN,NaN,NaN,0
5386,M25131_20260321_cell#115,4,2,1,1,0,1.11980926243349,0.975496844124323,NaN,NaN,NaN,1
5388,M25131_20260321_cell#117,4,2,1,1,0,1.18065452133274,0.921257617931661,NaN,NaN,NaN,1
5389,M25131_20260321_cell#118,4,2,0,0,0,0.978036080637602,0.996165236768168,NaN,NaN,NaN,1
5390,M25131_20260321_cell#119,4,2,1,1,0,1.16812953701476,0.915183021545762,NaN,NaN,NaN,1
5391,M25131_20260321_cell#120,4,2,0,0,1,1.00100045278073,1.15623354071213,NaN,NaN,NaN,0
5392,M25131_20260321_cell#121,4,2,0,0,0,0.995228731982484,0.966492546045483,NaN,NaN,NaN,1
5393,M25131_20260321_cell#122,4,2,1,1,0,1.0675755955376,0.881433180517227,NaN,NaN,NaN,1
5394,M25131_20260321_cell#123,4,2,0,0,1,0.96382586776332,1.03779823261387,NaN,NaN,NaN,0
5395,M25131_20260321_cell#124,4,2,1,1,0,1.0569841986736,0.84694109602216,NaN,NaN,NaN,1
5396,M25131_20260321_cell#125,4,2,1,1,0,1.3217534790445,0.865778337408329,NaN,NaN,NaN,1
5397,M25131_20260321_cell#126,4,2,1,1,1,1.09671691424194,1.06198915944477,NaN,NaN,NaN,0
5398,M25131_20260321_cell#127,4,2,0,0,1,1.00800357830769,1.05874040647623,NaN,NaN,NaN,1.99840144432528e-15
5399,M25131_20260321_cell#128,4,2,0,0,0,0.982718638070164,0.955466393497282,NaN,NaN,NaN,1
5400,M25131_20260321_cell#129,4,2,1,1,0,2.04027217046727,1.00221813216636,NaN,NaN,NaN,0.999999999999998
5401,M25131_20260321_cell#130,4,2,1,1,0,1.03738030496186,0.885828361601729,NaN,NaN,NaN,1
5402,M25131_20260321_cell#131,4,2,0,0,0,0.982588613324654,0.974665828667263,NaN,NaN,NaN,1
5403,M25131_20260321_cell#132,4,2,1,1,0,1.12791218643717,0.963202319828921,NaN,NaN,NaN,1
5404,M25131_20260321_cell#133,4,2,1,1,0,1.08856801527492,0.994548310619976,NaN,NaN,NaN,1
5405,M25131_20260321_cell#134,4,2,0,0,0,0.949649835176829,0.861939917813177,NaN,NaN,NaN,1
5406,M25131_20260321_cell#135,4,2,1,1,0,1.09071264171823,0.979959963639282,NaN,NaN,NaN,1
5407,M25131_20260321_cell#136,4,2,0,0,0,0.963321644210807,0.91618373603299,NaN,NaN,NaN,1
5408,M25131_20260321_cell#137,4,2,1,1,1,1.12297772063653,1.10523362230913,NaN,NaN,NaN,0
5409,M25131_20260321_cell#138,4,2,1,1,0,1.2074938949288,1.0054905052473,NaN,NaN,NaN,4.94241781501259e-06
5410,M25131_20260321_cell#139,4,2,1,1,0,1.30253960674039,0.996099480411874,NaN,NaN,NaN,1
5412,M25131_20260321_cell#141,4,2,0,0,0,1.09095586594396,0.685934872645444,NaN,NaN,NaN,1
5413,M25131_20260321_cell#142,4,2,1,1,1,1.02678998284819,1.02878295154239,NaN,NaN,NaN,0
5414,M25131_20260321_cell#143,4,2,1,1,1,1.42263826775616,1.03859669840666,NaN,NaN,NaN,0
5415,M25131_20260321_cell#144,4,2,1,1,0,1.42652252994206,0.967627090787865,NaN,NaN,NaN,1
5416,M25131_20260321_cell#145,4,2,1,1,0,1.33323074192563,0.942902949208318,NaN,NaN,NaN,1
5417,M25131_20260321_cell#146,4,2,1,1,0,1.9315150253384,0.850065141525636,NaN,NaN,NaN,1
5419,M25131_20260321_cell#148,4,2,1,1,0,1.10720291036327,0.984771604223119,NaN,NaN,NaN,1
5420,M25131_20260321_cell#149,4,2,1,1,0,1.15681534699827,1.00163497403684,NaN,NaN,NaN,0.999653306274609
5421,M25131_20260321_cell#150,4,2,1,1,0,1.58445730121248,0.992872092812588,NaN,NaN,NaN,1
5422,M25131_20260321_cell#151,4,2,1,1,0,1.01727465127302,0.993958754950405,NaN,NaN,NaN,1
5423,M25131_20260321_cell#152,4,2,1,1,0,1.02255423803037,1.00643969770074,NaN,NaN,NaN,0.92815523328127
5425,M25131_20260321_cell#154,4,2,1,1,0,1.10760213228865,0.987610814759051,NaN,NaN,NaN,1
5426,M25131_20260321_cell#155,4,2,0,0,0,0.997027685759528,0.99324072015775,NaN,NaN,NaN,1
5428,M25131_20260321_cell#157,4,2,0,0,1,1.07164870503053,1.19571332042364,NaN,NaN,NaN,2.22044604925031e-16
5429,M25131_20260321_cell#158,4,2,1,1,0,1.06052919700696,0.963739626410304,NaN,NaN,NaN,1
5430,M25131_20260321_cell#159,4,2,1,1,1,1.08617721959915,1.02206188087781,NaN,NaN,NaN,0
5431,M25131_20260321_cell#160,4,2,0,0,0,1.01015052820044,0.97630898223979,NaN,NaN,NaN,1
5432,M25131_20260321_cell#161,4,2,1,1,0,1.14326398713925,1.00725996605926,NaN,NaN,NaN,0
5433,M25131_20260321_cell#162,4,2,1,1,1,1.03866339848927,1.02279359709209,NaN,NaN,NaN,0
5434,M25131_20260321_cell#163,4,2,1,1,0,1.21220306917382,0.967591232853475,NaN,NaN,NaN,1
5435,M25131_20260321_cell#164,4,2,0,0,1,0.964590310012346,1.03908319676187,NaN,NaN,NaN,5.10202990966491e-12
5437,M25131_20260321_cell#166,4,2,1,1,0,1.09487295846442,1.00989078596226,NaN,NaN,NaN,0.00180739485523052
5438,M25131_20260321_cell#167,4,2,0,0,0,0.942980448411221,0.98905030424081,NaN,NaN,NaN,1
5439,M25131_20260321_cell#168,4,2,1,1,0,1.13289376521844,0.932385596802756,NaN,NaN,NaN,1
5440,M25131_20260321_cell#169,4,2,0,0,0,0.972100800935762,0.978327446714102,NaN,NaN,NaN,1
5441,M25131_20260321_cell#170,4,2,0,0,0,0.938807966892163,1.01017130952604,NaN,NaN,NaN,0.888737860139152
5442,M25131_20260321_cell#171,4,2,1,1,0,1.12047096536796,0.894746290470602,NaN,NaN,NaN,1
5443,M25131_20260321_cell#172,4,2,1,1,0,1.07771896120809,0.964678109906197,NaN,NaN,NaN,1
5446,M25131_20260321_cell#175,4,2,0,0,0,1.00835957713271,0.987656977354481,NaN,NaN,NaN,1
5448,M25131_20260321_cell#177,4,2,0,0,0,0.985317697076913,0.916431043622183,NaN,NaN,NaN,1
5450,M25131_20260321_cell#179,4,2,1,1,0,1.18568172256173,0.987837510620818,NaN,NaN,NaN,1
5452,M25131_20260321_cell#181,4,2,0,0,0,0.973576550411026,0.922827853748559,NaN,NaN,NaN,1
5453,M25131_20260321_cell#182,4,2,1,1,0,1.18969020506519,0.845742531809366,NaN,NaN,NaN,1
5454,M25131_20260321_cell#183,4,2,1,1,0,1.13015137455048,0.961555563861905,NaN,NaN,NaN,1
5455,M25131_20260321_cell#184,4,2,1,1,0,1.14656753436902,1.00967323312474,NaN,NaN,NaN,0.181548004673926
5456,M25131_20260321_cell#185,4,2,0,0,0,0.953736944142309,0.935363819862604,NaN,NaN,NaN,1
5457,M25131_20260321_cell#186,4,2,1,1,0,1.13390551296355,0.84112627102102,NaN,NaN,NaN,1
5458,M25131_20260321_cell#187,4,2,1,1,0,1.02515217203492,0.919976586979694,NaN,NaN,NaN,1
5459,M25131_20260321_cell#188,4,2,1,1,0,1.82980389497014,0.977053143922994,NaN,NaN,NaN,1
5460,M25131_20260321_cell#189,4,2,0,0,1,0.915453437597804,1.26637445219305,NaN,NaN,NaN,0
5461,M25131_20260321_cell#190,4,2,1,1,0,1.04908920999164,0.989322025955305,NaN,NaN,NaN,1
5462,M25131_20260321_cell#191,4,2,0,0,0,0.97458024302228,0.993190087391601,NaN,NaN,NaN,1
5465,M25131_20260321_cell#194,4,2,1,1,0,1.08120720584112,0.970523423674957,NaN,NaN,NaN,1
5466,M25131_20260321_cell#195,4,2,0,0,0,0.966768096738146,0.846477900163845,NaN,NaN,NaN,1
5467,M25131_20260321_cell#196,4,2,1,1,0,1.03944094343968,0.943294529285152,NaN,NaN,NaN,1
5468,M25131_20260321_cell#197,4,2,1,1,0,1.19991402225473,0.956266913002506,NaN,NaN,NaN,1
5469,M25131_20260321_cell#198,4,2,1,1,0,1.0485191313067,0.862021461020748,NaN,NaN,NaN,1
5470,M25131_20260321_cell#199,4,2,1,1,1,1.31823054904868,1.15309749025682,NaN,NaN,NaN,0
5472,M25131_20260321_cell#201,4,2,1,1,0,1.2861125807832,0.94752230906748,NaN,NaN,NaN,1
5473,M25131_20260321_cell#202,4,2,1,1,0,1.04969658076666,0.982319959792272,NaN,NaN,NaN,1
5474,M25131_20260321_cell#203,4,2,1,1,1,1.06006058678853,1.02215777238275,NaN,NaN,NaN,4.66728877768219e-11
5475,M25131_20260321_cell#204,4,2,1,1,0,1.51593536308751,0.83336162306868,NaN,NaN,NaN,1
5476,M25131_20260321_cell#205,4,2,0,0,0,0.967197516134302,1.01488951027826,NaN,NaN,NaN,6.73241418169823e-08
5477,M25131_20260321_cell#206,4,2,1,1,1,1.81194531812192,1.16095407195237,NaN,NaN,NaN,0
5478,M25131_20260321_cell#207,4,2,1,1,1,1.05427117897473,1.03056063705494,NaN,NaN,NaN,0
5479,M25131_20260321_cell#208,4,2,1,1,0,1.05978603985953,0.849211037113207,NaN,NaN,NaN,1
5480,M25131_20260321_cell#209,4,2,1,1,0,1.89500947454672,1.0064242015807,NaN,NaN,NaN,0.999999999353373
5481,M25131_20260321_cell#210,4,2,0,0,0,0.949515195822717,1.01420756010635,NaN,NaN,NaN,0.042817416241316
5482,M25131_20260321_cell#211,4,2,1,1,0,1.08619246428939,1.00795941233555,NaN,NaN,NaN,0.723269174419595
5483,M25131_20260321_cell#212,4,2,0,0,0,0.950299538438822,0.945113833264367,NaN,NaN,NaN,1
5484,M25131_20260321_cell#213,4,2,1,1,1,1.40597556679197,1.07408036183867,NaN,NaN,NaN,0
5485,M25131_20260321_cell#214,4,2,1,1,0,1.85144028692844,0.790343698204343,NaN,NaN,NaN,1
5486,M25131_20260321_cell#215,4,2,0,0,1,0.958618680734073,1.01920319437772,NaN,NaN,NaN,0.00416669065885455
5487,M25131_20260321_cell#216,4,2,1,1,0,1.06350750232671,1.00098712783347,NaN,NaN,NaN,0.999999999999946
5488,M25131_20260321_cell#217,4,2,1,1,0,1.28010259196246,0.944792073350202,NaN,NaN,NaN,1
5489,M25131_20260321_cell#218,4,2,1,1,1,1.19580371835002,1.04631941455974,NaN,NaN,NaN,0
5490,M25131_20260321_cell#219,4,2,1,1,0,1.22369999133444,0.937925373087891,NaN,NaN,NaN,1
5491,M25131_20260321_cell#220,4,2,1,1,0,1.26018705416893,1.00854527068367,NaN,NaN,NaN,0.575254795049979
5493,M25131_20260321_cell#222,4,2,1,1,1,1.30389877972926,1.0223596739645,NaN,NaN,NaN,1.23968102849759e-06
5494,M25131_20260321_cell#223,4,2,1,1,0,1.06489631812613,0.924862108288357,NaN,NaN,NaN,1
5495,M25131_20260321_cell#224,4,2,0,0,0,1.05732576797692,0.968726265285609,NaN,NaN,NaN,1
5496,M25131_20260321_cell#225,4,2,1,1,1,1.29247199657728,1.30811525644799,NaN,NaN,NaN,0
5497,M25131_20260321_cell#226,4,2,1,1,0,1.32739241689778,0.9270070053508,NaN,NaN,NaN,1
5498,M25131_20260321_cell#227,4,2,1,1,0,1.08687571138877,0.882119011608505,NaN,NaN,NaN,1
5500,M25131_20260321_cell#229,4,2,1,1,0,1.07283714606477,0.951702767684478,NaN,NaN,NaN,1
5501,M25131_20260321_cell#230,4,2,1,1,0,1.90641192897288,0.964372984164532,NaN,NaN,NaN,1
5502,M25131_20260321_cell#231,4,2,0,0,0,1.00483789060003,0.992041719590206,NaN,NaN,NaN,1
5504,M25131_20260321_cell#233,4,2,1,1,0,1.09275023693964,0.867696182523153,NaN,NaN,NaN,1
5505,M25131_20260321_cell#234,4,2,1,1,0,1.33661891433935,0.962210504694226,NaN,NaN,NaN,1
5506,M25131_20260321_cell#235,4,2,0,0,0,1.00863389559027,0.99397296390947,NaN,NaN,NaN,1
5508,M25131_20260321_cell#237,4,2,1,1,0,1.26348940882503,0.863955243912186,NaN,NaN,NaN,1
5509,M25131_20260321_cell#238,4,2,0,0,0,0.988287283855142,0.973464639962218,NaN,NaN,NaN,1
5510,M25131_20260321_cell#239,4,2,1,1,0,1.08582212350484,0.891571802604996,NaN,NaN,NaN,1
5511,M25131_20260321_cell#240,4,2,1,1,0,1.07264215983233,1.00704113909272,NaN,NaN,NaN,0.895912076610957
5513,M25131_20260321_cell#242,4,2,0,0,0,1.03343757744184,0.782747311009064,NaN,NaN,NaN,1
5514,M25131_20260321_cell#243,4,2,1,1,0,1.10355842090417,0.966992314153729,NaN,NaN,NaN,1
5515,M25131_20260321_cell#244,4,2,1,1,0,1.12632372909046,0.937613158733258,NaN,NaN,NaN,1
5516,M25131_20260321_cell#245,4,2,0,1,0,1.01420828498215,NaN,NaN,NaN,NaN,NaN
5517,M25131_20260321_cell#246,4,2,1,1,1,1.10055782216315,1.02162151539938,NaN,NaN,NaN,0
5518,M25131_20260321_cell#247,4,2,1,1,0,1.44474613066878,0.928268619088898,NaN,NaN,NaN,1
5519,M25131_20260321_cell#248,4,2,1,1,0,1.10930874903527,0.992086002249418,NaN,NaN,NaN,1
5521,M25131_20260321_cell#250,4,2,1,1,0,1.02004314937105,0.951433501035861,NaN,NaN,NaN,1
5522,M25131_20260321_cell#251,4,2,1,1,0,1.13458841670035,0.991432908912024,NaN,NaN,NaN,1
5523,M25131_20260321_cell#252,4,2,1,1,0,1.11426108328341,1.00859089827177,NaN,NaN,NaN,0.576395993342971
5526,M25131_20260321_cell#255,4,2,1,1,0,1.52269737719717,0.888984737099313,NaN,NaN,NaN,1
5527,M25131_20260321_cell#256,4,2,1,1,0,1.16944131919478,0.996907516263089,NaN,NaN,NaN,1
5528,M25131_20260321_cell#257,4,2,1,1,0,1.03891338539593,0.841869451588854,NaN,NaN,NaN,1
5529,M25131_20260321_cell#258,4,2,0,0,0,0.985826718315131,0.985758872153532,NaN,NaN,NaN,1
5530,M25131_20260321_cell#259,4,2,0,0,0,1.009368566276,0.994956786900959,NaN,NaN,NaN,1
5531,M25131_20260321_cell#260,4,2,0,0,0,0.961849069000058,0.961983150801679,NaN,NaN,NaN,1
5532,M25131_20260321_cell#261,4,2,1,1,0,1.10698302198759,0.961703280378133,NaN,NaN,NaN,1
5533,M25131_20260321_cell#262,4,2,0,0,1,0.959969179418695,1.02934683880701,NaN,NaN,NaN,9.65209096537301e-07
5534,M25131_20260321_cell#263,4,2,1,1,0,1.44316390485307,0.839085486991429,NaN,NaN,NaN,1
5535,M25131_20260321_cell#264,4,2,0,0,1,0.94940482617133,1.03721403947219,NaN,NaN,NaN,0
5536,M25131_20260321_cell#265,4,2,1,1,0,1.04588506712662,0.963035741534362,NaN,NaN,NaN,1
5537,M25131_20260321_cell#266,4,2,1,1,0,1.83431420158264,0.933310177034658,NaN,NaN,NaN,1
5538,M25131_20260321_cell#267,4,2,1,1,0,1.06666746324528,0.97451865122466,NaN,NaN,NaN,1
5539,M25131_20260321_cell#268,4,2,0,1,0,0.999050225171636,NaN,NaN,NaN,NaN,NaN
5540,M25131_20260321_cell#269,4,2,1,1,0,1.27479068632422,0.924502074304929,NaN,NaN,NaN,1
5541,M25131_20260321_cell#270,4,2,0,0,0,0.939314645469295,0.799699236897418,NaN,NaN,NaN,1
5542,M25131_20260321_cell#271,4,2,1,1,0,1.22991332196991,0.939546142797364,NaN,NaN,NaN,1
5543,M25131_20260321_cell#272,4,2,1,1,0,1.30258509237599,0.97186681518209,NaN,NaN,NaN,1
5544,M25131_20260321_cell#273,4,2,1,1,0,1.0718091325086,0.943280932898856,NaN,NaN,NaN,1
5545,M25131_20260321_cell#274,4,2,1,1,1,1.24011987023116,1.03179538403749,NaN,NaN,NaN,1.97520045874811e-08
5546,M25131_20260321_cell#275,4,2,1,1,0,1.07337391879649,1.00052677965986,NaN,NaN,NaN,0.999999999999987
5547,M25131_20260321_cell#276,4,2,0,0,0,0.943936455307596,0.94918288942033,NaN,NaN,NaN,1
5549,M25131_20260321_cell#278,4,2,1,1,0,1.31882913015398,1.01129346940812,NaN,NaN,NaN,0
5552,M25131_20260321_cell#281,4,2,1,1,0,1.11542828113631,0.90833683478263,NaN,NaN,NaN,1
5553,M25131_20260321_cell#282,4,2,0,0,0,0.942021698402475,0.965946912915552,NaN,NaN,NaN,1
5554,M25131_20260321_cell#283,4,2,0,0,0,0.978558626685141,0.982048057727184,NaN,NaN,NaN,1
5556,M25131_20260321_cell#285,4,2,1,1,0,1.05611094080295,0.921767521970517,NaN,NaN,NaN,1
5557,M25131_20260321_cell#286,4,2,0,0,1,0.936849460853759,1.02304730701979,NaN,NaN,NaN,4.31310070302393e-05
5558,M25131_20260321_cell#287,4,2,1,1,1,1.4749638972443,1.0379949566998,NaN,NaN,NaN,0.00564665581658397
5560,M25131_20260321_cell#289,4,2,0,1,0,0.996813472094308,NaN,NaN,NaN,NaN,NaN
5561,M25131_20260321_cell#290,4,2,1,1,0,1.8125620187147,1.00208394719244,NaN,NaN,NaN,0.998326811215281
5562,M25131_20260321_cell#291,4,2,1,1,0,1.29676137924929,1.00093284303878,NaN,NaN,NaN,0.824250729244984
5563,M25131_20260321_cell#292,4,2,0,0,0,0.895561451941332,0.987268660679311,NaN,NaN,NaN,1
5564,M25131_20260321_cell#293,4,2,0,0,0,0.975716671165917,0.912197259816473,NaN,NaN,NaN,1
5565,M25131_20260321_cell#294,4,2,1,1,0,1.52712536199051,0.94113617161517,NaN,NaN,NaN,1
5566,M25131_20260321_cell#295,4,2,1,1,0,1.13099851048085,1.00344905600232,NaN,NaN,NaN,9.06552610757672e-12
5567,M25131_20260321_cell#296,4,2,0,0,0,0.970694572526191,1.00437014363485,NaN,NaN,NaN,0.918536533386591
5568,M25131_20260321_cell#297,4,2,0,0,0,0.98307828205653,0.961505018368533,NaN,NaN,NaN,1
5569,M25131_20260321_cell#298,4,2,1,1,0,1.04621988009745,1.00138367450869,NaN,NaN,NaN,0.0840767870521407
5570,M25131_20260321_cell#299,4,2,1,1,0,1.2282655705881,0.868722562344498,NaN,NaN,NaN,1
5573,M25131_20260321_cell#302,4,2,0,0,0,0.950213432531433,0.956768914739044,NaN,NaN,NaN,1
5574,M25131_20260321_cell#303,4,2,1,1,0,1.03172015974843,1.0003958797992,NaN,NaN,NaN,0.999918599706006
5575,M25131_20260321_cell#304,4,2,0,0,0,0.93536966518722,0.882948461481831,NaN,NaN,NaN,1
5576,M25131_20260321_cell#305,4,2,0,1,0,1.0094919724365,NaN,NaN,NaN,NaN,NaN
5577,M25131_20260321_cell#306,4,2,1,1,0,1.27768473051051,0.991550920782132,NaN,NaN,NaN,1
5578,M25131_20260321_cell#307,4,2,1,1,1,1.07108355734968,1.0172622878891,NaN,NaN,NaN,1.11022302462516e-16
5579,M25131_20260321_cell#308,4,2,1,1,0,1.12985720637484,0.982078194471075,NaN,NaN,NaN,1
5580,M25131_20260321_cell#309,4,2,1,1,0,1.26412653993761,0.969457941352283,NaN,NaN,NaN,1
5581,M25131_20260321_cell#310,4,2,1,1,0,1.05881858487457,0.970856044434247,NaN,NaN,NaN,1
5582,M25131_20260321_cell#311,4,2,1,1,0,1.54527369973627,0.98204218253099,NaN,NaN,NaN,1
5583,M25131_20260321_cell#312,4,2,0,0,1,0.848786867776001,1.02819892488208,NaN,NaN,NaN,2.43724209703089e-08
5585,M25131_20260321_cell#314,4,2,1,1,1,1.24821965959746,1.03215742038476,NaN,NaN,NaN,9.46154266046051e-11
5586,M25131_20260321_cell#315,4,2,1,1,0,1.40476170266551,0.924744110234784,NaN,NaN,NaN,1
5587,M25131_20260321_cell#316,4,2,1,1,0,1.0518775174032,0.852738987435446,NaN,NaN,NaN,1
5588,M25131_20260321_cell#317,4,2,1,1,0,1.10781299569585,0.846171200656367,NaN,NaN,NaN,1
5589,M25131_20260321_cell#318,4,2,0,0,0,0.920742819400227,-28.9637403066473,NaN,NaN,NaN,0
5590,M25131_20260321_cell#319,4,2,1,1,0,1.06338025213168,0.977124481748359,NaN,NaN,NaN,1
5591,M25131_20260321_cell#320,4,2,0,0,0,0.999018234799065,0.983241876559432,NaN,NaN,NaN,1
5592,M25131_20260321_cell#321,4,2,0,0,0,0.953754742695375,0.952845680782865,NaN,NaN,NaN,1
5593,M25131_20260321_cell#322,4,2,1,1,0,1.02147128952602,1.01052002269832,NaN,NaN,NaN,1.23023813358714e-12
5594,M25131_20260321_cell#323,4,2,0,0,1,1.0897349355382,1.11342923987776,NaN,NaN,NaN,0.000357735659087366
5595,M25131_20260321_cell#324,4,2,0,0,0,1.08139732327703,0.88427907232514,NaN,NaN,NaN,1
5596,M25131_20260321_cell#325,4,2,1,1,0,1.04769340767928,0.929930270562967,NaN,NaN,NaN,1
5599,M25131_20260321_cell#328,4,2,1,1,0,1.04204039997556,0.979966344900571,NaN,NaN,NaN,1
5600,M25131_20260321_cell#329,4,2,1,1,0,1.07988075735724,0.946192110416819,NaN,NaN,NaN,1
5602,M25131_20260321_cell#331,4,2,0,0,0,0.982981629500667,0.965673836772027,NaN,NaN,NaN,1
5603,M25131_20260321_cell#332,4,2,1,1,0,1.26172315806503,0.990971116230022,NaN,NaN,NaN,1
5605,M25131_20260321_cell#334,4,2,0,0,0,0.995533854712036,1.00227333379975,NaN,NaN,NaN,0.99997531721085
5606,M25131_20260321_cell#335,4,2,0,0,0,0.9779615803931,0.973289459441029,NaN,NaN,NaN,1
5607,M25131_20260321_cell#336,4,2,1,1,1,1.5802957852115,1.04934800540194,NaN,NaN,NaN,0
5608,M25131_20260321_cell#337,4,2,0,0,0,0.987924903862475,0.922440751432046,NaN,NaN,NaN,1
5609,M25131_20260321_cell#338,4,2,1,1,0,1.12567813470866,0.986224485073945,NaN,NaN,NaN,1
5611,M25131_20260321_cell#340,4,2,1,1,1,1.27217263552656,1.09007644501585,NaN,NaN,NaN,0
5612,M25131_20260321_cell#341,4,2,0,0,0,0.954376270929901,0.916943000293132,NaN,NaN,NaN,1
5613,M25131_20260321_cell#342,4,2,1,1,0,1.02828099929417,0.995263419562576,NaN,NaN,NaN,1
5615,M25131_20260321_cell#344,4,2,1,1,0,1.27634770431522,0.991050501461857,NaN,NaN,NaN,1
5616,M25131_20260321_cell#345,4,2,0,0,0,1.00917197224414,1.04837212315729,NaN,NaN,NaN,0.0538632896344945
5617,M25131_20260321_cell#346,4,2,0,0,0,1.03343453835724,1.01084094218327,NaN,NaN,NaN,0.999984848941676
5619,M25131_20260321_cell#348,4,2,0,0,0,1.03740589518334,0.95035996242306,NaN,NaN,NaN,1
5620,M25131_20260321_cell#349,4,2,1,1,0,1.09968571156011,0.973958606921543,NaN,NaN,NaN,1
5621,M25131_20260321_cell#350,4,2,1,1,0,1.20166543918813,0.950959716223421,NaN,NaN,NaN,1
5622,M25131_20260321_cell#351,4,2,1,1,1,1.7185399630499,1.0827797931792,NaN,NaN,NaN,1.4053824770599e-10
5623,M25131_20260321_cell#352,4,2,1,1,0,1.04013950235682,0.990379264831016,NaN,NaN,NaN,1
5624,M25131_20260321_cell#353,4,2,0,0,0,1.01669256120181,0.913038444914895,NaN,NaN,NaN,1
5625,M25131_20260321_cell#354,4,2,1,1,0,3.13942124917559,1.02395781006,NaN,NaN,NaN,0.974625701890989
5626,M25131_20260321_cell#355,4,2,1,1,1,1.34955343956606,1.12875388448427,NaN,NaN,NaN,0
5627,M25131_20260321_cell#356,4,2,1,1,1,1.08474833634156,1.02445658025776,NaN,NaN,NaN,0
5629,M25131_20260321_cell#358,4,2,1,1,0,1.14070822502422,0.85054141950434,NaN,NaN,NaN,1
5630,M25131_20260321_cell#359,4,2,0,0,0,1.04286333929005,1.0218915909266,NaN,NaN,NaN,0.999098101226958
5631,M25131_20260321_cell#360,4,2,1,1,0,1.49101440533407,0.962205911798336,NaN,NaN,NaN,1
5632,M25131_20260321_cell#361,4,2,1,1,1,1.20297134440832,1.04883296574019,NaN,NaN,NaN,8.71718717987413e-07
5633,M25131_20260321_cell#362,4,2,0,0,0,1.03127249257124,0.556188772758269,NaN,NaN,NaN,1
5634,M25131_20260321_cell#363,4,2,0,0,0,0.913746705931907,0.963040083924838,NaN,NaN,NaN,1
5635,M25131_20260321_cell#364,4,2,1,1,0,1.02968637803805,1.00964211319062,NaN,NaN,NaN,0.0739771549482812
5636,M25131_20260321_cell#365,4,2,1,1,1,1.14972198069461,1.32665692230825,NaN,NaN,NaN,0
5637,M25131_20260321_cell#366,4,2,0,0,1,0.998472109904106,1.05166981512239,NaN,NaN,NaN,0
5638,M25131_20260321_cell#367,4,2,0,0,0,0.970233756187924,0.992729714724753,NaN,NaN,NaN,1
5639,M25131_20260321_cell#368,4,2,1,1,0,1.14842806084509,0.82950707087716,NaN,NaN,NaN,1
5640,M25131_20260321_cell#369,4,2,1,1,0,1.22657336922593,0.995041510656159,NaN,NaN,NaN,1
5641,M25131_20260321_cell#370,4,2,1,1,0,1.10886864081604,0.970676388331962,NaN,NaN,NaN,1
5642,M25131_20260321_cell#371,4,2,1,1,0,1.05458257239497,0.958743744855598,NaN,NaN,NaN,1
5643,M25131_20260321_cell#372,4,2,1,1,0,1.19385135927136,0.654808846809165,NaN,NaN,NaN,1
5644,M25131_20260321_cell#373,4,2,1,1,0,1.02209674242915,0.973959315091764,NaN,NaN,NaN,1
5645,M25131_20260321_cell#374,4,2,0,0,0,0.911350086175319,0.958799430642359,NaN,NaN,NaN,1
5646,M25131_20260321_cell#375,4,2,1,1,0,1.42588446053877,0.988183882964227,NaN,NaN,NaN,1
5647,M25131_20260321_cell#376,4,2,0,0,0,0.855518699201993,1.00325650426648,NaN,NaN,NaN,0.522432101289919
5648,M25131_20260321_cell#377,4,2,1,1,0,1.32443785263216,1.00265396305066,NaN,NaN,NaN,0.99167283108837
5649,M25131_20260321_cell#378,4,2,1,1,0,1.0825809682972,0.975540971959886,NaN,NaN,NaN,1
5650,M25131_20260321_cell#379,4,2,1,1,0,1.26304624323154,0.986230675391092,NaN,NaN,NaN,1
5651,M25131_20260321_cell#380,4,2,1,1,0,1.19429824374131,0.954126611649473,NaN,NaN,NaN,1
5653,M25131_20260321_cell#382,4,2,1,1,0,1.45961562117448,0.940631534383671,NaN,NaN,NaN,1
5654,M25131_20260321_cell#383,4,2,1,1,0,1.17676974439164,0.990528679465255,NaN,NaN,NaN,1
5655,M25131_20260321_cell#384,4,2,1,1,0,1.09094132019496,0.994023799114669,NaN,NaN,NaN,1
5658,M25131_20260321_cell#387,4,2,1,1,0,1.20421760647706,0.933897535187287,NaN,NaN,NaN,1
5659,M25131_20260321_cell#388,4,2,1,1,0,1.09961398524351,0.925838853144624,NaN,NaN,NaN,1
5660,M25131_20260321_cell#389,4,2,1,1,0,1.04778421834732,0.902427936953897,NaN,NaN,NaN,1
5661,M25131_20260321_cell#390,4,2,0,0,0,0.99829994037582,0.840847382458332,NaN,NaN,NaN,1
5662,M25131_20260321_cell#391,4,2,1,1,0,1.10439696378713,0.990838610144308,NaN,NaN,NaN,1
5663,M25131_20260321_cell#392,4,2,1,1,0,1.08194391332121,0.995114309754143,NaN,NaN,NaN,1
5664,M25131_20260321_cell#393,4,2,1,1,0,1.22848757021752,0.977433913382171,NaN,NaN,NaN,1
5665,M25131_20260321_cell#394,4,2,1,1,1,1.33002108907852,1.02586268813079,NaN,NaN,NaN,7.0138782748419e-07
5666,M25131_20260321_cell#395,4,2,1,1,0,1.38843022813606,0.954416408443749,NaN,NaN,NaN,1
5667,M25131_20260321_cell#396,4,2,0,0,0,0.916534115572022,0.991146559113641,NaN,NaN,NaN,1
5668,M25131_20260321_cell#397,4,2,1,1,0,1.41475811193154,0.978100833280626,NaN,NaN,NaN,1
5669,M25131_20260321_cell#398,4,2,0,0,0,1.01474372573399,0.944781438932517,NaN,NaN,NaN,1
5670,M25131_20260321_cell#399,4,2,1,1,0,1.30864537975053,0.984580688730457,NaN,NaN,NaN,1
5671,M25131_20260321_cell#400,4,2,0,0,0,1.12603004074408,0.589630810721048,NaN,NaN,NaN,1
5672,M25131_20260321_cell#401,4,2,1,1,0,1.10874140463005,0.90614646659291,NaN,NaN,NaN,1
5673,M25131_20260321_cell#402,4,2,1,1,0,1.02292000914475,0.969754557304107,NaN,NaN,NaN,1
5674,M25131_20260321_cell#403,4,2,1,1,0,1.11299956164475,0.987213256161058,NaN,NaN,NaN,1
5675,M25131_20260321_cell#404,4,2,1,1,0,1.35556818947408,0.936395569165707,NaN,NaN,NaN,1
5676,M25131_20260321_cell#405,4,2,1,1,0,1.164586456969,0.945594471998608,NaN,NaN,NaN,1
5677,M25131_20260321_cell#406,4,2,1,1,0,1.62398090671812,1.04418015966032,NaN,NaN,NaN,0.381308738149862
5678,M25131_20260321_cell#407,4,2,0,0,0,0.984070887036247,0.894903161233616,NaN,NaN,NaN,1
5679,M25131_20260321_cell#408,4,2,1,1,0,1.28440472185891,0.970641115554793,NaN,NaN,NaN,1
5680,M25131_20260321_cell#409,4,2,1,1,1,1.09595903825342,1.02526801443877,NaN,NaN,NaN,2.01461070048481e-12
5681,M25131_20260321_cell#410,4,2,1,1,0,1.15403677425337,0.973684411612807,NaN,NaN,NaN,1
5682,M25131_20260321_cell#411,4,2,1,1,0,1.53339286534655,0.773314196932556,NaN,NaN,NaN,1
5683,M25131_20260321_cell#412,4,2,0,0,1,0.891312593243017,1.04224958952511,NaN,NaN,NaN,0.0424630267710103
5684,M25131_20260321_cell#413,4,2,1,1,0,1.027031032344,0.935999564000608,NaN,NaN,NaN,1
5685,M25131_20260321_cell#414,4,2,1,1,0,1.30080437383867,0.999711594070075,NaN,NaN,NaN,1
5686,M25131_20260321_cell#415,4,2,1,1,0,1.07122999051519,0.934120992863638,NaN,NaN,NaN,1
5687,M25131_20260321_cell#416,4,2,0,0,0,1.00456902756488,1.00825668791924,NaN,NaN,NaN,0.39539808066846
5688,M25131_20260321_cell#417,4,2,0,1,0,1.01309015897035,NaN,NaN,NaN,NaN,NaN
5690,M25131_20260321_cell#419,4,2,1,1,1,1.45035869391843,1.09917725328571,NaN,NaN,NaN,0
5692,M25131_20260321_cell#421,4,2,0,0,0,0.929651655840815,0.961231211616561,NaN,NaN,NaN,1
5693,M25131_20260321_cell#422,4,2,0,0,0,0.995083944311994,0.97959688644989,NaN,NaN,NaN,1
5694,M25131_20260321_cell#423,4,2,1,1,1,1.40392997766048,1.06726852048816,NaN,NaN,NaN,0
5695,M25131_20260321_cell#424,4,2,0,0,0,1.03183402981337,0.949689071103661,NaN,NaN,NaN,1
5696,M25131_20260321_cell#425,4,2,1,1,0,1.17400325701196,0.983066558549838,NaN,NaN,NaN,1
5697,M25131_20260321_cell#426,4,2,1,1,0,1.23998150299554,0.991921604178329,NaN,NaN,NaN,1
5698,M25131_20260321_cell#427,4,2,1,1,0,1.03642219004581,0.987679869172365,NaN,NaN,NaN,1
5699,M25131_20260321_cell#428,4,2,0,0,0,0.992658922933958,0.891097510259185,NaN,NaN,NaN,1
5700,M25131_20260321_cell#429,4,2,0,0,0,0.976399764612128,0.967469409388105,NaN,NaN,NaN,1
5701,M25131_20260321_cell#430,4,2,0,0,0,0.912825611282157,1.00268799113842,NaN,NaN,NaN,0.999999984645912
5702,M25131_20260321_cell#431,4,2,1,1,1,1.46767594275976,1.03289041303776,NaN,NaN,NaN,0
5703,M25131_20260321_cell#432,4,2,1,1,0,2.30246962520643,1.00811836489824,NaN,NaN,NaN,0.999999999863711
5704,M25131_20260321_cell#433,4,2,1,1,0,1.2218839827417,0.93232985355362,NaN,NaN,NaN,1
5706,M25131_20260321_cell#435,4,2,0,0,0,0.985678598669208,0.94703544244342,NaN,NaN,NaN,1
5707,M25131_20260321_cell#436,4,2,0,0,0,0.98646472993239,0.971757221920217,NaN,NaN,NaN,1
5708,M25131_20260321_cell#437,4,2,1,1,0,1.23354914549332,0.977327351086008,NaN,NaN,NaN,1
5709,M25131_20260321_cell#438,4,2,1,1,0,1.22955382179509,0.72672371864655,NaN,NaN,NaN,1
5710,M25131_20260321_cell#439,4,2,1,1,0,1.09189085742936,0.977881525466944,NaN,NaN,NaN,1
5711,M25131_20260321_cell#440,4,2,0,0,0,0.960787720030823,0.899883096977991,NaN,NaN,NaN,1
5712,M25131_20260321_cell#441,4,2,0,0,0,0.985188473181076,0.947938095054464,NaN,NaN,NaN,1
5713,M25131_20260321_cell#442,4,2,1,1,1,1.5282171454755,1.18663469854662,NaN,NaN,NaN,0
5714,M25131_20260321_cell#443,4,2,1,1,0,1.1058839856731,0.90776975329218,NaN,NaN,NaN,1
5715,M25131_20260321_cell#444,4,2,0,1,0,1.00650085674603,NaN,NaN,NaN,NaN,NaN
5717,M25131_20260321_cell#446,4,2,1,1,1,2.03390179984466,1.29898472510197,NaN,NaN,NaN,0
5719,M25131_20260321_cell#448,4,2,1,1,0,1.2187552113228,0.97546634302456,NaN,NaN,NaN,1
5720,M25131_20260321_cell#449,4,2,0,0,0,0.894678411688219,0.970905593649941,NaN,NaN,NaN,1
5721,M25131_20260321_cell#450,4,2,1,1,0,1.2999654729916,0.939992525249986,NaN,NaN,NaN,1
5722,M25131_20260321_cell#451,4,2,1,1,1,1.22305693754829,1.07788964264057,NaN,NaN,NaN,0
5723,M25131_20260321_cell#452,4,2,1,1,0,1.2072282377664,0.937301856308506,NaN,NaN,NaN,1
5724,M25131_20260321_cell#453,4,2,1,1,1,1.11747752231531,1.03063869548705,NaN,NaN,NaN,0
5725,M25131_20260321_cell#454,4,2,1,1,0,1.15075385659899,0.934759156845932,NaN,NaN,NaN,1
5726,M25131_20260321_cell#455,4,2,0,0,0,0.961581367323164,0.98633437625408,NaN,NaN,NaN,1
5728,M25131_20260321_cell#457,4,2,1,1,1,1.30035228262943,1.0233179194051,NaN,NaN,NaN,3.50203888110912e-09
5731,M25131_20260321_cell#460,4,2,1,1,0,2.959492572607,0.717646452685215,NaN,NaN,NaN,1
5732,M25131_20260321_cell#461,4,2,0,1,0,-7.30598274738368,NaN,NaN,NaN,NaN,NaN
5733,M25131_20260321_cell#462,4,2,1,1,0,1.10191296827844,0.993536226756808,NaN,NaN,NaN,1
5735,M25131_20260321_cell#464,4,2,1,1,0,1.2383674275651,0.951833265000183,NaN,NaN,NaN,1
5736,M25131_20260321_cell#465,4,2,0,0,0,0.992480795680879,0.843143853438765,NaN,NaN,NaN,1
5737,M25131_20260321_cell#466,4,2,1,1,0,1.09533803610892,0.970786233149382,NaN,NaN,NaN,1
5738,M25131_20260321_cell#467,4,2,1,1,0,1.13987802226301,1.00001497191972,NaN,NaN,NaN,1
5739,M25131_20260321_cell#468,4,2,1,1,0,1.30995817409836,0.932478506906765,NaN,NaN,NaN,1
5740,M25131_20260321_cell#469,4,2,1,1,0,1.0886635153014,0.979254378155611,NaN,NaN,NaN,1
5741,M25131_20260321_cell#470,4,2,1,1,0,1.30979482840026,0.993060903674168,NaN,NaN,NaN,1
5742,M25131_20260321_cell#471,4,2,1,1,0,1.14750340144736,0.927248429686688,NaN,NaN,NaN,1
5743,M25131_20260321_cell#472,4,2,1,1,0,1.0581354419699,0.967468378694348,NaN,NaN,NaN,1
5744,M25131_20260321_cell#473,4,2,1,1,0,1.03166670713082,0.974674305870307,NaN,NaN,NaN,1
5745,M25131_20260321_cell#474,4,2,1,1,1,1.41026973270917,1.11800061599192,NaN,NaN,NaN,0
5746,M25131_20260321_cell#475,4,2,0,0,0,0.990240897522835,1.00416412875601,NaN,NaN,NaN,0.999999006336139
5747,M25131_20260321_cell#476,4,2,0,0,0,0.937334017087228,0.979488405749379,NaN,NaN,NaN,1
5748,M25131_20260321_cell#477,4,2,0,0,0,1.06708771494832,0.992367623860042,NaN,NaN,NaN,1
5749,M25131_20260321_cell#478,4,2,1,1,0,1.16524008050703,0.873293321487106,NaN,NaN,NaN,1
5750,M25131_20260321_cell#479,4,2,1,1,0,1.58182207709673,0.921289887020829,NaN,NaN,NaN,1
5751,M25131_20260321_cell#480,4,2,0,0,0,0.980528813317849,1.02455602999975,NaN,NaN,NaN,0.912720712096097
5752,M25131_20260321_cell#481,4,2,0,0,0,0.986505513719451,0.905206195035934,NaN,NaN,NaN,1
5753,M25131_20260321_cell#482,4,2,1,1,0,1.25027564595768,0.9785760490229,NaN,NaN,NaN,1
5754,M25131_20260321_cell#483,4,2,1,1,1,1.1382994012524,1.04320661750946,NaN,NaN,NaN,4.59632332194815e-14
5755,M25131_20260321_cell#484,4,2,1,1,0,1.32061987772957,0.978754084770188,NaN,NaN,NaN,1
5756,M25131_20260321_cell#485,4,2,1,1,0,1.29394937831298,0.896911264127729,NaN,NaN,NaN,1
5757,M25131_20260321_cell#486,4,2,1,1,0,1.09090827065383,0.988062904987019,NaN,NaN,NaN,1
5758,M25131_20260321_cell#487,4,2,1,1,0,1.57422775741789,0.924209343990175,NaN,NaN,NaN,1
5759,M25131_20260321_cell#488,4,2,0,0,0,1.03047576583545,0.874594384531418,NaN,NaN,NaN,1
5760,M25131_20260321_cell#489,4,2,1,1,0,1.18811111021545,0.936753408867163,NaN,NaN,NaN,1
5761,M25131_20260321_cell#490,4,2,1,1,0,1.27981434033605,0.985720746602546,NaN,NaN,NaN,1
5762,M25131_20260321_cell#491,4,2,1,1,0,1.75431498629721,0.957633316762645,NaN,NaN,NaN,1
5763,M25131_20260321_cell#492,4,2,1,1,0,1.03886429226763,1.00920123558651,NaN,NaN,NaN,0.00474493036099199
5764,M25131_20260321_cell#493,4,2,1,1,0,1.13075715121449,0.90493647306399,NaN,NaN,NaN,1
5765,M25131_20260321_cell#494,4,2,1,1,0,1.11302074049711,0.821645890658576,NaN,NaN,NaN,1
5766,M25131_20260321_cell#495,4,2,0,0,0,0.89882191677584,0.963979016741991,NaN,NaN,NaN,1
5767,M25131_20260321_cell#496,4,2,0,0,0,0.921759527707128,1.01769453375315,NaN,NaN,NaN,0.999955022381685
5768,M25131_20260321_cell#497,4,2,1,1,0,1.10554961296518,1.00860436272426,NaN,NaN,NaN,0.0107004466604486
5769,M25131_20260321_cell#498,4,2,1,1,0,1.22310749069515,0.990352955173813,NaN,NaN,NaN,1
5770,M25131_20260321_cell#499,4,2,0,0,0,1.01346303820769,0.942041783762657,NaN,NaN,NaN,1
5771,M25131_20260321_cell#500,4,2,1,1,0,1.31337607796825,0.918389692700147,NaN,NaN,NaN,1
5772,M25131_20260321_cell#501,4,2,1,1,0,1.3044849503268,0.928303931717429,NaN,NaN,NaN,1
5773,M25131_20260321_cell#502,4,2,1,1,0,1.07738403583013,1.00616917978082,NaN,NaN,NaN,8.33529578692094e-10
5775,M25131_20260321_cell#504,4,2,0,0,0,0.887215593131666,0.981792243553689,NaN,NaN,NaN,1
5776,M25131_20260321_cell#505,4,2,1,1,0,1.17623133025313,0.996005835670222,NaN,NaN,NaN,1
5777,M25131_20260321_cell#506,4,2,0,0,0,0.814339165179217,0.966370951521745,NaN,NaN,NaN,1
5778,M25131_20260321_cell#507,4,2,1,1,1,1.28643341161172,1.11884987967715,NaN,NaN,NaN,1.46683609703047e-09
5779,M25131_20260321_cell#508,4,2,0,0,1,0.986144917401296,1.06478972990415,NaN,NaN,NaN,0
5780,M25131_20260321_cell#509,4,2,1,1,1,1.10354001214228,1.04225078617749,NaN,NaN,NaN,0.0269783021588168
5781,M25131_20260321_cell#510,4,2,1,1,1,1.36126525022951,1.06295774214751,NaN,NaN,NaN,0
5782,M25131_20260321_cell#511,4,2,0,0,0,1.00582725112047,0.900210227737598,NaN,NaN,NaN,1
5783,M25131_20260321_cell#512,4,2,0,0,0,1.00393610835614,0.928264217414854,NaN,NaN,NaN,1
5784,M25131_20260321_cell#513,4,2,1,1,1,1.32101562470585,1.02344441177102,NaN,NaN,NaN,0
5785,M25131_20260321_cell#514,4,2,1,1,0,1.42486052750863,0.862296106655098,NaN,NaN,NaN,1
5786,M25131_20260321_cell#515,4,2,0,0,1,0.954893104446762,1.09801567885486,NaN,NaN,NaN,0
5787,M25131_20260321_cell#516,4,2,1,1,0,1.28313776478511,1.01217260989113,NaN,NaN,NaN,0.991861709176764
5788,M25131_20260321_cell#517,4,2,1,1,0,1.2268605229938,0.993631604853247,NaN,NaN,NaN,1
5789,M25131_20260321_cell#518,4,2,1,1,0,1.11781278865163,0.962501369854897,NaN,NaN,NaN,1
5790,M25131_20260321_cell#519,4,2,1,1,1,1.5658335759135,1.04774595233664,NaN,NaN,NaN,1.06627673357451e-09
5791,M25131_20260321_cell#520,4,2,1,1,0,1.06041206483878,0.994473714294658,NaN,NaN,NaN,1
5793,M25131_20260321_cell#522,4,2,0,1,0,-3.1211358607011,NaN,NaN,NaN,NaN,NaN
5794,M25131_20260321_cell#523,4,2,1,1,0,1.09937052096173,0.873985833500642,NaN,NaN,NaN,1
5795,M25131_20260321_cell#524,4,2,1,1,0,1.28104678284964,0.952694776056318,NaN,NaN,NaN,1
5796,M25131_20260321_cell#525,4,2,1,1,0,1.42100761581959,0.945563500840384,NaN,NaN,NaN,1
5797,M25131_20260321_cell#526,4,2,1,1,0,1.07888756548319,0.968108528757438,NaN,NaN,NaN,1
5798,M25131_20260321_cell#527,4,2,1,1,0,1.56334297998492,0.956783094671945,NaN,NaN,NaN,1
5799,M25131_20260321_cell#528,4,2,0,0,1,0.973070312772726,1.03622724908493,NaN,NaN,NaN,0
5800,M25131_20260321_cell#529,4,2,1,1,0,1.09898587568559,0.962827859300393,NaN,NaN,NaN,1
5801,M25131_20260321_cell#530,4,2,0,0,0,0.996541385067216,0.97125266190197,NaN,NaN,NaN,1
5802,M25131_20260321_cell#531,4,2,1,1,0,1.05416834252577,0.998157241047464,NaN,NaN,NaN,1
5803,M25131_20260321_cell#532,4,2,0,0,1,0.974491092746183,1.02359895659151,NaN,NaN,NaN,1.03472785895065e-13
5804,M25131_20260321_cell#533,4,2,0,0,0,0.841739490920534,0.967353350644866,NaN,NaN,NaN,1
5805,M25131_20260321_cell#534,4,2,1,1,1,1.26954254316338,1.03468857262436,NaN,NaN,NaN,0
5806,M25131_20260321_cell#535,4,2,0,0,0,0.949847742198972,0.959448517519722,NaN,NaN,NaN,1
5808,M25131_20260321_cell#537,4,2,1,1,0,1.38429459553637,0.983447453581212,NaN,NaN,NaN,1
5809,M25131_20260321_cell#538,4,2,1,1,0,1.30474949508813,0.946397745254776,NaN,NaN,NaN,1
5810,M25131_20260321_cell#539,4,2,1,1,1,1.90402458596517,1.06970907749147,NaN,NaN,NaN,0
5811,M25131_20260321_cell#540,4,2,1,1,0,1.04523330441201,0.877851885468137,NaN,NaN,NaN,1
5812,M25131_20260321_cell#541,4,2,0,0,0,0.981018670374394,0.992677910522583,NaN,NaN,NaN,1
5813,M25131_20260321_cell#542,4,2,1,1,1,1.25891647523357,1.09252209583814,NaN,NaN,NaN,0
5814,M25131_20260321_cell#543,4,2,1,1,0,1.07856313106088,0.998099953361459,NaN,NaN,NaN,1
5815,M25131_20260321_cell#544,4,2,1,1,0,1.07546505032702,0.93643454850928,NaN,NaN,NaN,1
5816,M25131_20260321_cell#545,4,2,0,0,0,0.98623637413681,0.978493465708455,NaN,NaN,NaN,1
5817,M25131_20260321_cell#546,4,2,1,1,0,1.17824669627882,0.973280647148761,NaN,NaN,NaN,1
5818,M25131_20260321_cell#547,4,2,1,1,0,1.19429552293311,1.00382635343554,NaN,NaN,NaN,0.947790596981058
5819,M25131_20260321_cell#548,4,2,0,0,1,1.031482815086,1.07202274630393,NaN,NaN,NaN,0
5820,M25131_20260321_cell#549,4,2,0,0,0,0.953805477443491,1.00675753295023,NaN,NaN,NaN,0.0115587682984369
5821,M25131_20260321_cell#550,4,2,1,1,0,1.11344582217573,0.946745344059855,NaN,NaN,NaN,1
5822,M25131_20260321_cell#551,4,2,1,1,0,1.0945932569953,0.980950198582615,NaN,NaN,NaN,1
5823,M25131_20260321_cell#552,4,2,1,1,0,1.07599738069401,0.951868465917551,NaN,NaN,NaN,1
5824,M25131_20260321_cell#553,4,2,1,1,0,1.60666795131527,0.915480083608945,NaN,NaN,NaN,1
5825,M25131_20260321_cell#554,4,2,1,1,0,1.3280410385851,0.992450844820095,NaN,NaN,NaN,1
5826,M25131_20260321_cell#555,4,2,1,1,0,1.10938138863047,0.967043203121328,NaN,NaN,NaN,1
5827,M25131_20260321_cell#556,4,2,1,1,1,1.87249201095704,1.04156548477596,NaN,NaN,NaN,6.08529830758986e-06
5828,M25131_20260321_cell#557,4,2,1,1,0,1.21497333575385,0.839914490164702,NaN,NaN,NaN,1
5829,M25131_20260321_cell#558,4,2,1,1,0,1.05209266247484,0.992096035041104,NaN,NaN,NaN,1
5830,M25131_20260321_cell#559,4,2,1,1,0,1.14072106759783,1.00766234299054,NaN,NaN,NaN,0.928387142706732
5831,M25131_20260321_cell#560,4,2,1,1,0,1.0922944490841,0.944478019079666,NaN,NaN,NaN,1
5832,M25131_20260321_cell#561,4,2,1,1,0,1.13403642129915,0.996267293183666,NaN,NaN,NaN,1
5833,M25131_20260321_cell#562,4,2,1,1,1,1.7448413003437,1.09637283640986,NaN,NaN,NaN,0
5834,M25131_20260321_cell#563,4,2,1,1,0,1.04415613948056,0.937216599823557,NaN,NaN,NaN,1
5835,M25131_20260321_cell#564,4,2,1,1,0,1.22134190325534,0.956510530877828,NaN,NaN,NaN,1
5836,M25131_20260321_cell#565,4,2,1,1,0,1.1044755911913,0.929838622572878,NaN,NaN,NaN,1
5837,M25131_20260321_cell#566,4,2,1,1,0,1.14960396271434,0.957483113583208,NaN,NaN,NaN,1
5838,M25131_20260321_cell#567,4,2,1,1,0,1.24638757842456,0.981162317280479,NaN,NaN,NaN,1
5839,M25131_20260321_cell#568,4,2,1,1,0,1.07154835144491,0.96880026286156,NaN,NaN,NaN,1
5840,M25131_20260321_cell#569,4,2,0,0,0,1.00094440888217,0.977677192274484,NaN,NaN,NaN,1
5841,M25131_20260321_cell#570,4,2,1,1,0,1.27449796571957,1.00948787923495,NaN,NaN,NaN,0.220444214327392
5842,M25131_20260321_cell#571,4,2,0,0,0,0.977445045329396,1.0102863152905,NaN,NaN,NaN,0.321843001970791
5843,M25131_20260321_cell#572,4,2,1,1,0,1.07923326005758,1.00973101367533,NaN,NaN,NaN,0
5844,M25131_20260321_cell#573,4,2,1,1,0,1.07660260405464,1.00637554515776,NaN,NaN,NaN,0.000793911864924057
5845,M25131_20260321_cell#574,4,2,0,1,0,1.00591250966249,NaN,NaN,NaN,NaN,NaN
5846,M25131_20260321_cell#575,4,2,1,1,0,1.09064583314673,1.00001692490747,NaN,NaN,NaN,1
5847,M25131_20260321_cell#576,4,2,1,1,1,1.97528356620623,1.04557542009037,NaN,NaN,NaN,8.73690009228767e-12
5848,M25131_20260321_cell#577,4,2,1,1,0,1.90703000770927,0.923172606998804,NaN,NaN,NaN,1
5849,M25131_20260321_cell#578,4,2,0,0,0,0.697772182483904,0.989919240620251,NaN,NaN,NaN,1
5850,M25131_20260321_cell#579,4,2,1,1,0,1.0427783287751,0.973050464577959,NaN,NaN,NaN,1
5851,M25131_20260321_cell#580,4,2,1,1,0,1.10031344966407,0.985395265167705,NaN,NaN,NaN,1
5852,M25131_20260321_cell#581,4,2,1,1,1,1.38166684009946,1.05495402586065,NaN,NaN,NaN,0
5853,M25131_20260321_cell#582,4,2,1,1,0,1.11694570746094,0.994432490326277,NaN,NaN,NaN,1
5854,M25131_20260321_cell#583,4,2,1,1,0,1.27624827414805,0.914924061311015,NaN,NaN,NaN,1
5855,M25131_20260321_cell#584,4,2,1,1,0,1.18962683111526,0.974868652252715,NaN,NaN,NaN,1
5856,M25131_20260321_cell#585,4,2,1,1,0,1.06312949909919,0.895057957555298,NaN,NaN,NaN,1
5857,M25131_20260321_cell#586,4,2,1,1,0,1.55758404676591,0.951160641190784,NaN,NaN,NaN,1
5858,M25131_20260321_cell#587,4,2,1,1,0,1.18403496447559,0.974841469351613,NaN,NaN,NaN,1
5860,M25131_20260321_cell#589,4,2,1,1,0,1.33744179517336,0.8966030133033,NaN,NaN,NaN,1
5861,M25131_20260321_cell#590,4,2,1,1,0,1.53487731157509,0.952252234136576,NaN,NaN,NaN,1
5862,M25131_20260321_cell#591,4,2,1,1,0,1.05416216772729,0.977358277668668,NaN,NaN,NaN,1
5863,M25131_20260321_cell#592,4,2,0,0,0,0.950978338681384,0.903803277812808,NaN,NaN,NaN,1
5864,M25131_20260321_cell#593,4,2,1,1,0,1.09511716908416,0.990211762348166,NaN,NaN,NaN,1
5866,M25131_20260322_cell#1,4,3,0,0,0,0.99529422274071,0.981716280284808,NaN,NaN,NaN,1
5867,M25131_20260322_cell#2,4,3,0,0,0,1.01009780280595,0.996395626931854,NaN,NaN,NaN,1
5868,M25131_20260322_cell#3,4,3,1,1,0,1.58818185168944,0.942421767300067,NaN,NaN,NaN,1
5869,M25131_20260322_cell#4,4,3,1,1,0,1.24972159339323,1.01166191810832,NaN,NaN,NaN,0.666783853267436
5870,M25131_20260322_cell#5,4,3,0,0,0,1.02139928044207,0.751542369456431,NaN,NaN,NaN,1
5871,M25131_20260322_cell#6,4,3,1,1,0,1.40377312680086,0.981388995627933,NaN,NaN,NaN,1
5872,M25131_20260322_cell#7,4,3,1,1,0,1.27686983604766,0.763329627947698,NaN,NaN,NaN,1
5873,M25131_20260322_cell#8,4,3,1,1,0,1.13132849067633,0.942748910698116,NaN,NaN,NaN,1
5875,M25131_20260322_cell#10,4,3,0,0,0,0.843792555784868,0.988720966734463,NaN,NaN,NaN,1
5876,M25131_20260322_cell#11,4,3,0,0,0,1.01342168243037,1.00327274772988,NaN,NaN,NaN,0.997947640214835
5878,M25131_20260322_cell#13,4,3,1,1,0,1.41466426251636,1.00041909234967,NaN,NaN,NaN,1
5879,M25131_20260322_cell#14,4,3,0,0,0,0.991474763989454,1.01158943022757,NaN,NaN,NaN,0.127235381203051
5880,M25131_20260322_cell#15,4,3,1,1,0,1.05189200251213,0.969083999878599,NaN,NaN,NaN,1
5881,M25131_20260322_cell#16,4,3,1,1,0,1.13582622995378,1.012262801063,NaN,NaN,NaN,0.978026500973616
5882,M25131_20260322_cell#17,4,3,1,1,0,1.36781646832948,0.96326427655638,NaN,NaN,NaN,1
5883,M25131_20260322_cell#18,4,3,0,0,0,0.993985266546496,0.954683090827823,NaN,NaN,NaN,1
5885,M25131_20260322_cell#20,4,3,1,1,0,1.12428440622111,0.893241126006037,NaN,NaN,NaN,1
5886,M25131_20260322_cell#21,4,3,0,0,0,0.902819559016223,0.907152847938037,NaN,NaN,NaN,1
5887,M25131_20260322_cell#22,4,3,1,1,0,1.08948753153346,0.976042592027628,NaN,NaN,NaN,1
5888,M25131_20260322_cell#23,4,3,1,1,0,1.03490824696601,0.953789915014202,NaN,NaN,NaN,1
5889,M25131_20260322_cell#24,4,3,1,1,0,1.11331805663112,0.94345773219582,NaN,NaN,NaN,1
5890,M25131_20260322_cell#25,4,3,0,0,0,0.992329250379392,0.908805894659909,NaN,NaN,NaN,1
5891,M25131_20260322_cell#26,4,3,1,1,0,1.1041815734407,0.940624949119971,NaN,NaN,NaN,1
5892,M25131_20260322_cell#27,4,3,0,0,0,0.972484266873592,0.953867430478116,NaN,NaN,NaN,1
5893,M25131_20260322_cell#28,4,3,1,1,0,1.01909489134891,0.997806248799925,NaN,NaN,NaN,1
5894,M25131_20260322_cell#29,4,3,0,0,0,0.99166157172433,0.955187427180918,NaN,NaN,NaN,1
5896,M25131_20260322_cell#31,4,3,1,1,1,1.07159405905395,1.05157782930789,NaN,NaN,NaN,0
5897,M25131_20260322_cell#32,4,3,0,0,0,1.00997860592079,0.938480161854631,NaN,NaN,NaN,1
5898,M25131_20260322_cell#33,4,3,1,1,0,1.48273642161314,0.97234721714018,NaN,NaN,NaN,1
5899,M25131_20260322_cell#34,4,3,0,0,0,0.991756694610178,0.94542904094429,NaN,NaN,NaN,1
5900,M25131_20260322_cell#35,4,3,1,1,0,1.09160740824984,0.993495469251445,NaN,NaN,NaN,1
5901,M25131_20260322_cell#36,4,3,1,1,0,1.06973959227728,0.989221465715929,NaN,NaN,NaN,1
5903,M25131_20260322_cell#38,4,3,1,1,0,1.16780887045554,0.966110636360235,NaN,NaN,NaN,1
5904,M25131_20260322_cell#39,4,3,1,1,0,1.06804839885579,1.00337229312331,NaN,NaN,NaN,0.997531012703581
5905,M25131_20260322_cell#40,4,3,1,1,0,1.18702533717154,0.955847290177935,NaN,NaN,NaN,1
5906,M25131_20260322_cell#41,4,3,1,1,0,1.55553530921805,0.92916505914688,NaN,NaN,NaN,1
5907,M25131_20260322_cell#42,4,3,1,1,0,1.16912085549308,0.944295715983072,NaN,NaN,NaN,1
5908,M25131_20260322_cell#43,4,3,1,1,0,1.61991281274526,0.964725957471847,NaN,NaN,NaN,1
5909,M25131_20260322_cell#44,4,3,1,1,0,1.16518337806138,0.977796154475037,NaN,NaN,NaN,1
5910,M25131_20260322_cell#45,4,3,0,0,0,1.01237862282837,0.961568463726841,NaN,NaN,NaN,1
5911,M25131_20260322_cell#46,4,3,0,0,0,0.979030347551949,0.938873163634327,NaN,NaN,NaN,1
5912,M25131_20260322_cell#47,4,3,1,1,1,1.06081749505957,1.04763223330412,NaN,NaN,NaN,0
5913,M25131_20260322_cell#48,4,3,1,1,0,1.15371952045645,0.929788833817811,NaN,NaN,NaN,1
5914,M25131_20260322_cell#49,4,3,0,0,0,0.94081523181679,1.01073769763655,NaN,NaN,NaN,0.11592601805704
5915,M25131_20260322_cell#50,4,3,0,0,0,0.900727023317635,0.876845909306932,NaN,NaN,NaN,1
5916,M25131_20260322_cell#51,4,3,1,1,0,1.03198537208145,0.974366816524161,NaN,NaN,NaN,1
5917,M25131_20260322_cell#52,4,3,0,0,0,1.01309163443062,0.944326611360171,NaN,NaN,NaN,1
5918,M25131_20260322_cell#53,4,3,1,1,0,1.19076051591862,0.98647900300444,NaN,NaN,NaN,1
5920,M25131_20260322_cell#55,4,3,1,1,0,1.07033467533684,0.985608228557603,NaN,NaN,NaN,1
5921,M25131_20260322_cell#56,4,3,0,0,0,1.09689681608252,0.885247080492536,NaN,NaN,NaN,1
5922,M25131_20260322_cell#57,4,3,1,1,1,1.09738703377397,1.0526355824377,NaN,NaN,NaN,0
5924,M25131_20260322_cell#59,4,3,0,0,0,0.974916801064118,0.987755185571698,NaN,NaN,NaN,1
5925,M25131_20260322_cell#60,4,3,1,1,0,1.11644025734754,0.989562582555064,NaN,NaN,NaN,1
5926,M25131_20260322_cell#61,4,3,0,0,0,0.833128926877794,0.914540430342194,NaN,NaN,NaN,1
5927,M25131_20260322_cell#62,4,3,0,0,0,0.968260589461202,0.959599932145518,NaN,NaN,NaN,1
5929,M25131_20260322_cell#64,4,3,1,1,0,1.18021752499562,0.991876534014295,NaN,NaN,NaN,1
5930,M25131_20260322_cell#65,4,3,1,1,0,1.35170595565798,0.914782218105678,NaN,NaN,NaN,1
5931,M25131_20260322_cell#66,4,3,0,0,0,0.843235744010751,0.988537673254149,NaN,NaN,NaN,1
5932,M25131_20260322_cell#67,4,3,1,1,0,1.04969013699519,0.898213001703354,NaN,NaN,NaN,1
5933,M25131_20260322_cell#68,4,3,0,0,0,0.934446847749742,1.00844060497283,NaN,NaN,NaN,0.99339431346884
5934,M25131_20260322_cell#69,4,3,0,0,0,0.895408578991575,0.811032718507759,NaN,NaN,NaN,1
5938,M25131_20260322_cell#73,4,3,0,0,0,0.965600976689289,0.998071384663241,NaN,NaN,NaN,1
5941,M25131_20260322_cell#76,4,3,1,1,1,1.24101915577335,1.03450922622529,NaN,NaN,NaN,6.61197095963573e-08
5942,M25131_20260322_cell#77,4,3,0,0,0,1.0098837925443,0.988195714589447,NaN,NaN,NaN,1
5943,M25131_20260322_cell#78,4,3,1,1,0,1.17245155875981,0.901251581243991,NaN,NaN,NaN,1
5946,M25131_20260322_cell#81,4,3,1,1,0,1.12208463270464,0.925646470658773,NaN,NaN,NaN,1
5947,M25131_20260322_cell#82,4,3,0,0,0,0.977080691575433,0.943715657848413,NaN,NaN,NaN,1
5948,M25131_20260322_cell#83,4,3,1,1,0,1.12666909686107,0.928894458632128,NaN,NaN,NaN,1
5950,M25131_20260322_cell#85,4,3,0,0,0,0.925071565880512,0.941009543560033,NaN,NaN,NaN,1
5951,M25131_20260322_cell#86,4,3,1,1,0,1.37187404868331,0.79550434132668,NaN,NaN,NaN,1
5952,M25131_20260322_cell#87,4,3,1,1,0,1.18879561332019,0.986216221470201,NaN,NaN,NaN,1
5953,M25131_20260322_cell#88,4,3,1,1,0,1.42325806683287,1.03591481891821,NaN,NaN,NaN,0.11549314224964
5954,M25131_20260322_cell#89,4,3,0,0,0,0.983646613186624,0.963665829445372,NaN,NaN,NaN,1
5955,M25131_20260322_cell#90,4,3,0,0,0,1.27886110838673,0.671686817396764,NaN,NaN,NaN,1
5956,M25131_20260322_cell#91,4,3,0,0,0,0.930842224499968,0.945922261840484,NaN,NaN,NaN,1
5957,M25131_20260322_cell#92,4,3,0,0,0,0.95675055675602,0.9573693837204,NaN,NaN,NaN,1
5958,M25131_20260322_cell#93,4,3,0,0,0,0.999852110435765,0.996669764319887,NaN,NaN,NaN,1
5959,M25131_20260322_cell#94,4,3,1,1,0,1.10098928799423,0.985673761898298,NaN,NaN,NaN,1
5960,M25131_20260322_cell#95,4,3,1,1,0,1.09111079387766,0.999233510651295,NaN,NaN,NaN,1
5961,M25131_20260322_cell#96,4,3,1,1,0,1.23993471584511,0.935681492747315,NaN,NaN,NaN,1
5962,M25131_20260322_cell#97,4,3,1,1,0,1.10139543336054,0.986745018326712,NaN,NaN,NaN,1
5963,M25131_20260322_cell#98,4,3,1,1,0,1.15550475504953,0.994756410060804,NaN,NaN,NaN,1
5964,M25131_20260322_cell#99,4,3,1,1,0,1.20384710108519,0.957740832571624,NaN,NaN,NaN,1
5965,M25131_20260322_cell#100,4,3,1,1,0,1.14222798186438,0.949817484660645,NaN,NaN,NaN,1
5966,M25131_20260322_cell#101,4,3,0,0,0,0.998677956849785,0.869704548091466,NaN,NaN,NaN,1
5967,M25131_20260322_cell#102,4,3,0,0,0,0.974681682988418,0.940741357367021,NaN,NaN,NaN,1
5968,M25131_20260322_cell#103,4,3,1,1,0,1.37851900550824,0.703123387091414,NaN,NaN,NaN,1
5969,M25131_20260322_cell#104,4,3,1,1,0,6.78928270919317,1.03376259365233,NaN,NaN,NaN,0.230885150749709
5970,M25131_20260322_cell#105,4,3,0,0,0,1.00177046947652,0.732906663428778,NaN,NaN,NaN,1
5971,M25131_20260322_cell#106,4,3,1,1,0,1.11917447149211,0.913574637445778,NaN,NaN,NaN,1
5973,M25131_20260322_cell#108,4,3,0,0,0,1.13031040490697,0.887558091033429,NaN,NaN,NaN,1
5974,M25131_20260322_cell#109,4,3,0,0,0,1.0019951968841,0.940088232316175,NaN,NaN,NaN,1
5975,M25131_20260322_cell#110,4,3,0,0,0,0.965858760854953,0.977560906216117,NaN,NaN,NaN,1
5976,M25131_20260322_cell#111,4,3,1,1,0,1.06822884822508,0.936967976064081,NaN,NaN,NaN,1
5978,M25131_20260322_cell#113,4,3,0,0,0,1.00756106286693,0.892721803482695,NaN,NaN,NaN,1
5980,M25131_20260322_cell#115,4,3,1,1,1,1.13996475670051,1.02362606424075,NaN,NaN,NaN,1.22124532708767e-15
5981,M25131_20260322_cell#116,4,3,0,0,0,0.981025044926898,0.930247999297105,NaN,NaN,NaN,1
5982,M25131_20260322_cell#117,4,3,1,1,0,1.04744382024152,0.996731963522298,NaN,NaN,NaN,1
5983,M25131_20260322_cell#118,4,3,1,1,0,1.04863981953012,0.996643772446671,NaN,NaN,NaN,1
5984,M25131_20260322_cell#119,4,3,1,1,0,1.27844125170021,0.900183478147494,NaN,NaN,NaN,1
5985,M25131_20260322_cell#120,4,3,1,1,0,1.38472121705769,0.967456437711807,NaN,NaN,NaN,1
5986,M25131_20260322_cell#121,4,3,1,1,1,1.61024787345166,1.06108395789002,NaN,NaN,NaN,0
5987,M25131_20260322_cell#122,4,3,0,0,0,1.01547636981715,0.731593285940948,NaN,NaN,NaN,1
5988,M25131_20260322_cell#123,4,3,0,0,0,0.538311788190274,0.869949666234288,NaN,NaN,NaN,1
5989,M25131_20260322_cell#124,4,3,1,1,0,1.0752904505928,0.937810380223271,NaN,NaN,NaN,1
5990,M25131_20260322_cell#125,4,3,1,1,0,1.30719553453046,0.857118499077751,NaN,NaN,NaN,1
5991,M25131_20260322_cell#126,4,3,1,1,0,1.17885556168429,0.925916019499779,NaN,NaN,NaN,1
5992,M25131_20260322_cell#127,4,3,1,1,0,1.19688219184602,1.00350717406395,NaN,NaN,NaN,0.999999954486793
5993,M25131_20260322_cell#128,4,3,1,1,1,1.58590828382474,1.03161400723917,NaN,NaN,NaN,6.28039398264946e-10
5994,M25131_20260322_cell#129,4,3,0,0,0,0.992349331746724,0.864099903295323,NaN,NaN,NaN,1
5995,M25131_20260322_cell#130,4,3,1,1,0,1.15811778334129,0.970661295002797,NaN,NaN,NaN,1
5996,M25131_20260322_cell#131,4,3,1,1,0,1.04350247507319,0.943651789577334,NaN,NaN,NaN,1
5997,M25131_20260322_cell#132,4,3,0,0,0,1.01373407127733,0.969325745636884,NaN,NaN,NaN,1
5998,M25131_20260322_cell#133,4,3,1,1,0,1.18046847969663,0.920047314357997,NaN,NaN,NaN,1
6000,M25131_20260322_cell#135,4,3,1,1,0,1.44228057271583,0.950041771064474,NaN,NaN,NaN,1
6001,M25131_20260322_cell#136,4,3,1,1,0,1.11409814205816,0.969276238548776,NaN,NaN,NaN,1
6002,M25131_20260322_cell#137,4,3,1,1,0,1.05894227228836,0.984000861841737,NaN,NaN,NaN,1
6003,M25131_20260322_cell#138,4,3,0,0,0,0.945871124501904,0.987125836573492,NaN,NaN,NaN,1
6005,M25131_20260322_cell#140,4,3,0,0,0,0.942153818630286,0.948769146488725,NaN,NaN,NaN,1
6006,M25131_20260322_cell#141,4,3,0,0,0,0.961583823336417,0.971901072249848,NaN,NaN,NaN,1
6009,M25131_20260322_cell#144,4,3,1,1,0,1.24453488690309,0.975629051782103,NaN,NaN,NaN,1
6010,M25131_20260322_cell#145,4,3,1,1,0,1.12063602284194,0.96696229820923,NaN,NaN,NaN,1
6011,M25131_20260322_cell#146,4,3,1,1,0,1.29174345221172,0.978558087614196,NaN,NaN,NaN,1
6012,M25131_20260322_cell#147,4,3,1,1,0,1.25336930269927,1.00999264529449,NaN,NaN,NaN,0.982991302990492
6013,M25131_20260322_cell#148,4,3,1,1,0,1.18094252154632,0.929635240649189,NaN,NaN,NaN,1
6015,M25131_20260322_cell#150,4,3,1,1,0,1.2495393336004,0.874549691580303,NaN,NaN,NaN,1
6018,M25131_20260322_cell#153,4,3,0,0,0,0.932512751489799,0.886314460022877,NaN,NaN,NaN,1
6019,M25131_20260322_cell#154,4,3,0,0,0,0.967884406861547,0.939358814282956,NaN,NaN,NaN,1
6020,M25131_20260322_cell#155,4,3,1,1,1,1.57454507376636,1.03883187865494,NaN,NaN,NaN,0
6021,M25131_20260322_cell#156,4,3,1,1,0,1.14164856846023,0.955206267281904,NaN,NaN,NaN,1
6022,M25131_20260322_cell#157,4,3,0,0,0,0.900107176323982,0.964979507472933,NaN,NaN,NaN,1
6023,M25131_20260322_cell#158,4,3,1,1,0,1.53168257459111,0.884346079547279,NaN,NaN,NaN,1
6025,M25131_20260322_cell#160,4,3,1,1,0,1.1785901964745,0.974339435372915,NaN,NaN,NaN,1
6027,M25131_20260322_cell#162,4,3,1,1,1,1.07238811840273,1.04948106535518,NaN,NaN,NaN,0
6028,M25131_20260322_cell#163,4,3,1,1,1,1.03411060422733,1.02900374270706,NaN,NaN,NaN,0
6029,M25131_20260322_cell#164,4,3,1,1,0,1.1392629050677,1.01477957787698,NaN,NaN,NaN,0
6031,M25131_20260322_cell#166,4,3,1,1,0,1.61056793548057,0.91435117269092,NaN,NaN,NaN,1
6032,M25131_20260322_cell#167,4,3,1,1,0,1.66431642598546,0.992732182011007,NaN,NaN,NaN,1
6033,M25131_20260322_cell#168,4,3,0,0,0,1.02054179392501,0.867586778808464,NaN,NaN,NaN,1
6034,M25131_20260322_cell#169,4,3,0,0,0,0.783890356147579,0.949815599556798,NaN,NaN,NaN,1
6035,M25131_20260322_cell#170,4,3,1,1,0,1.08158835694966,0.984313444965465,NaN,NaN,NaN,1
6037,M25131_20260322_cell#172,4,3,1,1,0,1.07239540848606,0.984232082291784,NaN,NaN,NaN,1
6039,M25131_20260322_cell#174,4,3,0,0,0,0.981004822362768,1,NaN,NaN,NaN,1
6041,M25131_20260322_cell#176,4,3,1,1,1,1.14266698539601,1.07165026477361,NaN,NaN,NaN,0
6042,M25131_20260322_cell#177,4,3,1,1,0,1.32096411300591,0.942434083928093,NaN,NaN,NaN,1
6044,M25131_20260322_cell#179,4,3,0,0,0,0.978096463761296,0.965109579284394,NaN,NaN,NaN,1
6045,M25131_20260322_cell#180,4,3,0,0,0,0.995156665691066,0.960069087028669,NaN,NaN,NaN,1
6046,M25131_20260322_cell#181,4,3,0,0,0,0.945479261885801,0.985772579635306,NaN,NaN,NaN,1
6047,M25131_20260322_cell#182,4,3,1,1,0,1.2112957652646,0.998952100084254,NaN,NaN,NaN,1
6049,M25131_20260322_cell#184,4,3,0,0,0,0.993137178913315,0.996366271718463,NaN,NaN,NaN,1
6050,M25131_20260322_cell#185,4,3,0,0,0,0.949771680654342,1.0216883392804,NaN,NaN,NaN,0.104032167266815
6051,M25131_20260322_cell#186,4,3,1,1,0,1.03979257246587,0.977928855669802,NaN,NaN,NaN,1
6054,M25131_20260322_cell#189,4,3,1,1,0,1.27411295989813,0.918837110989846,NaN,NaN,NaN,1
6055,M25131_20260322_cell#190,4,3,1,1,0,1.04537870001044,0.97307459733008,NaN,NaN,NaN,1
6056,M25131_20260322_cell#191,4,3,0,0,0,0.97027397771142,0.984083522319493,NaN,NaN,NaN,1
6057,M25131_20260322_cell#192,4,3,1,1,0,1.10670842548353,0.998798811250966,NaN,NaN,NaN,1
6058,M25131_20260322_cell#193,4,3,0,0,0,0.967308676971191,0.990554648665378,NaN,NaN,NaN,1
6060,M25131_20260322_cell#195,4,3,0,0,0,0.988554158592623,0.980441325251438,NaN,NaN,NaN,1
6061,M25131_20260322_cell#196,4,3,0,0,0,1.0030795651565,0.983119016230788,NaN,NaN,NaN,1
6062,M25131_20260322_cell#197,4,3,1,1,0,1.07882412320107,0.987118025547908,NaN,NaN,NaN,1
6063,M25131_20260322_cell#198,4,3,1,1,1,1.0491017518023,1.02706526286911,NaN,NaN,NaN,0
6064,M25131_20260322_cell#199,4,3,0,0,0,0.958120412327511,0.953566136835602,NaN,NaN,NaN,1
6065,M25131_20260322_cell#200,4,3,0,0,0,0.938547211775423,0.948619440901157,NaN,NaN,NaN,1
6066,M25131_20260322_cell#201,4,3,1,1,0,1.410853597094,0.941039185593906,NaN,NaN,NaN,1
6067,M25131_20260322_cell#202,4,3,1,1,0,1.31067628604797,0.849341644754223,NaN,NaN,NaN,1
6070,M25131_20260322_cell#205,4,3,1,1,0,1.40955969800585,0.792543279939367,NaN,NaN,NaN,1
6071,M25131_20260322_cell#206,4,3,1,1,1,1.03585968835136,1.01519845764395,NaN,NaN,NaN,0
6072,M25131_20260322_cell#207,4,3,1,1,0,1.57219423797777,0.998281903120776,NaN,NaN,NaN,1
6073,M25131_20260322_cell#208,4,3,0,0,0,0.968623135565631,0.998021176343739,NaN,NaN,NaN,1
6074,M25131_20260322_cell#209,4,3,1,1,1,1.13969224072792,1.02064386199762,NaN,NaN,NaN,0
6075,M25131_20260322_cell#210,4,3,0,0,0,0.97256252340488,0.938235445507703,NaN,NaN,NaN,1
6076,M25131_20260322_cell#211,4,3,1,1,0,1.36245477318097,0.974169423053565,NaN,NaN,NaN,1
6077,M25131_20260322_cell#212,4,3,0,0,0,1.00871639479184,0.993913490742109,NaN,NaN,NaN,1
6080,M25131_20260322_cell#215,4,3,1,1,0,1.29596459204229,0.897536420691379,NaN,NaN,NaN,1
6083,M25131_20260322_cell#218,4,3,1,1,0,1.20780306236727,0.936547840850413,NaN,NaN,NaN,1
6086,M25131_20260322_cell#221,4,3,1,1,0,1.47631540891584,0.912755501015214,NaN,NaN,NaN,1
6087,M25131_20260322_cell#222,4,3,1,1,0,1.05108535429257,0.955595798107845,NaN,NaN,NaN,1
6091,M25131_20260322_cell#226,4,3,0,0,0,0.939832441595658,0.978848557363187,NaN,NaN,NaN,1
6092,M25131_20260322_cell#227,4,3,1,1,0,1.05644561862115,0.994219734034919,NaN,NaN,NaN,1
6093,M25131_20260322_cell#228,4,3,0,0,0,0.863694144045804,0.750394430501431,NaN,NaN,NaN,1
6094,M25131_20260322_cell#229,4,3,1,1,0,1.28531794896242,0.80005942396389,NaN,NaN,NaN,1
6095,M25131_20260322_cell#230,4,3,0,0,0,0.991635956124449,0.990281946635107,NaN,NaN,NaN,1
6097,M25131_20260322_cell#232,4,3,1,1,0,1.32150221941835,0.93079143585088,NaN,NaN,NaN,1
6098,M25131_20260322_cell#233,4,3,0,0,0,0.940686935947985,0.835660886391607,NaN,NaN,NaN,1
6099,M25131_20260322_cell#234,4,3,0,0,0,0.911626420797222,0.969883256508574,NaN,NaN,NaN,1
6100,M25131_20260322_cell#235,4,3,1,1,0,1.85902834669577,0.896209316297006,NaN,NaN,NaN,1
6101,M25131_20260322_cell#236,4,3,1,1,1,1.06899546827421,1.05475602355397,NaN,NaN,NaN,0
6102,M25131_20260322_cell#237,4,3,1,1,0,1.05740926208606,0.971375106722784,NaN,NaN,NaN,1
6103,M25131_20260322_cell#238,4,3,0,0,0,0.8399716475092,0.786241788668847,NaN,NaN,NaN,1
6104,M25131_20260322_cell#239,4,3,1,1,0,1.46570030098915,0.970006218233699,NaN,NaN,NaN,1
6105,M25131_20260322_cell#240,4,3,0,0,0,0.97599931209878,0.991071498073953,NaN,NaN,NaN,1
6109,M25131_20260322_cell#244,4,3,0,0,0,1.00611543672221,0.843950930377511,NaN,NaN,NaN,1
6110,M25131_20260322_cell#245,4,3,1,1,0,1.17126634780499,0.797251219404555,NaN,NaN,NaN,1
6111,M25131_20260322_cell#246,4,3,1,1,1,1.57247209656581,1.06659029774169,NaN,NaN,NaN,0.000866889795338333
6112,M25131_20260322_cell#247,4,3,0,0,0,0.990196840127526,0.852600341309442,NaN,NaN,NaN,1
6113,M25131_20260322_cell#248,4,3,0,0,0,0.989277297301227,0.975556736169981,NaN,NaN,NaN,1
6114,M25131_20260322_cell#249,4,3,0,0,0,0.994010337383353,0.981648590140779,NaN,NaN,NaN,1
6116,M25131_20260322_cell#251,4,3,1,1,0,1.07163639956424,1.00833541489077,NaN,NaN,NaN,0.999204257773465
6118,M25131_20260322_cell#253,4,3,1,1,0,1.19609615258833,0.989287912128806,NaN,NaN,NaN,1
6121,M25131_20260322_cell#256,4,3,1,1,0,1.10394699385429,0.967930478686377,NaN,NaN,NaN,1
6122,M25131_20260322_cell#257,4,3,1,1,0,1.24460373943619,0.908656238844645,NaN,NaN,NaN,1
6123,M25131_20260322_cell#258,4,3,1,1,0,1.22328268681858,0.966699318091385,NaN,NaN,NaN,1
6124,M25131_20260322_cell#259,4,3,0,0,0,0.897150195964096,0.957816541007847,NaN,NaN,NaN,1
6125,M25131_20260322_cell#260,4,3,0,0,0,1.1681325048775,0.827532276339028,NaN,NaN,NaN,1
6126,M25131_20260322_cell#261,4,3,1,1,0,1.1236949559225,0.861270551022616,NaN,NaN,NaN,1
6128,M25131_20260322_cell#263,4,3,1,1,1,1.17227389462766,1.02683444794557,NaN,NaN,NaN,1.11022302462516e-16
6129,M25131_20260322_cell#264,4,3,1,1,0,1.01648554903202,0.885424246838675,NaN,NaN,NaN,1
6130,M25131_20260322_cell#265,4,3,0,0,0,0.986442372529876,0.938832812034054,NaN,NaN,NaN,1
6131,M25131_20260322_cell#266,4,3,0,0,0,0.969681966432563,0.748113078824234,NaN,NaN,NaN,1
6133,M25131_20260322_cell#268,4,3,0,0,0,1.00175336031586,1.00134749497441,NaN,NaN,NaN,0.999999891263782
6134,M25131_20260322_cell#269,4,3,1,1,0,1.05212208043883,0.846208185954059,NaN,NaN,NaN,1
6135,M25131_20260322_cell#270,4,3,0,0,0,1.01471103855536,0.712266299911296,NaN,NaN,NaN,1
6136,M25131_20260322_cell#271,4,3,0,0,0,0.920563739055405,0.792292256592815,NaN,NaN,NaN,1
6137,M25131_20260322_cell#272,4,3,0,0,0,0.844562107059759,0.879354980867207,NaN,NaN,NaN,1
6138,M25131_20260322_cell#273,4,3,1,1,0,1.29977440666238,0.895236508263177,NaN,NaN,NaN,1
6139,M25131_20260322_cell#274,4,3,0,0,0,0.968501482780528,0.802467577203167,NaN,NaN,NaN,1
6140,M25131_20260322_cell#275,4,3,0,0,0,0.981240604834788,1.0020491887716,NaN,NaN,NaN,0.999999999964484
6141,M25131_20260322_cell#276,4,3,1,1,0,1.05379537773038,0.955622037129023,NaN,NaN,NaN,1
6142,M25131_20260322_cell#277,4,3,1,1,0,1.52004463588442,0.922333314414797,NaN,NaN,NaN,1
6144,M25131_20260322_cell#279,4,3,0,0,0,0.941664669438947,0.904808996312073,NaN,NaN,NaN,1
6145,M25131_20260322_cell#280,4,3,1,1,0,1.07668975646503,0.933354676537033,NaN,NaN,NaN,1
6146,M25131_20260322_cell#281,4,3,1,1,0,1.10570779319284,0.879154129512077,NaN,NaN,NaN,1
6147,M25131_20260322_cell#282,4,3,1,1,0,1.07611093653856,0.98573268162558,NaN,NaN,NaN,1
6148,M25131_20260322_cell#283,4,3,1,1,0,1.5668081046912,0.966574312253291,NaN,NaN,NaN,1
6149,M25131_20260322_cell#284,4,3,1,1,0,1.13489961897721,0.987611407142339,NaN,NaN,NaN,1
6150,M25131_20260322_cell#285,4,3,1,1,0,1.16851681281754,0.981074860340896,NaN,NaN,NaN,1
6151,M25131_20260322_cell#286,4,3,1,1,0,1.23000028132267,0.9681650368389,NaN,NaN,NaN,1
6152,M25131_20260322_cell#287,4,3,0,0,0,1.00659258422302,0.994453197256913,NaN,NaN,NaN,1
6153,M25131_20260322_cell#288,4,3,1,1,0,1.07216415554791,0.941662662765018,NaN,NaN,NaN,1
6155,M25131_20260322_cell#290,4,3,1,1,0,1.52855754514635,0.943169962439707,NaN,NaN,NaN,1
6156,M25131_20260322_cell#291,4,3,1,1,0,1.21605324391763,0.948732306027774,NaN,NaN,NaN,1
6157,M25131_20260322_cell#292,4,3,1,1,0,1.22042592427904,0.945166159982734,NaN,NaN,NaN,1
6158,M25131_20260322_cell#293,4,3,1,1,0,1.34340538386212,0.978549414163108,NaN,NaN,NaN,1
6159,M25131_20260322_cell#294,4,3,1,1,0,1.24102031016824,0.966450262627021,NaN,NaN,NaN,1
6160,M25131_20260322_cell#295,4,3,1,1,0,1.26162975084472,0.932358081342613,NaN,NaN,NaN,1
6163,M25131_20260322_cell#298,4,3,0,0,0,0.92655064736794,0.956406404341609,NaN,NaN,NaN,1
6164,M25131_20260322_cell#299,4,3,0,0,0,0.984259335125102,0.846285304366492,NaN,NaN,NaN,1
6165,M25131_20260322_cell#300,4,3,0,0,0,1.01224627444288,0.627248854019164,NaN,NaN,NaN,1
6167,M25131_20260322_cell#302,4,3,1,1,0,1.14521245874929,0.953218851796306,NaN,NaN,NaN,1
6168,M25131_20260322_cell#303,4,3,0,0,0,0.967315028657947,0.978383475405806,NaN,NaN,NaN,1
6170,M25131_20260322_cell#305,4,3,0,0,0,0.946849306781197,0.973284658708387,NaN,NaN,NaN,1
6171,M25131_20260322_cell#306,4,3,1,1,1,1.25218642388324,1.05309315080805,NaN,NaN,NaN,0
6172,M25131_20260322_cell#307,4,3,1,1,0,1.25184332723558,0.8557007493057,NaN,NaN,NaN,1
6173,M25131_20260322_cell#308,4,3,0,0,0,0.888745341378849,0.831785522539377,NaN,NaN,NaN,1
6174,M25131_20260322_cell#309,4,3,1,1,0,1.05799590863863,0.968284154989503,NaN,NaN,NaN,1
6175,M25131_20260322_cell#310,4,3,0,0,1,0.939486897381378,1.02497695132607,NaN,NaN,NaN,2.04750150422095e-05
6176,M25131_20260322_cell#311,4,3,1,1,0,1.19974079312395,0.941966133980696,NaN,NaN,NaN,1
6177,M25131_20260322_cell#312,4,3,1,1,0,1.06428009249867,0.99005589786883,NaN,NaN,NaN,1
6178,M25131_20260322_cell#313,4,3,0,0,0,0.995929956241196,0.959541554282899,NaN,NaN,NaN,1
6179,M25131_20260322_cell#314,4,3,1,1,0,1.74652219940586,0.95400872341594,NaN,NaN,NaN,1
6180,M25131_20260322_cell#315,4,3,0,0,0,1.03911478331949,0.905191828064719,NaN,NaN,NaN,1
6181,M25131_20260322_cell#316,4,3,1,1,0,1.12817262672991,0.977373928640894,NaN,NaN,NaN,1
6182,M25131_20260322_cell#317,4,3,1,1,0,1.0784421042346,0.980079609167903,NaN,NaN,NaN,1
6187,M25131_20260322_cell#322,4,3,1,1,0,1.48560855688383,0.922809790264267,NaN,NaN,NaN,1
6188,M25131_20260322_cell#323,4,3,1,1,1,2.2920415211022,1.02798886473775,NaN,NaN,NaN,2.99760216648792e-15
6189,M25131_20260322_cell#324,4,3,1,1,0,1.09123791759185,1.0145286558803,NaN,NaN,NaN,0
6190,M25131_20260322_cell#325,4,3,0,0,1,0.924726441873981,1.01937812179086,NaN,NaN,NaN,0.0113236718763345
6191,M25131_20260322_cell#326,4,3,0,0,0,0.936105644313458,0.883355197676528,NaN,NaN,NaN,1
6192,M25131_20260322_cell#327,4,3,1,1,0,1.05378585236165,0.952445452443379,NaN,NaN,NaN,1
6194,M25131_20260322_cell#329,4,3,1,1,0,1.06860647545429,0.975828056059853,NaN,NaN,NaN,1
6195,M25131_20260322_cell#330,4,3,1,1,0,1.3814924254227,0.979172895465895,NaN,NaN,NaN,1
6197,M25131_20260322_cell#332,4,3,0,0,0,0.978832544383806,0.954298591512367,NaN,NaN,NaN,1
6198,M25131_20260322_cell#333,4,3,0,0,1,1.01632703733211,1.03593332344353,NaN,NaN,NaN,0.00224429249558822
6199,M25131_20260322_cell#334,4,3,1,1,1,1.18267513356715,1.02060787260958,NaN,NaN,NaN,0.0326314819290502
6201,M25131_20260322_cell#336,4,3,0,0,0,0.967919741196163,0.988146178110571,NaN,NaN,NaN,1
6202,M25131_20260322_cell#337,4,3,0,0,0,0.943289133609258,0.991081951041524,NaN,NaN,NaN,1
6203,M25131_20260322_cell#338,4,3,0,0,0,1.18987774368882,0.824048213034087,NaN,NaN,NaN,1
6204,M25131_20260322_cell#339,4,3,0,0,0,0.89115066832264,0.893104160917511,NaN,NaN,NaN,1
6207,M25131_20260322_cell#342,4,3,0,0,0,0.970662770987983,0.946979315769649,NaN,NaN,NaN,1
6208,M25131_20260322_cell#343,4,3,1,1,0,1.08209473074883,1.01211343370512,NaN,NaN,NaN,0
6209,M25131_20260322_cell#344,4,3,1,1,0,1.09561556885458,1.01331930913718,NaN,NaN,NaN,0
6210,M25131_20260322_cell#345,4,3,1,1,0,2.09505099765598,0.986075076244715,NaN,NaN,NaN,1
6211,M25131_20260322_cell#346,4,3,1,1,1,1.3410083978698,1.10612059879938,NaN,NaN,NaN,0
6212,M25131_20260322_cell#347,4,3,1,1,0,1.39058337064639,0.921559554846831,NaN,NaN,NaN,1
6213,M25131_20260322_cell#348,4,3,1,1,0,1.18036026215909,0.999432032031739,NaN,NaN,NaN,1
6215,M25131_20260322_cell#350,4,3,1,1,0,1.08297941499919,1.00526326560905,NaN,NaN,NaN,0.823677272860099
6216,M25131_20260322_cell#351,4,3,1,1,0,1.41281791531135,0.986155440361905,NaN,NaN,NaN,1
6217,M25131_20260322_cell#352,4,3,0,0,0,0.977103622451838,0.980474701515932,NaN,NaN,NaN,1
6218,M25131_20260322_cell#353,4,3,1,1,1,1.07311208430492,1.01813096034818,NaN,NaN,NaN,0
6219,M25131_20260322_cell#354,4,3,1,1,0,1.03526591442326,0.992943160002236,NaN,NaN,NaN,1
6220,M25131_20260322_cell#355,4,3,0,0,0,0.939481590701604,0.934362669491918,NaN,NaN,NaN,1
6223,M25131_20260322_cell#358,4,3,0,0,0,0.963639703401996,0.981497481009009,NaN,NaN,NaN,1
6224,M25131_20260322_cell#359,4,3,1,1,1,1.17054913526553,1.10645211231225,NaN,NaN,NaN,0
6228,M25131_20260322_cell#363,4,3,1,1,1,1.2181697245551,1.04044706539399,NaN,NaN,NaN,3.81422499584616e-07
6230,M25131_20260322_cell#365,4,3,0,0,0,1.00073164766275,0.994746946043719,NaN,NaN,NaN,1
6232,M25131_20260322_cell#367,4,3,0,0,1,0.910114775736478,1.08019268620224,NaN,NaN,NaN,0
6233,M25131_20260322_cell#368,4,3,0,0,0,0.971666122398382,0.936811265334687,NaN,NaN,NaN,1
6234,M25131_20260322_cell#369,4,3,1,1,0,1.05129518502869,0.944928568227734,NaN,NaN,NaN,1
6235,M25131_20260322_cell#370,4,3,1,1,0,1.12044673158298,0.919724584145916,NaN,NaN,NaN,1
6236,M25131_20260322_cell#371,4,3,0,0,0,1.01872558458762,0.950481040685181,NaN,NaN,NaN,1
6238,M25131_20260322_cell#373,4,3,1,1,0,1.52398839644249,0.78490729203401,NaN,NaN,NaN,1
6239,M25131_20260322_cell#374,4,3,1,1,0,1.20894549496473,0.983519164558593,NaN,NaN,NaN,1
6240,M25131_20260322_cell#375,4,3,1,1,1,1.54982866757381,1.0575599427759,NaN,NaN,NaN,1.11320504669887e-06
6241,M25131_20260322_cell#376,4,3,0,0,0,0.947428439282798,0.780112551585619,NaN,NaN,NaN,1
6242,M25131_20260322_cell#377,4,3,1,1,0,1.08140300889107,0.978026367005825,NaN,NaN,NaN,1
6243,M25131_20260322_cell#378,4,3,1,1,0,1.04834258530817,0.957274697464409,NaN,NaN,NaN,1
6244,M25131_20260322_cell#379,4,3,0,0,0,0.968278666427262,0.940027590306922,NaN,NaN,NaN,1
6245,M25131_20260322_cell#380,4,3,1,1,0,1.11580290119911,0.988086060724524,NaN,NaN,NaN,1
6246,M25131_20260322_cell#381,4,3,1,1,0,1.13989998487944,1.00313661850162,NaN,NaN,NaN,0.190960202652654
6247,M25131_20260322_cell#382,4,3,1,1,0,1.10304808807987,0.985201092789874,NaN,NaN,NaN,1
6248,M25131_20260322_cell#383,4,3,1,1,0,1.1042864996186,0.907418759933093,NaN,NaN,NaN,1
6249,M25131_20260322_cell#384,4,3,1,1,0,1.11051354864022,0.963673736751572,NaN,NaN,NaN,1
6251,M25131_20260322_cell#386,4,3,1,1,0,1.2867766813999,0.986793942805804,NaN,NaN,NaN,1
6252,M25131_20260322_cell#387,4,3,1,1,0,1.04371319099032,0.940189543679618,NaN,NaN,NaN,1
6253,M25131_20260322_cell#388,4,3,0,0,0,0.882464196506977,0.868983913766662,NaN,NaN,NaN,1
6254,M25131_20260322_cell#389,4,3,0,0,0,0.823576587943579,0.879509695380822,NaN,NaN,NaN,1
6255,M25131_20260322_cell#390,4,3,1,1,0,1.04140182743315,0.956305671087219,NaN,NaN,NaN,1
6256,M25131_20260322_cell#391,4,3,1,1,0,1.05353647794326,0.99555105317236,NaN,NaN,NaN,1
6257,M25131_20260322_cell#392,4,3,1,1,0,1.24392097653212,0.977933649060538,NaN,NaN,NaN,1
6258,M25131_20260322_cell#393,4,3,1,1,0,1.03109097150404,0.85560470527476,NaN,NaN,NaN,1
6259,M25131_20260322_cell#394,4,3,1,1,0,1.34682344563932,0.703990688408959,NaN,NaN,NaN,1
6260,M25131_20260322_cell#395,4,3,0,0,0,0.979895427670499,0.967025019301959,NaN,NaN,NaN,1
6261,M25131_20260322_cell#396,4,3,0,0,0,0.935390364086998,0.936439520707494,NaN,NaN,NaN,1
6263,M25131_20260322_cell#398,4,3,1,1,1,1.25280911970368,1.05143494238673,NaN,NaN,NaN,0
6264,M25131_20260322_cell#399,4,3,1,1,0,1.19548980229756,0.961007231750316,NaN,NaN,NaN,1
6265,M25131_20260322_cell#400,4,3,1,1,1,1.19643170078323,1.03050849788686,NaN,NaN,NaN,0
6267,M25131_20260322_cell#402,4,3,1,1,0,1.20731705879207,0.876793892866015,NaN,NaN,NaN,1
6269,M25131_20260322_cell#404,4,3,1,1,0,1.02316511425468,0.969869714286661,NaN,NaN,NaN,1
6270,M25131_20260322_cell#405,4,3,1,1,0,1.1138757542791,0.946232688922008,NaN,NaN,NaN,1
6271,M25131_20260322_cell#406,4,3,1,1,1,1.51568554964862,1.02967687935255,NaN,NaN,NaN,0
6272,M25131_20260322_cell#407,4,3,1,1,0,1.12905730912551,0.967203232921208,NaN,NaN,NaN,1
6273,M25131_20260322_cell#408,4,3,1,1,0,1.36168543594833,0.920758368115939,NaN,NaN,NaN,1
6274,M25131_20260322_cell#409,4,3,1,1,0,1.1624205022328,0.975147345012375,NaN,NaN,NaN,1
6275,M25131_20260322_cell#410,4,3,0,0,0,1.00058436836862,0.929316367543414,NaN,NaN,NaN,1
6276,M25131_20260322_cell#411,4,3,1,1,0,1.30776923278136,0.998457323763302,NaN,NaN,NaN,1
6277,M25131_20260322_cell#412,4,3,1,1,0,1.31853848433315,0.890201473425738,NaN,NaN,NaN,1
6278,M25131_20260322_cell#413,4,3,0,0,0,1.10421706678966,0.93232367735786,NaN,NaN,NaN,1
6279,M25131_20260322_cell#414,4,3,1,1,0,1.29262912280502,0.988607191258736,NaN,NaN,NaN,1
6280,M25131_20260322_cell#415,4,3,1,1,1,1.07372462391511,1.13725376352269,NaN,NaN,NaN,0
6281,M25131_20260322_cell#416,4,3,1,1,0,1.10287728603846,0.976015893098886,NaN,NaN,NaN,1
6282,M25131_20260322_cell#417,4,3,0,0,0,1.01374045598746,0.978115090255532,NaN,NaN,NaN,1
6283,M25131_20260322_cell#418,4,3,0,0,0,1.0396787883101,0.972970183644469,NaN,NaN,NaN,1
6284,M25131_20260322_cell#419,4,3,1,1,0,1.57613224335126,0.823454963269711,NaN,NaN,NaN,1
6285,M25131_20260322_cell#420,4,3,1,1,0,1.24635285372719,0.959263845157359,NaN,NaN,NaN,1
6288,M25131_20260322_cell#423,4,3,1,1,0,1.1781561009709,0.935318677032769,NaN,NaN,NaN,1
6289,M25131_20260322_cell#424,4,3,0,0,0,0.953718415586491,0.97939588182687,NaN,NaN,NaN,1
6290,M25131_20260322_cell#425,4,3,1,1,0,1.04192251143895,0.981407712803201,NaN,NaN,NaN,1
6292,M25131_20260322_cell#427,4,3,0,0,0,0.932588706780907,0.955410935622321,NaN,NaN,NaN,1
6293,M25131_20260322_cell#428,4,3,1,1,0,1.09374661809528,0.896117738752948,NaN,NaN,NaN,1
6294,M25131_20260322_cell#429,4,3,0,0,0,0.965151474313659,0.91626591317839,NaN,NaN,NaN,1
6295,M25131_20260322_cell#430,4,3,1,1,0,1.09836305637019,0.965349032348627,NaN,NaN,NaN,1
6298,M25131_20260322_cell#433,4,3,1,1,0,1.11960235325231,1.00230799660971,NaN,NaN,NaN,0.999999999999996
6299,M25131_20260322_cell#434,4,3,0,0,0,0.997670493066448,0.913553466943963,NaN,NaN,NaN,1
6300,M25131_20260322_cell#435,4,3,1,1,0,1.09489182189763,0.908874123878237,NaN,NaN,NaN,1
6301,M25131_20260322_cell#436,4,3,1,1,0,1.04903921141421,1.0031420598241,NaN,NaN,NaN,0
6302,M25131_20260322_cell#437,4,3,1,1,0,1.06007964038758,0.974889056666745,NaN,NaN,NaN,1
6303,M25131_20260322_cell#438,4,3,1,1,0,1.40898074795932,0.998091349197324,NaN,NaN,NaN,1
6304,M25131_20260322_cell#439,4,3,0,0,0,0.88141592078332,1.00407494025573,NaN,NaN,NaN,0.999999707548373
6305,M25131_20260322_cell#440,4,3,0,0,0,0.980134827748248,0.97763000498639,NaN,NaN,NaN,1
6306,M25131_20260322_cell#441,4,3,0,0,0,1.00295721404795,1.00653692711439,NaN,NaN,NaN,0.937588510828609
6307,M25131_20260322_cell#442,4,3,1,1,0,1.27686344076947,0.943540389363207,NaN,NaN,NaN,1
6308,M25131_20260322_cell#443,4,3,0,0,0,1.0039573527738,0.973887718393125,NaN,NaN,NaN,1
6310,M25131_20260322_cell#445,4,3,1,1,0,1.1942275677653,0.945151054356289,NaN,NaN,NaN,1
6311,M25131_20260322_cell#446,4,3,1,1,0,1.84240274989336,0.969150532720987,NaN,NaN,NaN,1
6312,M25131_20260322_cell#447,4,3,0,0,0,0.905423197445499,0.991922157263628,NaN,NaN,NaN,1
6314,M25131_20260322_cell#449,4,3,1,1,0,1.20545831255427,0.958127452225125,NaN,NaN,NaN,1
6315,M25131_20260322_cell#450,4,3,1,1,0,1.14602771607829,0.938123545322682,NaN,NaN,NaN,1
6316,M25131_20260322_cell#451,4,3,1,1,0,1.11988800045564,0.981070534886942,NaN,NaN,NaN,1
6318,M25131_20260322_cell#453,4,3,0,0,0,1.00765776903794,0.992507671539922,NaN,NaN,NaN,1
6319,M25131_20260322_cell#454,4,3,1,1,1,1.10348073302068,1.05844742335669,NaN,NaN,NaN,0
6320,M25131_20260322_cell#455,4,3,0,0,0,0.973066081279342,0.953762209864302,NaN,NaN,NaN,1
6321,M25131_20260322_cell#456,4,3,0,0,0,0.954158536407193,0.870614710501734,NaN,NaN,NaN,1
6322,M25131_20260322_cell#457,4,3,1,1,0,1.12923826806966,0.972088186202187,NaN,NaN,NaN,1
6323,M25131_20260322_cell#458,4,3,1,1,0,1.79246216857283,0.948256917342876,NaN,NaN,NaN,1
6324,M25131_20260322_cell#459,4,3,1,1,0,1.17631699665063,0.914395574772179,NaN,NaN,NaN,1
6325,M25131_20260322_cell#460,4,3,1,1,1,1.50130461151192,1.04395465402922,NaN,NaN,NaN,1.19904086659517e-14
6326,M25131_20260322_cell#461,4,3,0,0,0,1.08342014957072,0.880848062647827,NaN,NaN,NaN,1
6327,M25131_20260322_cell#462,4,3,1,1,1,1.11258623768968,1.03542611352114,NaN,NaN,NaN,7.41399637326223e-05
6328,M25131_20260322_cell#463,4,3,0,0,0,0.983951571114298,0.935492615825733,NaN,NaN,NaN,1
6329,M25131_20260322_cell#464,4,3,1,1,0,1.41415832813535,0.991949421024212,NaN,NaN,NaN,1
6330,M25131_20260322_cell#465,4,3,1,1,1,1.17316975037406,1.02751891884036,NaN,NaN,NaN,0
6331,M25131_20260322_cell#466,4,3,1,1,0,1.3309828430788,0.956879705713669,NaN,NaN,NaN,1
6332,M25131_20260322_cell#467,4,3,1,1,0,1.08597888702331,0.978927624348808,NaN,NaN,NaN,1
6333,M25131_20260322_cell#468,4,3,1,1,0,1.15157728717301,0.976395999795659,NaN,NaN,NaN,1
6334,M25131_20260322_cell#469,4,3,0,0,0,0.994437517311916,0.9637750365393,NaN,NaN,NaN,1
6335,M25131_20260322_cell#470,4,3,0,0,0,0.981026403126002,0.993039767529701,NaN,NaN,NaN,1
6337,M25131_20260322_cell#472,4,3,1,1,0,1.07088293984925,0.97802682488269,NaN,NaN,NaN,1
6339,M25131_20260322_cell#474,4,3,1,1,1,1.21365404988315,1.03766371846229,NaN,NaN,NaN,3.29941174381787e-09
6340,M25131_20260322_cell#475,4,3,0,0,0,1.01751367269083,0.867909207051817,NaN,NaN,NaN,1
6341,M25131_20260322_cell#476,4,3,0,0,0,1.03682288197221,0.908333249697406,NaN,NaN,NaN,1
6342,M25131_20260322_cell#477,4,3,1,1,0,1.04030606988405,0.87216818937517,NaN,NaN,NaN,1
6343,M25131_20260322_cell#478,4,3,1,1,0,1.05319910746381,0.998122071972747,NaN,NaN,NaN,1
6346,M25131_20260322_cell#481,4,3,1,1,0,1.05827181980913,0.997268777300896,NaN,NaN,NaN,1
6347,M25131_20260322_cell#482,4,3,1,1,0,1.24735695237462,0.982232364521831,NaN,NaN,NaN,1
6348,M25131_20260322_cell#483,4,3,1,1,0,1.40195095120847,0.912624214350526,NaN,NaN,NaN,1
6349,M25131_20260322_cell#484,4,3,1,1,0,1.36332391802403,0.942403602683454,NaN,NaN,NaN,1
6350,M25131_20260322_cell#485,4,3,1,1,0,1.21340418428235,0.975522449069987,NaN,NaN,NaN,1
6351,M25131_20260322_cell#486,4,3,1,1,0,1.23783323661962,0.995714613162438,NaN,NaN,NaN,1
6352,M25131_20260322_cell#487,4,3,1,1,0,1.14830082322648,1.01063826154634,NaN,NaN,NaN,0.999999399180133
6353,M25131_20260322_cell#488,4,3,0,0,0,1.02257636403017,0.967218238783613,NaN,NaN,NaN,1
6354,M25131_20260322_cell#489,4,3,0,0,1,0.965352795321732,1.02518086814549,NaN,NaN,NaN,2.75635070323688e-12
6355,M25131_20260322_cell#490,4,3,1,1,0,1.16355456516087,1.01496603344814,NaN,NaN,NaN,0.3442115284151
6357,M25131_20260322_cell#492,4,3,0,0,0,1.06964706691398,0.942020412997724,NaN,NaN,NaN,1
6359,M25131_20260322_cell#494,4,3,1,1,0,1.15909721111261,0.948956319549328,NaN,NaN,NaN,1
6360,M25131_20260322_cell#495,4,3,0,0,0,0.993620519526403,0.9982540437929,NaN,NaN,NaN,1
6361,M25131_20260322_cell#496,4,3,1,1,0,1.16299817611347,1.03826859768346,NaN,NaN,NaN,0.235431970109733
6362,M25131_20260322_cell#497,4,3,1,1,0,1.25428735185516,0.983302293405484,NaN,NaN,NaN,1
6363,M25131_20260322_cell#498,4,3,1,1,0,1.08859476321433,0.971843880285878,NaN,NaN,NaN,1
6364,M25131_20260322_cell#499,4,3,1,1,0,1.13296010040429,0.970817313426815,NaN,NaN,NaN,1
6365,M25131_20260322_cell#500,4,3,1,1,0,1.26443098808838,0.984588713309418,NaN,NaN,NaN,1
6366,M25131_20260322_cell#501,4,3,0,0,1,0.983954260567067,1.06430442752649,NaN,NaN,NaN,7.21644966006352e-15
6367,M25131_20260322_cell#502,4,3,0,0,0,1.00944885241122,0.990150526753854,NaN,NaN,NaN,1
6368,M25131_20260322_cell#503,4,3,0,0,0,0.966577386712695,0.979685001356826,NaN,NaN,NaN,1
6370,M25131_20260322_cell#505,4,3,1,1,0,1.62608266653873,0.93021461410327,NaN,NaN,NaN,1
6371,M25131_20260322_cell#506,4,3,1,1,0,1.18701842893247,0.998217438047505,NaN,NaN,NaN,1
6372,M25131_20260322_cell#507,4,3,0,0,0,0.930183740825981,0.960167078819724,NaN,NaN,NaN,1
6373,M25131_20260322_cell#508,4,3,1,1,0,1.04817721680694,0.951031962909048,NaN,NaN,NaN,1
6374,M25131_20260322_cell#509,4,3,1,1,0,1.85398774751612,0.954322206885377,NaN,NaN,NaN,1
6375,M25131_20260322_cell#510,4,3,1,1,0,1.11165733023025,0.948915422288101,NaN,NaN,NaN,1
6376,M25131_20260322_cell#511,4,3,1,1,1,1.26469486068109,1.02067209005753,NaN,NaN,NaN,2.38874968916392e-06
6377,M25131_20260322_cell#512,4,3,1,1,0,1.26705272391428,0.980490867188767,NaN,NaN,NaN,1
6378,M25131_20260322_cell#513,4,3,1,1,0,1.4240770384713,0.948695956586126,NaN,NaN,NaN,1
6379,M25131_20260322_cell#514,4,3,1,1,0,1.14787409869893,0.995040780140688,NaN,NaN,NaN,1
6380,M25131_20260322_cell#515,4,3,1,1,0,1.16826787894766,0.995218465850843,NaN,NaN,NaN,1
6381,M25131_20260322_cell#516,4,3,1,1,0,1.176646226282,1.0136452949644,NaN,NaN,NaN,0.999602160597533
6382,M25131_20260322_cell#517,4,3,1,1,0,1.06282253593218,0.98525481313511,NaN,NaN,NaN,1
6383,M25131_20260322_cell#518,4,3,1,1,0,1.19287395919732,0.981182852273719,NaN,NaN,NaN,1
6384,M25131_20260322_cell#519,4,3,0,0,0,0.977617772285673,1.00656114664191,NaN,NaN,NaN,0.00310076916101021
6385,M25131_20260322_cell#520,4,3,1,1,0,1.19313076302702,0.986923089844357,NaN,NaN,NaN,1
6386,M25131_20260322_cell#521,4,3,1,1,0,1.13968444409441,0.962741184965846,NaN,NaN,NaN,1
6387,M25131_20260322_cell#522,4,3,1,1,0,1.23487621797529,0.947663261297243,NaN,NaN,NaN,1
6388,M25131_20260322_cell#523,4,3,0,0,0,1.01613511977695,0.982139998214682,NaN,NaN,NaN,1
6389,M25131_20260322_cell#524,4,3,1,1,1,1.20613065495436,1.01554121017178,NaN,NaN,NaN,1.90468893324081e-07
6391,M25131_20260322_cell#526,4,3,1,1,0,1.27472927271485,1.02580228237958,NaN,NaN,NaN,0.439283245481192
6392,M25131_20260322_cell#527,4,3,0,0,0,0.908670560882142,1.00358697913678,NaN,NaN,NaN,0.997417992364207
6393,M25131_20260322_cell#528,4,3,1,1,0,1.37697664818747,0.940812962326451,NaN,NaN,NaN,1
6394,M25131_20260322_cell#529,4,3,1,1,0,1.07678644175976,0.998959069862336,NaN,NaN,NaN,1
6395,M25131_20260322_cell#530,4,3,1,1,1,1.20927761912889,1.05621821099528,NaN,NaN,NaN,0
6396,M25131_20260322_cell#531,4,3,0,0,1,1.006869467407,1.05112105786891,NaN,NaN,NaN,3.00811123127298e-05
6397,M25131_20260322_cell#532,4,3,0,0,0,1.01006453233197,0.977751399066219,NaN,NaN,NaN,1
6398,M25131_20260322_cell#533,4,3,0,0,0,0.906974731200108,0.935364428780964,NaN,NaN,NaN,1
6399,M25131_20260322_cell#534,4,3,1,1,0,1.07254641684692,0.988868581106375,NaN,NaN,NaN,1
6400,M25131_20260322_cell#535,4,3,1,1,1,1.48397029237027,1.01695808815557,NaN,NaN,NaN,1.17950094136177e-12
6402,M25131_20260322_cell#537,4,3,0,0,0,0.946465671448866,0.958044158067527,NaN,NaN,NaN,1
6403,M25131_20260322_cell#538,4,3,1,1,0,1.18383764665538,0.97701987210497,NaN,NaN,NaN,1
6404,M25131_20260322_cell#539,4,3,1,1,0,1.14928154975245,0.990013060557247,NaN,NaN,NaN,1
6405,M25131_20260322_cell#540,4,3,1,1,0,1.14184589172258,0.993863862001834,NaN,NaN,NaN,1
6406,M25131_20260322_cell#541,4,3,1,1,0,2.76294571623995,0.792146632946342,NaN,NaN,NaN,1
6407,M25131_20260322_cell#542,4,3,0,0,0,0.997048930064586,0.967606992192464,NaN,NaN,NaN,1
6408,M25131_20260322_cell#543,4,3,1,1,0,1.1854312532995,0.933354981188659,NaN,NaN,NaN,1
6409,M25131_20260322_cell#544,4,3,1,1,0,1.26830578654993,0.997674405088636,NaN,NaN,NaN,1
6410,M25131_20260322_cell#545,4,3,1,1,0,1.0698353552036,0.959136930925614,NaN,NaN,NaN,1
6411,M25131_20260322_cell#546,4,3,1,1,0,1.12083519981033,0.953544182168959,NaN,NaN,NaN,1
6412,M25131_20260322_cell#547,4,3,1,1,0,1.26312244835196,0.969489569224087,NaN,NaN,NaN,1
6413,M25131_20260322_cell#548,4,3,1,1,0,1.09051083644554,0.961145029206298,NaN,NaN,NaN,1
6414,M25131_20260322_cell#549,4,3,1,1,0,1.62161534587663,0.99827673352289,NaN,NaN,NaN,1
6415,M25131_20260322_cell#550,4,3,0,0,0,0.987182615546922,0.963644196608457,NaN,NaN,NaN,1
6416,M25131_20260322_cell#551,4,3,1,1,0,1.62766656842793,0.986600576589571,NaN,NaN,NaN,1
6417,M25131_20260322_cell#552,4,3,1,1,0,1.49993204705591,0.995655184869131,NaN,NaN,NaN,1
6418,M25131_20260322_cell#553,4,3,0,0,0,0.983451420435531,0.940534723848799,NaN,NaN,NaN,1
6419,M25131_20260322_cell#554,4,3,1,1,0,1.22408375844411,0.94262512889195,NaN,NaN,NaN,1
6420,M25131_20260322_cell#555,4,3,1,1,0,1.1121191056484,1.01181115984616,NaN,NaN,NaN,4.02788913334007e-13
6421,M25131_20260322_cell#556,4,3,0,0,0,1.00650087479233,0.886013771615983,NaN,NaN,NaN,1
6422,M25131_20260322_cell#557,4,3,1,1,0,1.16462399893838,0.98030230612163,NaN,NaN,NaN,1
6423,M25131_20260322_cell#558,4,3,0,0,0,1.01360008936042,0.943955517305027,NaN,NaN,NaN,1
6424,M25131_20260322_cell#559,4,3,1,1,0,1.17863881041037,1.01182586771343,NaN,NaN,NaN,1.32511224548715e-07
6425,M25131_20260322_cell#560,4,3,1,1,0,1.07127613352474,1.00185515306566,NaN,NaN,NaN,0.68920914238829
6426,M25131_20260322_cell#561,4,3,0,0,0,0.975336994626969,1.01239002384167,NaN,NaN,NaN,1.6701960026122e-07
6427,M25131_20260322_cell#562,4,3,1,1,0,1.04697962083158,1.00628735335096,NaN,NaN,NaN,0.00346837474152284
6428,M25131_20260322_cell#563,4,3,1,1,0,1.13696067252846,0.955151061685097,NaN,NaN,NaN,1
6429,M25131_20260322_cell#564,4,3,1,1,0,1.12764465937099,0.890837818767337,NaN,NaN,NaN,1
6430,M25131_20260322_cell#565,4,3,1,1,0,1.308649758967,0.987634740533358,NaN,NaN,NaN,1
6431,M25131_20260322_cell#566,4,3,1,1,0,1.35026428349948,0.929547134711736,NaN,NaN,NaN,1
6432,M25131_20260322_cell#567,4,3,1,1,0,1.0985033072218,0.981630642686824,NaN,NaN,NaN,1
6433,M25131_20260322_cell#568,4,3,1,1,0,1.10742594870966,0.98030778835483,NaN,NaN,NaN,1
6434,M25131_20260322_cell#569,4,3,1,1,0,1.09355480017668,0.973663112100885,NaN,NaN,NaN,1
6435,M25131_20260322_cell#570,4,3,1,1,0,1.08023871648002,0.953610613514159,NaN,NaN,NaN,1
6436,M25131_20260322_cell#571,4,3,1,1,0,1.14826368934194,0.940376388585243,NaN,NaN,NaN,1
6437,M25131_20260322_cell#572,4,3,0,0,0,0.979849420720216,0.885171173969217,NaN,NaN,NaN,1
6438,M25131_20260322_cell#573,4,3,1,1,0,1.39445132072881,0.985074906311535,NaN,NaN,NaN,1
6439,M25131_20260322_cell#574,4,3,1,1,0,1.45220142072601,0.99908638090542,NaN,NaN,NaN,1
6440,M25131_20260322_cell#575,4,3,1,1,0,1.0419890342973,0.970898910649569,NaN,NaN,NaN,1
6441,M25131_20260322_cell#576,4,3,0,0,0,0.969918414945771,0.955747230321449,NaN,NaN,NaN,1
6442,M25131_20260322_cell#577,4,3,1,1,0,1.50347132169819,0.96148104225765,NaN,NaN,NaN,1
6443,M25131_20260322_cell#578,4,3,0,0,1,0.765024161908268,1.02095046160011,NaN,NaN,NaN,1.57729487249014e-08
6444,M25131_20260322_cell#579,4,3,1,1,0,1.04836523154995,0.98619831433639,NaN,NaN,NaN,1
6445,M25131_20260322_cell#580,4,3,1,1,0,1.06743114149077,0.900869000455571,NaN,NaN,NaN,1
6446,M25131_20260322_cell#581,4,3,1,1,0,1.07548189868136,0.923377300226443,NaN,NaN,NaN,1
6447,M25131_20260322_cell#582,4,3,0,0,0,0.977063822663792,1.01533530614301,NaN,NaN,NaN,0.781061367228547
6448,M25131_20260322_cell#583,4,3,1,1,0,1.24635237161546,0.975813578765846,NaN,NaN,NaN,1
6449,M25131_20260322_cell#584,4,3,0,0,0,1.00568851964676,0.985862244023669,NaN,NaN,NaN,1
6450,M25131_20260322_cell#585,4,3,1,1,0,1.06547252235846,0.961812905324252,NaN,NaN,NaN,1
6451,M25131_20260322_cell#586,4,3,1,1,0,1.10907158162645,0.942581481723769,NaN,NaN,NaN,1
6453,M25131_20260322_cell#588,4,3,1,1,0,1.25751138182272,0.969491973392792,NaN,NaN,NaN,1
6454,M25131_20260322_cell#589,4,3,1,1,0,1.20091990501117,0.958146199349233,NaN,NaN,NaN,1
6455,M25131_20260322_cell#590,4,3,0,0,0,0.961108324397634,0.995443597149738,NaN,NaN,NaN,1
6456,M25131_20260322_cell#591,4,3,1,1,0,1.18418537089903,0.944714098130988,NaN,NaN,NaN,1
6457,M25131_20260322_cell#592,4,3,0,0,0,0.956962918485245,0.966403530004454,NaN,NaN,NaN,1
6458,M25131_20260322_cell#593,4,3,0,0,0,1.03034899800741,0.950053809860852,NaN,NaN,NaN,1
6459,M25131_20260322_cell#594,4,3,1,1,0,1.15600696466926,0.964158609048888,NaN,NaN,NaN,1
6460,M25131_20260322_cell#595,4,3,1,1,0,1.12073235788751,0.921926446495903,NaN,NaN,NaN,1
6461,M25131_20260322_cell#596,4,3,1,1,0,1.5130686164472,1.01399076771992,NaN,NaN,NaN,0
6462,M25131_20260322_cell#597,4,3,1,1,0,1.1105948728086,0.950527469938214,NaN,NaN,NaN,1
6463,M25131_20260322_cell#598,4,3,0,0,0,0.935563000192104,0.965759106311671,NaN,NaN,NaN,1
6464,M25131_20260322_cell#599,4,3,0,0,0,1.02580412875504,0.947088918013574,NaN,NaN,NaN,1
6465,M25131_20260322_cell#600,4,3,1,1,1,1.19438401080323,1.04991587796109,NaN,NaN,NaN,0
6467,M25131_20260322_cell#602,4,3,0,0,0,0.994777109256542,0.89645318699475,NaN,NaN,NaN,1
6468,M25131_20260322_cell#603,4,3,1,1,0,1.27447885402361,0.996131383549117,NaN,NaN,NaN,1
6469,M25131_20260322_cell#604,4,3,1,1,0,1.162425571038,0.808098565871059,NaN,NaN,NaN,1
6470,M25131_20260322_cell#605,4,3,1,1,0,1.22208241384957,0.96500922671715,NaN,NaN,NaN,1
6471,M25131_20260322_cell#606,4,3,1,1,0,1.17137680530715,0.935505120970421,NaN,NaN,NaN,1
6472,M25131_20260322_cell#607,4,3,0,0,0,1.00668445947317,0.967196243653169,NaN,NaN,NaN,1
6473,M25131_20260322_cell#608,4,3,0,0,0,0.990849806723975,0.970020188629413,NaN,NaN,NaN,1
