CellName,goodcells,signicells,goodLLHcells,spatialcells,LLHi_vis,LLHi_pos,LLHrel,iPos_pval,posKernel_maxabs,overallResp_pval,LLHrel_omit,goodOmitcells
M26004_20260318_cell#1,1,0,0,0,0.0381189199431002,0.0368621244330344,0.967029613852077,1,0,0,0.990214602428862,0
M26004_20260318_cell#2,1,1,1,1,0.384307966579496,0.460394586134489,1.19798345642479,0,170.983235540045,0,0.993722393648287,0
M26004_20260318_cell#3,1,1,1,1,0.0398502906858985,0.048986219294405,1.22925626014917,0,43.7346071311778,0,0.975084234752641,0
M26004_20260318_cell#4,1,1,1,1,0.0285868479768349,0.0395910399568202,1.38493897574516,0,57.4771122866857,0,0.93679334967906,0
M26004_20260318_cell#5,1,1,1,1,0.0212219527770106,0.0235975654496672,1.11194128540471,0,20.7510982264099,0,0.985232466527971,0
M26004_20260318_cell#6,1,0,0,0,0.0173023194567729,0.0169824658698846,0.981513831848534,1,0,0,0.954544789244804,0
M26004_20260318_cell#7,1,1,1,1,0.0492169627206154,0.060766467716543,1.2346651308308,0,75.2387378492675,0,0.983820406093038,0
M26004_20260318_cell#8,0,1,1,0,0.0098364414374372,0.0131891337646,1.34084402865477,0,47.0289605802737,1,NaN,0
M26004_20260318_cell#9,1,1,1,1,0.0280875564353893,0.037022767462476,1.31811991362227,0,31.2102393006624,0,1.00649519775655,0
M26004_20260318_cell#10,1,1,1,1,0.0380755001324755,0.0462803112390036,1.21548794048617,0,24.9811734858007,0,1.00081855979068,0
M26004_20260318_cell#11,1,1,1,1,0.0717605093669651,0.102711337954252,1.43130725882968,0,105.615863766784,0,0.991744313773352,0
M26004_20260318_cell#12,1,1,1,1,0.0194749060497137,0.0330495993832628,1.69703511271875,0,67.0075923519546,0,0.961618311964321,0
M26004_20260318_cell#13,1,0,0,0,0.0292625755952487,0.0293259877562136,1.00216700545577,1,0,0,0.908608871692056,0
M26004_20260318_cell#14,1,1,1,1,0.0595343030169634,0.0623633469984226,1.04751956163244,0,21.0950122383813,0,1.01028197438585,0
M26004_20260318_cell#15,1,1,1,1,0.0908091722397285,0.100999383458203,1.1122156602372,0,36.897575152001,0,0.989424411556298,0
M26004_20260318_cell#16,1,0,0,0,0.0538738520841238,0.0503174061090865,0.933985675101086,1,0,0.00115301168590864,0.989393420357729,0
M26004_20260318_cell#17,1,1,1,1,0.0499611260847784,0.0735391315070769,1.47192702146644,0,96.5831626984715,0,0.952536978334868,0
M26004_20260318_cell#18,1,1,1,1,0.0984875721584071,0.104317428120089,1.05919382348369,0,39.2265319784573,0,0.974901511331947,0
M26004_20260318_cell#19,1,1,1,1,0.029219253220893,0.0358175931880545,1.2258216497622,0,48.0833368258471,0,0.998611437526156,0
M26004_20260318_cell#20,1,1,1,1,0.102426412322421,0.128027673317644,1.24994784465002,0,135.25957980041,0,1.01576618993003,1
M26004_20260318_cell#21,1,1,1,1,0.0193811300725659,0.0265696566920928,1.37090337831757,0,35.8814753746605,0,0.98227798533751,0
M26004_20260318_cell#22,1,1,1,1,0.0244261107752754,0.0262519399161472,1.0747490731402,0,27.8923503153535,0,0.932669029440267,0
M26004_20260318_cell#23,0,0,0,0,0.0403132942808696,0.0382539688521104,0.948916964850068,1,0,0.999999999999995,0.926559971280923,0
M26004_20260318_cell#24,1,0,0,0,0.0282428059504208,0.0269900744971709,0.95564422828776,1,0,0,0.961452114315334,0
M26004_20260318_cell#25,1,1,0,0,0.0665166028002961,0.0674588883142059,1.01416617016264,0.000684104946893416,24.6551249737783,0,NaN,0
M26004_20260318_cell#26,1,1,1,1,0.0607662405755427,0.0814449202347311,1.34029881498891,0,80.6015502262737,0,0.997172680244279,0
M26004_20260318_cell#27,1,1,1,1,0.0589166034893405,0.062133492917035,1.0546007277605,0,34.1693618670154,0,0.974376412531173,0
M26004_20260318_cell#28,1,1,1,1,0.110709240942928,0.126521590648364,1.14282773118811,0,69.6242149390253,0,0.983464807039647,0
M26004_20260318_cell#29,1,1,1,1,0.0212775918425408,0.0260131138828394,1.22255911643304,0,55.8781908585401,0,0.962015739323965,0
M26004_20260318_cell#30,1,1,1,1,0.074834926850682,0.0832330224621547,1.11222160513672,0,36.6987571158572,0,0.989455254377723,0
M26004_20260318_cell#31,1,1,1,1,0.0593307991431772,0.0693891217800393,1.16952953242024,0,58.5393084443608,0,1.02100581228509,1
M26004_20260318_cell#32,1,1,1,1,0.19614259776662,0.20839694529279,1.06247672696143,0,107.69671972377,0,1.00123167668571,0
M26004_20260318_cell#33,1,0,0,0,0.161756272633797,0.161997265065447,1.00148984906567,0.997894969099802,0,0,0.995756959204354,0
M26004_20260318_cell#34,1,1,1,1,0.0286853969143692,0.0362288747689724,1.26297275499174,0,34.833227207104,0,0.954892122116318,0
M26004_20260318_cell#35,1,1,1,1,0.022624719646804,0.03948743272334,1.74532252066682,0,57.4529843106554,0,0.980404000660862,0
M26004_20260318_cell#36,1,0,0,0,0.0571513994274245,0.0534729606464403,0.93563694296488,1,0,0,1.00259579922175,0
M26004_20260318_cell#37,1,1,1,1,0.0311773513714128,0.033538868787635,1.07574464514608,1.21236354289067e-13,33.9282158926205,0,0.969963378080567,0
M26004_20260318_cell#38,1,1,1,1,0.11251790726068,0.115085686543416,1.02282107217642,0,24.9136921865286,0,0.986426155097314,0
M26004_20260318_cell#39,1,1,1,1,0.0411078180864183,0.0449851471552341,1.09432096494795,0,59.2413372697617,0,0.968930432139577,0
M26004_20260318_cell#40,1,0,0,0,0.0298630220860394,0.0273056488500112,0.914363213854914,1,0,0,0.9523660826275,0
M26004_20260318_cell#41,1,1,1,1,0.055874627357197,0.0591201209347182,1.05808528362567,0,47.5245712140854,0,0.971333579678157,0
M26004_20260318_cell#42,1,0,0,0,0.0313763583417754,0.0316536692629498,1.00883821245773,0.997292177300322,0,0,0.907660521753019,0
M26004_20260318_cell#43,1,1,1,1,0.0823789069666279,0.100759030654029,1.22311686770555,0,89.446373552052,0,0.955694627801842,0
M26004_20260318_cell#44,1,1,1,1,0.0162817974510927,0.0177859950303497,1.09238522858274,1.63868918434673e-13,16.8599415271966,0,0.934560912129083,0
M26004_20260318_cell#45,1,1,1,1,0.0649357733289289,0.0759751236300447,1.17000414001688,0,88.5856592118212,0,0.982855898216302,0
M26004_20260318_cell#46,1,1,1,1,0.0110066452469166,0.0179811863343651,1.63366638344252,0,43.1645695278477,0,1.05368254906223,1
M26004_20260318_cell#47,1,1,1,1,0.0965612316852811,0.100706699354526,1.04293097340303,0,40.684676485894,0,0.988600716095081,0
M26004_20260318_cell#48,1,1,1,1,0.0459888317798865,0.0602778490490144,1.31070624575807,0,85.3833150421853,0,0.960903019590968,0
M26004_20260318_cell#49,1,1,1,1,0.044765060941205,0.0493779620828002,1.10304690856232,0,52.291602338823,0,0.941921429700846,0
M26004_20260318_cell#50,1,0,0,0,0.0573194709061401,0.0569334364731145,0.993265212903697,1,0,0,0.978475034343873,0
M26004_20260318_cell#51,1,1,1,1,0.124339627199021,0.170721425736376,1.37302507319823,0,265.513924775259,0,0.991259655954213,0
M26004_20260318_cell#52,1,1,1,1,0.067303982670706,0.0834663812837196,1.24014030034583,0,53.107668067576,0,0.993356451740995,0
M26004_20260318_cell#53,1,0,0,0,0.0626075291096104,0.0620844205106796,0.991644637532093,1,0,0,0.997160394276468,0
M26004_20260318_cell#54,1,1,1,1,0.381069451360098,0.414753147494325,1.08839253845724,0,81.8768814468299,0,1.00191627695487,0
M26004_20260318_cell#55,1,1,1,1,0.0919948694132194,0.0962268273027806,1.04600210768877,0,27.3933895460677,0,1.00396994873466,0
M26004_20260318_cell#56,1,1,1,1,0.10097358694486,0.103081925514373,1.0208800997697,3.12727621576414e-12,27.4909137080987,0,0.994282810176536,0
M26004_20260318_cell#57,1,0,0,0,0.0251794591040806,0.023462484963186,0.931810523260351,1,0,0,0.981633831067498,0
M26004_20260318_cell#58,1,1,1,1,0.0390812008530251,0.0600629867957421,1.53687669479821,0,56.5112709288438,0,0.976753785311506,0
M26004_20260318_cell#59,1,1,1,1,0.0544733126336948,0.0634347861803975,1.1645112645703,0,38.8487576799113,0,0.981808803009287,0
M26004_20260318_cell#60,1,1,1,1,0.00403405505094686,0.00645468174784424,1.60004800785483,0,26.5351302330473,0,0.931305279148953,0
M26004_20260318_cell#61,1,1,1,1,0.0192305203851414,0.0232114241488654,1.20700967441317,0,33.4571712126053,0,0.932109997579989,0
M26004_20260318_cell#62,1,0,0,0,0.077652788475638,0.0778836304535042,1.00297274550467,1,0,0,0.99912277944897,0
M26004_20260318_cell#63,1,1,1,1,0.023280327476543,0.0276096050813295,1.185962916937,0,30.4840603545126,0,0.900383798793806,0
M26004_20260318_cell#64,1,1,1,1,0.0223029763026707,0.0284708125604231,1.27654767570254,0,33.8833263000175,0,0.964394572360381,0
M26004_20260318_cell#65,1,1,1,1,0.0368141380611488,0.0609531668879773,1.6556999592584,0,79.2952833209317,0,0.995502593475258,0
M26004_20260318_cell#66,1,0,0,0,0.0411358792894547,0.0402744394161958,0.979058673641145,1,0,0,0.991743269301784,0
M26004_20260318_cell#67,1,1,1,1,0.217269184403207,0.221201463721815,1.01809865181484,0,48.1490374721454,0,1.00130244672105,0
M26004_20260318_cell#68,1,1,1,1,0.0423109137030881,0.0474246646065914,1.12086127327309,0,76.2647356408084,0,0.955131702077589,0
M26004_20260318_cell#69,1,1,1,1,0.144465426839611,0.15234730347315,1.05455891285525,0,92.4716136185178,0,0.994985628328389,0
M26004_20260318_cell#70,1,1,1,1,0.0503317256119718,0.0670356317342588,1.3318762851698,0,69.6801670090336,0,0.995359521166781,0
M26004_20260318_cell#71,0,0,0,0,0.0255805611877309,0.0249921662581053,0.976998357256219,1,0,1,0.919377282149845,0
M26004_20260318_cell#72,1,1,1,1,0.0679405719868267,0.0820916294899903,1.20828581640301,0,42.3785312013188,0,1.01524846699423,1
M26004_20260318_cell#73,1,0,0,0,0.0748434978829853,0.0692112999708899,0.92474699778328,1,0,0,0.968136052334894,0
M26004_20260318_cell#74,1,1,1,1,0.0235471552729882,0.0302977155359864,1.28668262406806,0,69.7189884289142,0,0.951650044852852,0
M26004_20260318_cell#75,1,0,0,0,0.0538373925164298,0.0489161573623131,0.908590759617214,1,0,0.00108688836706627,0.930037019374873,0
M26004_20260318_cell#76,1,1,1,1,0.0578879704957596,0.0676683416229634,1.16895342924348,0,101.465271743769,0,0.969363981228318,0
M26004_20260318_cell#77,1,1,1,1,0.0291968479372955,0.0309433399113673,1.05981782615105,4.79019712784634e-10,16.407546934571,0,0.966761350801732,0
M26004_20260318_cell#78,1,1,1,1,0.0473620134149885,0.0529560364452173,1.11811201903968,0,44.7009621860031,0,0.985618956924232,0
M26004_20260318_cell#79,1,1,1,1,0.0187715944952337,0.0256465954726207,1.36624491218008,0,35.235549301302,0,0.958144121819696,0
M26004_20260318_cell#80,1,0,0,0,0.0408620157684738,0.0409161724341652,1.00132535472548,1,0,0,0.986667004917809,0
M26004_20260318_cell#81,1,1,1,1,0.0403817403715536,0.0588139129415734,1.45644819664593,0,170.100350152279,0,0.985150030072843,0
M26004_20260318_cell#82,1,0,0,0,0.0489472242169842,0.0463405135404498,0.946744463690551,1,0,0,0.978900184659846,0
M26004_20260318_cell#83,1,0,1,0,0.0140826070840212,0.0147992089705797,1.05088559826196,1,0,7.00713009094134e-06,0.863465881044892,0
M26004_20260318_cell#84,0,0,0,0,0.0579943008898887,0.0579515754782717,0.999263282581885,0.999999999999908,0,0,0.898023781761894,0
M26004_20260318_cell#85,0,1,1,0,0.0184500007109825,0.0199449983564061,1.08102967955625,0,11.747809553141,0.999995495655351,NaN,0
M26004_20260318_cell#86,1,1,1,1,0.0168693273159642,0.0221253954201299,1.31157544137469,0,36.0345523141821,0,0.898888861790701,0
M26004_20260318_cell#87,1,1,1,1,0.0767133843979783,0.0929135194083177,1.21117742539288,0,77.142008739163,0,0.935554728794879,0
M26004_20260318_cell#88,1,1,1,1,0.0192852602063012,0.0235902972103548,1.22322939685548,0,40.0818446630826,0,0.945981688433334,0
M26004_20260318_cell#89,0,0,0,0,0.0230446409392357,0.0220456437909093,0.956649480850641,1,0,1,1.00328956272213,0
M26004_20260318_cell#90,1,0,0,0,0.0300223267983541,0.0304016429134042,1.01263446759466,0.991669613547887,0,0,0.955982295197928,0
M26004_20260318_cell#91,1,1,1,1,0.0237289555086987,0.0266635765398583,1.1236725750564,0,31.0496025860713,0,0.951883137869054,0
M26004_20260318_cell#92,1,0,0,0,0.0107146053968542,0.0108714388399181,1.01463735128406,1,0,0,0.884239726238564,0
M26004_20260318_cell#93,0,0,0,0,0.00541746397839562,0.00546347302970656,1.00849272860778,1,0,0.758369397170257,0.915265090915957,0
M26004_20260318_cell#94,1,0,0,0,0.00963948287610226,0.00944582710257866,0.979910149121827,1,0,0,1.16856453851111,1
M26004_20260318_cell#95,1,0,0,0,0.016435540320581,0.0165332192864549,1.00594315513628,1,0,0,0.951085878932905,0
M26004_20260318_cell#96,1,1,1,1,0.00847969157228599,0.0101802926194561,1.20054987055522,0.00091336229352601,30.516223211564,0,0.92046787455034,0
M26004_20260318_cell#97,1,1,1,1,0.0346299659435203,0.0497204089760005,1.43576257213455,0,51.6411355736968,0,0.989908242501191,0
M26004_20260318_cell#98,1,0,0,0,0.0386350744186346,0.0366537873131063,0.94871791667696,1,0,0,0.981344499999793,0
M26004_20260318_cell#99,1,1,1,1,0.0487935771857274,0.0574584750460057,1.17758275494532,0,41.3057546368865,0,0.935519285589416,0
M26004_20260318_cell#100,1,1,1,1,0.0486077093960168,0.0568710060021397,1.16999971216089,0,89.6920024520062,0,0.993562244350125,0
M26004_20260318_cell#101,1,0,1,0,0.0175727475118126,0.0178798406936274,1.01747553600303,0.999999996988453,0,0,0.925341231418608,0
M26004_20260318_cell#102,1,1,1,1,0.00876824861978245,0.0116888798932604,1.33309174957569,0,34.5870605211784,0,0.976410647281445,0
M26004_20260318_cell#103,1,0,0,0,0.0678991844789344,0.0680789696199468,1.00264782474771,0.223048371939746,0,0,0.974646427683378,0
M26004_20260318_cell#104,1,1,1,1,0.0117147528697163,0.0308869433566396,2.63658514184154,0,66.1184886376765,0,1.0150123694661,0
M26004_20260318_cell#105,1,0,0,0,0.0143077218343949,0.0142901925198914,0.998774835385648,1,0,0,0.954269299711042,0
M26004_20260318_cell#106,1,1,1,1,0.0104899034568966,0.0115561944267264,1.10164926438182,6.59561779747797e-07,26.5196646186817,0,0.900918775136474,0
M26004_20260318_cell#107,1,1,1,1,0.0305911930270853,0.0326489516025685,1.0672663721765,1.06940833966007e-09,45.4039416211589,0,1.01517747918729,1
M26004_20260318_cell#108,0,0,0,0,0.0219189260661828,0.0182923860551907,0.834547550366198,1,0,0.999927663226619,0.92491688669259,0
M26004_20260318_cell#109,1,1,1,1,0.035184390117465,0.0410840351146757,1.16767790993433,0,26.6622081774834,0,1.00441312793079,0
M26004_20260318_cell#110,1,1,1,1,0.168438872164656,0.184573674225556,1.09579025229477,0,60.9263749667086,0,1.00470285291358,0
M26004_20260318_cell#111,1,1,1,1,0.0553092885389489,0.060664407003949,1.09682132253842,0,25.8935557353545,0,0.984477083865407,0
M26004_20260318_cell#112,1,1,1,1,0.0138476696575057,0.0165885866745406,1.19793344908031,0,28.1035219611887,0,0.969182588456416,0
M26004_20260318_cell#113,1,0,0,0,0.048651758529414,0.0462702167468104,0.951049214774759,1,0,0,0.956287717851224,0
M26004_20260318_cell#114,1,1,1,1,0.0628179473526787,0.0762436441175914,1.21372390106185,0,124.646979299081,0,0.99992159088314,0
M26004_20260318_cell#115,1,1,1,1,0.110169314967744,0.111871134728349,1.01544731181366,0,60.5817575147491,0,0.992557034632471,0
M26004_20260318_cell#116,1,1,1,1,0.0526068729642557,0.0717308109527785,1.36352546560821,0,65.7828419344334,0,1.00134986752149,0
M26004_20260318_cell#117,1,0,1,0,0.0557205882988342,0.0570668887933892,1.02416163460685,1,0,0,0.957791219021107,0
M26004_20260318_cell#118,1,1,1,1,0.0354555861448247,0.0406676387382855,1.14700229668102,0,60.6052908314494,0,0.972214888473935,0
M26004_20260318_cell#119,1,1,1,1,0.0424690429246056,0.0486721525872418,1.1460619132305,0,32.7827868216172,0,1.00142742811491,0
M26004_20260318_cell#120,1,1,1,1,0.0412299337707233,0.0533105750967891,1.29300656637591,0,79.6354141451577,0,0.977204566930768,0
M26004_20260318_cell#121,1,0,0,0,0.0102333827726203,0.0100570906392792,0.982772838927433,0.999998412612511,0,8.6299510870802e-09,0.93930214809581,0
M26004_20260318_cell#122,1,1,1,1,0.043918886304382,0.050880167787319,1.15850314224025,0,44.4947982384458,0,1.000510589606,0
M26004_20260318_cell#123,1,1,1,1,0.0155360628474331,0.0188253108625296,1.21171696120166,0,34.186191311379,0,0.939605573648329,0
M26004_20260318_cell#124,1,1,1,1,0.101678398489928,0.126806850713852,1.24713658551982,0,151.032283497281,0,0.982132539533893,0
M26004_20260318_cell#125,1,0,0,0,0.00605901339099167,0.00540748794022615,0.89247004277393,1,0,0,0.275451430014539,0
M26004_20260318_cell#126,1,0,0,0,0.068158021230438,0.0677443423964535,0.993930592078284,1,0,0,1.04098167664167,1
M26004_20260318_cell#127,1,1,1,1,0.0187786211441391,0.0206267385082685,1.09841603118481,4.44089209850063e-16,14.8560597813946,0,0.89290560542171,0
M26004_20260318_cell#128,1,1,1,1,0.0643387946393424,0.0823159879759926,1.27941451868073,0,44.1731055037872,0,0.957726821184569,0
M26004_20260318_cell#129,1,1,1,1,0.0291103933764887,0.0341514998243368,1.17317204830078,0,54.2509711242512,0,0.941624980776568,0
M26004_20260318_cell#130,1,1,1,1,0.0623284275931492,0.0688967389003565,1.10538227195594,0,41.5810322603651,0,0.974593731546842,0
M26004_20260318_cell#131,1,1,1,1,0.0250903510242855,0.0325669553292668,1.29798723412616,0,47.2576979067628,0,0.975317040464721,0
M26004_20260318_cell#132,1,1,1,1,0.0531655649815426,0.0707921783605921,1.33154191787803,0,91.7017810528497,0,0.995657433030178,0
M26004_20260318_cell#133,1,0,0,0,0.0165023581152193,0.0164594240669048,0.99739830828935,1,0,0,1.01617560786266,0
M26004_20260318_cell#134,1,0,1,0,0.0190519848216088,0.0195499317130226,1.02613622129538,0.053266778583098,0,0,0.944057583180206,0
M26004_20260318_cell#135,1,1,1,1,0.00944280072162509,0.0114481421169775,1.21236722604555,5.53737944386512e-10,13.6833510061103,0,0.812371309431895,0
M26004_20260318_cell#136,1,0,0,0,0.00935028954835053,0.0093386141872616,0.998751336947529,1,0,0,0.411258704008751,0
M26004_20260318_cell#137,1,1,1,1,0.0147378003964873,0.0180781032516145,1.22664866976509,7.105427357601e-15,27.0659578950497,0,0.887058307593736,0
M26004_20260318_cell#138,1,1,1,1,0.0260768135923558,0.0397410188002581,1.52399826993846,0,96.3558838200241,0,0.982502333636358,0
M26004_20260318_cell#139,1,1,1,1,0.0641144941876007,0.0700584429605084,1.09270834696934,0,102.03428716725,0,0.997395683459209,0
M26004_20260318_cell#140,1,1,1,1,0.0597261269053531,0.0695820369116906,1.16501840177844,0,47.473156234794,0,0.994978061801974,0
M26004_20260318_cell#141,1,1,1,1,0.0179350954976976,0.0217108005208969,1.21052048614316,0,29.0923332219199,0,1.02049557407266,0
M26004_20260318_cell#142,1,1,1,1,0.0787409469802391,0.112072749288776,1.42330964494117,0,73.4726815002361,0,0.994294214129249,0
M26004_20260318_cell#143,1,1,1,1,0.0197002669693901,0.0277520285769787,1.40871332455033,0,38.9763632302606,0,0.95593359192686,0
M26004_20260318_cell#144,1,1,1,1,0.053696602247905,0.0597980159014886,1.1136275555279,0,31.3753624306325,0,0.99543548939354,0
M26004_20260318_cell#145,1,0,0,0,0.0173606129658123,0.0175093104942955,1.00856522340403,1,0,0,0.855690848168913,0
M26004_20260318_cell#146,1,0,0,0,0.0162183787600064,0.0158336081230721,0.976275641195213,1,0,0,0.948708744492507,0
M26004_20260318_cell#147,1,1,1,1,0.0933815273117658,0.120113023836544,1.28626107640681,0,81.2531194517989,0,0.960430459998798,0
M26004_20260318_cell#148,1,0,0,0,0.0599767913747376,0.057995044636181,0.96695810674208,1,0,0,0.978198852522014,0
M26004_20260318_cell#149,1,0,0,0,0.00968456698874496,0.00963404861930531,0.99478362125035,1,0,0,1.02685295292467,0
M26004_20260318_cell#150,1,1,1,1,0.0914572654949572,0.111733694191021,1.22170385902454,0,103.414965050536,0,1.00872875772406,0
M26004_20260318_cell#151,0,0,1,0,0.0137465537493904,0.0144208250586026,1.04905020716499,1,0,0.452967231662597,0.972005574197297,0
M26004_20260318_cell#152,1,1,1,1,0.0210246642913394,0.0219782663376611,1.04535635067022,0.000298503899309743,34.5142984377622,0,0.995221529231979,0
M26004_20260318_cell#153,1,0,1,0,0.0139353128028752,0.0142945546484926,1.02577924519522,1,0,0,0.901327599376569,0
M26004_20260318_cell#154,1,1,1,1,0.104662274083318,0.116852053406439,1.11646774761856,0,79.3615048762067,0,0.99013694524064,0
M26004_20260318_cell#155,0,0,0,0,0.00840216521905413,0.00797075832217994,0.948655270918042,1,0,1,0.987147089085883,0
M26004_20260318_cell#156,1,1,1,1,0.0276416088574792,0.0323771352633601,1.17131876911714,0,29.8335585251624,0,0.967942754391242,0
M26004_20260318_cell#157,1,1,1,1,0.0351643068899926,0.0401212343253172,1.1409647416294,0,45.2668572361988,0,0.97632471206325,0
M26004_20260318_cell#158,1,1,1,1,0.0706175035951651,0.0844112103891529,1.195329855797,0,55.8985358484352,0,0.971620888129831,0
M26004_20260318_cell#159,1,0,1,0,0.0220703311829388,0.0229854492936678,1.04146372354559,0.996058381315666,0,0,0.966650633609124,0
M26004_20260318_cell#160,1,1,1,1,0.0850516384694709,0.0908459542066223,1.06812703248781,0,86.044487116375,0,0.998665425641777,0
M26004_20260318_cell#161,0,0,0,0,0.0317122805354885,0.028774213094573,0.907352376073125,1,0,1,0.990026639788031,0
M26004_20260318_cell#162,1,1,1,1,0.0535181361590894,0.0580377140455631,1.08444946350595,0,43.6273338975127,0,0.974444600731898,0
M26004_20260318_cell#163,1,1,1,1,0.0124031351172682,0.0165246837507525,1.33229893849548,0,23.1834684413912,0,0.934853584910661,0
M26004_20260318_cell#164,1,1,1,1,0.0275142165598226,0.0409026929513147,1.48660213029807,0,90.0026017041775,0,1.01441026940126,0
M26004_20260318_cell#165,1,1,1,1,0.0580230200711119,0.0700998397552528,1.20813841936079,0,76.5420087298194,0,0.957746119196672,0
M26004_20260318_cell#166,1,1,1,1,0.00497549428723088,0.00900983086629637,1.81084136493116,0,24.5461693665944,0,0.958894660265145,0
M26004_20260318_cell#167,1,1,1,1,0.0273660251119031,0.0306438385322977,1.11977674532532,0,33.5777858443082,0,1.0040217310727,0
M26004_20260318_cell#168,1,1,1,1,0.0682705089487868,0.0715437704280378,1.04794546766462,0,28.6279229050929,0,0.980141073615691,0
M26004_20260318_cell#169,1,1,1,1,0.0213272514521676,0.0269128076771863,1.2618976119612,0,85.1157369002612,0,0.95986862764034,0
M26004_20260318_cell#170,1,1,1,1,0.0105132991356733,0.0158025824454371,1.50310404388823,0,46.3257796049259,0,0.960557317373045,0
M26004_20260318_cell#171,1,1,1,1,0.0149175093205671,0.026328147094457,1.76491574623371,0,40.5669663939199,0,1.02299868838059,1
M26004_20260318_cell#172,1,1,1,1,0.0638271351195137,0.0804395950699148,1.26027268683288,0,62.267305460079,0,0.983506161626401,0
M26004_20260318_cell#173,1,1,1,1,0.0941400214707833,0.103164837015962,1.09586587515257,0,49.2053795546903,0,1.14789441238623,1
M26004_20260318_cell#174,1,1,1,1,0.0396090036982451,0.0437376300546635,1.10423454192061,0,25.909272622295,0,0.970813770854886,0
M26004_20260318_cell#175,0,0,0,0,0.0126156165248352,0.0126353141086653,1.00156136513751,1,0,1,0.94808526005442,0
M26004_20260318_cell#176,1,1,1,1,0.0464187627502688,0.0483959816074809,1.04259525114552,0,27.5952748882443,0,0.962645507955611,0
M26004_20260318_cell#177,1,0,0,0,0.0375333937889365,0.0370487006983397,0.987086350535676,1,0,0,0.984813843314555,0
M26004_20260318_cell#178,1,1,1,1,0.0326978273305046,0.0395160502359846,1.20852220046801,0,54.3968848237841,0,0.992370568391752,0
M26004_20260318_cell#179,1,1,1,1,0.0510926591331234,0.0643774727793637,1.26001413650494,0,54.6375554753275,0,0.993368739087992,0
M26004_20260318_cell#180,1,1,1,1,0.0235014267751991,0.0246235745527627,1.04774807028941,0.000661311234487538,28.7475700739962,0,0.979906399637204,0
M26004_20260318_cell#181,1,0,0,0,0.0180236290372611,0.0173262020843945,0.961304854231923,1,0,0,0.950123174882637,0
M26004_20260318_cell#182,1,0,0,0,0.0596361985902884,0.0562751301291415,0.943640464338815,1,0,0,0.990351916619481,0
M26004_20260318_cell#183,1,1,1,1,0.102835923221033,0.108445409455052,1.05454792506664,0,29.7650797133069,0,0.987923488383573,0
M26004_20260318_cell#184,1,1,1,1,0.111732902267197,0.113419215653377,1.01509236180178,6.86561918428197e-12,27.3171928045291,0,0.991239346772653,0
M26004_20260318_cell#185,1,1,1,1,0.0517438295634393,0.070281318594039,1.3582550651353,0,37.5106787172919,0,0.979552096525973,0
M26004_20260318_cell#186,1,1,1,1,0.0494140482838917,0.0614645286098708,1.24386749809987,0,93.2145615052505,0,1.01053961841812,0
M26004_20260318_cell#187,1,1,1,1,0.0736635172221706,0.0852559772748438,1.15737043912403,0,59.6205379663529,0,0.99769290063476,0
M26004_20260318_cell#188,1,1,1,1,0.100551322418376,0.103687788209298,1.03119268564039,0,51.289386495792,0,0.996832311404937,0
M26004_20260318_cell#189,1,0,1,0,0.0350246925231917,0.0369013666857963,1.05358146003314,0.64351708704376,0,0,0.983653881954406,0
M26004_20260318_cell#190,1,1,1,1,0.0295244486202466,0.0391151494807426,1.32483928773251,0,47.3593107981453,0,0.989345433094267,0
M26004_20260318_cell#191,1,1,1,1,0.0813605682300018,0.0843168491878353,1.03633554954381,0,56.7766726414462,0,0.998202203669027,0
M26004_20260318_cell#192,1,0,0,0,0.0478202883841055,0.0482854725184612,1.00972775677594,0.999015384961152,0,0,0.96974704979937,0
M26004_20260318_cell#193,1,1,1,1,0.00966456509208271,0.0114151547091237,1.18113485711583,2.02811755167787e-08,26.701065241638,0,0.856924077292334,0
M26004_20260318_cell#194,1,1,1,1,0.015073876524174,0.0169416489231443,1.12390790092879,2.12036892899281e-06,35.2641019822715,0,0.954853160599394,0
M26004_20260318_cell#195,1,1,1,1,0.0182446406393829,0.0260559124381314,1.42814062239664,0,37.7018531403499,0.0087809568675441,0.970015529014455,0
M26004_20260318_cell#196,1,1,1,1,0.0280983235050024,0.0388834595763533,1.38383557187783,0,80.2863142901862,0,0.976650108091084,0
M26004_20260318_cell#197,1,1,1,1,0.0382310487972123,0.0472152704542306,1.23499804320496,0,52.7819748528165,0,0.940075528099353,0
M26004_20260318_cell#198,1,1,1,1,0.0293546974550384,0.0316646284273839,1.07869033485641,0,23.8949372650779,0,0.994769570414138,0
M26004_20260318_cell#199,1,1,1,1,0.0557055507330894,0.0737714601140516,1.32431075796242,0,103.196619921355,0,1.00318005086878,0
M26004_20260318_cell#200,1,0,0,0,0.0236265924147238,0.0229005738250328,0.969271125647451,1,0,0,0.824223032332226,0
M26004_20260318_cell#201,1,1,1,1,0.009978006449359,0.0135309817710736,1.35608068001829,0,29.0984053095318,0,0.891213791318851,0
M26004_20260318_cell#202,1,0,0,0,0.0431771905478496,0.0425525933445278,0.985534093455442,0.999666035305927,0,0,0.984573904032452,0
M26004_20260318_cell#203,1,0,1,0,0.0429601749883158,0.0436533030048106,1.0161341990968,1,0,0,0.976136478416034,0
M26004_20260318_cell#204,0,0,1,0,0.0205443290922962,0.0210811119355174,1.0261280298232,0.999926079045399,0,1,0.940176615385299,0
M26004_20260318_cell#205,1,1,1,1,0.060922933106003,0.0667482024942059,1.0956170212302,0,28.8808339461585,0,0.90504054872376,0
M26004_20260318_cell#206,1,0,1,0,0.0288045971902976,0.0294122380390965,1.02109527325741,0.446987882101168,0,0,0.947889969634651,0
M26004_20260318_cell#207,1,0,0,0,0.0312376258935325,0.0315251047256909,1.00920296674076,1,0,0,0.959477911126854,0
M26004_20260318_cell#208,1,1,1,1,0.0616373881556734,0.0682735246049952,1.10766414100094,0,67.0709388137903,0,0.99603466210125,0
M26004_20260318_cell#209,1,1,1,1,0.00421838703470322,0.0061159941382979,1.44984186798976,0,14.824660496624,0,1.2682683744655,1
M26004_20260318_cell#210,1,0,1,0,0.0425285094977435,0.043543313568516,1.02386173610966,0.999999999999941,0,0,0.959707862714141,0
M26004_20260318_cell#211,1,0,0,0,0.045302185208622,0.0452539082166083,0.998934334143233,0.995805139261294,0,0,0.90827525140686,0
M26004_20260318_cell#212,1,0,1,0,0.0309280681704737,0.0319531626710185,1.03314447235743,0.155037676244285,0,0,1.02108111795332,1
M26004_20260318_cell#213,1,1,1,1,0.0185799881199724,0.0237962763866326,1.28074766425997,0,52.4413397970023,0,0.945030546692756,0
M26004_20260318_cell#214,1,1,1,1,0.0440714820923559,0.0460988127676282,1.04600096432028,4.44089209850063e-15,34.0771902755124,0,1.00732353830088,0
M26004_20260318_cell#215,1,1,1,1,0.0391524626930713,0.0422080131868772,1.07804235758449,0,39.2425551846887,0,0.972812900105673,0
M26004_20260318_cell#216,1,1,1,1,0.0189101598702463,0.0200554596216458,1.06056531299884,5.67525617378717e-06,17.2222080141322,1.54938939456173e-09,0.979436536055268,0
M26004_20260318_cell#217,1,0,1,0,0.012534300082413,0.0129888047419799,1.03626087269162,0.999999206216993,0,0,0.828414990732757,0
M26004_20260318_cell#218,1,1,1,1,0.0987375155309338,0.134331739421865,1.36049341225099,0,226.555703480917,0,1.00817568974287,0
M26004_20260318_cell#219,1,1,1,1,0.0963049398421546,0.0993281781677353,1.03139234945306,0,49.7575350067285,0,0.980080650068838,0
M26004_20260318_cell#220,1,1,1,1,0.0282100162964262,0.0330591327184452,1.17189342859874,0,33.7514894054717,0,0.976992755145771,0
M26004_20260318_cell#221,1,0,1,0,0.017033184017923,0.0179179733689934,1.05194503565155,0.744855197807046,0,0,0.987084997465745,0
M26004_20260318_cell#222,0,0,0,0,0.0124001640405884,0.00076143186412268,0.0614049831623478,1,0,1,1.04205132975729,1
M26004_20260318_cell#223,1,0,1,0,0.0263344903280407,0.0267672544834838,1.01643335982783,0.999999991461977,0,0,0.968851092516775,0
M26004_20260318_cell#224,1,0,0,0,0.0403674672325651,0.0392746882215583,0.972929215382498,1,0,0,0.981707617460476,0
M26004_20260318_cell#225,1,1,1,1,0.0245892606577864,0.0350954537206068,1.42726754614696,0,48.6714514015139,0,1.00051221413459,0
M26004_20260318_cell#226,1,1,1,1,0.0105067278127173,0.0129303474263867,1.23067311315859,0,26.3717662798843,0,0.959489783006748,0
M26004_20260318_cell#227,1,1,1,1,0.0153829672173177,0.0224334035566432,1.45832746307801,0,31.3966706598766,0,0.94969785496866,0
M26004_20260318_cell#228,1,1,1,1,0.0263026667650033,0.0471993413617058,1.79446980731651,0,77.7459021069535,0,0.969938290873996,0
M26004_20260318_cell#229,1,0,0,0,0.0196589296476205,0.0194704933667859,0.990414723272715,1,0,0,0.959920859850524,0
M26004_20260318_cell#230,1,0,1,0,0.0102954502710765,0.0107759418666343,1.04667028472835,0.999879018831687,0,0,0.946474110611991,0
M26004_20260318_cell#231,1,1,1,1,0.100545653175078,0.102813667819396,1.0225570631121,0,27.1405390389303,0,0.99631409482978,0
M26004_20260318_cell#232,1,1,1,1,0.026346507508377,0.0380195676576501,1.44305910927897,0,44.8937523719416,0,0.975580333931508,0
M26004_20260318_cell#233,1,0,0,0,0.0288907988704927,0.0288362917326748,0.998113339196253,1,0,0,0.980491668692045,0
M26004_20260318_cell#234,1,1,1,1,0.0157863869354366,0.0203913429904609,1.29170424327351,0,32.5361786145218,0,1.04350487752071,1
M26004_20260318_cell#235,1,1,1,1,0.0314251090886304,0.0379682885524564,1.20821501193112,0,35.6632172042866,0,1.00347615994896,0
M26004_20260318_cell#236,1,1,1,1,0.142778382959031,0.154468429319229,1.08187546404383,0,47.248808133898,0,1.01520844989088,1
M26004_20260318_cell#237,1,1,1,1,0.0390888402582231,0.0463316116632429,1.18529000495214,0,24.6389251231844,0,0.940221188924873,0
M26004_20260318_cell#238,1,1,1,1,0.0381794652085343,0.0417393209994373,1.09324006429789,0,23.5257443486271,0,0.991563286241202,0
M26004_20260318_cell#239,1,1,1,1,0.0301728684684361,0.0349020910332121,1.15673758594491,0,29.4103752843559,0,0.970978409453112,0
M26004_20260318_cell#240,1,1,1,1,0.0313402250955192,0.0327395169041442,1.04464842879591,2.36004811480228e-05,19.2531575789738,0,0.948251804448639,0
M26004_20260318_cell#241,1,1,1,1,0.162478512495753,0.174953096997499,1.07677682611768,0,101.296486449731,0,0.984144508371853,0
M26004_20260318_cell#242,1,0,0,0,0.0221831384436458,0.0216902794374554,0.977782268841607,0.999652267915555,0,0,0.941841571825022,0
M26004_20260318_cell#243,1,1,1,1,0.0714734350670256,0.0800313925306629,1.11973619926917,0,73.3624510459658,0,0.988328491406764,0
M26004_20260318_cell#244,1,1,1,1,0.0698077613500633,0.0839586622644398,1.20271242968836,0,113.071530300227,0,1.03548456536302,1
M26004_20260318_cell#245,1,1,1,1,0.0375917725600306,0.0462932879215036,1.2314739308336,0,53.4851873791454,0,0.988697275901458,0
M26004_20260318_cell#246,1,1,0,0,0.0971480255004999,0.0984365931309883,1.01326396109288,9.64634265578912e-05,32.4348393267917,0,NaN,0
M26004_20260318_cell#247,1,1,1,1,0.0374278635505198,0.0483568397814712,1.29200107070497,0,49.9617540892276,0,0.974111494358567,0
M26004_20260318_cell#248,1,1,1,1,0.0411631519581839,0.0439077016966129,1.06667491695527,1.34648958649564e-11,70.3923037507654,0,0.912545994532249,0
M26004_20260318_cell#249,1,1,1,1,0.0843308571176036,0.08983040134313,1.0652139016903,0,40.3169209900186,0,1.00206560708036,0
M26004_20260318_cell#250,1,1,1,1,0.0212111469694014,0.0285611500148108,1.34651605856167,0,54.1274001774335,0,0.967386757343067,0
M26004_20260318_cell#251,1,1,0,0,0.0797676679881076,0.0808602900307235,1.01369755528993,0,78.8735896514773,0,NaN,0
M26004_20260318_cell#252,1,1,1,1,0.104224896353567,0.131142591906991,1.2582655056054,0,111.072787344755,0,1.0023574507839,0
M26004_20260318_cell#253,1,1,1,1,0.0465582663028423,0.0547363918128083,1.17565356615237,0,49.7865563287646,0,0.928223651909981,0
M26004_20260318_cell#254,1,1,1,1,0.127571928427222,0.138221712112634,1.08348062004478,0,34.764324929718,0,0.991920798310529,0
M26004_20260318_cell#255,1,0,0,0,0.0154599878260569,0.0153101693169872,0.990309273800518,0.999622217123919,0,0,1.01966174417159,0
M26004_20260318_cell#256,1,1,1,1,0.0262137687303603,0.0332602334425488,1.26880776986589,0,41.2525112852758,0,0.892595398931209,0
M26004_20260318_cell#257,1,1,1,1,0.0545874145224712,0.0631733869719534,1.15728849817475,0,60.41680981065,0,0.997740446450233,0
M26004_20260318_cell#258,0,0,0,0,0.00148263421950156,0.00135569162412178,0.914380368596604,0.979374007612759,NaN,1,60530.9211067318,1
M26004_20260318_cell#259,1,1,1,1,0.0549287713607637,0.065777933451812,1.19751328533807,0,37.2224558838526,0,0.979864540778744,0
M26004_20260318_cell#260,1,1,1,1,0.324611101934552,0.330795662830302,1.01905221620238,0,56.2018147683766,0,0.994669520119912,0
M26004_20260318_cell#261,1,1,1,1,0.0451102189745904,0.0516158992145168,1.14421743870476,0,31.4747778606334,0,0.977837926545996,0
M26004_20260318_cell#262,1,1,1,1,0.0376655321703466,0.0433563778620406,1.15108894959871,0,27.3671418944433,0,1.00235470974228,0
M26004_20260318_cell#263,1,1,1,1,0.123852152873631,0.126418682748404,1.02072252936444,0,39.3643032307301,0,0.988318034493072,0
M26004_20260318_cell#264,1,1,1,1,0.0463681153709942,0.0507136925728018,1.09371908189579,0,76.2853681742686,0,0.876796828640656,0
M26004_20260318_cell#265,1,1,1,1,0.0693718130107778,0.0760319640387076,1.09600658738579,0,34.614650286505,0,1.00687670551794,0
M26004_20260318_cell#266,1,1,1,1,0.156888604440284,0.16408356007694,1.04586028196455,0,41.33093211714,0,0.999417216348842,0
M26004_20260318_cell#267,1,1,1,1,0.0723801001293171,0.0793808860763823,1.09672252365716,0,79.330200431404,0,0.974025569752491,0
M26004_20260318_cell#268,1,1,1,1,0.0446361946169318,0.0478551321370525,1.07211496292965,0,33.7948405928266,0,0.985762222437264,0
M26004_20260318_cell#269,1,1,1,1,0.0133250683660554,0.0141029513197559,1.05837740808011,0.00164120647355681,14.0983530771007,0,0.986604154706509,0
M26004_20260318_cell#270,1,1,1,1,0.0153435237431415,0.0170683829010209,1.11241610380734,1.49074230737511e-09,22.8404288603503,0,1.48961347526923,1
M26004_20260318_cell#271,1,0,0,0,0.0453075242696842,0.0396595520805081,0.875341407851868,1,0,0,0.990829354850014,0
M26004_20260318_cell#272,1,1,1,1,0.0211427142032419,0.0234389911580079,1.10860842807088,8.66273719424271e-12,29.2214074696893,0,0.945491981105071,0
M26004_20260318_cell#273,0,1,1,0,0.0187434232026811,0.0207043543024369,1.104619688653,3.33066907387547e-15,49.0076370748296,0.467971491027205,NaN,0
M26004_20260318_cell#274,1,1,1,1,0.0136625276524463,0.0184381883426681,1.34954444826809,0,21.983183824924,0,0.911096043570378,0
M26004_20260318_cell#275,1,1,1,1,0.0290966758466811,0.0433424486328282,1.48960138474966,0,116.678357020343,0,1.03842165966147,1
M26004_20260318_cell#276,1,0,0,0,0.0252938937332528,0.0222792863916638,0.880816794227855,1,0,0,0.995486620555104,0
M26004_20260318_cell#277,0,0,0,0,0.0099200190245246,0.00909948007506266,0.917284538725846,1,0,1,0.929577532738143,0
M26004_20260318_cell#278,1,1,1,1,0.0552645427603594,0.0694996406429502,1.25758103064957,0,65.6862305787002,0,0.973637332807889,0
M26004_20260318_cell#279,1,0,0,0,0.0615841433392223,0.0612650922047757,0.994819264876526,1,0,0,0.983402717474266,0
M26004_20260318_cell#280,1,1,1,1,0.0793137544745999,0.0917274475095457,1.15651374868304,0,99.8334627623826,0,0.983011348556618,0
M26004_20260318_cell#281,1,0,0,0,0.0307926386468477,0.0297811100097777,0.967150309894812,1,0,2.1094237467878e-15,0.923020459715706,0
M26004_20260318_cell#282,1,1,1,1,0.0306611720083557,0.032281078323818,1.05283249821699,2.90339549069429e-07,17.2609357063178,0,0.942586838165385,0
M26004_20260318_cell#283,1,1,1,1,0.0226458523999293,0.02582373424159,1.14032953079172,0,47.8438437873268,0,0.984373259003366,0
M26004_20260318_cell#284,1,1,1,1,0.0707936697424575,0.0791083937375728,1.11745010571374,0,52.5909067913427,0,1.01297669288099,0
M26004_20260318_cell#285,1,1,1,1,0.0592427436387697,0.0654897733722242,1.10544801522944,0,61.2211718336034,0,0.991475143701147,0
M26004_20260318_cell#286,1,1,1,1,0.260115409886829,0.322395422232739,1.23943222884414,0,54.688813334039,0,0.982502294460084,0
M26004_20260318_cell#287,1,1,1,1,0.0243644836010347,0.0260613053202048,1.06964324575704,0,47.2159247181593,0,0.847578207896912,0
M26004_20260318_cell#288,1,1,1,1,0.0104514309080592,0.012796184338675,1.22434759902662,0,15.1211857522768,6.66133814775094e-16,0.99019761287632,0
M26004_20260318_cell#289,1,0,0,0,0.048111234904478,0.0479422892809805,0.996488437184517,1,0,0,1.00477193895569,0
M26004_20260318_cell#290,1,0,1,0,0.0119643180289524,0.0132092098654001,1.1040503799243,0.98799665520724,0,0,1.01737545030279,0
M26004_20260318_cell#291,1,1,1,1,0.0321032423457676,0.0338215448453773,1.05352426652432,3.50156570405602e-11,22.4795414929819,0,0.902415863808492,0
M26004_20260318_cell#292,1,1,1,1,0.0315708078813736,0.0367219000555385,1.16315997340074,0,68.2702834555656,0,1.01975031404982,1
M26004_20260318_cell#293,1,1,1,1,0.0807437738506249,0.0942821941062586,1.16767138331532,0,124.996110725054,0,0.983347831805247,0
M26004_20260318_cell#294,1,1,1,1,0.00635756033155339,0.0076846545037229,1.20874267847416,0.00683155821388437,38.8998839621899,0,0.976521331994885,0
M26004_20260318_cell#295,1,1,1,1,0.0192493912262478,0.0257679503144498,1.33863715540851,0,29.6692885455495,0,1.01641470690969,0
M26004_20260318_cell#296,1,1,1,1,0.0232514002313353,0.0285191429983457,1.22655593704465,0,58.8649585617076,0,0.990548992492347,0
M26004_20260318_cell#297,1,1,1,1,0.104775947049691,0.118010113023391,1.12630919926138,0,115.625194535551,0,0.976842367890299,0
M26004_20260318_cell#298,0,0,0,0,0.0562681413645712,0.0522123985455297,0.92792115181549,1,0,1,1.01267083193023,0
M26004_20260318_cell#299,1,1,1,1,0.0512632188420191,0.0616071298288463,1.20178036456713,0,75.0282257031152,0,0.998089307934792,0
M26004_20260318_cell#300,1,0,0,0,0.0577087113712841,0.0574719832512677,0.99589787894425,1,0,0,0.98648644112636,0
M26004_20260318_cell#301,1,1,1,1,0.0725574400350512,0.0744265780030203,1.0257608036759,0,27.4683941802079,0,0.993575373457574,0
M26004_20260318_cell#302,1,1,1,1,0.0375962046642378,0.0417787560978871,1.11124929952379,0,42.8666146487078,0,0.989239224941641,0
M26004_20260318_cell#303,1,0,1,0,0.0108384639365375,0.0116336479191427,1.07336685228287,0.18983072896222,0,0,0.959276706382567,0
M26004_20260318_cell#304,1,1,1,1,0.0884840173042473,0.0956322167423881,1.08078520455917,0,50.8800954968718,0,0.946021670024241,0
M26004_20260318_cell#305,1,0,0,0,0.0130081266466564,0.0128285138579857,0.986192263225171,1,0,0,1.09588659672183,1
M26004_20260318_cell#306,1,0,0,0,0.00795402282053242,0.00748684188811887,0.941264823730757,1,0,6.77125022718883e-12,1.13816039348236,1
M26004_20260318_cell#307,1,1,1,1,0.0426504696662638,0.0454879595222459,1.06652892402323,0,30.6450207617768,0,1.02163737465027,1
M26004_20260318_cell#308,1,1,1,1,0.125748275982324,0.173838959966923,1.3824361297117,0,215.773553539117,0,0.997921058335711,0
M26004_20260318_cell#309,1,1,1,1,0.0339225854421156,0.0371358857905209,1.09472451190044,0,52.9298075490292,0,0.937626402469297,0
M26004_20260318_cell#310,1,0,0,0,0.0345901894468392,0.0346852946709753,1.0027494854945,0.999993348578781,0,0,1.00969915128691,0
M26004_20260318_cell#311,1,1,1,1,0.0167115020796478,0.0262866071860283,1.5729649591488,0,54.4431729429795,0,1.01250066859762,0
M26004_20260318_cell#312,1,1,1,1,0.0912498353701394,0.0987196133971819,1.08186072880836,0,69.8767851780655,0,1.00183354560573,0
M26004_20260318_cell#313,1,1,1,1,0.0887786841743378,0.0991885580783425,1.11725645633092,0,60.1303757296488,0,0.994381836579881,0
M26004_20260318_cell#314,1,1,1,1,0.0325264600886472,0.0379190661240159,1.16579135942466,0,58.3855896274241,0,0.952999214478955,0
M26004_20260318_cell#315,1,1,1,1,0.0664369685391616,0.0787852105883034,1.18586401999759,0,58.3496556020025,0,0.993631842304361,0
M26004_20260318_cell#316,1,0,0,0,0.037603479407106,0.0377673035818835,1.00435662277429,0.999999979887737,0,0,0.962312300584223,0
M26004_20260318_cell#317,1,1,1,1,0.0144694038509172,0.0207634311346953,1.43498870780216,0,37.8127045529153,0,0.955873864422388,0
M26004_20260318_cell#318,1,0,1,0,0.073594424663243,0.074712749680271,1.01519578449244,1,0,0,0.994934870906206,0
M26004_20260318_cell#319,1,0,0,0,0.0521449342604512,0.0519534249897955,0.996327365766745,0.999999996777987,0,0,0.999398053098231,0
M26004_20260318_cell#320,1,1,1,1,0.0185009321975699,0.0226808952571019,1.22593256463482,0,18.8878899603365,0,0.924870557374188,0
M26004_20260318_cell#321,1,1,1,1,0.036068397303974,0.0453913950828123,1.25848106585571,0,35.4351820253461,0,1.0007879274905,0
M26004_20260318_cell#322,1,1,1,1,0.205726671986288,0.209188164257477,1.01682568544841,0,43.5205148194389,0,1.0061664215662,0
M26004_20260318_cell#323,1,1,1,1,0.0466530129664074,0.055267515274725,1.18465050294866,0,57.6953443527337,0,0.959859048455274,0
M26004_20260318_cell#324,1,1,1,1,0.159552668584794,0.165526355447615,1.03744021905623,0,92.8817291430903,0,0.989816818946856,0
M26004_20260318_cell#325,1,1,1,1,0.0383121322323655,0.0405022231574248,1.05716442279371,0,20.3438457189956,0,0.973478615141439,0
M26004_20260318_cell#326,1,1,1,1,0.0531988808970289,0.0717832681197999,1.3493379354867,0,96.5954503632459,0,0.985619642637343,0
M26004_20260318_cell#327,1,1,1,1,0.0438976928593709,0.0543623624738196,1.23838769039578,0,44.1066675481561,0,1.00462288773572,0
M26004_20260318_cell#328,1,0,0,0,0.101275193323068,0.0990342749275669,0.977872978347691,1,0,0,0.970686063034473,0
M26004_20260318_cell#329,1,1,1,1,0.0364938233142801,0.0382783730821616,1.04890004953751,0,44.7171913699602,0,0.947179014181851,0
M26004_20260318_cell#330,0,1,1,0,0.0239478511033836,0.0284222052503957,1.18683739629482,0,41.6576869577677,1,NaN,0
M26004_20260318_cell#331,1,1,1,1,0.0297602091661567,0.0346531023890362,1.16441057909108,0,48.0926070957526,9.74347964362021e-05,0.97384919202144,0
M26004_20260318_cell#332,1,1,1,1,0.0487069431239127,0.0505082076658239,1.03698167912794,1.92878816396291e-06,24.3702530816745,0,0.98564849889707,0
M26004_20260318_cell#333,1,0,0,0,0.0415447534013617,0.0392058366842233,0.943701273310201,1,0,0,0.932731726225961,0
M26004_20260318_cell#334,1,0,0,0,0.0560780846900265,0.0556036146721037,0.991539118703047,1,0,0,0.964302780453992,0
M26004_20260318_cell#335,1,1,1,1,0.0171393930966649,0.0200754455003532,1.17130433890682,0,27.1194765477384,0,1.0161707133906,0
M26004_20260318_cell#336,0,0,0,0,0.0079752316278622,0.00730515201487452,0.9159799182952,1,0,0.0785658001671889,0.840797057453862,0
M26004_20260318_cell#337,0,0,0,0,0.00409107553005778,0.00394432880911363,0.964130038698632,1,0,1,0.639210777566942,0
M26004_20260318_cell#338,0,0,0,0,0.0481122733115019,0.0438114974568805,0.910609589640962,1,0,0.274257323302982,0.965272212298637,0
M26004_20260318_cell#339,0,1,1,0,0.0289181494368436,0.0309446911361041,1.07007854024983,6.84651224602817e-11,20.606710540151,1,NaN,0
M26004_20260318_cell#340,1,1,1,1,0.0521279421108725,0.0618666528279146,1.18682323381054,0,35.2631810178611,0,0.979832444008647,0
M26004_20260318_cell#341,1,1,1,1,0.0230560472518659,0.0288288230861903,1.25038011812095,0,62.7807829108188,0,0.968956748322201,0
M26004_20260318_cell#342,1,1,1,1,0.127677639686832,0.12978230252589,1.01648419287998,2.4862345515686e-10,69.9028159091775,0,0.995279797189317,0
M26004_20260318_cell#343,1,0,0,0,0.0137200984769336,0.0139044937567742,1.0134397927355,1,0,0,0.96374224972732,0
M26004_20260318_cell#344,1,1,1,1,0.0321308621335476,0.0366223506956616,1.13978736528904,0,30.4683897899183,0,0.971936104959467,0
M26004_20260318_cell#345,1,1,1,1,0.0102348179228673,0.0118390388474573,1.15674152062889,1.18383806424482e-07,13.1183299437786,0,0.940944625861964,0
M26004_20260318_cell#346,1,0,0,0,0.0405732068501615,0.0410625575525052,1.01206093233278,0.962086923190017,0,0,0.973586414984964,0
M26004_20260318_cell#347,1,1,1,1,0.0801417823734892,0.0853897300164417,1.06548329083193,0,79.3918650625864,0,0.943929948822371,0
M26004_20260318_cell#348,1,1,1,1,0.0490032331729031,0.0510572219963632,1.04191537354714,0,47.8713296325348,0,0.980381378575536,0
M26004_20260318_cell#349,1,1,1,1,0.0193024601912036,0.0206970050839796,1.07224700265987,1.39355559314325e-08,28.6183171392102,0,0.990223158101758,0
M26004_20260318_cell#350,1,1,1,1,0.0923474965713185,0.0968482123299144,1.04873673814341,0,58.4007998867698,0,0.989964549622821,0
M26004_20260318_cell#351,1,1,1,1,0.0168173359620608,0.0200269241005193,1.19084997443704,0,26.1046368903474,0,0.94673567620037,0
M26004_20260318_cell#352,0,0,0,0,0.00446360927999848,0.00365946762127102,0.819844971124414,1,0,1,1.31590359809333,1
M26004_20260318_cell#353,1,0,1,0,0.0103873704337491,0.010619770867952,1.02237336539456,0.999999997473875,0,0,0.985464387416517,0
M26004_20260318_cell#354,1,1,1,1,0.0203284923989921,0.0236009345031651,1.16097810107823,0,31.8864775205365,0,0.999948176072029,0
M26004_20260318_cell#355,1,1,1,1,0.0337996998982821,0.0470078284354135,1.39077650324945,0,97.9175507834714,0,0.955756135276615,0
M26004_20260318_cell#356,0,0,0,0,0.00725793493375886,0.0069696598788338,0.960281394424714,1,0,1,0.938066436181021,0
M26004_20260318_cell#357,1,1,1,1,0.0367640410902305,0.0398864416083051,1.08493082984026,0,23.0427389565934,0,0.981670968180888,0
M26004_20260318_cell#358,0,0,0,0,0.0136929046459867,0.0134323557286899,0.980971976068411,0.999959334427288,0,1,0.954921145250216,0
M26004_20260318_cell#359,0,0,0,0,0.00867987270623547,0.00860890976125133,0.991824425612468,1,0,1,0.951762650524905,0
M26004_20260318_cell#360,1,0,0,0,0.0737414745257077,0.071922477199711,0.975332777955741,0.963541450540638,0,0,0.983077121945581,0
M26004_20260318_cell#361,1,1,1,1,0.0461260101139808,0.0491318046257509,1.06516484960096,1.11022302462516e-16,37.0273021847258,0,0.946485074482977,0
M26004_20260318_cell#362,1,1,1,1,0.0155356865348269,0.022092727970901,1.42206319118083,0,56.8083998479635,0,0.961494791655984,0
M26004_20260318_cell#363,1,1,1,1,0.0223923704791038,0.0288410537699613,1.28798573589497,0,36.8286949494963,0,0.987115980588955,0
M26004_20260318_cell#364,0,1,1,0,0.0139726704399657,0.0160267377799658,1.14700606793995,2.09494643854669e-10,14.5759213573995,0.999823450997209,NaN,0
M26004_20260318_cell#365,1,1,1,1,0.0376021262833652,0.0396423578766926,1.05425841022799,0.0105992387862811,19.5431690846852,0,0.988781827607241,0
M26004_20260318_cell#366,1,1,1,1,0.0270016992599013,0.0327028671885256,1.21114107944646,0,36.0151475253098,0,0.892388868710172,0
M26004_20260318_cell#367,1,1,1,1,0.451192686371649,0.46040363614741,1.02041466994918,0,120.474236761513,0,0.999405628109503,0
M26004_20260318_cell#368,1,0,0,0,0.0254828251213016,0.024380975892393,0.956761103854709,1,0,0,0.912901715922672,0
M26004_20260318_cell#369,1,1,1,1,0.0952185447004802,0.116437422279254,1.22284396012899,0,240.499866812659,0,1.00618040762328,0
M26004_20260318_cell#370,1,1,1,1,0.0205306508055587,0.0257323042583081,1.25336037819809,0,41.0498371516637,0,0.920738071111865,0
M26004_20260318_cell#371,1,0,0,0,0.0821712900184364,0.0816120701074979,0.993194461096898,0.999999999981528,0,0,0.967361184153956,0
M26004_20260318_cell#372,1,1,1,1,0.0638203720983888,0.0661488420335451,1.03648474395553,0,31.0642060279503,0,1.02445471553995,1
M26004_20260318_cell#373,1,1,1,1,0.0473907774198302,0.0546617087567136,1.1534250276688,0,31.6558816014662,0,1.00811603118543,0
M26004_20260318_cell#374,1,1,1,1,0.0343650959924921,0.04650678612835,1.3533145997471,0,80.0260907409159,0,0.968854212192913,0
M26004_20260318_cell#375,1,0,0,0,0.0285704903941996,0.0283686902234108,0.992936762092479,1,0,0,1.0048372014394,0
M26004_20260318_cell#376,0,0,0,0,0.0679838565087712,0.0636205110972822,0.935817918612399,1,0,1,0.992391193330121,0
M26004_20260318_cell#377,1,1,1,1,0.107201135453839,0.139509309608861,1.30137902941275,0,180.099692450128,0,0.998827924946587,0
M26004_20260318_cell#378,1,1,1,1,0.00532373577520354,0.0113042570028891,2.12336928056068,0,47.6089268612959,0,0.987207031970929,0
M26004_20260318_cell#379,1,1,1,1,0.22331535576892,0.22802663362418,1.0210969722124,0,57.2704861131346,0,1.00193975730579,0
M26004_20260318_cell#380,1,1,1,1,0.0144980849876576,0.0202568541514684,1.39720895336959,0,27.0711484139976,0,0.945858194381425,0
M26004_20260318_cell#381,1,1,1,1,0.0456484542585324,0.0590603312793836,1.29380791176175,0,187.386311824814,0,0.954834206903442,0
M26004_20260318_cell#382,1,1,1,1,0.326202619670638,0.33336214588948,1.02194809540791,0,74.6134201412633,0,0.995617594430054,0
M26004_20260318_cell#383,1,1,1,1,0.0452335801939056,0.0605784098084836,1.33923535454851,0,59.2677719081856,0,0.974358430228889,0
M26004_20260318_cell#384,1,0,0,0,0.0808985339693132,0.0807893762807006,0.998650683970937,1,0,0,0.978127416791008,0
M26004_20260318_cell#385,1,1,1,1,0.0282877489019336,0.0299840340667668,1.05996536418341,1.11929354673634e-11,31.0316170583971,0.000274034744843776,0.981085761902461,0
M26004_20260318_cell#386,1,1,1,1,0.0987213906956879,0.10446141585153,1.05814368208746,0,45.1876030683866,0,0.986815374035011,0
M26004_20260318_cell#387,1,0,1,0,0.0369848925822119,0.0376023345320264,1.01669443674717,0.980441845775725,0,0,0.977081013708072,0
M26004_20260318_cell#388,1,0,0,0,0.0787024642865985,0.0768289776786312,0.976195324695998,1,0,0,0.967594145706658,0
M26004_20260318_cell#389,1,1,1,1,0.0453316851124701,0.0492178112927842,1.08572648845223,0,51.3593836792963,0,0.996589044164503,0
M26004_20260318_cell#390,1,1,1,1,0.156695811550733,0.174128743029488,1.111253334127,0,121.354960852427,0,1.00341072365596,0
M26004_20260318_cell#391,1,0,0,0,0.0277157715444173,0.0280632556656177,1.0125374146862,1,0,0,0.935428486161004,0
M26004_20260318_cell#392,1,0,0,0,0.0215680848264631,0.0211325373763461,0.979805928360289,1,0,0,0.99366164359978,0
M26004_20260318_cell#393,1,1,1,1,0.111497201236796,0.11787671731782,1.05721682706166,0,50.6117580005478,0,0.982295312529296,0
M26004_20260318_cell#394,1,1,1,1,0.0293619552246048,0.0414973476157057,1.41330327964439,0,39.4394436019592,0,0.944527584411981,0
M26004_20260318_cell#395,1,0,0,0,0.0394092430877568,0.0395076291202881,1.0024965217503,1,0,0,0.962936401619401,0
M26004_20260318_cell#396,1,1,1,1,0.0149426957455849,0.017317367868034,1.1589185889133,0,26.5449752843046,0,0.980313283919855,0
M26004_20260318_cell#397,1,1,1,1,0.0497910709083927,0.0664394991076311,1.33436573858531,0,102.880164453888,0,1.00480414313891,0
M26004_20260318_cell#398,1,1,1,1,0.0429148088449125,0.0571993687725411,1.33285852394801,0,68.6858197221215,0,1.01561869241132,1
M26004_20260318_cell#399,1,1,1,1,0.0923443876471575,0.0984220769158411,1.06581546993312,0,59.9701163421675,0,0.985693100272552,0
M26004_20260318_cell#400,1,1,1,1,0.0829423953140037,0.0885184321860262,1.06722782541923,0,65.451974889777,0,0.988581574482385,0
M26004_20260318_cell#401,0,0,0,0,0.0165203096519587,0.0155055808664484,0.938576890694661,1,0,1,0.961197523644855,0
M26004_20260318_cell#402,1,1,1,1,0.0276190219850926,0.030685263801,1.11101920327093,0,29.6283756617194,0,0.972070192043246,0
M26004_20260318_cell#403,1,1,1,1,0.0134417866244925,0.015263840678987,1.13555147878739,0.0499309545034268,36.5159196457599,0,0.479361740734796,0
M26004_20260318_cell#404,1,1,1,1,0.0459972791988065,0.0631505128832526,1.37291844176929,0,61.3135947021827,0,0.985791740412672,0
M26004_20260318_cell#405,1,1,1,1,0.0292256156849526,0.0560903099152486,1.91921739202667,0,57.0654188865161,0,0.94188671347541,0
M26004_20260318_cell#406,1,1,1,1,0.0371621678348621,0.045126560258292,1.21431452704324,0,55.6809461104265,0,0.898631324843,0
M26004_20260318_cell#407,1,1,1,1,0.0437615544576665,0.0550128081818442,1.25710361214572,0,61.3730555111943,0,0.994622235332829,0
M26004_20260318_cell#408,1,1,1,1,0.064562289942477,0.0657741167242279,1.01876988537474,0.000465080428830977,29.9651559797955,0,0.981782928803607,0
M26004_20260318_cell#409,1,1,1,1,0.0745878228720776,0.0797701882577236,1.06948004628764,0,42.7641601150485,0,0.991827172901574,0
M26004_20260318_cell#410,1,1,1,1,0.0237423207120117,0.0307352285055685,1.29453345687555,0,54.5239115920415,0,0.923004216061762,0
M26004_20260318_cell#411,1,1,1,1,0.018694863694593,0.0283119400330669,1.5144234531785,0,65.6302500356068,0,0.957836421161457,0
M26004_20260318_cell#412,1,0,0,0,0.0430313604443778,0.0426402870922941,0.990911898948924,1,0,0,0.967292726906379,0
M26004_20260318_cell#413,1,1,1,1,0.07836156418594,0.0896421938170681,1.14395615692868,0,53.0352796605884,0,0.996965425493455,0
M26004_20260318_cell#414,0,1,1,0,0.00760241768637332,0.0116909631946161,1.53779543257288,0,54.0352076652704,1,NaN,0
M26004_20260318_cell#415,1,1,1,1,0.0384801989421694,0.0429571672008644,1.1163447274642,0,26.978340181221,0,0.987764521306134,0
M26004_20260318_cell#416,0,0,0,0,0.0158573899906503,0.0155191665716351,0.978670927610749,1,0,1,0.979161967083636,0
M26004_20260318_cell#417,1,1,1,1,0.0499601621722606,0.0540526456678821,1.08191493617476,0,38.0171170491642,0,0.954268354427481,0
M26004_20260318_cell#418,1,1,1,1,0.0463560268423106,0.0554407640065338,1.19597747656689,7.73855535207701e-10,61.2448276507424,0,0.967872363225361,0
M26004_20260318_cell#419,1,1,1,1,0.0647901551531108,0.0688063941566342,1.0619884146601,0,82.2031188611722,0,0.956376567357487,0
M26004_20260318_cell#420,1,0,1,0,0.0229806630039882,0.0236235019337612,1.02797303670749,0.999999999999946,0,0,0.922670802662116,0
M26004_20260318_cell#421,1,1,1,1,0.107470255506282,0.123672465595544,1.15075994760537,0,81.7010082060073,0,0.955859723459447,0
M26004_20260318_cell#422,1,0,0,0,0.0401994261007362,0.0407700165711095,1.01419399543027,0.993146325996626,0,0,0.976710810450742,0
M26004_20260318_cell#423,1,1,1,1,0.0659455550860598,0.0778194889330719,1.18005662142834,0,64.8963101889885,0,0.95969710756811,0
M26004_20260318_cell#424,1,1,1,1,0.0371797135785879,0.0594115566163037,1.59795627501873,0,125.960430065496,0,1.00644217270652,0
M26004_20260318_cell#425,1,1,1,1,0.0569993806560948,0.0599868538541585,1.05241237998863,0,30.9725106356095,0,0.986651875771298,0
M26004_20260318_cell#426,1,1,1,1,0.0433379271496503,0.0480001346714626,1.10757799988249,0,41.637467929045,0,0.948534284387763,0
M26004_20260318_cell#427,1,1,1,1,0.0512901438445052,0.0529512308053786,1.03238608505192,3.38427540524933e-06,32.991364531037,0,0.97681754258663,0
M26004_20260318_cell#428,1,1,1,1,0.0226002871621082,0.0244242224910854,1.08070407760284,1.11022302462516e-16,17.635945083637,0,0.924960507475858,0
M26004_20260318_cell#429,1,0,1,0,0.00818605552510946,0.00850237404863421,1.03864114072455,1,0,0,0.991583402039278,0
M26004_20260318_cell#430,1,1,1,1,0.0171031495058401,0.0264694289305433,1.54763477460716,0,52.8933101871182,0,0.936578223652755,0
M26004_20260318_cell#431,0,0,1,0,0.012739866431523,0.013449814572643,1.05572649799243,0.999999999998104,0,1,0.919439958631972,0
M26004_20260318_cell#432,1,0,0,0,0.0240266381735532,2.5257565786708e-08,1.0512317871632e-06,1,0,0,0.951621251299154,0
M26004_20260318_cell#433,1,1,1,1,0.0736731870220329,0.101756036898084,1.381181417707,0,172.082206771301,0,0.991366639996236,0
M26004_20260318_cell#434,1,0,0,0,0.0183103656726031,0.0184194730560656,1.00595877687062,1,0,1.94352312021806e-11,0.990783679558953,0
M26004_20260318_cell#435,1,0,1,0,0.0447323259222187,0.0456587268395243,1.02070987587179,0.992719053407315,0,0,0.98984080801863,0
M26004_20260318_cell#436,1,1,1,1,0.0253228085226689,0.0341340684852014,1.34795745324397,0,32.5380502422204,0,0.970135881015399,0
M26004_20260318_cell#437,1,1,1,1,0.0657665894951788,0.0923452408539709,1.404136075214,0,97.6358103851903,0,0.997092198396292,0
M26004_20260318_cell#438,0,0,0,0,0.0383464490843891,0.0381817782901181,0.995705709441085,1,0,1,0.983739457379818,0
M26004_20260318_cell#439,1,1,1,1,0.0463295773602146,0.0607313740031734,1.31085534260294,0,58.6783580994066,0,0.958633207707784,0
M26004_20260318_cell#440,1,1,1,1,0.0418135781351206,0.0632368147636508,1.51235119269872,0,75.2250866029061,0,0.946701014769745,0
M26004_20260318_cell#441,0,0,0,0,0.00793504643151228,0.00781263852004434,0.984573762419104,1,0,1,0.940061357644312,0
M26004_20260318_cell#442,1,1,1,1,0.025793764696185,0.0319906612352548,1.24024785106248,0,38.7416745488416,0,0.96604056737393,0
M26004_20260318_cell#443,1,1,1,1,0.0396857782594603,0.0427284126563156,1.07666812975074,0,35.2899221185275,0,1.0075758828574,0
M26004_20260318_cell#444,1,1,1,1,0.0342782473786843,0.0364568268183321,1.06355574179684,0,19.5879912156193,0,0.857774773349882,0
M26004_20260318_cell#445,1,1,1,1,0.0903943052361861,0.0949273581761269,1.05014754998223,0,33.9574741806956,0,1.01129721877184,0
M26004_20260318_cell#446,1,1,1,1,0.0422334115026037,0.0567387340279714,1.34345609339358,0,59.5542891983567,0,1.00306619801537,0
M26004_20260318_cell#447,1,0,0,0,0.0279017570489259,0.0278583491183783,0.998444258170857,1,0,0,1.06616614891978,1
M26004_20260318_cell#448,1,1,1,1,0.0199280982875042,0.020955284409197,1.05154461338325,0,38.8244782549939,0,0.893351377898786,0
M26004_20260318_cell#449,1,0,0,0,0.0201461929189516,0.0203561639127544,1.01042236588558,1,0,0,0.917311097379803,0
M26004_20260318_cell#450,1,1,1,1,0.0464525384937234,0.0529547065671879,1.13997444024169,0,32.6189976791603,0,0.986316584381559,0
M26004_20260318_cell#451,0,0,0,0,0.0227240279986593,0.0227070152532475,0.999251332316046,1,0,1,1.00424497721409,0
M26004_20260318_cell#452,0,0,0,0,0.00979398884080769,0.00915493125991398,0.934750019498592,1,0,1,1.07746091084182,1
M26004_20260318_cell#453,1,1,1,1,0.0282836099351496,0.0476344214166095,1.68417049753651,0,46.7117971300256,0,0.907636517850069,0
M26004_20260318_cell#454,1,1,1,1,0.0179847359638892,0.0268626134836997,1.49363402040686,0,47.5956603171063,0,0.978910540234176,0
M26004_20260318_cell#455,1,0,0,0,0.0595926646267589,0.0593263027914616,0.995530291572535,0.999782469632095,0,0,0.985619060835298,0
M26004_20260318_cell#456,1,1,1,1,0.0215218475401443,0.0283288242463254,1.31628217296327,0,43.6347812110693,0,1.00801727549975,0
M26004_20260318_cell#457,1,1,1,1,0.0724064775326052,0.080839731225865,1.11647098409755,0,76.5271369447492,0,0.982020360499961,0
M26004_20260318_cell#458,1,1,1,1,0.0416067442405783,0.0434973426078274,1.04543970939705,1.83729024216817e-08,21.9748867208938,0,0.946192103518224,0
M26004_20260318_cell#459,1,1,1,1,0.0324075710885597,0.0394213558723986,1.21642426594305,0,51.6065937188046,0,0.932864328010149,0
M26004_20260318_cell#460,1,1,1,1,0.0504419515668042,0.0625708846569913,1.24045328765926,0,38.2318346627515,0,0.957246950244142,0
M26004_20260318_cell#461,1,1,1,1,0.0586569545519452,0.0726741674495305,1.23896932605275,0,80.8909655969493,0,0.996246930991773,0
M26004_20260318_cell#462,1,1,1,1,0.0230378951803595,0.024959704252292,1.08341947286794,0,28.6214742035439,0,0.990143358282828,0
M26004_20260318_cell#463,1,0,1,0,0.0115872056975148,0.0124026064271434,1.07037078230202,0.985649239918121,0,1.9719781363392e-12,1.02065276334957,0
M26004_20260318_cell#464,1,0,1,0,0.0333613776746207,0.0342403744011875,1.02634773465112,0.999882269406427,0,0,0.964784505094036,0
M26004_20260318_cell#465,1,1,1,1,0.116432076797508,0.119973638999915,1.03041740987379,0,54.6265073173,0,0.991989324654278,0
M26004_20260318_cell#466,1,0,1,0,0.00993300352766735,0.010413959688503,1.0484200130903,1,0,0,1.47800003416975,1
M26004_20260318_cell#467,1,0,0,0,0.0182104772444595,0.0184098835331898,1.01095008582441,0.731214016970987,0,0,0.894134614072126,0
M26004_20260318_cell#468,1,1,1,1,0.0893933121101707,0.107364657697806,1.20103680200915,0,257.764672631671,0,0.995968007821135,0
M26004_20260318_cell#469,1,0,0,0,0.0577013899564159,0.0567388891315643,0.983319278347044,0.999996414021935,0,0,1.00400959388481,0
M26004_20260318_cell#470,1,1,1,1,0.0316209889967571,0.0355844932513954,1.12534409518452,0,65.9661123830464,0,0.9606569598802,0
M26004_20260318_cell#471,1,0,1,0,0.01635344211576,0.0167865803784105,1.02648606082955,0.999999999996125,0,0.00120314700071988,0.963117273725239,0
M26004_20260318_cell#472,1,1,1,1,0.0677203024704998,0.0731431192223579,1.08007667647705,0,45.8374344581548,0,0.989275357997722,0
M26004_20260318_cell#473,1,1,1,1,0.0132410802383916,0.0186010394212557,1.40479772695004,0,43.957858003032,0,0.936341771669166,0
M26004_20260318_cell#474,1,1,1,1,0.031267835531897,0.0418479800668584,1.3383715039747,0,39.2854033150975,0,0.977882618643805,0
M26004_20260318_cell#475,0,0,0,0,0.0223206593397753,0.0194225662152959,0.870160953564888,1,0,1,0.688102026064817,0
M26004_20260318_cell#476,1,1,1,1,0.0859699152693431,0.127123591822034,1.47869858221631,0,130.168465147794,0,1.00362508171455,0
M26004_20260318_cell#477,1,1,1,1,0.0275269357027153,0.0437320765715699,1.58870122863898,0,59.9293361915355,0,1.0033855261376,0
M26004_20260318_cell#478,0,0,0,0,0.0594096507818317,0.0562140312675778,0.946210430928316,1,0,0.129380690956085,0.983875432335696,0
M26004_20260318_cell#479,1,0,0,0,0.0475130393215651,0.0460769755746202,0.969775376034655,1,0,0,0.993558567708572,0
M26004_20260318_cell#480,1,1,1,1,0.0381230075107849,0.0457204172799104,1.199286736939,0,44.1028052449335,0,0.994403302747356,0
M26004_20260318_cell#481,1,1,1,1,0.350842783597889,0.424256655252154,1.20925005468662,0,70.2476141323785,0,1.00795489347429,0
M26004_20260318_cell#482,1,1,1,1,0.0420616896030594,0.0452820397064098,1.07656254738555,0,20.2737510544216,0,0.956097705285867,0
M26004_20260318_cell#483,0,0,0,0,0.0110102505011741,0.010209691746677,0.927289687513306,1,0,1,1.000447717467,0
M26004_20260318_cell#484,1,1,1,1,0.0387277162857095,0.0561514679181882,1.44990392678817,0,87.2300330014684,0,0.969748679099509,0
M26004_20260318_cell#485,1,0,0,0,0.0386340146859385,0.0383539164811064,0.992749958628191,1,0,0,0.950800607087229,0
M26004_20260318_cell#486,1,1,1,1,0.04584162724613,0.0518989456299331,1.1321357627922,0,42.9757312923152,0,1.00081974138397,0
M26004_20260318_cell#487,1,1,1,1,0.130425863863935,0.140852363535659,1.07994196367832,0,84.5238347787913,0,0.991990474528956,0
M26004_20260318_cell#488,1,1,1,1,0.0183912748276754,0.0226818297099565,1.23329295671361,0,26.4960014426194,0,0.889833765756577,0
M26004_20260318_cell#489,1,1,1,1,0.0557986722258679,0.0936767664112441,1.6788350452507,0,128.825901726173,0,0.983770425434981,0
M26004_20260318_cell#490,1,0,0,0,0.0209066478008611,0.0206410406957285,0.987295567052999,1,0,5.51731692466362e-06,0.936183762848036,0
M26004_20260318_cell#491,1,1,1,1,0.0638160371199805,0.0733761103568564,1.14980675184988,0,61.0480097201499,0,0.991959258321767,0
M26004_20260318_cell#492,1,1,1,1,0.0203738043347027,0.0217493820724851,1.06751697990146,0.000472869705063439,19.9102255571569,0,0.972365962356046,0
M26004_20260318_cell#493,1,0,0,0,0.0581421733230068,0.0581932088853118,1.00087777183735,1,0,0,1.00142075220026,0
M26004_20260321_cell#1,1,1,1,1,0.0476031203673792,0.0623397077343607,1.30957187792,0,46.6415763399217,0,0.944034083380838,0
M26004_20260321_cell#2,1,1,1,1,0.0789978728314182,0.0885451522286024,1.12085489210017,0,84.764156338705,0,0.921410520932762,0
M26004_20260321_cell#3,1,0,0,0,0.0409378951510047,0.0397501696693454,0.970987138511196,1,0,0,1.02030386227306,1
M26004_20260321_cell#4,1,0,0,0,0.0324183018921398,0.0296575646789121,0.914840165829379,1,0,3.30864224906691e-11,1.00871755183208,0
M26004_20260321_cell#5,1,1,1,1,0.141815543440818,0.157458643291451,1.110305961329,0,103.0212659648,0,0.98565730066095,0
M26004_20260321_cell#6,1,1,1,1,0.116173451161827,0.121154485310956,1.04287583866465,0,32.1454825425656,0,1.00128263773073,0
M26004_20260321_cell#7,1,1,1,1,0.0919061421787221,0.0991083888429904,1.0783652375514,0,40.558290568487,0,0.987629087182958,0
M26004_20260321_cell#8,1,0,0,0,0.0776303677185754,0.077253681163465,0.995147690701711,1,0,0,0.986860841507691,0
M26004_20260321_cell#9,1,0,0,0,0.0342001861121813,0.0344811974601968,1.00821666136827,1,0,0,0.994421073132043,0
M26004_20260321_cell#10,1,1,1,1,0.225528554524753,0.24590758619364,1.09036120375901,0,107.351976055582,0,0.987881843832544,0
M26004_20260321_cell#11,1,0,0,0,0.0731710447998605,0.0653000909127425,0.892430757157468,1,0,0,1.11823619619611,1
M26004_20260321_cell#12,1,1,1,1,0.0440812289887969,0.0521629757005518,1.18333759963473,0,49.9541025982828,0,1.0271084963468,1
M26004_20260321_cell#13,1,1,1,1,0.130025473376408,0.156301038420685,1.20208013369974,0,125.46639840092,0,0.976843501197508,0
M26004_20260321_cell#14,1,1,1,1,0.0213795675318963,0.0228406317128366,1.06833927668371,3.74939694847143e-08,19.1029341824681,0,0.997178435275272,0
M26004_20260321_cell#15,1,1,1,1,0.084755529120502,0.0923774873486105,1.08992874337758,0,39.5625109282133,0,1.00955411535326,0
M26004_20260321_cell#16,1,1,1,1,0.149107787748555,0.18377063775504,1.23246840778657,0,175.077892154194,0,1.00119578543274,0
M26004_20260321_cell#17,1,1,1,1,0.051686205887425,0.0586224750731386,1.13419961992995,0,32.9980300157313,0,0.984739455088298,0
M26004_20260321_cell#18,1,0,0,0,0.0633602387331312,0.0604681641124721,0.95435505486587,1,0,0,0.972428972469193,0
M26004_20260321_cell#19,1,0,0,0,0.0119793142480631,0.0120022368914437,1.00191351882971,0.999999999999285,0,0,1.29967256650156,1
M26004_20260321_cell#20,1,1,1,1,0.0566148988383184,0.0594974177252176,1.05091449328791,0,24.5154651026275,0,0.986231206432735,0
M26004_20260321_cell#21,1,1,1,1,0.109804673414566,0.126294628739054,1.15017535057211,0,114.865428210993,0,0.97019390856879,0
M26004_20260321_cell#22,1,0,0,0,0.121844383186375,0.122002610723462,1.00129860345589,0.98402814925631,0,0,0.989232332599117,0
M26004_20260321_cell#23,1,0,0,0,0.0229610030623999,0.0225403348051002,0.981679012186165,1,0,0,0.979271535951302,0
M26004_20260321_cell#24,1,1,1,1,0.0743277687165857,0.0847832245523357,1.14066688690222,0,105.958172891128,0,0.992451639242016,0
M26004_20260321_cell#25,1,1,1,1,0.0609320776643585,0.0640238516513561,1.05074131894908,0,23.3313507990403,0,0.983480662165267,0
M26004_20260321_cell#26,1,0,1,0,0.00795947797002923,0.00853404282825453,1.07218624894607,0.999999523174912,0,0,0.80171009576606,0
M26004_20260321_cell#27,1,1,1,1,0.0684898395048128,0.0768558413202618,1.12214953160842,0,29.0126226246724,0,0.998560068350489,0
M26004_20260321_cell#28,1,1,1,1,0.0636612938023731,0.0714940076131596,1.12303730167819,0,65.2275903148151,0,1.02008697074459,1
M26004_20260321_cell#29,1,0,0,0,0.0354026707030536,0.0357524674620793,1.00988051895745,0.250398725670399,0,0,0.873606690730202,0
M26004_20260321_cell#30,1,1,1,1,0.0632232853287051,0.0819418168335004,1.29607021222443,0,101.893462962996,0,0.988253540916869,0
M26004_20260321_cell#31,1,1,1,1,0.114414795214359,0.121880080205782,1.06524754930022,0,51.9954268257071,0,0.965111955210676,0
M26004_20260321_cell#32,1,1,1,1,0.0360389421403858,0.0451938972081608,1.25402951707386,0,84.0424180593484,0,0.970435020122575,0
M26004_20260321_cell#33,0,1,1,0,0.00807768082346241,0.0117279644043808,1.45189747660192,0,34.2351923277797,0,NaN,0
M26004_20260321_cell#34,0,0,0,0,0.0214959264184937,0.0182946202211714,0.851073820453345,1,0,0.144146155457819,0.951983508506561,0
M26004_20260321_cell#35,1,1,1,1,0.104955766654049,0.106794197506266,1.01751624432678,0,31.1168486563603,0,0.950909484777623,0
M26004_20260321_cell#36,1,1,1,1,0.114009973904006,0.135385935494791,1.18749203125669,0,89.4783279458683,0,0.990982800186083,0
M26004_20260321_cell#37,1,1,1,1,0.0505206386642668,0.0529013457813003,1.047123456472,0,80.1397662082062,0,0.949859863792549,0
M26004_20260321_cell#38,1,1,1,1,0.0515154656456738,0.0987243441689489,1.91640205386049,0,189.624564270875,0,1.01751732408483,1
M26004_20260321_cell#39,1,1,1,1,0.0346887188297428,0.0370753566144221,1.06880155466085,0,27.7786634084693,0,1.03804226026063,1
M26004_20260321_cell#40,1,0,0,0,0.0895836791879468,0.0901260971349176,1.00605487463663,0.243951150273324,0,0,0.990583298696464,0
M26004_20260321_cell#41,1,1,1,1,0.00549873878779392,0.00669398832560698,1.21736794271193,0.000162106203855594,17.3830500612241,0,0.780708200267482,0
M26004_20260321_cell#42,1,1,1,1,0.198332088571204,0.209851386577467,1.05808085867117,0,49.7216041927001,0,0.993521917431496,0
M26004_20260321_cell#43,1,1,1,1,0.0532988132408246,0.0573742035193835,1.07646305857027,0,47.815163733067,0,1.0075044429028,0
M26004_20260321_cell#44,1,0,1,0,0.0401741878431462,0.0409263092703514,1.01872150919744,0.972961241936388,0,0,0.88237017431103,0
M26004_20260321_cell#45,1,1,1,1,0.0456934877282648,0.0558390230513004,1.22203460115302,0,39.7049222852868,0,0.963276347048798,0
M26004_20260321_cell#46,1,1,1,1,0.00863205268233362,0.012944301739542,1.49956241185064,0,22.5676615897078,0,0.917728559925672,0
M26004_20260321_cell#47,0,0,0,0,0.00732904583821948,0.0065116369322387,0.888469942196546,1,0,0.998409934179774,0.991433976890298,0
M26004_20260321_cell#48,1,0,0,0,0.0216876036097808,0.0214810088096987,0.990474060490993,1,0,0,0.947939491480569,0
M26004_20260321_cell#49,1,0,0,0,0.0273072806568791,0.0275322902623932,1.0082399125838,1,0,0,0.978050856321868,0
M26004_20260321_cell#50,0,0,0,0,0.0093441249873343,0.0086657471858182,0.927400607072828,1,0,0.9999999997856,0.840466820704957,0
M26004_20260321_cell#51,1,1,1,1,0.0935280748072251,0.13904172634053,1.48663090336367,0,579.797709884435,0,0.978528545120782,0
M26004_20260321_cell#52,1,1,1,1,0.0261419818362874,0.0310558983319494,1.18797031252011,0,41.585513308154,0,0.982970842623865,0
M26004_20260321_cell#53,1,1,1,1,0.0250574343094945,0.0287937632432347,1.14911059478761,0,33.1128520527033,0,0.985509518453491,0
M26004_20260321_cell#54,1,1,1,1,0.0387864879871786,0.0575709540940145,1.48430438231596,0,134.213203240401,0,0.954405807860885,0
M26004_20260321_cell#55,1,1,0,0,0.0246284866726761,0.0243445980990327,0.988473162098169,1.25445875909236e-10,23.3011955364961,4.83538889262114e-07,NaN,0
M26004_20260321_cell#56,1,1,1,1,0.120158883356534,0.123748455980541,1.0298735517819,0,67.7878039606962,0,0.985207335003773,0
M26004_20260321_cell#57,1,1,1,1,0.0431006191716057,0.0457348446427136,1.06111804242579,0,23.2195096821184,0,0.934726376918028,0
M26004_20260321_cell#58,1,0,1,0,0.0654222765329639,0.0673500721021947,1.02946695944247,0.999876577016852,0,0,0.994960827066634,0
M26004_20260321_cell#59,1,1,1,1,0.020020862662644,0.0277717793759585,1.38714199502385,0,50.4591682610144,0,0.942846696653009,0
M26004_20260321_cell#60,1,1,1,1,0.0821466347175998,0.0836510962792807,1.01831434199165,7.11970926658978e-10,27.8839346175697,0,0.977382336445903,0
M26004_20260321_cell#61,1,1,1,1,0.0191174624460875,0.0260748021680702,1.36392589976849,0,39.2837446682334,0,0.962928990107985,0
M26004_20260321_cell#62,1,0,1,0,0.0100153367367089,0.0102889998203217,1.02732440164591,1,0,0,0.939785567286174,0
M26004_20260321_cell#63,1,0,0,0,0.0980095210069,0.0951967119418326,0.971300654914237,1,0,0,0.993502036916955,0
M26004_20260321_cell#64,1,1,1,1,0.309976472448436,0.315304205571593,1.01718754033516,0,132.563948381964,0,0.995364519174881,0
M26004_20260321_cell#65,1,1,1,1,0.101893805195434,0.109440202518328,1.07406139468852,0,39.4621488446739,0,0.989485748936193,0
M26004_20260321_cell#66,1,1,1,1,0.0808615415942722,0.0831745169883558,1.0286041466497,1.11022302462516e-16,22.1347320704166,0,0.964304922031895,0
M26004_20260321_cell#67,1,0,0,0,0.0153754122172028,0.0153375732896702,0.997538997524226,1,0,0,0.909238206174051,0
M26004_20260321_cell#68,1,1,1,1,0.229245587872772,0.253204872966285,1.10451361492205,0,178.96255577962,0,0.997922092876659,0
M26004_20260321_cell#69,1,1,1,1,0.029009153143328,0.0324413926556286,1.11831574314985,0,46.7579980708464,0,0.985669001987282,0
M26004_20260321_cell#70,1,1,1,1,0.0405175552971857,0.0432691172313304,1.0679103641363,0,27.5668595506094,0,0.925993833603109,0
M26004_20260321_cell#71,1,1,1,1,0.102721263662857,0.106070511932614,1.03260520899304,0,94.2036758981382,0,0.983838920299999,0
M26004_20260321_cell#72,1,1,1,1,0.0227033426448597,0.0270288926248728,1.19052480719144,0,47.4071577209525,0,0.899181273086352,0
M26004_20260321_cell#73,1,1,1,1,0.073849236561752,0.080288303704967,1.08719206105578,0,77.3876440256987,0,0.936448351165891,0
M26004_20260321_cell#74,1,1,1,1,0.0162663168412608,0.0281191296605364,1.7286721963518,0,54.5740636526709,0,1.0606224141409,1
M26004_20260321_cell#75,1,0,0,0,0.0422044561875465,0.0395833526765314,0.937895100475467,1,0,0,1.00188872752631,0
M26004_20260321_cell#76,1,1,1,1,0.0588534496005688,0.073006580338057,1.24048090355865,0,45.652072109565,0,0.979375508308076,0
M26004_20260321_cell#77,1,1,1,1,0.00724882221130283,0.00859927880082808,1.18630013954812,4.47320080976255e-09,26.4837307788578,0,0.366059691776686,0
M26004_20260321_cell#78,1,1,1,1,0.0130872099909748,0.0197818933810244,1.51154397267762,0,44.0321307233545,0,0.938624408734272,0
M26004_20260321_cell#79,1,1,1,1,0.104327471041746,0.108473657079887,1.03974203531189,0,33.1604777974462,0,0.980679064734022,0
M26004_20260321_cell#80,1,0,1,0,0.00434197802835303,0.00471329091360425,1.0855169885307,0.998145331757194,0,0,0.765324597779643,0
M26004_20260321_cell#81,1,1,1,1,0.0190807433826862,0.0212502270177612,1.11370016312066,8.7009732752108e-11,19.8621716435824,0,0.932530322775067,0
M26004_20260321_cell#82,1,1,1,1,0.111889357697894,0.121934914843733,1.08978116732926,0,73.9307854235421,0,0.985424863776125,0
M26004_20260321_cell#83,1,0,1,0,0.0198068586787605,0.0202535247891316,1.02255108281507,0.28055176961607,0,0,0.997376283691439,0
M26004_20260321_cell#84,1,1,1,1,0.106855402494145,0.120537847587931,1.12804635773597,0,70.7822920729967,0,0.993804966946314,0
M26004_20260321_cell#85,0,0,0,0,0.0230900719987122,0.0180415683971625,0.781356090971423,1,0,1,0.938280289041743,0
M26004_20260321_cell#86,1,1,1,1,0.0279246471397962,0.0356046677294815,1.27502659393465,0,37.9653937766894,0,0.985794881291771,0
M26004_20260321_cell#87,1,1,1,1,0.0464966846638066,0.051701005050013,1.11192884877354,2.84446910470137e-11,18.3603725449208,0,0.901571924595707,0
M26004_20260321_cell#88,1,1,1,1,0.0457186736833505,0.0586515782358587,1.28288013432065,0,58.3835331256575,0,0.937086343497166,0
M26004_20260321_cell#89,1,1,1,1,0.0131946824810791,0.0149190738336807,1.13068835533362,1.10048505863602e-08,20.4524594058749,0,0.949046673449467,0
M26004_20260321_cell#90,1,0,0,0,0.080545018152857,0.0808871302799523,1.00424746477114,0.998343649497494,0,0,0.927921489680299,0
M26004_20260321_cell#91,1,0,0,0,0.157987218076578,0.155758677408095,0.985894171087928,0.0558576676914867,0,0,0.978842150518863,0
M26004_20260321_cell#92,1,1,1,1,0.00563953628619861,0.0126501406044594,2.24311715759637,0,44.1813356590283,0,0.974489885488492,0
M26004_20260321_cell#93,1,1,1,1,0.11758365713295,0.12269718044162,1.0434883846391,0,53.4176369350121,0,0.989540138682754,0
M26004_20260321_cell#94,1,1,1,1,0.0430694493459802,0.0494325373690801,1.14774017591877,0,79.9304604573814,0,1.01321891588168,0
M26004_20260321_cell#95,1,1,1,1,0.0167489027791907,0.0197975919336425,1.18202321636493,0,30.6912776512103,0,0.977450810791636,0
M26004_20260321_cell#96,1,1,1,1,0.0463635028262572,0.049968456492954,1.07775412656386,0,63.7306880988776,0,0.985146984717105,0
M26004_20260321_cell#97,1,1,1,1,0.0452808503691015,0.0469148791735033,1.0360865308642,4.44089209850063e-16,21.7983591646565,0,0.939521463195992,0
M26004_20260321_cell#98,1,1,1,1,0.036716504006223,0.0448393378118163,1.22123113366721,0,61.3453673060291,0,0.994050474336291,0
M26004_20260321_cell#99,1,1,1,1,0.136621386914306,0.142032088973183,1.03960362415491,0,39.1925902870383,0,0.989559317604666,0
M26004_20260321_cell#100,1,1,1,1,0.0137623983949062,0.0248869623760849,1.80833032600597,0,45.4364589234297,0,0.885439648201422,0
M26004_20260321_cell#101,1,1,1,1,0.0585168955892765,0.0652892248255046,1.11573288651131,0,51.6813748404016,0,0.958258390606989,0
M26004_20260321_cell#102,1,1,1,1,0.206623613218296,0.215796174210972,1.04439260764928,0,132.285327416021,0,0.999425621413503,0
M26004_20260321_cell#103,1,1,1,1,0.0548294483478957,0.0559261278848541,1.02000165184957,1.9355675900723e-05,20.5677733564782,0,0.964982483439722,0
M26004_20260321_cell#104,0,0,0,0,0.00953517223069579,0.00859895739126058,0.901814585328482,1,0,1,1.09346421793235,1
M26004_20260321_cell#105,1,1,1,1,0.134180604357107,0.145732252341816,1.08609029628429,0,34.4505170183408,0,0.999371908044278,0
M26004_20260321_cell#106,1,1,1,1,0.0100377424843774,0.0133972817952279,1.33469072513856,0,40.7048135048057,0,0.782737587422348,0
M26004_20260321_cell#107,1,1,1,1,0.0857167426498767,0.0965183497095611,1.12601513690045,0,70.5826655330676,0,0.988504829019289,0
M26004_20260321_cell#108,1,1,1,1,0.0390693588976231,0.0419893471646544,1.07473857645534,0,26.7421782688522,0,0.927522503797585,0
M26004_20260321_cell#109,1,0,1,0,0.024620519258026,0.0256067733624385,1.04005821705369,0.304761848257555,0,0,0.929526017257494,0
M26004_20260321_cell#110,1,1,1,1,0.169726664889205,0.195010497137107,1.14896794363106,0,97.3391152408422,0,0.985098081302606,0
M26004_20260321_cell#111,1,1,1,1,0.0892117361402815,0.0912516977263131,1.0228665159349,0,41.9302296913657,0,0.993043618247467,0
M26004_20260321_cell#112,0,0,0,0,0.0182036896020832,0.0180165863575172,0.989721685622201,1,0,1,1.07551005573423,1
M26004_20260321_cell#113,1,1,1,1,0.0307707128952625,0.0373075419221981,1.2124367104911,0,74.6957686186798,0,0.941873274208494,0
M26004_20260321_cell#114,1,1,1,1,0.0642488834094099,0.0711163292847833,1.10688817471912,0,56.7640328940503,0,0.929892038787855,0
M26004_20260321_cell#115,1,0,0,0,0.0623743269691511,0.0622211060860857,0.997543526471377,1,0,0,0.964083911019054,0
M26004_20260321_cell#116,1,1,1,1,0.207537721279694,0.228913042012393,1.10299487052714,0,77.6654676080383,0,0.96340240342388,0
M26004_20260321_cell#117,1,1,1,1,0.0284888485159991,0.0478652558955832,1.68014006844476,0,87.5797373933463,0,0.982036759206189,0
M26004_20260321_cell#118,1,1,1,1,0.0730090138060952,0.0814418736806288,1.11550436630921,0,74.3177908585065,0,0.995343935374839,0
M26004_20260321_cell#119,1,1,1,1,0.0100033129641432,0.0190721407485703,1.90658243093405,0,30.7622850650439,0,0.959738884836014,0
M26004_20260321_cell#120,0,0,0,0,0.00584679818836487,0.00585425165298817,1.00127479423493,1,0,0,0.86036179767536,0
M26004_20260321_cell#121,1,1,1,1,0.0194465045094923,0.0232965369537032,1.19798069325681,0,28.4844130489775,0,0.946034109767986,0
M26004_20260321_cell#122,1,1,1,1,0.0362646084514228,0.0409243817075504,1.12849368723695,0,59.0572264070776,0,1.00207659344818,0
M26004_20260321_cell#123,1,1,1,1,0.0168283918375651,0.0199993856457805,1.18843118456137,0,15.4646971112412,0,0.96686455528598,0
M26004_20260321_cell#124,1,1,1,1,0.0195231304632203,0.0232777352611817,1.1923157151992,0,31.3425470475939,0,0.900314836837195,0
M26004_20260321_cell#125,1,1,1,1,0.0824664532908062,0.0940587865759253,1.14057029037299,0,66.616936555928,0,0.985188472913136,0
M26004_20260321_cell#126,1,1,1,1,0.0559765275425683,0.0588471742211237,1.05128304317148,0,30.9980730628319,0,0.971994738768854,0
M26004_20260321_cell#127,1,0,1,0,0.00802810129670966,0.00844148891666438,1.05149257647311,0.998999356221664,0,0,0.786884795434353,0
M26004_20260321_cell#128,1,0,1,0,0.0168591332007046,0.0172352958680999,1.02231210008944,0.999998731336208,0,7.7715611723761e-16,0.877176576494538,0
M26004_20260321_cell#129,1,1,1,1,0.0264731749898413,0.0275927902492344,1.04229244357063,0.000106508069988243,34.9548922410828,0,0.977481307009667,0
M26004_20260321_cell#130,1,1,1,1,0.0458046440595366,0.0475395125400551,1.03787538395154,0.0124005521951254,28.288519800809,0,0.912324757684504,0
M26004_20260321_cell#131,1,0,1,0,0.0112389154555108,0.0116927276535803,1.04037864684239,0.916165894534728,0,0,0.943462213501858,0
M26004_20260321_cell#132,1,1,0,0,0.0636975325446671,0.0642966790516014,1.00940611799231,0,31.1051413788896,0,NaN,0
M26004_20260321_cell#133,1,0,0,0,0.0276542021197508,0.0273013452085279,0.98724038720427,1,0,0,0.880856225564815,0
M26004_20260321_cell#134,1,1,1,1,0.0959220721976271,0.116259408502448,1.21201935945379,0,78.6732771708918,0,0.961405288588636,0
M26004_20260321_cell#135,1,0,0,0,0.0107277592765475,0.0104487304218692,0.973990015297207,0.999964522677896,0,0,1,0
M26004_20260321_cell#136,1,1,1,1,0.0393032747774164,0.0481954641647498,1.22624550848987,0,44.0514255610973,0,0.964429591406984,0
M26004_20260321_cell#137,1,0,1,0,0.0173425893732557,0.0176363812201977,1.01694048337413,0.99967168489513,0,0,0.906244218468663,0
M26004_20260321_cell#138,0,0,0,0,0.000159682242763445,0.000159682242763445,1,1,NaN,1,0.0691822846743639,0
M26004_20260321_cell#139,1,1,1,1,0.0966981847237436,0.109097911005503,1.12823122085677,0,66.8927480802849,0,0.973150934890985,0
M26004_20260321_cell#140,0,0,0,0,0.0106031356280708,0.0107404011468336,1.01294574770877,1,0,0.999981597974876,0.95613641046854,0
M26004_20260321_cell#141,1,1,1,1,0.0262591814840258,0.0297527771938133,1.13304282587455,0,30.5629384865272,0,0.942016528458076,0
M26004_20260321_cell#142,1,0,0,0,0.0434867002563328,0.0438667041182564,1.00873839265071,0.996950939394341,0,0,0.938716362844343,0
M26004_20260321_cell#143,1,1,1,1,0.00747719725578704,0.00889709821141689,1.18989748525504,2.54141152566945e-12,12.9146164279823,0,0.942740555507987,0
M26004_20260321_cell#144,1,0,0,0,0.0472577761642608,0.044239717742391,0.936136258054558,1,0,0,0.983168396214272,0
M26004_20260321_cell#145,1,0,1,0,0.00518925094578989,0.00532988388432842,1.0271008166704,1,0,6.48412501469409e-09,0.831721471103089,0
M26004_20260321_cell#146,1,0,1,0,0.012204831766336,0.0127710977887174,1.04639687242092,0.999999225514853,0,0,0.967519444491235,0
M26004_20260321_cell#147,1,1,1,1,0.0346267180762599,0.0385140355751933,1.11226352697857,0,32.6159396760761,0,0.986687151206785,0
M26004_20260321_cell#148,1,0,0,0,0.02411239584747,0.023175896120657,0.961161066999021,1,0,0,0.923896489747228,0
M26004_20260321_cell#149,1,0,1,0,0.0153324290296968,0.0156031110242366,1.01765421473763,1,0,0,1.00709812747977,0
M26004_20260321_cell#150,1,0,0,0,0.00526782943915881,0.00495512857234411,0.940639523274954,1,0,5.69544411632705e-14,1.14227138958016,1
M26004_20260321_cell#151,1,1,1,1,0.0805853989521542,0.0957197428425162,1.18780503772585,0,166.416941130382,0,0.992604631161402,0
M26004_20260321_cell#152,0,0,0,0,0.000923224952701764,0.00090830237319198,0.983836464270041,1,NaN,0.99999999980077,0.494908886229047,0
M26004_20260321_cell#153,1,0,1,0,0.00441725991417849,0.00459567621025897,1.04039071721992,0.999929319655868,0,0,1.09853789132713,0
M26004_20260321_cell#154,1,0,1,0,0.0301499585043167,0.0306036414170093,1.01504754683585,0.42190899147772,0,0,1.04439055722788,1
M26004_20260321_cell#155,1,0,0,0,0.0241128440850439,0.0238990936204754,0.991135410496805,1,0,6.73809896767352e-11,0.954550491186004,0
M26004_20260321_cell#156,0,0,0,0,0.00547642581531615,0.00491874818096882,0.898167590842252,1,0,1,1.07120011978723,0
M26004_20260321_cell#157,1,0,0,0,0.0187408081848746,0.0185738315832521,0.991090213400869,0.501925832785703,0,2.74371303454757e-10,0.845602163987836,0
M26004_20260321_cell#158,1,1,1,1,0.0381311010796116,0.0401918391972429,1.0540434988575,0,15.2597289329489,0,0.820747459595281,0
M26004_20260321_cell#159,1,0,1,0,0.0383784854478691,0.0393039554808974,1.02411429274054,1,0,0,0.915323614252105,0
M26004_20260321_cell#160,1,0,1,0,0.00870821415796121,0.00956947679562879,1.09890232624564,1,0,0,0.852314617363274,0
M26004_20260321_cell#161,0,0,0,0,0.000358264709776897,0.000358264709776897,1,1,NaN,0,0.141492364776269,0
M26004_20260321_cell#162,1,0,0,0,0.0279729847619601,0.0283527406515889,1.01357580869044,1,0,0,0.966947776424844,0
M26004_20260321_cell#163,1,0,0,0,0.130586004375571,0.131121053863245,1.00409729580311,0.922906724774112,0,0,0.988549959084253,0
M26004_20260321_cell#164,1,0,0,0,0.0562593049929063,0.0567350722514077,1.00845668567291,0.947316472630138,0,0,0.998498427153389,0
M26004_20260321_cell#165,1,1,1,1,0.0203904688198759,0.0253385481788007,1.24266628701061,0,27.8855232798943,0,0.908414558714831,0
M26004_20260321_cell#166,1,1,1,1,0.108169697845153,0.114815664643939,1.06144019010112,0,27.5194142934983,0,0.985123021118046,0
M26004_20260321_cell#167,1,1,1,1,0.00810741733095084,0.0156224585683687,1.92693405688251,5.62883073484954e-14,46.5758890600923,0,0.938309315859418,0
M26004_20260321_cell#168,1,1,1,1,0.0277407152362361,0.031871879346099,1.14892060549566,0,55.6341766540316,0,0.945971704826962,0
M26004_20260321_cell#169,1,1,1,1,0.061690039068561,0.0665565487961326,1.07888647504605,0,122.468999936003,0,0.958225858700311,0
M26004_20260321_cell#170,1,1,1,1,0.0318617301604748,0.0476068190757109,1.49416930078606,0,54.9368639448816,0,0.967606193761158,0
M26004_20260321_cell#171,0,0,0,0,0.00868210580727496,0.00622358444377329,0.716828910165825,1,0,1,0.819009297196089,0
M26004_20260321_cell#172,1,1,1,1,0.0673129787776153,0.0719194136738373,1.06843308645485,0,63.2360938382895,0,0.973096747465975,0
M26004_20260321_cell#173,0,0,0,0,-2.85693547580587e-08,-2.85693547580587e-08,1,1,NaN,1,1,0
M26004_20260321_cell#174,1,0,1,0,0.00985062414167757,0.0101036581285003,1.02568710197278,0.999999999990606,0,0,0.58733086643725,0
M26004_20260321_cell#175,1,1,1,1,0.0393423677161787,0.0495631682762889,1.25979119085675,0,62.1935799456556,0,0.964362064182122,0
M26004_20260321_cell#176,1,1,1,1,0.0411341404231111,0.0620535438743447,1.5085654698519,0,68.6140534266907,0,0.999120500618002,0
M26004_20260321_cell#177,1,1,1,1,0.0132655858173997,0.0185707221546366,1.39991723021222,0,77.5102771000042,0,0.773715754552214,0
M26004_20260321_cell#178,1,1,1,1,0.0954631959362768,0.105505876341161,1.10519949920373,0,85.4912044256991,0,0.996391634647188,0
M26004_20260321_cell#179,1,1,1,1,0.0217868363532631,0.0281730811033775,1.29312400600824,0,34.4586840681802,0,1.00643788931175,0
M26004_20260321_cell#180,1,1,1,1,0.196210201897884,0.20835213822605,1.06188228853913,0,95.7472599003952,0,0.997672562834735,0
M26004_20260321_cell#181,1,1,1,1,0.0572608869233208,0.0672463886812084,1.1743860826197,0,101.936284979634,0,1.02316915306647,1
M26004_20260321_cell#182,1,1,1,1,0.0492377064178671,0.0517181606702152,1.05037712827842,0,69.8784350285211,0,0.980670797989636,0
M26004_20260321_cell#183,1,0,0,0,0.0226817331676413,0.0217833161796069,0.960390284931309,1,0,0,1.00352111654291,0
M26004_20260321_cell#184,1,1,1,1,0.0303225477362222,0.0358411287508712,1.18199595438535,0,53.3263825362977,0,0.948815297111432,0
M26004_20260321_cell#185,1,0,0,0,0.00926252157725477,0.00905153540180173,0.977221518601248,0.999999999964725,0,0,1.00867456627993,0
M26004_20260321_cell#186,1,1,1,1,0.0437067681753449,0.0515255868793686,1.17889262991617,0,52.0918342710358,0,0.892813916331432,0
M26004_20260321_cell#187,1,1,1,1,0.0368166465926347,0.0522687745599519,1.41970492691229,0,124.671166404842,0,0.867157235130678,0
M26004_20260321_cell#188,1,1,1,1,0.027037804482494,0.0308309990857586,1.14029225655953,0,42.1667357717707,0,0.993306160152902,0
M26004_20260321_cell#189,1,1,1,1,0.0142171002431582,0.028496090249853,2.00435319175345,0,52.2344401224291,0,1.01110682477055,0
M26004_20260321_cell#190,1,1,1,1,0.0200649749585634,0.0255872648312301,1.27522037201994,0,81.7171713443166,0,0.967957412988961,0
M26004_20260321_cell#191,1,1,1,1,0.0153524027891836,0.0190613536310676,1.24158764545294,0,46.2043245731371,0,1.17906585375054,1
M26004_20260321_cell#192,1,1,1,1,0.0110459966528438,0.0135955569228089,1.23081305834985,0.0159710605944811,32.8365402810177,0,0.91626837470218,0
M26004_20260321_cell#193,1,1,1,1,0.0780920317630359,0.0828569521392357,1.06101672947451,0,48.5638301982854,0,0.910701918817059,0
M26004_20260321_cell#194,1,1,1,1,0.0114197472668052,0.0137132859669862,1.20083970744675,0,29.8807644726969,0,0.920461074535484,0
M26004_20260321_cell#195,1,0,1,0,0.0108447581915954,0.0113754903848687,1.0489390527568,1,0,0,0.734807864182098,0
M26004_20260321_cell#196,1,0,0,0,0.0318673914354203,0.0280248247779851,0.879420106750116,1,0,0,0.9672778653939,0
M26004_20260321_cell#197,1,0,1,0,0.00608699890127205,0.00677179869399045,1.11250203981067,1,0,0,0.75054072437646,0
M26004_20260321_cell#198,1,1,1,1,0.0820977836206466,0.0973664654211819,1.18598165659487,0,82.0249564438057,0,0.98532336278475,0
M26004_20260321_cell#199,1,1,1,1,0.0668680155805468,0.0851926806101858,1.27404230364165,0,54.3387715191463,0,0.992205546280787,0
M26004_20260321_cell#200,1,1,1,1,0.0842246567317565,0.0885464149451451,1.05131226865255,4.06437694888684e-06,57.4418471231656,0,0.971245961154436,0
M26004_20260321_cell#201,1,1,1,1,0.0196782732997222,0.0281935514543347,1.43272486487586,0,22.7693484587243,0,0.889411319582122,0
M26004_20260321_cell#202,1,0,0,0,0.0315612650152598,0.0310290969192166,0.983138568882272,1,0,0,0.952209883190113,0
M26004_20260321_cell#203,1,1,1,1,0.0461304224554679,0.0491316923097524,1.06506053260582,3.01830618284482e-05,34.9304702447211,0,0.945963859977955,0
M26004_20260321_cell#204,1,1,1,1,0.0296870762018699,0.0381100187454348,1.2837242201384,0,120.002623052069,0,0.9973137461043,0
M26004_20260321_cell#205,0,0,0,0,0.0252644859975997,0.024933461818864,0.986897648392009,1,0,1,0.994761474299193,0
M26004_20260321_cell#206,1,1,1,1,0.0192078148313848,0.0222441324058349,1.15807719936413,0,23.3158940416251,0,1.0134711570557,0
M26004_20260321_cell#207,1,1,1,1,0.0527181662089351,0.0577755317035644,1.09593212090469,0,57.7512846704081,0,0.840997303387252,0
M26004_20260321_cell#208,0,0,0,0,0.0127116234655917,0.010342194965715,0.813601425003632,1,0,1,0.979840965147417,0
M26004_20260321_cell#209,1,0,0,0,0.0246752175873901,0.024502170633156,0.992987014050788,1,0,0,0.897757609400896,0
M26004_20260321_cell#210,1,1,1,1,0.0115521746568772,0.0137166281067211,1.18736328995471,2.64233079860787e-14,22.9092430651527,0,0.957127779750696,0
M26004_20260321_cell#211,1,0,0,0,0.026457645528687,0.0268375460834695,1.01435881943352,1,0,0,0.945123427103143,0
M26004_20260321_cell#212,1,1,1,1,0.0929953201347928,0.108550489078012,1.16726829823988,0,68.9108949371647,0,0.959329933951666,0
M26004_20260321_cell#213,1,1,1,1,0.0573670506210072,0.0608327398454163,1.06041253972258,0,61.7790139947179,0,0.972929186644997,0
M26004_20260321_cell#214,1,1,1,1,0.00631596341076119,0.0119161398767859,1.88667018819063,0,36.6612052348762,0,0.692662945936056,0
M26004_20260321_cell#215,1,0,1,0,0.0242238267426,0.0247312799515977,1.02094851545917,0.998414889105786,0,0,0.974147418137047,0
M26004_20260321_cell#216,1,1,1,1,0.0356963812271976,0.0401449178283553,1.12462150078586,0,27.8840732177599,0,0.907856834330749,0
M26004_20260321_cell#217,1,1,1,1,0.0250147076087567,0.0261041506924812,1.04355210145823,0.00101862671778163,9.90378348401413,0,0.970179725077733,0
M26004_20260321_cell#218,1,0,1,0,0.0249137268885916,0.0256059344133668,1.02778418210453,0.883542029346948,0,0,0.967896958475561,0
M26004_20260321_cell#219,1,0,0,0,0.0282788520390925,0.0278814588422901,0.985947336325638,1,0,0,1.47319870295294,1
M26004_20260321_cell#220,1,0,0,0,0.0222938203135361,0.00554826073476651,0.248869895636405,1,0,0,0.962953616089483,0
M26004_20260321_cell#221,1,1,1,1,0.0719978059053154,0.0786746184951987,1.09273633419696,0,49.3256017083646,0,0.952891495688501,0
M26004_20260321_cell#222,1,1,1,1,0.0728232639053722,0.0744842256143312,1.02280811954703,4.87792473080617e-10,28.5970050606593,0,0.925503365914506,0
M26004_20260321_cell#223,1,1,1,1,0.0207300785110991,0.0230189878452653,1.11041488979121,2.1316282072803e-14,48.5116896747343,0,0.903306847125862,0
M26004_20260321_cell#224,1,1,1,1,0.0360350158194666,0.0420710076734744,1.1675035161424,0,39.4845291026239,0,0.942792893927353,0
M26004_20260321_cell#225,1,0,1,0,0.00703994303525882,0.00720251229036138,1.02309241059031,1,0,4.28525599449614e-08,0.975898595241575,0
M26004_20260321_cell#226,1,0,0,0,0.0347236433491908,0.0349663631768488,1.0069900449448,0.99999999997348,0,0,0.949205286529977,0
M26004_20260321_cell#227,1,1,1,1,0.103378469156838,0.112436916424811,1.08762411885041,0,35.0204751135733,0,0.980630092996963,0
M26004_20260321_cell#228,0,0,0,0,0.00185870186750537,0.00158579302193115,0.853172340144844,0.999999982443681,0,1,0.191657668712398,0
M26004_20260321_cell#229,1,1,1,1,0.0920194018634657,0.10113674925122,1.09908070692833,0,71.6604332046916,0,0.969816619540794,0
M26004_20260321_cell#230,1,0,0,0,0.0389568680201895,0.0368985791156877,0.947164928570872,1,0,0,1.00198491804912,0
M26004_20260321_cell#231,1,1,1,1,0.0632327218690541,0.089276221150715,1.41186744001932,0,124.226494869978,0,0.9909445670018,0
M26004_20260321_cell#232,1,1,1,1,0.0290770951950064,0.0309457052731435,1.06426398736205,0.0237047581689962,33.8564069491851,0,1.02604354785615,1
M26004_20260321_cell#233,1,1,1,1,0.026571057886878,0.0332350751870194,1.25079984878707,0,49.840145143147,0,0.929647427572068,0
M26004_20260321_cell#234,1,1,1,1,0.0651783492656364,0.0722300720054431,1.10819118341072,0,38.5641007871168,0,0.979412020102043,0
M26004_20260321_cell#235,1,1,1,1,0.0366346857916367,0.0425994181527064,1.1628165284396,0,46.36352661993,0,0.951265765800946,0
M26004_20260321_cell#236,1,1,1,1,0.019317408557165,0.0256946541325364,1.33012945584805,0,50.4605955888125,0,0.804656863100649,0
M26004_20260321_cell#237,1,1,1,1,0.0650369073501775,0.0758102367067824,1.16564947190059,0,109.454089539232,0,1.01363923343701,0
M26004_20260321_cell#238,1,1,1,1,0.0296887283065108,0.0338868835391989,1.14140569408517,0,44.7527544002342,0,0.9937164053874,0
M26004_20260321_cell#239,1,1,1,1,0.337842066917853,0.354400410337233,1.04901208298434,0,33.6766133653768,0,0.992158502346632,0
M26004_20260321_cell#240,1,1,1,1,0.0749112223872286,0.0835130932699411,1.11482753329332,0,82.2009888028757,0,0.986061009769376,0
M26004_20260321_cell#241,1,1,1,1,0.0824984323889842,0.0870125063656118,1.05471708789985,0,29.9855772658657,0,0.985069389498373,0
M26004_20260321_cell#242,1,0,0,0,0.1393962082499,0.140262818595438,1.00621688607186,0.932939880074396,0,0,0.980925092637157,0
M26004_20260321_cell#243,1,1,1,1,0.0254799519305756,0.0284753411281168,1.11755866752428,0,54.5610591751782,0,1.02451379838111,1
M26004_20260321_cell#244,0,0,0,0,0.0166547442035696,0.0167233740850193,1.00412074064968,1,0,0,0.969865490573192,0
M26004_20260321_cell#245,1,1,1,1,0.0217721471974552,0.0287483302233146,1.32041777793394,0,33.2725343434794,0,1.05837251326112,1
M26004_20260321_cell#246,1,1,1,1,0.0385519876637338,0.0496930997184229,1.2889893032719,0,87.0962627499956,0,0.942705671575277,0
M26004_20260321_cell#247,1,1,1,1,0.0409873386850909,0.0482560450268621,1.17734028543832,0,67.4742739826974,0,0.968828220406045,0
M26004_20260321_cell#248,1,0,1,0,0.0094806729839497,0.0097433552907788,1.02770713716988,1,0,1.60982338570648e-14,0.762551779683948,0
M26004_20260321_cell#249,1,0,0,0,0.0531613346732304,0.0528336966235291,0.993836910760136,1,0,0,0.956141186028364,0
M26004_20260321_cell#250,1,1,1,1,0.0436898885731473,0.0499386828095133,1.14302609689434,0,63.3897661523921,0,0.967013013997082,0
M26004_20260321_cell#251,1,0,1,0,0.0329752797701319,0.0338350114009035,1.02607200414264,0.748638394624787,0,0,1.02814825865151,1
M26004_20260321_cell#252,1,1,1,1,0.0237798851589981,0.026634868137753,1.12005873702357,0,21.4289833784726,0,0.899474744815791,0
M26004_20260321_cell#253,1,0,0,0,0.0194939504317713,0.0193391256063659,0.992057801421661,1,0,0,0.967209833782029,0
M26004_20260321_cell#254,1,0,0,0,0.0115724968544544,0.0108160688310444,0.934635711469745,1,0,0,0.933071814813891,0
M26004_20260321_cell#255,1,1,1,1,0.0439769670701469,0.0461602364788436,1.04964574762998,0,55.5614094250767,0,0.936548566768933,0
M26004_20260321_cell#256,1,0,0,0,0.023418500162647,0.0224168944836721,0.957230152570893,1,0,0,0.962404450288154,0
M26004_20260321_cell#257,1,1,1,1,0.0103216957507222,0.0121579443356137,1.1779018321445,1.6314638660031e-06,14.0595468913909,0,0.751155404751917,0
M26004_20260321_cell#258,1,0,1,0,0.0295415495097355,0.030575459809522,1.03499851283853,0.999999998207754,0,0,0.6451083524437,0
M26004_20260321_cell#259,1,0,1,0,0.0107458846639973,0.0110467148748959,1.027994922736,1,0,0,1.09633740240798,1
M26004_20260321_cell#260,1,1,1,1,0.0538959572323869,0.0566368467443626,1.05085519680368,0,22.9397739430499,0,0.996796030056734,0
M26004_20260321_cell#261,1,1,1,1,0.0187105446543671,0.0226300623308164,1.20948175207366,0,16.7050406802789,0,0.871770012442173,0
M26004_20260321_cell#262,0,0,0,0,0.0185300029306504,0.017708792551494,0.955682123622436,1,0,1,0.896287252001143,0
M26004_20260321_cell#263,1,1,1,1,0.0469357959659313,0.0500710536598968,1.06679886064447,1.16994705954276e-05,25.9975808695698,0,0.97685747879254,0
M26004_20260321_cell#264,1,0,0,0,0.0303977905229031,0.0295441165237205,0.971916577340075,1,0,0,0.936281133453326,0
M26004_20260321_cell#265,0,0,0,0,0.00207931380840106,0.00209784297350751,1.00891119225563,0.99999997800559,NaN,1,1.24615105461275,0
M26004_20260321_cell#266,1,0,0,0,0.0198672305268099,0.0194910052787668,0.981063024988039,1,0,0,0.932014619442048,0
M26004_20260321_cell#267,1,1,1,1,0.0467246200335892,0.0488394838039451,1.04526230002161,1.55451396199879e-09,19.3826458387325,0,0.980547803291849,0
M26004_20260321_cell#268,1,1,1,1,0.0195395617139206,0.0235700918355519,1.20627535973644,0.0402232955016715,52.3982584562395,0,0.932996456787263,0
M26004_20260321_cell#269,0,0,0,0,0.00711596571925592,0.00711596571925592,1,1,0,4.04616151871151e-05,0.713979302379897,0
M26004_20260321_cell#270,1,0,0,0,0.00685000824323997,0.00600553627293813,0.876719568748663,1,0,1.0964562591198e-12,0.947901054752229,0
M26004_20260321_cell#271,1,1,1,1,0.105620771968719,0.110277492654818,1.04408906126419,0,69.3405917222396,0,0.99021143794094,0
M26004_20260321_cell#272,1,1,1,1,0.0766175053704106,0.0849460644661242,1.10870308365495,0,41.6149278607144,0,0.952790522257545,0
M26004_20260321_cell#273,1,1,1,1,0.0825094713212626,0.121279363721978,1.469884145176,0,204.26292660944,0,1.00591262590262,0
M26004_20260321_cell#274,1,1,1,1,0.0331987983526347,0.0364340260821811,1.09745014548967,0,27.3070608746729,0,1.04766386625464,1
M26004_20260321_cell#275,1,0,0,0,0.0417383795155575,0.0417882352448468,1.00119448167054,0.999997933261137,0,0,0.991046411853393,0
M26004_20260321_cell#276,1,1,1,1,0.0612439456707358,0.0685846526906691,1.11986012559346,0,28.3460496784551,0,1.00984760232237,0
M26004_20260321_cell#277,1,1,1,1,0.0596912072821936,0.0618751446856048,1.03658725468705,0,29.6168098050523,0,0.936797739171098,0
M26004_20260321_cell#278,1,1,1,1,0.102290141529642,0.106235681960634,1.03857204977909,0,26.9318265754795,0,0.977554362603387,0
M26004_20260321_cell#279,0,0,0,0,0.0351641218903868,0.0337979490351899,0.961148671380007,1,0,0.873579983927237,0.890041217012743,0
M26004_20260321_cell#280,1,1,1,1,0.0555403388473057,0.0744761342321065,1.34093770001764,0,125.367166454932,0,1.00813366059461,0
M26004_20260321_cell#281,1,0,0,0,0.0324642858497249,0.0319928311548656,0.985477743233236,1,0,0,0.903141946067779,0
M26004_20260321_cell#282,1,1,1,1,0.0568908619349637,0.0654535803416546,1.1505113143914,0,65.2176816456878,0,0.986385987048233,0
M26004_20260321_cell#283,1,0,0,0,0.0115853426444755,0.0115412681192935,0.996195664941941,1,0,0,0.954930236231298,0
M26004_20260321_cell#284,1,0,0,0,0.0181463502274417,0.0181257860738291,0.99886676089931,0.999999999964528,0,0,0.773537427458168,0
M26004_20260321_cell#285,1,1,1,1,0.0423661874376563,0.0445717102252288,1.05205856181461,0.00558546698350282,70.5995482264814,0,1.41850832816827,1
M26004_20260321_cell#286,1,1,1,1,0.302538473605335,0.348441519282819,1.15172630816326,0,81.6469640742066,0,0.984530481399403,0
M26004_20260321_cell#287,1,0,0,0,0.0395441985453706,0.0394987451586043,0.998850567505769,0.975539575241562,0,0,0.84403614086495,0
M26004_20260321_cell#288,1,1,1,1,0.134092103282756,0.147499464504049,1.09998621017243,0,151.869890757999,0,0.981241938278407,0
M26004_20260321_cell#289,1,1,1,1,0.0246834715715064,0.0285946881456462,1.1584548819565,0,41.0974721467381,0,0.948364459840675,0
M26004_20260321_cell#290,0,0,0,0,0.043536899098173,0.0435518240200883,1.00034281086215,1,0,0.52675384848301,0.958089156910435,0
M26004_20260321_cell#291,0,0,0,0,0.0126515995932691,0.0115194820112131,0.910515854243575,1,0,1,0.906358238203039,0
M26004_20260321_cell#292,1,0,0,0,0.0427830201898522,0.0427593952174073,0.999447795589464,1,0,0,0.947283653735564,0
M26004_20260321_cell#293,0,0,0,0,0.0126142120995636,0.0120835180793973,0.957928880854585,1,0,0.958533538958781,0.888088491975203,0
M26004_20260321_cell#294,1,1,1,1,0.0788564988512751,0.0910230932978711,1.15428778380768,0,57.3268251714143,0,0.981335095290547,0
M26004_20260321_cell#295,1,0,0,0,0.0365243615926539,0.0360330420956926,0.986548170165416,1,0,0,1.014038860222,0
M26004_20260321_cell#296,1,0,1,0,0.0276184561452384,0.0283942605791686,1.02809007244469,0.999999999897663,0,0,0.996374197391724,0
M26004_20260321_cell#297,1,0,1,0,0.0437731082229647,0.04460187127027,1.01893315510253,0.998881645492543,0,0,0.991847414430296,0
M26004_20260321_cell#298,1,1,1,1,0.0253981379126269,0.0288876270047752,1.13739153256639,0,40.1232873937347,0,0.950426491838717,0
M26004_20260321_cell#299,1,1,1,1,0.0239490421249963,0.0302968218661396,1.26505359621536,0,38.5795541836675,0,0.970204517997796,0
M26004_20260321_cell#300,0,0,1,0,0.00922210671071676,0.00961250869067415,1.04233327505349,0.986727808805002,0,0,0.82895850845922,0
M26004_20260321_cell#301,1,1,1,1,0.0713879339747196,0.0753143453349505,1.05500105048034,0,32.2376823495369,0,0.921369107637759,0
M26004_20260321_cell#302,1,1,1,1,0.103298705661652,0.118964685514301,1.15165707791114,0,112.225447372148,0,0.945156081637328,0
M26004_20260321_cell#303,1,0,0,0,0.0426885963757802,0.0411926811423926,0.964957497777173,1,0,1.94900159011802e-07,0.977620788248666,0
M26004_20260321_cell#304,1,1,1,1,0.0158805475437059,0.0174885290628561,1.10125479078884,6.72522371125694e-10,22.7895168023772,0,0.872017087455393,0
M26004_20260321_cell#305,1,1,1,1,0.102133195828157,0.115908975451897,1.13488053039013,0,39.4371079823154,0,0.988032639540566,0
M26004_20260321_cell#306,1,1,1,1,0.0342829521110288,0.0488430445654274,1.42470357882963,0,58.0277485337214,0,0.98551904820192,0
M26004_20260321_cell#307,1,1,1,1,0.0578224394223045,0.0708791945488238,1.22580775313126,0,92.487027485284,0,0.978541148212434,0
M26004_20260321_cell#308,0,0,0,0,0.0139799224645212,0.0114612866211255,0.819839069223192,1,0,1,0.897218366337123,0
M26004_20260321_cell#309,1,1,1,1,0.0378646551161571,0.0492007594817491,1.29938485721886,0,50.5666342126691,0,1.05959923279106,1
M26004_20260321_cell#310,1,0,1,0,0.00629299927602798,0.0072076219952661,1.14533971467663,0.999654137809291,0,0,0.584023640308043,0
M26004_20260321_cell#311,0,0,1,0,0.000240065154964969,0.00179557377121501,7.47952684543922,0.0511897427011329,NaN,0,0.0570512355295595,0
M26004_20260321_cell#312,1,1,1,1,0.0745879546573275,0.0803234956368044,1.07689634346225,2.77555756156289e-15,66.8256274574839,0,0.97422595846217,0
M26004_20260321_cell#313,1,0,0,0,0.0345574517814735,0.0329425798074205,0.95326993482434,1,0,0,0.901729783419308,0
M26004_20260321_cell#314,1,0,0,0,0.0148513213876603,0.0128655378960145,0.866289103857397,1,0,0,1.07556649270708,1
M26004_20260321_cell#315,1,1,1,1,0.03259759089652,0.0361751132225153,1.10974805890877,0,55.1711906187795,0,0.962760384197097,0
M26004_20260321_cell#316,1,1,1,1,0.0481568610075712,0.0542183742417571,1.12587018977904,0,54.2793427960817,0,0.99983174721263,0
M26004_20260321_cell#317,0,0,0,0,0.0229521011386124,0.0217892111475733,0.949334050768765,1,0,1,0.949276274450968,0
M26004_20260321_cell#318,1,0,1,0,0.0101851463922365,0.0108125603150068,1.06160087431326,0.993781775051047,0,6.6787165797777e-09,1.04085986844228,0
M26004_20260321_cell#319,1,0,0,0,0.00840185568590855,0.00787573105290764,0.937379948826861,1,0,0,0.761257894758247,0
M26004_20260321_cell#320,1,1,1,1,0.080944952884234,0.0995397540500579,1.22972156389315,0,164.070843722103,0,0.995645657047821,0
M26004_20260321_cell#321,0,0,0,0,0.000740112392540226,0.00074042936268436,1.00042827298574,1,NaN,0.999999897157623,0.462694278978909,0
M26004_20260321_cell#322,1,1,1,1,0.0286188960566096,0.0316103469416931,1.10452712358877,0,18.3880974202078,0,1.01494340651455,0
M26004_20260321_cell#323,0,0,0,0,0.0205565997482478,0.0199770463156898,0.971806940853271,1,0,1,0.968054372707648,0
M26004_20260321_cell#324,1,0,0,0,0.0310315639571831,0.0303749528808383,0.97884054193173,1,0,0,0.920471160101288,0
M26004_20260321_cell#325,0,0,0,0,0.0068074578587474,0.00629691857829691,0.925002946614724,1,0,1,0.960810379155988,0
M26004_20260321_cell#326,1,1,1,1,0.0451337453970058,0.0537299869425792,1.19046151543505,0,46.830085095111,0,0.970674096388508,0
M26004_20260321_cell#327,1,1,1,1,0.0019817747519401,0.00672026487745411,3.39103365348417,0,43.9044397143421,0,0.897061000022841,0
M26004_20260321_cell#328,1,1,1,1,0.0515656769744183,0.0524874604020042,1.0178759105217,0.000162509406356648,11.3477038612044,0,0.838047372242083,0
M26004_20260321_cell#329,1,1,1,1,0.03857747041822,0.0416514835529639,1.07968415506301,0.000585055655143663,34.6154472010455,0,0.918586900886312,0
M26004_20260321_cell#330,1,0,0,0,0.00777039361756935,0.00714222550306554,0.919158778123738,1,0,0,1.75591338154011,1
M26004_20260321_cell#331,1,0,0,0,0.0300248663194824,0.0295611863144413,0.984556800349842,1,0,0,0.98171042342805,0
M26004_20260321_cell#332,1,1,0,0,0.163658243975804,0.165742165029812,1.0127333704883,0,26.8296865865535,0,NaN,0
M26004_20260321_cell#333,1,1,1,1,0.027190968719195,0.0299246275016977,1.10053554217702,0,32.3904088846726,0,0.957016629513309,0
M26004_20260321_cell#334,1,1,1,1,0.108722444141666,0.111784516497878,1.02816412361206,6.12914907716089e-09,39.2593953964253,0,0.991190701949854,0
M26004_20260321_cell#335,1,0,1,0,0.057143681185896,0.0580753898033431,1.01630466567976,1,0,0,0.934456589800589,0
M26004_20260321_cell#336,1,1,1,1,0.0174796524966731,0.0193486878414082,1.10692634450775,0,23.1226748700268,0,0.659581610202895,0
M26004_20260321_cell#337,1,1,1,1,0.0293877423209951,0.0342200642236209,1.164433247367,0,39.9082499206908,0,0.985705494806619,0
M26004_20260321_cell#338,1,1,1,1,0.0609313741580936,0.0676363346443416,1.11004118286995,0,18.6260437980797,0,0.980693334269483,0
M26004_20260321_cell#339,1,0,0,0,0.0352321087844637,0.0338153439111525,0.959787678847767,1,0,0,0.970310756971143,0
M26004_20260321_cell#340,1,1,1,1,0.0201668504558469,0.022912644592006,1.13615384029206,6.31376557258534e-07,18.9288450049233,0,1.0596444943454,1
M26004_20260321_cell#341,1,1,1,1,0.0582812472989466,0.0675798675559152,1.15954737909559,0,44.6758672870629,0,0.978805170422652,0
M26004_20260321_cell#342,1,0,0,0,0.0398654826235188,0.0401379271656526,1.00683409617053,0.999997784954875,0,0,0.998304094788118,0
M26004_20260321_cell#343,0,1,1,0,0.00279622328662256,0.00433388780862561,1.54990763053845,3.32400649893927e-07,18.6043596708634,0.273466941408447,NaN,0
M26004_20260321_cell#344,1,1,1,1,0.041920119452276,0.0490309589157091,1.16962832063321,0,46.1163945241149,0,0.936909716557547,0
M26004_20260321_cell#345,1,1,1,1,0.0689398379316162,0.088839882417174,1.2886581268917,0,145.468133214494,0,1.04597983582554,1
M26004_20260321_cell#346,1,1,1,1,0.0489731499710178,0.0540292080286345,1.10324143046973,0,77.9397210794252,0,0.980435418494517,0
M26004_20260321_cell#347,1,0,0,0,0.0545513436255755,0.0532925561598645,0.976924721151675,1,0,0,0.877610951020311,0
M26004_20260321_cell#348,1,1,1,1,0.0216082296423363,0.0245206866480169,1.13478461928109,0,23.0025667083113,0,0.982449224993761,0
M26004_20260321_cell#349,1,1,1,1,0.0423652230463462,0.0450517460911107,1.06341340494833,2.10291783986349e-11,36.0188638498172,0,0.971359181216175,0
M26004_20260321_cell#350,1,1,1,1,0.0272358119838166,0.033315013377641,1.22320617418848,0,81.6638041903989,0,0.950626479435561,0
M26004_20260321_cell#351,1,1,1,1,0.0105382063666702,0.0129513015366916,1.22898537816202,2.54072366145941e-07,26.9181784492391,0,1.09151027778031,1
M26004_20260321_cell#352,1,1,1,1,0.0360237425336323,0.0450786760659082,1.25136015570348,0,61.5092688610131,0,1.00134243186704,0
M26004_20260321_cell#353,1,1,1,1,0.0233451569636489,0.0387141040062512,1.65833556255516,0,66.2748771068249,0,1.00812867388832,0
M26004_20260321_cell#354,1,1,1,1,0.161386563668619,0.173768424505795,1.0767217577208,0,137.236726459794,0,0.987739924314741,0
M26004_20260321_cell#355,1,1,1,1,0.0360743558513566,0.0554432149276281,1.53691489755438,0,76.5857518137456,0,0.935848647791478,0
M26004_20260321_cell#356,1,1,1,1,0.0197478345859669,0.0208751698052832,1.05708652330506,0.00142801351951727,12.0845262315569,0,0.943232207904826,0
M26004_20260321_cell#357,1,1,1,1,0.00759102910514262,0.0127115478849719,1.67454869542791,0,35.045671613209,0,1.04696589804231,1
M26004_20260321_cell#358,1,0,0,0,0.0194249784202337,0.0190545797524296,0.980931836329952,1,0,0,0.962499966168076,0
M26004_20260321_cell#359,1,0,0,0,0.0131508190537934,0.013231101451669,1.00610474507688,1,0,0,0.857894173604298,0
M26004_20260321_cell#360,1,1,1,1,0.0710233936528028,0.0756107341134095,1.06458914766917,0,25.9242609311005,0,0.956135582890634,0
M26004_20260321_cell#361,0,0,0,0,0.00924170073573886,0.00775713891129639,0.839362703154683,1,0,1,0.817589403227082,0
M26004_20260321_cell#362,1,0,0,0,0.162686995834187,0.162158113835964,0.996749082521861,0.999999999872214,0,0,0.981570619609708,0
M26004_20260321_cell#363,1,1,1,1,0.0458801703453378,0.0557820621944504,1.21582072983996,0,60.1942647688984,0,0.913997305995022,0
M26004_20260321_cell#364,1,1,1,1,0.0156758369925516,0.0182378104189998,1.16343455393581,0.00447175150875645,43.3878958774457,0,0.624097004917931,0
M26004_20260321_cell#365,1,1,1,1,0.0195427208026104,0.020623645543474,1.05531086238101,8.82095692522622e-06,34.5334413229686,0,1.00053540548557,0
M26004_20260321_cell#366,1,0,0,0,0.0587186867128256,0.0579554666106972,0.987002091755541,1,0,0,0.994125311233869,0
M26004_20260321_cell#367,1,0,1,0,0.0353748592988871,0.0362392502737499,1.02443517775038,0.526615102473255,0,0,0.918103509528917,0
M26004_20260321_cell#368,1,1,1,1,0.0210398168291752,0.0235127413687987,1.11753545953853,0,15.6108846687508,0,0.975468043808777,0
M26004_20260321_cell#369,1,1,1,1,0.0476812239251427,0.0514292242624474,1.07860537185851,0,57.9759291047532,0,0.977118656976052,0
M26004_20260321_cell#370,1,1,1,1,0.0507690577280423,0.0614736189131778,1.21084813593503,0,45.5152622266923,0,0.991351128955844,0
M26004_20260321_cell#371,1,0,0,0,0.0588557290985157,0.0590032495666484,1.00250647592668,0.999998812753546,0,0,1.00232225743291,0
M26004_20260321_cell#372,1,1,1,1,0.0501895638919098,0.0538672473323608,1.07327585966619,0,37.3324629986271,0,0.962659744569784,0
M26004_20260321_cell#373,1,1,1,1,0.0739215176568151,0.0873709051979975,1.18194144232295,0,144.314039491988,0,0.978698514105588,0
M26004_20260321_cell#374,1,1,1,1,0.0491901867213552,0.0511661205632927,1.04016926898713,0,28.8662966531113,0,0.928973643497891,0
M26004_20260321_cell#375,1,1,1,1,0.0302801642995555,0.0340471302605421,1.12440374905898,0,22.5443837643837,0,1.02514097228744,1
M26004_20260321_cell#376,1,1,1,1,0.0380424986248305,0.0399402921137675,1.04988614201325,1.45507572657522e-09,50.7290960711799,0,1.00721117957134,0
M26004_20260321_cell#377,1,1,1,1,0.0988575323938473,0.114807834299584,1.16134634882642,0,96.1906048142433,0,1.0121197769798,0
M26004_20260321_cell#378,1,1,1,1,0.0775820566893688,0.0938397719772123,1.209555095361,0,60.1336247253098,0,0.962514018991952,0
M26004_20260321_cell#379,1,0,0,0,0.0527147728216886,0.0522422662486117,0.991036543500337,1,0,0,0.925202544881652,0
M26004_20260321_cell#380,1,1,1,1,0.0509658973303035,0.0565452378792843,1.10947203603268,0,52.7321898103658,0,0.929891926181641,0
M26004_20260321_cell#381,1,0,0,0,0.127301648997011,0.125010035680815,0.981998557487263,1,0,0,0.999692792835638,0
M26004_20260321_cell#382,1,1,1,1,0.0139253640087217,0.0160298967237304,1.1511294579941,0,20.0455899067391,0,0.840286709854941,0
M26004_20260321_cell#383,1,1,1,1,0.0450397519856091,0.0497311699853856,1.10416171921363,0,30.4663365036729,0,0.970049365314051,0
M26004_20260321_cell#384,1,1,1,1,0.0835547888032656,0.109824608003404,1.31440231704723,0,85.7750355599724,0,0.976290297414925,0
M26004_20260321_cell#385,1,0,1,0,0.00811285331994501,0.00887723481836368,1.0942185773949,0.999333052155126,0,0,0.865678016383709,0
M26004_20260321_cell#386,1,0,0,0,0.0776941162454644,0.0773107693047283,0.995065946312782,1,0,0,0.989921186353429,0
M26004_20260321_cell#387,1,1,1,1,0.0276217783811832,0.0366078047316878,1.32532396091579,0,53.2685054936556,0,0.893222303587186,0
M26004_20260321_cell#388,1,0,0,0,0.024560384762035,0.0214653220823998,0.873981506819894,1,0,0,0.929317853096753,0
M26004_20260321_cell#389,1,1,1,1,0.0841917532442268,0.09883485029541,1.17392555074493,0,139.548678879379,0,0.995054316857635,0
M26004_20260321_cell#390,1,1,1,1,0.0195277107219865,0.0239497974755012,1.22645187735886,0.000917752322785015,36.9761266556067,0,1.2469254242376,1
M26004_20260321_cell#391,1,1,1,1,0.0220397127841315,0.0347570134756055,1.57701753267086,0,85.2632267192319,0,0.956728883384295,0
M26004_20260321_cell#392,1,0,0,0,0.0410517377811925,0.0397621805023211,0.968587023386325,1,0,2.92671569945835e-06,0.929594988202854,0
M26004_20260321_cell#393,1,0,0,0,0.0178200838171235,0.0175289669921525,0.983663554674681,1,0,5.94378990470545e-11,0.981997844448061,0
M26004_20260321_cell#394,1,1,1,1,0.0220476847119503,0.0254213412824243,1.15301636496305,0,38.0973178254086,0,0.947395960289628,0
M26004_20260321_cell#395,1,1,1,1,0.0762323103714624,0.0795180547309321,1.0431017286956,0,37.0619029588383,0,0.992648875322706,0
M26004_20260321_cell#396,1,1,1,1,0.0118868933836029,0.0249611220973597,2.0998860923403,0,95.5493227842127,0,0.883392605901458,0
M26004_20260321_cell#397,1,0,0,0,0.0647049490572132,0.0647832492448327,1.0012101112629,0.176708094497712,0,0,1.01314453562453,0
M26004_20260321_cell#398,1,1,1,1,0.0434174771189401,0.0474205117305943,1.09219869226137,0,81.7181403866107,0,1.00060773428253,0
M26004_20260321_cell#399,1,1,1,1,0.108108380702179,0.126303794222145,1.16830715067402,0,103.940649975662,0,0.978908215406359,0
M26004_20260321_cell#400,1,1,1,1,0.0663552588293791,0.0722312503018522,1.08855351597049,0,48.865505003094,0,0.959083792943922,0
M26004_20260321_cell#401,1,1,1,1,0.0394297255997087,0.0409852440574184,1.03945040027672,5.12602182922706e-11,30.6390705807577,0,0.978154673751609,0
M26004_20260321_cell#402,1,1,1,1,0.0684258354471389,0.095924358820466,1.4018734034248,0,191.470059184526,0,0.983248647076596,0
M26004_20260321_cell#403,1,1,1,1,0.0143400356530666,0.0158968350057735,1.10856314380041,0.000615951204037235,33.3011169201978,0,1.02028544422066,0
M26004_20260321_cell#404,1,1,1,1,0.147470997016194,0.162771632814841,1.10375352515564,0,69.9370282335388,0,1.00450876972373,0
M26004_20260321_cell#405,1,1,1,1,0.0145874738029993,0.0197845033446474,1.35626658952969,0,34.7479248120991,0,1.01655414804313,0
M26004_20260321_cell#406,1,1,1,1,0.054554521905535,0.0683913286230679,1.25363262721818,0,97.834237211909,0,0.949911230183485,0
M26004_20260321_cell#407,1,1,1,1,0.0139989281362832,0.0164931294716167,1.17817087930246,0,17.3667550364303,0,0.997672216182499,0
M26004_20260321_cell#408,1,1,1,1,0.0239543277394095,0.0253911537136205,1.05998189512316,0,13.1946430476718,0,1.09217250439274,1
M26004_20260321_cell#409,1,1,1,1,0.00566740190720547,0.00872355459093175,1.53925109490483,1.11022302462516e-16,29.7993378972207,0,0.899737280468193,0
M26004_20260321_cell#410,1,1,1,1,0.287078935436651,0.291775846043703,1.01636104230325,0,43.1743569005213,0,1.00316079335518,0
M26004_20260321_cell#411,1,1,1,1,0.0439907212684318,0.0494715726755476,1.12459107850657,0,57.7090102628378,0,0.992989112529605,0
M26004_20260321_cell#412,1,0,0,0,0.0281078771283416,0.0270262856957242,0.961519988589719,1,0,0,0.941716527868676,0
M26004_20260321_cell#413,1,1,1,1,0.0612906178734751,0.0628046831791056,1.02470305175836,3.06309499986668e-09,21.3406334968633,0,0.998731564291499,0
M26004_20260321_cell#414,1,1,1,1,0.075654777527088,0.0960606678635385,1.26972375048151,0,107.118095012548,0,1.00053584806309,0
M26004_20260321_cell#415,1,0,1,0,0.0138486760239517,0.0144303421515852,1.04200156943722,0.999999973235063,0,0.000720137860220071,0.764155073705896,0
M26004_20260321_cell#416,1,1,1,1,0.0734623857303486,0.0748598628335533,1.01902302912315,9.99200722162641e-16,40.1464211097143,0,0.941233581027123,0
M26004_20260321_cell#417,1,1,1,1,0.0395188164666033,0.0440426743222846,1.11447351566068,0,93.2445523618849,0,0.952516902912009,0
M26004_20260321_cell#418,1,0,0,0,0.0181062819627559,0.0173572826986549,0.958633182359493,0.999995059337509,0,0,0.976425684302709,0
M26004_20260321_cell#419,1,0,0,0,0.0591186011251497,0.0594900599148305,1.00628328110969,0.999373105626069,0,0,0.94668891261217,0
M26004_20260321_cell#420,1,1,1,1,0.0201603352842399,0.0299976361269731,1.4879532360964,0,69.314102483456,0,0.92483730523687,0
M26004_20260321_cell#421,0,1,1,0,0.0312872350284574,0.0325147818530426,1.03923474936244,0.0229144058118068,18.1323322684452,0.842480466581268,NaN,0
M26004_20260321_cell#422,1,1,1,1,0.0473329408375028,0.0535005961383687,1.13030365727834,0,57.0138583863504,0,0.953511562377468,0
M26004_20260321_cell#423,1,1,1,1,0.137293929954594,0.146505519746339,1.06709393339378,0,51.6091575739752,0,0.959927065922833,0
M26004_20260321_cell#424,0,0,0,0,0.075433347980747,0.0758471073007665,1.00548509818396,0.748312312669227,0,1,1.08156075233943,1
M26004_20260321_cell#425,1,1,1,1,0.0195912165363133,0.0207239897345315,1.05782046235457,0.000457730052878191,32.4021989575304,0,0.811223803741886,0
M26004_20260321_cell#426,1,1,1,1,0.0379463027056934,0.0454855814995364,1.19868282958465,0,24.6652728872286,0,1.04664483571916,1
M26004_20260321_cell#427,1,1,1,1,0.0597840587526778,0.0687618650693654,1.15017057228965,0,33.6370620628689,0,0.992064682775034,0
M26004_20260321_cell#428,1,1,1,1,0.0828111783236934,0.0874768518586212,1.05634110792012,0,34.8246655990357,0,0.973028695545419,0
M26004_20260321_cell#429,1,1,1,1,0.0100784033484843,0.0122769380897567,1.218143158718,0,21.8252518947373,0,0.922728061160826,0
M26004_20260321_cell#430,1,0,0,0,0.014840014295318,0.014866315413831,1.001772310861,0.99641976404169,0,0,0.982610050001433,0
M26004_20260321_cell#431,1,0,0,0,0.0544059802439866,0.053432494838335,0.982107014683203,1,0,0,0.961919191549659,0
M26004_20260321_cell#432,1,1,1,1,0.0698246901962167,0.0712210976020531,1.01999876264273,0.000360854095507235,20.0413325690532,0,0.947773547884698,0
M26004_20260321_cell#433,1,1,1,1,0.0194996795710613,0.02309462959968,1.18435944116507,0,33.7529951239909,0,0.998373183103787,0
M26004_20260321_cell#434,1,1,1,1,0.0641634262645655,0.0703652964962455,1.09665740426809,0,87.8729590557154,0,0.999220614777473,0
M26004_20260321_cell#435,1,0,0,0,0.1623749446922,0.160223936502932,0.986752831889519,1,0,0,0.992235751501526,0
M26004_20260321_cell#436,1,1,1,1,0.130470814126834,0.134639140181497,1.03194834095701,0,55.1424205146656,0,0.985961356256003,0
M26004_20260321_cell#437,1,1,1,1,0.0503433871497754,0.058752883679072,1.16704272408763,0,76.651588757847,0,1.04729940523731,1
M26004_20260321_cell#438,1,1,1,1,0.0242331558833766,0.0263414799353598,1.08700162959086,0,20.1375396154082,0,1.01439818494847,0
M26004_20260321_cell#439,1,1,1,1,0.0484359316830879,0.0517239865446307,1.0678846209268,0,24.4174563963963,0,0.916921320825664,0
M26004_20260321_cell#440,1,1,1,1,0.0350658482100686,0.0455917403010701,1.30017503149914,0,80.6676974395147,0,1.00473557541322,0
M26004_20260321_cell#441,1,1,1,1,0.133011179315294,0.136712737219393,1.02782892327663,0,31.4171707212318,0,0.993596394190677,0
M26004_20260321_cell#442,1,1,1,1,0.0179418946574102,0.0280659324173452,1.56426804154452,0,50.0185917905196,0,0.964778038584145,0
M26004_20260321_cell#443,1,1,1,1,0.0605882901976782,0.0660099499295747,1.08948362322501,0,50.0379798554888,0,0.973624436246862,0
M26004_20260321_cell#444,1,1,1,1,0.201671869571751,0.214041752449495,1.06133667974622,0,176.329761507577,0,0.999757417975968,0
M26004_20260321_cell#445,1,0,0,0,0.0509201917114251,0.0505683650546848,0.993090625841823,1,0,0,0.936566255740402,0
M26004_20260321_cell#446,0,0,0,0,0.00679244693936033,0.00585756332287603,0.862364237095926,1,0,1,0.763719788972994,0
M26004_20260321_cell#447,1,1,1,1,0.104366632767116,0.111191489934155,1.06539309534177,0,44.1683004557077,0,1.01349589262826,0
M26004_20260321_cell#448,0,1,1,0,0.0200041607087763,0.021722528427266,1.08590051557303,3.99680288865056e-15,21.2930429686241,0.999999978640665,NaN,0
M26004_20260321_cell#449,1,0,1,0,0.0115799747951684,0.0119750660929411,1.03411849375851,1,0,0,0.932016385984572,0
M26004_20260321_cell#450,1,0,0,0,0.0805900502965995,0.0793915570907927,0.985128521431667,0.999999999998236,0,0,1.00193234571236,0
M26004_20260321_cell#451,1,1,1,1,0.23086593194393,0.244472297026865,1.05893621881915,0,51.8980698488033,0,0.994227378830096,0
M26004_20260321_cell#452,1,1,1,1,0.0682697026677382,0.0750179178422913,1.09884641225693,0,52.6171505764099,0,0.940845359837859,0
M26004_20260321_cell#453,1,1,1,1,0.0555261018455474,0.0599289420948053,1.0792931630876,0,26.0793354597426,0,0.967514300340548,0
M26004_20260321_cell#454,1,1,1,1,0.173299266134865,0.186442923225736,1.07584369734516,0,71.1435973422211,0,0.977675381945565,0
M26004_20260321_cell#455,1,1,1,1,0.0166547925898338,0.02288009699538,1.3737845651315,0,27.1957686671729,0,0.920151197931342,0
M26004_20260321_cell#456,1,0,0,0,0.00449766650750457,0.00412603648489277,0.917372703825035,1,0,0.00121262877858785,0.371669348928195,0
M26004_20260321_cell#457,1,1,1,1,0.0138071505501384,0.0236360285892755,1.71186868017736,0,55.8399815808411,0,0.960340608132009,0
M26004_20260321_cell#458,1,1,1,1,0.10924491486949,0.12052280615063,1.10323493129738,0,86.6756612900469,0,0.992417570628014,0
M26004_20260321_cell#459,1,0,0,0,0.0425401671316361,0.0431674887266056,1.01474657100026,0.962323961187869,0,0,1.08788432123161,1
M26004_20260321_cell#460,1,1,1,1,0.0921084231877044,0.0986616537524525,1.07114691944507,0,74.7241211957296,0,1.02647939936241,1
M26004_20260321_cell#461,1,1,1,1,0.0411143345045102,0.0424355051407217,1.03213406351176,0.0262258451600945,13.7024691706961,0,0.95671244124755,0
M26004_20260321_cell#462,0,0,0,0,0.018338663094185,0.0184011088631945,1.00340514293157,1,0,1,0.913914795134135,0
M26004_20260321_cell#463,1,1,1,1,0.101916599396504,0.114742701432974,1.12584899920542,0,80.6603679345357,0,0.983764576222555,0
M26004_20260321_cell#464,1,1,1,1,0.116066509487717,0.136243625527595,1.17384098245854,0,91.5953688065744,0,0.995631262310732,0
M26004_20260321_cell#465,1,0,1,0,0.00940809776478722,0.0101056089505625,1.07413944914411,0.27722311995211,0,0,1.03323394914959,0
M26004_20260321_cell#466,1,1,1,1,0.066428576352512,0.0729972714375812,1.09888357459614,0,47.3062162228731,0,1.01085246734868,0
M26004_20260321_cell#467,1,1,1,1,0.0361816317076867,0.0423148903457816,1.16951304705232,0,55.5109581598999,0,0.974235293065213,0
M26004_20260321_cell#468,1,1,1,1,0.0131983759747511,0.0150490230176651,1.14021778485886,0.00231515874757482,20.4365470934979,0,0.862387687340546,0
M26004_20260321_cell#469,1,1,1,1,0.103852826865424,0.125432884440692,1.20779460922361,0,101.890760282226,0,0.990182776847015,0
M26004_20260321_cell#470,1,0,1,0,0.0121720111855493,0.0129051150528709,1.0602286554084,0.999999532548314,0,0,0.917671259828253,0
M26004_20260321_cell#471,1,1,1,1,0.0287678807580496,0.0317572378062917,1.10391300886513,0,28.7515077850061,0,1.03526982478062,1
M26004_20260321_cell#472,0,0,0,0,0.00436812222294804,0.0044074773145018,1.00900961318047,1,0,0.995380493144949,0.514028060220956,0
M26004_20260321_cell#473,1,1,1,1,0.04174559401916,0.0515304325597608,1.23439212617528,0,66.4097947419145,0,0.976014760833906,0
M26004_20260321_cell#474,1,0,1,0,0.0205757707881262,0.0210269344137611,1.02192693679768,0.998853985021835,0,1.11022302462516e-16,0.993026829060616,0
M26004_20260321_cell#475,0,0,1,0,0.00332372310644078,0.00353529915280371,1.06365633946851,0.999999999704099,0,1,1.06599412593918,0
M26004_20260321_cell#476,1,1,1,1,0.0614596029780144,0.0641475545132744,1.04373525706343,0,29.4897536515893,0,0.991292351779162,0
M26004_20260321_cell#477,1,1,1,1,0.0615675560128296,0.0650837286871507,1.05711080481396,0,34.8113814598804,0,0.977751252288655,0
M26004_20260321_cell#478,1,1,1,1,0.0190028974748396,0.0283465411231233,1.49169573538219,0,30.6088196326924,0,1.04812346133338,1
M26004_20260321_cell#479,1,0,1,0,0.0151790551212444,0.0154850743237916,1.02016062265423,0.112500237198884,0,0,0.888209790693942,0
M26004_20260321_cell#480,1,1,1,1,0.061001579103701,0.0668676368064743,1.09616239102272,0,33.5929708859783,0,0.980318031506862,0
M26004_20260321_cell#481,1,1,1,1,0.0848721488763203,0.0944210685279281,1.1125094601472,0,39.2570588281478,0,0.994002374033819,0
M26004_20260321_cell#482,0,0,0,0,-4.18562613388907e-08,-4.18562613388907e-08,1,1,NaN,1,-1.53861837940672e-05,0
M26004_20260321_cell#483,1,1,1,1,0.0899425546086069,0.112630232581858,1.25224631512835,0,186.390463596661,0,0.961996156122356,0
M26004_20260321_cell#484,1,1,1,1,0.0534820750035925,0.0581222591205292,1.08676148254579,0,57.7005516442254,0,0.958414777333375,0
M26004_20260321_cell#485,1,1,1,1,0.0420408139432795,0.0440850477674189,1.04862498206856,5.49477130462606e-11,28.5657707276344,0,0.976271864515294,0
M26004_20260321_cell#486,1,0,1,0,0.00471880775324894,0.00494445836027128,1.04781941092366,1,0,0,0.905301621013685,0
M26004_20260321_cell#487,1,1,1,1,0.0133450379131505,0.0180231489227943,1.35055059716495,0,30.5967494772149,0,0.969089861962898,0
M26004_20260321_cell#488,1,0,0,0,0.113604803808041,0.110297961910706,0.970891707159476,1,0,0,0.992972505795589,0
M26004_20260321_cell#489,1,1,1,1,0.0492289012205248,0.0499674306497413,1.01500194826426,0,22.2007462030061,0,0.950436176962364,0
M26004_20260321_cell#490,1,1,1,1,0.0399683177979632,0.0435776548255786,1.09030495218389,0,44.410401718597,0,0.952631347828576,0
M26004_20260321_cell#491,1,1,1,1,0.0738208685142586,0.0813300921432017,1.10172223356452,0,63.1494822939733,0,0.981833774144718,0
M26004_20260321_cell#492,1,1,1,1,0.0221009348515199,0.0286285137443721,1.2953530670402,0,36.5156568918488,0,1.00484672538464,0
M26004_20260321_cell#493,1,1,1,1,0.047246956060771,0.0577256506646935,1.22178560223953,0,74.2454143270733,0,1.00998948526423,0
M26004_20260321_cell#494,1,0,0,0,0.0315366847274919,0.0313629802210829,0.994491985828253,1,0,0,0.945525675448303,0
M26004_20260321_cell#495,1,1,1,1,0.0589822713660286,0.0626518781661033,1.06221542024555,0,34.5199169546403,0,0.965890867159679,0
M26004_20260321_cell#496,1,0,0,0,0.02751009328613,0.0273818362848173,0.995337820196437,1,0,0,0.91188354024435,0
M26004_20260321_cell#497,1,1,1,1,0.0332842718926482,0.0358589540660834,1.07735431863252,2.22044604925031e-16,19.6415003582353,0,0.976356903236917,0
M26004_20260321_cell#498,1,1,1,1,0.0759204700391673,0.108983561614909,1.43549640246806,0,145.785872999934,0,0.998964474975077,0
M26004_20260321_cell#499,1,0,0,0,0.0212060606037644,0.0207756139634714,0.979701716017137,1,0,0,0.987376829190309,0
M26004_20260321_cell#500,1,1,1,1,0.28685762750227,0.298241724723011,1.03968553083237,0,58.6864141605513,0,0.995513002794203,0
M26004_20260321_cell#501,1,1,1,1,0.0698585478823993,0.074911102402198,1.07232550164519,0,58.6483105042613,0,0.962701535415197,0
M26004_20260321_cell#502,1,1,1,1,0.0672702296232365,0.0859109214672458,1.27710165326343,0,132.081811361561,0,0.997390245029318,0
M26004_20260321_cell#503,1,0,0,0,0.0546565523699548,0.0550274523653248,1.00678601154459,1,0,0,0.961557747712088,0
M26004_20260321_cell#504,1,1,1,1,0.0642865461143818,0.0842606473320872,1.31070422078932,0,171.777236956739,0,1.00379312541122,0
M26004_20260321_cell#505,1,1,1,1,0.477730529323862,0.494737391977529,1.03559927953053,0,46.3881526486597,0,0.994896042185808,0
M26004_20260321_cell#506,1,1,1,1,0.0708289585196901,0.0864999643608262,1.22125139446713,0,115.867312390538,0,0.974730154114246,0
M26004_20260321_cell#507,1,1,1,1,0.0124546047306308,0.0146814629991186,1.17879798810565,1.71274106008923e-12,21.8038771805721,4.57411886145564e-14,0.986541473025233,0
M26004_20260321_cell#508,1,0,0,0,0.0650948085698992,0.0629056969986678,0.966370412336636,1,0,0,0.928676336495885,0
M26004_20260321_cell#509,1,1,1,1,0.0799762309746432,0.100834244512448,1.26080265703467,0,74.5470890337066,0,0.972870713911474,0
M26004_20260321_cell#510,1,1,1,1,0.0512540178744079,0.0606238773975117,1.18281219525196,0,32.8158482031775,0,0.971624543420614,0
M26004_20260321_cell#511,0,0,0,0,0.0245975086623903,0.0233152984004994,0.947872352460985,1,0,0.999915610732165,0.972984135273281,0
M26004_20260321_cell#512,1,1,1,1,0.0753072927677278,0.0825673580618655,1.09640587288843,0,28.1219612803816,0,0.964970305011992,0
M26004_20260321_cell#513,1,1,1,1,0.0659176963274219,0.0839531008478579,1.27360489709549,0,59.2328575542036,0,0.931778967662988,0
M26004_20260321_cell#514,0,0,0,0,0.0554096612627939,0.0537962919493077,0.970882887988895,1,0,1,0.986999552799039,0
M26004_20260321_cell#515,1,0,0,0,0.0374269029539008,0.0374746837595087,1.00127664331902,1,0,0,0.983406932765472,0
M26004_20260321_cell#516,1,1,1,1,0.0903582342227749,0.0926458041300819,1.02531667342754,0,26.5663056138097,0,0.985393609525331,0
M26004_20260321_cell#517,1,1,1,1,0.0817312153925989,0.08640711728241,1.05721072257827,0,48.5403220434479,0,0.987695574953137,0
M26004_20260321_cell#518,1,1,1,1,0.183160421941001,0.194336940541636,1.06102038028846,0,36.3870127352392,0,0.991238644432254,0
M26004_20260321_cell#519,1,1,1,1,0.0316071226417833,0.0331529763616841,1.04890839756028,2.03216332650413e-11,23.2131010566575,0,0.999152352882595,0
M26004_20260321_cell#520,1,1,1,1,0.0823728422168338,0.0910520424924749,1.10536482707243,0,62.327386168657,0,0.982169116587845,0
M26004_20260321_cell#521,1,1,1,1,0.0241644548158627,0.0261071334468036,1.08039406002513,7.64244223461219e-12,20.3133681436174,0,0.940583185661839,0
M26004_20260321_cell#522,1,1,1,1,0.0684084263465527,0.0737223271069931,1.07767903815709,0,80.7215808679099,0,0.974991201440494,0
M26004_20260321_cell#523,1,1,1,1,0.0328519851491111,0.0346386071352546,1.05438398860934,0.000910157489396379,23.002536258071,0,0.952380338503621,0
M26004_20260321_cell#524,1,1,1,1,0.0420146967645766,0.0497151602788937,1.18328023542489,0,55.3546296612862,0,0.959119910410094,0
M26004_20260321_cell#525,1,1,1,1,0.032744925622033,0.0335644573403805,1.0250277471327,0,17.8521521411082,0,0.79278774803625,0
M26004_20260321_cell#526,1,0,1,0,0.00644606089870589,0.00662292545331804,1.02743761770039,0.99999999834043,0,0.000508545839686181,0.975810640436643,0
M26004_20260321_cell#527,1,1,1,1,0.0376086899458165,0.054007664978182,1.43604217684774,0,87.0074663409422,0,0.941383705700689,0
M26004_20260321_cell#528,0,0,0,0,0.0187496443942783,0.0180343215680106,0.961848725702448,1,0,0.99999998343177,0.965999088455996,0
M26004_20260321_cell#529,1,1,1,1,0.116243627474777,0.140372012579074,1.20756737920564,0,176.990168315221,0,0.999490775245048,0
M26004_20260321_cell#530,1,1,1,1,0.0309217344750581,0.0370368486088907,1.19776103241444,0,43.1357466660139,0,0.954068847112991,0
M26004_20260321_cell#531,1,1,1,1,0.0548802788388372,0.0732123064634352,1.33403670703701,0,130.133426134993,0,1.00339174792432,0
M26004_20260321_cell#532,1,1,1,1,0.0761370517088278,0.0897678904252752,1.17903029353666,0,80.3149778317371,0,0.992264587415051,0
M26004_20260321_cell#533,1,1,1,1,0.0774056604118372,0.0995283962444262,1.28580255907494,0,89.1450224933113,0,0.990098018481154,0
M26004_20260321_cell#534,1,1,1,1,0.0328563440642064,0.0379442182015056,1.15485210793254,0,79.5121147767513,0,0.988871178746578,0
M26004_20260321_cell#535,1,0,0,0,0.0278692339876245,0.0263720217987854,0.946277239284582,1,0,0,0.973073678718896,0
M26004_20260321_cell#536,1,1,1,1,0.172935046035378,0.209846002149604,1.2134382645995,0,197.066700323472,0,0.973437568976384,0
M26004_20260321_cell#537,1,1,1,1,0.088397008730738,0.0960809460118603,1.08692530880234,0,40.022833195531,0,0.975968295836667,0
M26004_20260321_cell#538,1,1,1,1,0.00906826507337912,0.0112746240240041,1.24330552015975,0.000144034550411454,14.8131329849925,0,1.20869789081375,1
M26004_20260321_cell#539,1,1,0,0,0.175541807168831,0.17802403534308,1.01414038179442,0,85.043843023296,0,NaN,0
M26004_20260321_cell#540,1,1,1,1,0.0553521094933761,0.0621296344119992,1.12244384144807,0,75.2570470454357,0,0.985636793153445,0
M26004_20260321_cell#541,1,0,0,0,0.033050600290504,0.0315505975948165,0.954614963646563,1,0,0,1.03067393856232,1
M26004_20260321_cell#542,1,1,1,1,0.024316493049014,0.0271446540244635,1.11630628519289,0.0119868916024375,63.4026553607396,0,0.958292994737011,0
M26004_20260321_cell#543,1,0,0,0,0.0381048759100116,0.0371115036342861,0.973930573135276,1,0,0,0.94262745315035,0
M26004_20260321_cell#544,1,0,0,0,0.0125654431664483,0.0125975971425616,1.00255892097774,0.813233655135396,0,0,0.707143414413515,0
M26004_20260321_cell#545,1,0,0,0,0.0545328262632551,0.0551702033743002,1.01168795301326,0.0509367507003587,0,0,0.992818800648705,0
M26004_20260321_cell#546,1,1,1,1,0.0419839037099709,0.0454929266587365,1.08358019713951,0,33.2066509408637,0,0.947616727567832,0
M26004_20260321_cell#547,1,0,0,0,0.0494394352965531,0.0472731101131336,0.956182242567594,1,0,0,0.978917879601824,0
M26004_20260321_cell#548,1,1,1,1,0.0731383868257637,0.0790051985690737,1.08021521936608,0,54.129374074482,0,0.991667134140911,0
M26004_20260321_cell#549,1,1,1,1,0.0862607707769061,0.0891334385543182,1.03330213434844,0,39.0224249125009,0,0.930236547763378,0
M26004_20260321_cell#550,1,1,1,1,0.023782761197774,0.0275305319335043,1.15758349943324,1.11022302462516e-16,25.3351729403533,0,0.97257692692294,0
M26004_20260321_cell#551,1,1,1,1,0.0905755557386332,0.0939867632014027,1.03766145771838,0,42.135261947172,0,0.998882126050485,0
M26004_20260321_cell#552,1,1,1,1,0.053222985222594,0.0975594062410478,1.8330314587396,0,211.163611773096,0,1.02398004838039,1
M26004_20260321_cell#553,1,0,0,0,0.0819351519884578,0.0816879882700858,0.996983422714506,1,0,0,0.993020308569242,0
M26004_20260321_cell#554,1,1,1,1,0.106120171886491,0.145559261859982,1.37164555307804,0,112.203751808218,0,0.99099206446149,0
M26004_20260321_cell#555,1,1,1,1,0.0314622563304296,0.0348794078964084,1.10861114123826,0,29.538792307997,0,1.00445804909981,0
M26004_20260321_cell#556,1,1,1,1,0.105550958261089,0.110299979975583,1.04499269161296,0,53.4934512405378,0,0.957206259316946,0
M26004_20260321_cell#557,1,1,1,1,0.0203964173379991,0.0267926555245111,1.31359616154724,0,48.2885522684369,0,0.998753198581135,0
M26004_20260321_cell#558,1,1,1,1,0.0788224115324814,0.0912963954074268,1.15825427860457,0,80.6110733882786,0,0.988684182105362,0
M26004_20260321_cell#559,1,1,1,1,0.0804763877890037,0.108097154091664,1.34321578119383,0,126.739715473649,0,0.984802718882268,0
M26004_20260321_cell#560,1,1,1,1,0.00578929190550992,0.0078530481602751,1.35647818221103,0,44.1245824654997,0,0.86876513643885,0
M26004_20260321_cell#561,1,1,1,1,0.301529601747843,0.326698130940219,1.08346951359497,0,71.7001613046871,0,0.997276165532225,0
M26004_20260321_cell#562,1,1,1,1,0.0458737161901022,0.0515134123238912,1.12293959596423,0,51.6716992874792,0,1.00042739851769,0
M26004_20260321_cell#563,1,0,1,0,0.0458211544047328,0.0470418899937232,1.02664131021684,0.185030000602476,0,0,0.887957408856235,0
M26004_20260321_cell#564,1,1,1,1,0.0772485124106124,0.0963453140353882,1.24721254855067,0,50.997923954791,0,0.983561563623948,0
M26004_20260321_cell#565,1,0,1,0,0.0253386496444612,0.0257871683332156,1.01770097045611,0.996281635883301,0,0,0.852823829921065,0
M26004_20260321_cell#566,1,0,0,0,0.0233057670891144,0.0226899568247913,0.973576915019854,1,0,0,0.940671279521759,0
M26004_20260321_cell#567,0,0,0,0,0.001650633961946,0.001650633961946,1,0.999999999320165,NaN,1,0.33375827061626,0
M26004_20260321_cell#568,0,0,0,0,0.00687956815641365,0.00697859273547593,1.01439401090459,1,0,1,0.757761204626206,0
M26004_20260321_cell#569,1,0,0,0,0.0250103515281559,0.0248145496659442,0.992171167126886,1,0,0,1.00743158213572,0
M26004_20260321_cell#570,1,1,1,1,0.0912593264258946,0.13560331163787,1.48591181798809,0,601.887211726465,0,0.962714807566301,0
M26004_20260321_cell#571,1,1,1,1,0.0211283783854976,0.023595306020949,1.11675896703671,2.00506278247303e-13,28.0841976240127,0,0.959643269838917,0
M26004_20260321_cell#572,1,1,1,1,0.0447192978769281,0.0670850384377275,1.50013621909611,0,141.474982362559,0,0.935158044710395,0
M26004_20260321_cell#573,1,1,1,1,0.0189036858647268,0.0218798006886329,1.1574356898016,1.12583709022118e-09,29.7347822046491,0,0.95280614330181,0
M26004_20260321_cell#574,1,0,0,0,0.0241098224252145,0.0225288907365282,0.934427899932064,1,0,0.000873946970315731,0.986266930528398,0
M26004_20260321_cell#575,1,0,0,0,0.110151092868244,0.109678458466321,0.995709217315811,1,0,0,0.993626018436434,0
M26004_20260321_cell#576,1,0,0,0,0.0165728563494114,0.0160011344865165,0.965502515025707,1,0,0,0.921923271188898,0
M26004_20260321_cell#577,1,1,1,1,0.0465795460115253,0.0488654982822514,1.04907631066564,0,31.6885507630002,0,0.931512808341997,0
M26004_20260321_cell#578,1,1,1,1,0.0287199541497329,0.0348226089005406,1.21248831801719,0,53.5544606898639,0,0.934809850614892,0
M26004_20260321_cell#579,1,1,1,1,0.0156294845332367,0.0197231259232994,1.26191787588115,0,35.7807153011386,0,0.948026583677622,0
M26004_20260321_cell#580,1,1,1,1,0.00880813073243824,0.0113500878307418,1.28859211738787,0,18.9187096327877,0,0.898474653684428,0
M26004_20260321_cell#581,1,0,0,0,0.0234298291584861,0.0226748386717081,0.967776526167945,1,0,0.000482887562804901,0.975803388302824,0
M26004_20260321_cell#582,1,0,0,0,0.127816550158555,0.124611369674567,0.974923587907733,1,0,0,1.00948670938461,0
M26004_20260321_cell#583,1,1,1,1,0.351683839610723,0.357023538305273,1.01518323588727,0,78.5603767193941,0,0.99473182618137,0
M26004_20260321_cell#584,1,1,1,1,0.02456405222819,0.0255074642030197,1.03840620293695,4.03883053701204e-06,24.1688167918259,0,0.946286303517649,0
M26004_20260321_cell#585,1,1,1,1,0.0338279200942233,0.0399527958611628,1.18105977990605,0,47.7552655298576,0,0.906245629380761,0
M26004_20260321_cell#586,1,1,1,1,0.161107096179889,0.176242381116798,1.09394548903053,0,109.85305538343,0,1.00616740415818,0
M26004_20260321_cell#587,1,1,1,1,0.0340813750168161,0.0373849213165577,1.09693113315151,0,32.6458600094154,0,0.971648493851518,0
M26004_20260321_cell#588,1,1,1,1,0.10422209474498,0.106089634383842,1.0179188457441,0,72.9401784519524,0,0.99238080922623,0
M26004_20260321_cell#589,1,0,0,0,0.0178590755514014,0.0168073616779669,0.941110396761157,1,0,4.23037158647777e-06,0.943656317558631,0
M26004_20260321_cell#590,1,1,1,1,0.0708697457358683,0.074514622781254,1.05143064939121,0,37.6342943589284,0,0.951358807363231,0
M26004_20260321_cell#591,1,0,0,0,0.0344748454735841,0.0341500341276454,0.990578308866167,1,0,0,0.965588399013988,0
M26004_20260321_cell#592,1,0,0,0,0.0575647950809189,0.0571886876190101,0.993466363228079,1,0,0,1.02435422374885,1
M26004_20260321_cell#593,1,1,1,1,0.021063987310029,0.0223007164724458,1.058712965604,0,26.5054089243445,0,0.956702530147373,0
M26004_20260321_cell#594,1,1,1,1,0.0523097362277753,0.0549669288891602,1.05079728656659,0,28.3133798709653,0,0.966731722900316,0
M26004_20260321_cell#595,1,1,1,1,0.0762061862268388,0.0798763745865312,1.04816129164065,0,34.1371662820854,0,0.972914619214217,0
M26004_20260321_cell#596,1,1,1,1,0.0210758611384334,0.0236102415693068,1.12025038570081,0,33.6611124169804,0,0.977724600174529,0
M26004_20260321_cell#597,1,0,1,0,0.0191299977883002,0.019571941795954,1.02310214630156,0.947334079012159,0,0,0.982057178134987,0
M26004_20260321_cell#598,1,1,1,1,0.135948085467086,0.156490839623425,1.15110734429072,0,104.562804252523,0,0.985763425669576,0
M26004_20260321_cell#599,1,1,1,1,0.0813890874990398,0.0984387048642374,1.20948284209967,0,131.32251503398,0,0.983701316707358,0
M26004_20260321_cell#600,1,1,1,1,0.157091067865895,0.162107211176623,1.03193143556074,0,46.8288623980803,0,0.995917011287375,0
M26004_20260321_cell#601,1,1,1,1,0.10504438025375,0.107618250199714,1.02450269057465,0,42.6360802708037,0,0.983540791204995,0
M26004_20260321_cell#602,1,1,1,1,0.0234552898782706,0.0289521576529219,1.2343551413425,0,29.8528540631444,0,1.02610330593846,1
M26004_20260321_cell#603,1,1,1,1,0.0486258484067827,0.0505890644335209,1.04037391821557,1.53964242801674e-05,42.2364227521551,0,0.984233506808091,0
M26004_20260321_cell#604,1,0,1,0,0.0446204757434491,0.0453309263404468,1.01592207579952,0.999756014299695,0,0,1.01109691862629,0
M26004_20260321_cell#605,1,1,1,1,0.0757876944908972,0.0823189974325774,1.08617893690465,0,51.0413161372558,0,0.924916860872403,0
M26004_20260321_cell#606,1,0,0,0,0.0596972734395263,0.0595007311178833,0.996707683444838,1,0,0,0.994143990923615,0
M26004_20260321_cell#607,1,1,1,1,0.158338737247369,0.173738517913649,1.09725845319975,0,158.016554062478,0,0.999320849343121,0
M26004_20260321_cell#608,1,1,1,1,0.0391781359170661,0.0531345736100349,1.35623026380102,0,75.6382950994222,0,0.962231587120562,0
M26004_20260321_cell#609,1,1,1,1,0.0592226966797919,0.0737882836235083,1.2459460267821,0,86.2476296542103,0,0.987138974732426,0
M26004_20260321_cell#610,1,0,0,0,0.111137357401302,0.109720693722462,0.987253037934624,1,0,0,0.99064434108918,0
M26004_20260321_cell#611,1,1,1,1,0.0429167619450199,0.0468616303014213,1.09191905860594,0,42.9068466204714,0,0.982677798290868,0
M26004_20260321_cell#612,1,1,1,1,0.118452511116139,0.120781588839459,1.01966254409783,2.37454928759817e-05,29.184238271806,0,1.00506135887846,0
M26004_20260321_cell#613,1,0,0,0,0.0316634167992732,0.0299449609382436,0.945727402954532,1,0,0,0.83381836988663,0
M26004_20260321_cell#614,0,0,0,0,0.0272500528934025,0.0267381139761353,0.981213287208293,1,0,1,0.959765402499308,0
M26004_20260321_cell#615,1,1,1,1,0.0655342257608723,0.0709588216896261,1.08277500597241,0,77.2731206201572,0,0.847353687065585,0
M26004_20260321_cell#616,1,1,1,1,0.0991477007956999,0.108772490490794,1.09707526869359,0,56.0166811000587,0,0.929315240972622,0
M26004_20260321_cell#617,1,1,1,1,0.281221362723113,0.29912626929393,1.06366837283427,0,63.7206928082177,0,1.00234007926674,0
M26004_20260321_cell#618,1,0,1,0,0.00728474179759004,0.00764974995529046,1.05010584696649,0.859865974177836,0,0,0.843110462776447,0
M26004_20260321_cell#619,1,0,1,0,0.0225806640274532,0.0233260570988165,1.03301023700884,0.999996947035415,0,0,1.00605382981664,0
M26004_20260321_cell#620,1,1,1,1,0.0239888972375716,0.0267465051429132,1.11495350861825,0,45.7248328536203,0,0.880207542343903,0
M26004_20260321_cell#621,1,1,1,1,0.0507594526101529,0.0937498982467048,1.84694462658474,0,212.957986363257,0,0.99747149050499,0
M26004_20260321_cell#622,1,1,1,1,0.0224806208562111,0.0239051097244088,1.06336519250553,1.76791858930159e-09,25.9489157340951,0,0.996224815694777,0
M26004_20260321_cell#623,0,0,0,0,0.00961853388774663,0.00897956187638859,0.933568668695751,1,0,1,0.934886247712806,0
M26004_20260321_cell#624,1,0,0,0,0.0399676116847917,0.0400643777359996,1.0024211116734,0.4974844625691,0,0,0.994545663782295,0
M26004_20260321_cell#625,1,1,1,1,0.0921393944233284,0.0960636608630215,1.04259053865346,0,51.1531173573772,0,0.986600624502147,0
M26004_20260321_cell#626,1,0,0,0,0.0539445294305388,0.0511173270191943,0.94759056309899,1,0,0,0.960057595179081,0
M26004_20260321_cell#627,1,0,0,0,0.0147421408909986,0.0146200047545123,0.991715169635852,1,0,0,0.470208227105833,0
M26004_20260321_cell#628,1,1,1,1,0.0124846889157728,0.0234553516536577,1.87872936297394,0,61.1744879114062,0,0.97606463002014,0
M26004_20260321_cell#629,1,1,1,1,0.0522781234194762,0.0569927419678548,1.09018339297585,0,23.0534390885328,0,0.970493981673716,0
M26004_20260321_cell#630,1,0,0,0,0.0170669105429782,0.0165329458199801,0.968713451584953,1,0,2.61426357883732e-06,0.951678161778801,0
M26004_20260321_cell#631,1,1,1,1,0.0554684245897651,0.0641757743515204,1.15697849409197,0,83.1577827392164,0,0.998902420605271,0
M26004_20260321_cell#632,1,0,0,0,0.0337010664781256,0.0337076864940622,1.00019643342566,1,0,1.0547118733939e-14,0.991394742567617,0
M26004_20260321_cell#633,1,1,1,1,0.0208652676377451,0.0225896642599206,1.08264435674221,0,26.8098341439698,0,1.01425833993813,0
M26004_20260321_cell#634,1,0,0,0,0.0506179215280217,0.0494702240360457,0.977326261977379,1,0,0,0.917987153160846,0
M26004_20260321_cell#635,0,0,0,0,0.0374190870361545,0.0372565850433664,0.995657243250453,0.999981384399578,0,1,0.979610076393506,0
M26004_20260321_cell#636,1,1,1,1,0.0102359350570669,0.012730431315588,1.24369989108116,0,24.0880569868683,0,0.91699059884048,0
M26004_20260321_cell#637,1,0,0,0,0.0235961420357708,0.0235307430150563,0.997228401972861,1,0,0,0.976186304944069,0
M26004_20260321_cell#638,1,0,0,0,0.0936503800821586,0.0875310091572871,0.934657276142361,1,0,0,0.99426528353724,0
M26004_20260321_cell#639,1,1,1,1,0.0549684194271986,0.0706167665393048,1.28467886242993,0,102.204645683705,0,0.967901192575691,0
M26004_20260321_cell#640,1,0,0,0,0.053021697416433,0.0525019098390977,0.990196700545949,1,0,0,0.959803674088,0
M26004_20260321_cell#641,1,1,1,1,0.0228638901292615,0.0322407019904562,1.41011445594703,0,63.7052620260643,0,0.839139042432249,0
M26004_20260321_cell#642,1,1,0,0,0.0892831134478808,0.0906127742188911,1.01489263444858,0,34.3356182659982,0,NaN,0
M26004_20260321_cell#643,1,0,0,0,0.0270395566491102,0.0267411777191609,0.988965095329729,1,0,0,1.0243334292246,1
M26004_20260321_cell#644,1,1,1,1,0.315348515640028,0.350683675577272,1.11205113766123,0,68.1551774066964,0,1.0005489521437,0
M26004_20260321_cell#645,0,0,1,0,0.00351997229008316,0.00405521779162465,1.15205957815334,0.999999999999877,NaN,1,2.07085088207245,1
M26004_20260321_cell#646,1,1,1,1,0.126225236047084,0.142808324131707,1.1313769623567,0,88.0813298031996,0,0.993861142665162,0
M26004_20260321_cell#647,1,0,0,0,0.020557189023054,0.0204741615945221,0.995961148752449,1,0,0,0.97141760145094,0
M26004_20260321_cell#648,1,1,1,1,0.0775599231080858,0.0879298122036641,1.13370164229182,0,97.957960950042,0,0.977110929683609,0
M26004_20260321_cell#649,1,0,1,0,0.0350287476080069,0.0355833494082314,1.01583276132024,0.716498477130362,0,0,0.883275238259251,0
M26004_20260321_cell#650,1,1,1,1,0.0418119246246672,0.0448484220375849,1.07262276109448,0,41.9970677367859,0,0.922058830892696,0
M26004_20260321_cell#651,1,1,1,1,0.051995239713693,0.0573487718397842,1.10296196643327,0,31.5137764958668,0,0.97930074591217,0
M26004_20260321_cell#652,1,1,1,1,0.200612250176933,0.217489054297278,1.08412648831495,0,32.5806863121392,0,0.991254232098153,0
M26004_20260321_cell#653,1,1,1,1,0.0657788024117443,0.0767918177523246,1.16742499006966,0,46.8227284414965,0,0.993918440856253,0
M26004_20260321_cell#654,1,1,1,1,0.0776413565085262,0.0910245686112215,1.17237220863375,0,57.9486200351639,0,1.01974425353892,1
M26004_20260321_cell#655,1,1,1,1,0.0319578939087156,0.0378678674823723,1.18493000792036,0,89.6267931229593,0,0.979327447446282,0
M26004_20260321_cell#656,1,1,1,1,0.0559335032944348,0.0594683632338617,1.06319754228194,0,41.360222116654,0,0.954929690574814,0
M26004_20260321_cell#657,1,1,1,1,0.0906135377091506,0.0939095316960716,1.03637418944507,0,26.8251978079994,0,1.02588749422526,1
M26004_20260321_cell#658,1,0,0,0,0.0486315068463081,0.0475933978495,0.978653571231323,1,0,0,1.00438416702755,0
M26004_20260321_cell#659,1,0,1,0,0.0348786107486005,0.0356127090854472,1.02104723557191,1,0,2.55351295663786e-15,0.937185785407378,0
M26004_20260321_cell#660,1,1,1,1,0.151639891158953,0.158341379927289,1.04419344222102,0,54.8254981103215,0,0.953581707004502,0
M26004_20260321_cell#661,1,1,1,1,0.0187859182491165,0.0241115663797764,1.28349149932612,0.00860615742982929,57.7240112958214,0,0.979627122163764,0
M26004_20260321_cell#662,1,0,0,0,0.0432705568943656,0.0433980546452969,1.00294652438245,0.999999999999993,0,0,0.956563263853027,0
M26004_20260321_cell#663,1,1,1,1,0.0416263543229259,0.048335347447892,1.16117176808038,0,56.333201368562,0,0.956285386233156,0
M26004_20260321_cell#664,1,1,1,1,0.0461128459341975,0.0499383479612974,1.08295957340301,0,19.857468696408,0,0.996402386670286,0
M26004_20260322_cell#1,1,1,1,1,0.0315283394940781,0.0434296977989817,1.37748129130425,0,51.4897186884026,0,0.811646955583824,0
M26004_20260322_cell#2,1,0,0,0,0.0475807440242898,0.0366348011648439,0.769950153493649,1,0,0,0.993031348819705,0
M26004_20260322_cell#3,1,0,0,0,0.0231828133038383,0.0228446855528243,0.985414723114816,1,0,0,1.04580077022487,1
M26004_20260322_cell#4,1,0,0,0,0.0550386162194159,0.0545094689770299,0.990385891239043,1,0,0,0.980227068242036,0
M26004_20260322_cell#5,0,0,0,0,0.0236877144283516,0.0228070416902168,0.962821540220835,1,0,0.999996751239151,0.971431187075277,0
M26004_20260322_cell#6,1,0,0,0,0.0691748504706637,0.0673187416126899,0.973167865989664,1,0,0,0.972727887908016,0
M26004_20260322_cell#7,1,0,1,0,0.0158743633725972,0.0166066864016426,1.04613243453338,0.999841498589602,0,0,0.974681433635043,0
M26004_20260322_cell#8,1,0,1,0,0.00614047681825559,0.00653186239621912,1.06373862967774,1,0,0,0.747736455643205,0
M26004_20260322_cell#9,1,0,0,0,0.0352009040414211,0.0355540665841792,1.01003276911134,0.944233604345299,0,0,0.940829939449783,0
M26004_20260322_cell#10,1,1,1,1,0.036102974118321,0.0420392288323398,1.16442564245715,0,58.6547458602625,0,0.96970697839798,0
M26004_20260322_cell#11,1,1,1,1,0.0417158088875187,0.0467062743400941,1.11963007755721,0,49.8366030006217,0,0.978465744655653,0
M26004_20260322_cell#12,1,0,0,0,0.138009051697308,0.138508486623348,1.0036188562989,0.999999750105471,0,0,0.98187171455038,0
M26004_20260322_cell#13,1,1,1,1,0.0185700986994258,0.0216604014548768,1.16641283417338,0,29.8300187405589,0,0.94845310063651,0
M26004_20260322_cell#14,1,0,0,0,0.0426752622399851,0.0408991922106715,0.95838174304997,1,0,0,0.933600926505383,0
M26004_20260322_cell#15,1,1,1,1,0.223793580705464,0.271585951883564,1.21355559452351,0,81.8774850001344,0,0.991346986374636,0
M26004_20260322_cell#16,1,1,1,1,0.0431664917082148,0.0594862508662963,1.37806545105392,0,54.985970557674,0,0.94551099575824,0
M26004_20260322_cell#17,1,1,1,1,0.0337171771859229,0.0358620126572206,1.06361254560163,5.69493008306665e-10,19.160257496603,0,0.952852366031392,0
M26004_20260322_cell#18,1,1,1,1,0.0491747124523811,0.05422791084087,1.10276010039473,0,22.827947411652,0,1.00743409105808,0
M26004_20260322_cell#19,1,1,1,1,0.138683814400799,0.15488986476452,1.11685610490122,0,110.449545490246,0,0.963004824413617,0
M26004_20260322_cell#20,0,0,0,0,0.0138728066503292,0.0133869268340769,0.964976098312396,1,0,1,1.00122996287676,0
M26004_20260322_cell#21,1,1,1,1,0.137201592758609,0.155366443895032,1.13239533719104,0,112.040752574412,0,0.971010139040036,0
M26004_20260322_cell#22,1,1,1,1,0.0424984977412123,0.0487030388907834,1.14599436402088,0,26.5291974097253,0,0.954919522257808,0
M26004_20260322_cell#23,1,0,0,0,0.0310735567962706,0.0309059858509001,0.994607281475078,1,0,0,0.997215950517676,0
M26004_20260322_cell#24,1,0,0,0,0.0388116512840287,0.0265463420251386,0.683978680290334,0.837212596350942,0,0,1.03284614380387,1
M26004_20260322_cell#25,1,0,1,0,0.0413107465406696,0.0425646792895667,1.03035366953881,0.0904979092347298,0,0,0.989283232582054,0
M26004_20260322_cell#26,1,0,0,0,0.0266771864407221,0.0260534020258632,0.976617308716384,1,0,0,0.902603846284132,0
M26004_20260322_cell#27,1,0,0,0,0.0425517459408185,0.0408067591323704,0.958991416923877,0.999964862600681,0,0,1.01427235939333,0
M26004_20260322_cell#28,1,1,1,1,0.0939054642722283,0.112957141929558,1.20288145961453,0,48.3742904232167,0,0.978915488462059,0
M26004_20260322_cell#29,1,1,1,1,0.109389285254211,0.11794008815872,1.07816855997036,0,54.176795674231,0,0.990580913869316,0
M26004_20260322_cell#30,1,1,1,1,0.0429892819267079,0.0512518101718638,1.19219972688175,0,77.5397974961705,0,0.992878167113589,0
M26004_20260322_cell#31,1,0,1,0,0.00582039285815697,0.00637967974957413,1.09609091775194,0.986857913536768,0,0,0.534363940417085,0
M26004_20260322_cell#32,1,1,1,1,0.058235409887826,0.0630579252440362,1.08281070512768,0,49.8226013637052,0,1.00668935014537,0
M26004_20260322_cell#33,1,1,1,1,0.0266999548694618,0.0276339758611183,1.03498211874226,1.46116347454761e-06,39.178112918028,0,0.967944487473218,0
M26004_20260322_cell#34,1,0,0,0,0.00956047432187745,0.00961843951154372,1.0060630035409,1,0,1.00843576744669e-06,0.971195470942695,0
M26004_20260322_cell#35,1,1,1,1,0.017583089462939,0.0195212545680121,1.11022892815044,1.06136633926113e-08,23.3936210181642,0,0.991925719275903,0
M26004_20260322_cell#36,1,0,0,0,0.0740430782054175,0.0717011637600674,0.968370919981838,1,0,0,1.00045425466931,0
M26004_20260322_cell#37,1,0,0,0,0.0560598208201635,0.0542112364936475,0.967024790670556,1,0,0,1.01104644662529,0
M26004_20260322_cell#38,1,1,1,1,0.0330052773840832,0.0370749062924381,1.12330236952705,0,29.416044115794,0,0.975903912796268,0
M26004_20260322_cell#39,1,1,1,1,0.0267596763870869,0.030583497758283,1.14289490335695,0,26.506990139166,0,0.993443617801618,0
M26004_20260322_cell#40,1,1,1,1,0.0621113510313467,0.0744590073035176,1.19879870695357,0,56.0621795898083,0,0.993676577694323,0
M26004_20260322_cell#41,1,1,1,1,0.0525863168466972,0.0706853478500428,1.34417757486437,0,93.5474286521207,0,0.944038377361442,0
M26004_20260322_cell#42,1,1,1,1,0.0146004971476219,0.0163917229133852,1.12268251879732,0,43.9347817435552,0,0.866988023122324,0
M26004_20260322_cell#43,1,1,1,1,0.00817181248616616,0.0153142676046249,1.87403561089416,0,52.1587466091134,0,0.874100208703032,0
M26004_20260322_cell#44,1,0,0,0,0.0909147502139489,0.0909311508566373,1.00018039583951,1,0,0,0.994699472005114,0
M26004_20260322_cell#45,0,0,0,0,0.010100903518287,0.00935785230105817,0.926437153282025,1,0,0.402463826595057,0.84901045071924,0
M26004_20260322_cell#46,1,1,1,1,0.0194716131680793,0.0216063690283549,1.10963425792452,6.45039577307216e-14,34.0781260703951,0,0.883819563637281,0
M26004_20260322_cell#47,1,1,1,1,0.105902079648353,0.111357124642374,1.05151027262292,0,33.09683201971,0,1.01050805865609,0
M26004_20260322_cell#48,0,1,1,0,0.00838823537957626,0.0114547934540277,1.36557844834898,2.95415722140202e-06,22.6474484052785,1,NaN,0
M26004_20260322_cell#49,1,0,0,0,0.0539318263464933,0.0540717002310232,1.00259353138963,1,0,0,0.951756260394965,0
M26004_20260322_cell#50,1,1,1,1,0.124777074865771,0.180625143664917,1.44758276998579,0,459.989740436962,0,1.00833085084563,0
M26004_20260322_cell#51,1,0,0,0,0.0143091242603377,0.013871570508134,0.969421346530862,1,0,0,0.925578875680385,0
M26004_20260322_cell#52,0,0,0,0,0.0129251506177537,0.0126205382771534,0.976432588709497,1,0,1,0.856001731487315,0
M26004_20260322_cell#53,0,0,0,0,0.00892986095127294,0.00871819924461621,0.976297312151702,1,0,0.99999999340519,1.09964006128896,1
M26004_20260322_cell#54,1,1,1,1,0.0262276884352484,0.030382126246538,1.15839893102079,0,61.8621091946254,0,0.981591615799379,0
M26004_20260322_cell#55,1,1,1,1,0.0353529410440902,0.0392655492150402,1.11067277729653,0.000169354302687386,39.0564472395916,0,0.98931670869855,0
M26004_20260322_cell#56,1,1,1,1,0.101214192146274,0.103543456105591,1.02301321494471,9.77029568360877e-12,14.7076994916779,0,0.980466719455663,0
M26004_20260322_cell#57,1,0,0,0,0.0733928544710525,0.069213844981613,0.943059722645237,1,0,0,0.992494666199935,0
M26004_20260322_cell#58,0,0,0,0,0.0100049032927228,0.00996708073586816,0.996219597956324,1,0,0.124873025237307,0.777111865233568,0
M26004_20260322_cell#59,1,0,0,0,0.0361625828156934,0.0351525075436532,0.972068497507821,0.997691049397514,0,1.27159320850723e-08,0.941111597238302,0
M26004_20260322_cell#60,0,0,0,0,0.039027912638604,0.0391203386039195,1.0023682016041,1,0,0.422781976082147,0.985385049457738,0
M26004_20260322_cell#61,1,1,1,1,0.0288721911561605,0.0307239486037339,1.06413636698226,8.63942251072558e-12,34.7777195506209,0,0.9632892545146,0
M26004_20260322_cell#62,0,0,0,0,0.013819712245092,0.0133996358540402,0.9696031014538,1,0,1,0.840313481492892,0
M26004_20260322_cell#63,1,1,1,1,0.00406858252207749,0.00598552705879491,1.47115783600688,1.17285336997952e-09,17.2326652873473,0,0.873812509102321,0
M26004_20260322_cell#64,1,1,1,1,0.0875476662560368,0.0913101567334358,1.04297647942317,0,27.9169248312996,0,0.990219793180871,0
M26004_20260322_cell#65,1,0,0,0,0.313464121066655,0.314364010933822,1.00287079064776,0.869118809260767,0,0,0.999967592413442,0
M26004_20260322_cell#66,1,1,1,1,0.0266044212743503,0.0281495606947285,1.05807829474825,0,36.2776996627796,0,0.954836577158909,0
M26004_20260322_cell#67,1,0,0,0,0.0394630911284859,0.037061283980097,0.939137886067543,1,0,0,0.920559683418007,0
M26004_20260322_cell#68,1,1,1,1,0.0953989558750651,0.122732772067558,1.28652112532856,0,177.975408692988,0,0.986327639210805,0
M26004_20260322_cell#69,1,1,1,1,0.0226362538304274,0.0252680935297997,1.11626657480906,1.77635683940025e-15,17.0558305884652,0,0.942929399669172,0
M26004_20260322_cell#70,1,0,0,0,0.0689954988897966,0.0685002062621361,0.992821377689411,1,0,0,0.979452448704602,0
M26004_20260322_cell#71,1,1,1,1,0.0818325360752422,0.087174464422757,1.06527878278883,0,90.0083803608433,0,0.986329961704631,0
M26004_20260322_cell#72,1,1,1,1,0.121876777302085,0.135985777305011,1.11576446567795,0,99.4982859521553,0,0.988051123206812,0
M26004_20260322_cell#73,1,1,1,1,0.0230671680070606,0.0282558597011837,1.22493839263385,0,42.6263545291227,0,1.02865904067409,1
M26004_20260322_cell#74,1,1,1,1,0.0483600877083483,0.058547629187054,1.21066011170503,0,44.6245358677973,0,0.958714474116026,0
M26004_20260322_cell#75,0,0,1,0,0.00903505398674574,0.00948633910641888,1.04994824827114,0.221285990127595,0,0.999929287503936,1.00232436157518,0
M26004_20260322_cell#76,1,0,0,0,0.0252469124089644,0.0240454573854654,0.952411803707436,1,0,0,0.96186122365427,0
M26004_20260322_cell#77,1,0,0,0,0.0320241513873511,0.0321862576119919,1.00506199907314,0.999999676282931,0,5.46167909787343e-08,0.915001852855742,0
M26004_20260322_cell#78,1,0,0,0,0.0191282791393549,0.0188909004711084,0.98759017125811,0.999933138889917,0,0,0.852891651623284,0
M26004_20260322_cell#79,0,0,0,0,0.0134120278296828,0.0135198128063406,1.00803644147078,1,0,1,1.00107014643787,0
M26004_20260322_cell#80,1,0,0,0,0.0247456336907244,0.0241819799016995,0.977222091134561,1,0,3.38471185856726e-07,0.959209846894146,0
M26004_20260322_cell#81,0,1,1,0,0.00916295180100814,0.0173005645585228,1.88809948303115,0,53.1962458363023,1,NaN,0
M26004_20260322_cell#82,0,0,1,0,0.00879244437841559,0.00942889597662493,1.07238619555806,0.996366774157102,0,1,1.4421616210254,1
M26004_20260322_cell#83,1,0,0,0,0.0925464101651146,0.090694750620328,0.979992097570473,1,0,0,1.01903479329457,1
M26004_20260322_cell#84,1,1,1,1,0.117218267171943,0.136991592269303,1.16868808569192,0,116.118015286187,0,0.952141584147546,0
M26004_20260322_cell#85,1,1,1,1,0.0660860322959217,0.0727299301638079,1.10053407107475,0,142.423377487782,0,0.96118322323941,0
M26004_20260322_cell#86,1,0,0,0,0.0166878528019593,0.0155856711137737,0.933953055479001,1,0,3.14822201071818e-05,0.992281652775341,0
M26004_20260322_cell#87,1,1,1,1,0.0309867348225376,0.0351210691453282,1.13342271609023,0,44.0709339662526,0,0.796501399024218,0
M26004_20260322_cell#88,0,0,0,0,0.0062342376567861,0.00584065919307627,0.936868229063834,1,0,1,0.921150420814132,0
M26004_20260322_cell#89,1,1,1,1,0.0229584122699162,0.0247416468544694,1.07767238272351,7.28932585847275e-07,21.2926015787887,0,0.945074096528966,0
M26004_20260322_cell#90,0,0,0,0,0.011110847849878,0.0107381525643833,0.966456629545265,1,0,1,0.976557291870736,0
M26004_20260322_cell#91,1,1,1,1,0.0831664578920443,0.0901165837428544,1.08356885728898,0,103.206465015571,0,0.98476427805538,0
M26004_20260322_cell#92,0,0,0,0,0.00924162276000261,0.00904192077665568,0.978391026280445,1,0,0.353908283797917,0.979496363338383,0
M26004_20260322_cell#93,1,0,0,0,0.0653670242891525,0.0656952650835004,1.00502150431227,1,0,0,0.995838474421424,0
M26004_20260322_cell#94,1,1,1,1,0.0455411658015478,0.0472960357252094,1.03853370665364,0.000228634408641626,30.5763463281524,0,1.00755483929953,0
M26004_20260322_cell#95,1,1,1,1,0.0995695873592469,0.10430065046364,1.04751514222232,0,60.7282580554767,0,0.986659913838649,0
M26004_20260322_cell#96,1,1,1,1,0.0448135506266047,0.046869478736769,1.04587737595922,4.6391925856426e-09,18.2275244388486,0,0.977786633005035,0
M26004_20260322_cell#97,1,1,1,1,0.0416156566852094,0.0594752767285845,1.42915627112338,1.31072930287246e-12,66.8640164451734,0,0.95458648986256,0
M26004_20260322_cell#98,1,1,1,1,0.0219850800484538,0.0296535623627912,1.3488039296394,0,86.4876426286218,0,0.797167098844355,0
M26004_20260322_cell#99,0,0,0,0,0.00774309073340818,0.00673305493025362,0.869556506835613,1,0,1,1.01158475057308,0
M26004_20260322_cell#100,1,0,0,0,0.12637899394466,0.126262237414649,0.999076139741524,0.67831979189937,0,0,0.990933225880276,0
M26004_20260322_cell#101,0,1,1,0,0.0102958020639253,0.0124233987480152,1.20664700728316,1.80353398882005e-10,15.0393247395499,1,NaN,0
M26004_20260322_cell#102,1,1,1,1,0.105983291476197,0.108038499282095,1.01939180956991,0,90.6384741634468,0,0.990836786146551,0
M26004_20260322_cell#103,1,0,0,0,0.0184527048831354,0.0184274176650663,0.998629619980957,1,0,8.2123561568892e-06,0.927160026848374,0
M26004_20260322_cell#104,0,0,0,0,0.00506524298978084,0.00500111580753543,0.987339761907812,1,0,1,0.744380231004679,0
M26004_20260322_cell#105,1,1,1,1,0.0652337004495228,0.0748597349446197,1.14756229416336,7.26675400641863e-06,62.706686816977,0,0.981113792310897,0
M26004_20260322_cell#106,0,0,0,0,0.0094252655421179,0.00954801303136527,1.01302323936645,0.999792570342655,0,1,0.872499121371187,0
M26004_20260322_cell#107,0,0,0,0,0.033284108542657,0.0335798031221061,1.00888395671076,0.999999999999996,0,1,0.969199369204775,0
M26004_20260322_cell#108,0,0,1,0,0.011450746140985,0.0124333995575673,1.08581566689921,1,0,1,0.968690293863355,0
M26004_20260322_cell#109,1,1,1,1,0.0413092845483575,0.0485078345724259,1.17425985714281,0,25.9453850431297,0,0.907270732524696,0
M26004_20260322_cell#110,1,0,1,0,0.00604995451091013,0.00648449157492618,1.07182484814265,1,0,0.00965286920567876,0.885917645326967,0
M26004_20260322_cell#111,1,0,1,0,0.0150198605128292,0.0152668042682797,1.01644114838746,0.9998956044038,0,0,0.861690419251837,0
M26004_20260322_cell#112,1,0,1,0,0.0301091051425072,0.0311480757916687,1.03450685911268,0.999828890005564,0,0,0.805380764954311,0
M26004_20260322_cell#113,1,1,1,1,0.0596511775252503,0.0633942117832069,1.06274870695339,0,33.0689414498704,0,0.946133466857081,0
M26004_20260322_cell#114,1,1,1,1,0.135491140851359,0.139128084575819,1.02684266810072,0,49.4822413373302,0,1.01024638764752,0
M26004_20260322_cell#115,1,1,1,1,0.173059436999595,0.1824303692413,1.05414863473598,0,51.4611862794761,0,0.983645319625965,0
M26004_20260322_cell#116,1,0,1,0,0.009865238867376,0.0106747965472983,1.08206163994665,0.999999999113021,0,4.02252364506417e-06,0.956279863260034,0
M26004_20260322_cell#117,1,0,0,0,0.0156490499701753,0.0149482154621528,0.955215523667043,1,0,1.99840144432528e-15,0.999117871423809,0
M26004_20260322_cell#118,1,1,1,1,0.0960922726931531,0.103418194979974,1.07623841211681,0,62.286689229555,0,0.972659538704161,0
M26004_20260322_cell#119,0,0,0,0,0.00647355249725453,0.00617563983161325,0.953980034028052,1,0,1,1.1328113204185,1
M26004_20260322_cell#120,1,1,1,1,0.0470393117808464,0.0543246417042448,1.15487747689295,0,47.4778800964587,0,1.01219354064799,0
M26004_20260322_cell#121,1,0,0,0,0.0345368451339988,0.0340242838529052,0.985159001086958,1,0,1.42189593432818e-11,0.892674623140325,0
M26004_20260322_cell#122,1,0,0,0,0.0496793211090172,0.0503609852265769,1.01372128487955,0.98572754231291,0,0,0.963919335378573,0
M26004_20260322_cell#123,1,1,1,1,0.0465803500898934,0.0498403311258686,1.06998618579903,0,46.0203977585944,0,0.976467396477502,0
M26004_20260322_cell#124,1,1,1,1,0.0143559299144308,0.0165522326734531,1.15298923665088,4.05453448593107e-13,14.7074681194608,9.99200722162641e-16,0.83961541961381,0
M26004_20260322_cell#125,1,1,1,1,0.0079843831172302,0.0146399858446219,1.83357757633511,0,23.4303450716903,0,0.953311898387675,0
M26004_20260322_cell#126,0,0,0,0,0.00557499026994029,0.00513835498974367,0.921679633675613,1,0,1,1.047172560175,0
M26004_20260322_cell#127,1,1,1,1,0.0453845551037805,0.0493228892476699,1.08677696927696,0,29.7846451089167,0,0.963098150508607,0
M26004_20260322_cell#128,1,0,1,0,0.0377740694664475,0.039055707101775,1.03392903262557,0.630948109677768,0,0,0.949544309547185,0
M26004_20260322_cell#129,0,0,0,0,0.0162174653217734,0.0156887280715935,0.967397047584862,0.99999999973581,0,0.992238268200854,0.96999665281961,0
M26004_20260322_cell#130,1,1,1,1,0.0283527775641244,0.0447018325018916,1.5766297464434,0,162.982127021034,0,0.907849992877168,0
M26004_20260322_cell#131,1,1,1,1,0.0655797888089582,0.0746810895166502,1.13878209846337,0,59.6463160032058,0,0.920175858551196,0
M26004_20260322_cell#132,1,0,0,0,0.0315319853391549,0.0307720920263605,0.975900873204746,1,0,0,0.935844421136384,0
M26004_20260322_cell#133,1,0,0,0,0.0381261864662461,0.0378490302065845,0.992730553843696,1,0,0,0.985844396261587,0
M26004_20260322_cell#134,1,1,1,1,0.0170925289523451,0.019965548375969,1.16808626924863,2.65688144107656e-06,32.9184422244189,0,0.88444377949294,0
M26004_20260322_cell#135,0,0,1,0,0.00147498368072074,0.00417723732752607,2.83205664044018,0.996029664094601,NaN,1,0.456434036289051,0
M26004_20260322_cell#136,1,1,1,1,0.0358514045081,0.0375583282063933,1.04761106912583,0,29.0444980840347,0,0.976549068837095,0
M26004_20260322_cell#137,1,1,1,1,0.0215578302070238,0.0264840216746218,1.22851054212279,0,68.3865155852732,0,1.00877627652041,0
M26004_20260322_cell#138,1,1,1,1,0.0236203979898573,0.0270291647269646,1.14431453435167,9.5767838104166e-13,51.8739617754931,0,1.03226819201748,1
M26004_20260322_cell#139,0,0,0,0,0.0195089939285104,0.0184800930254563,0.947260176161595,1,0,1,0.976398938406542,0
M26004_20260322_cell#140,1,0,0,0,0.0276398269833325,0.0270856496983136,0.979950045079766,1,0,0,0.96167114295593,0
M26004_20260322_cell#141,0,0,0,0,0.019931302300671,0.0195472574195816,0.980731571108802,1,0,1,0.991592714514339,0
M26004_20260322_cell#142,1,1,1,1,0.0696282824058111,0.0733777087296227,1.05384918590924,0,37.579812041928,0,0.968166953884238,0
M26004_20260322_cell#143,1,0,0,0,0.0238844738383292,0.0241176634863839,1.00976323152995,1,0,0,0.956536959810724,0
M26004_20260322_cell#144,0,0,0,0,0.0116631669398636,0.0113195697684945,0.970539976565475,1,0,1,0.966908640299299,0
M26004_20260322_cell#145,1,1,1,1,0.0862818237900799,0.096692129040206,1.12065467317258,0,55.1342117467018,0,0.966260986640302,0
M26004_20260322_cell#146,1,0,0,0,0.0141161479376549,0.0139689269648457,0.989570740299732,1,0,0,0.940221664554158,0
M26004_20260322_cell#147,1,1,1,1,0.0782534136614461,0.0962383996069454,1.22983004962964,0,107.554493106956,0,0.950586478352706,0
M26004_20260322_cell#148,0,0,0,0,6.91399067562869e-08,6.91399067562869e-08,1,1,NaN,0,1,0
M26004_20260322_cell#149,1,1,1,1,0.0732703332293863,0.0855007598231879,1.16692194582372,0,30.7165071498182,0,0.899202476676283,0
M26004_20260322_cell#150,0,0,0,0,0.00159694515970389,0.00150932739948474,0.945134145849199,1,NaN,1,0.616525592777431,0
M26004_20260322_cell#151,0,0,0,0,0.00858726192949037,0.00822568904669234,0.957894275757874,1,0,1,1.33142951604143,1
M26004_20260322_cell#152,1,1,1,1,0.0454151939863746,0.0464446902331478,1.02266854231828,0.00143267594220031,46.0841524172935,0,0.983170241599946,0
M26004_20260322_cell#153,1,1,1,1,0.0296405092474593,0.0342807179381429,1.15654956033123,0,47.0362843010914,0,1.01108454115324,0
M26004_20260322_cell#154,1,1,1,1,0.0467395383070059,0.0491670109524492,1.05193617081749,0,26.6696245923079,0,0.946619548093005,0
M26004_20260322_cell#155,1,0,0,0,0.050317383217321,0.0471454808832431,0.936962096769253,1,0,0,0.955017930608226,0
M26004_20260322_cell#156,1,1,1,1,0.0807105154609183,0.102285880768133,1.26731789759987,0,154.91932926407,0,0.9824021866979,0
M26004_20260322_cell#157,1,1,1,1,0.0202716405197466,0.0216025388862393,1.06565321465701,0.0267610642933823,13.0571416009072,0,0.999803746351791,0
M26004_20260322_cell#158,1,1,1,1,0.0646456195630023,0.0677072920942131,1.04736086608663,0,21.4609974632582,0,0.961721888293565,0
M26004_20260322_cell#159,1,1,1,1,0.120896659610523,0.128065532843549,1.05929752944474,0,102.372494263492,0,0.993297440310835,0
M26004_20260322_cell#160,1,1,1,1,0.0255786970796109,0.0318035364636989,1.24336029957718,0,43.1946769873565,0,0.9982951249427,0
M26004_20260322_cell#161,0,0,1,0,0.0101698898242556,0.0106915316561326,1.05129277119924,0.999999951029029,0,1,0.876834001299387,0
M26004_20260322_cell#162,1,0,0,0,0.0338084888936839,0.0338847521972043,1.0022557442233,1,0,0,0.974583883565433,0
M26004_20260322_cell#163,1,0,0,0,0.0356461522818669,0.0344989744340038,0.967817624780594,1,0,0,0.992323928470126,0
M26004_20260322_cell#164,1,1,1,1,0.0194995926470194,0.0220596729823613,1.13128891365498,0,17.0591188700789,0,1.01099484698791,0
M26004_20260322_cell#165,1,0,0,0,0.0437603250381315,0.0443898174233927,1.01438500250427,0.998333756796936,0,0,1.05571808880566,1
M26004_20260322_cell#166,1,1,1,1,0.0396204289292106,0.0468696990077314,1.18296798582047,0,43.994461436125,0,0.949410134166671,0
M26004_20260322_cell#167,1,1,1,1,0.0278950576550558,0.0295579830618139,1.05961362142791,2.89549133558609e-08,18.3828250138655,0,0.955823825942362,0
M26004_20260322_cell#168,1,1,1,1,0.0812633440268855,0.0947429772850653,1.16587593606436,0,77.5994182426732,0,0.969326630273119,0
M26004_20260322_cell#169,1,1,1,1,0.0522558500199291,0.0624683567006167,1.195432792248,0,44.321216770061,0,0.929055398517444,0
M26004_20260322_cell#170,1,0,0,0,0.0481728042942837,0.0486654678067542,1.01022700504336,1,0,0,0.927047115804217,0
M26004_20260322_cell#171,1,1,1,1,0.0462239240981214,0.048865842175037,1.05715477706539,6.66133814775094e-16,24.7024590573588,0,0.991033552811214,0
M26004_20260322_cell#172,1,1,1,1,0.042171311743287,0.0440674856199529,1.04496359724849,0.000965005012868114,19.0099537966084,0,0.946404202725396,0
M26004_20260322_cell#173,1,1,1,1,0.0153492704635364,0.0206835686601969,1.34752780005621,0,66.7943090484864,0,0.982906156979915,0
M26004_20260322_cell#174,1,1,1,1,0.0396631460190654,0.0497485519117672,1.25427649858773,0,68.7246435990664,0,0.952712581817489,0
M26004_20260322_cell#175,1,1,1,1,0.101061450539278,0.105201956204906,1.0409701784759,0,59.8769312014104,0,0.989788141196535,0
M26004_20260322_cell#176,1,0,1,0,0.014214652325094,0.01524787769977,1.07268734760765,0.999999999999748,0,0,0.82352129580968,0
M26004_20260322_cell#177,1,0,0,0,0.0111649246963853,0.0104211337836965,0.933381466251214,1,0,0,0.976502568320432,0
M26004_20260322_cell#178,0,0,0,0,0.00242980181471244,0.00223757610699117,0.920888318315778,0.999999998522396,NaN,0.42444753140874,0.472444686498688,0
M26004_20260322_cell#179,1,0,0,0,0.0399874254215812,0.0381308969981546,0.953572194162202,1,0,0,1.00130090536814,0
M26004_20260322_cell#180,1,1,1,1,0.00995644911316471,0.0112714510076524,1.13207538948287,0.0114793726060047,11.5483754768603,2.65781703312484e-07,0.826987827935311,0
M26004_20260322_cell#181,0,0,0,0,-0.000197275695209742,0.000238782512817033,-1.21040005745848,1,NaN,1,-0.029529868303307,0
M26004_20260322_cell#182,1,1,1,1,0.111500515548942,0.132893959737968,1.1918685674564,0,74.9408462757861,0,0.975805042435681,0
M26004_20260322_cell#183,1,0,0,0,0.0142571037908356,0.0138034756829441,0.968182310057737,1,0,1.05721242871226e-08,0.901056317644452,0
M26004_20260322_cell#184,1,0,1,0,0.0107146198019097,0.0115391004187511,1.0769491248485,0.966608274870121,0,2.30893082431294e-12,0.880336413105331,0
M26004_20260322_cell#185,0,0,0,0,0.0173312536471826,0.015704036157375,0.906110802892085,1,0,1,1.0017035155969,0
M26004_20260322_cell#186,1,1,1,1,0.00984015428293375,0.0205595970551315,2.08935718526172,0,50.0908268036031,0,1.07517989952411,1
M26004_20260322_cell#187,1,0,0,0,0.0207483289201378,0.0207130391214955,0.998299149836206,0.999999995114361,0,0,0.956085035156709,0
M26004_20260322_cell#188,1,1,1,1,0.0235390181122859,0.0325566611911321,1.38309342538547,0,29.9867702609008,0,0.877604569326444,0
M26004_20260322_cell#189,0,0,0,0,0.0058862004561039,0.00561244528422274,0.953492040591773,1,0,1,1.07833908681368,0
M26004_20260322_cell#190,1,0,0,0,0.0379898216870155,0.0383825597016064,1.01033797994175,0.999999999999826,0,0,0.964663616159938,0
M26004_20260322_cell#191,1,1,1,1,0.0217585475356795,0.0244257334206971,1.12258106294292,8.35407909605124e-06,37.6452085159632,0,0.926456280069956,0
M26004_20260322_cell#192,1,1,1,1,0.0385142059890595,0.0418107572148357,1.08559312443602,0,28.0745477378338,0,1.00615285091745,0
M26004_20260322_cell#193,1,0,1,0,0.0056238144678376,0.00627081906956958,1.11504728782078,0.993528738108337,0,0.00136200534255915,0.891447110928543,0
M26004_20260322_cell#194,1,0,0,0,0.00297541627334392,0.00299521492431109,1.00665407766454,0.999997317771008,0,0,0.695940292035755,0
M26004_20260322_cell#195,1,0,0,0,0.024244277625149,0.0227668057250279,0.939058943187961,1,0,3.40810712984307e-10,0.96486983635488,0
M26004_20260322_cell#196,1,0,1,0,0.0316684587125816,0.0335399191514785,1.05909540643838,1,0,0,0.993677920653736,0
M26004_20260322_cell#197,1,0,0,0,0.0821013557051304,0.0815711176280456,0.993541664780919,1,0,0,0.993317656390942,0
M26004_20260322_cell#198,0,0,0,0,0.00346494096740255,0.00272920475341238,0.787662698755383,1,0,0.999999598726704,0.608315738349918,0
M26004_20260322_cell#199,1,0,0,0,0.0620494401537833,0.0618066702088491,0.996087475659207,1,0,0,0.954284009111339,0
M26004_20260322_cell#200,0,0,0,0,0.00893287747760169,0.00891678396534471,0.998198395500517,1,0,1,0.838672992848712,0
M26004_20260322_cell#201,1,0,1,0,0.00901100819667066,0.00929643206295791,1.03167502015953,0.99999999999817,0,3.58233902197913e-06,0.901353489319365,0
M26004_20260322_cell#202,1,1,1,1,0.0535947177044692,0.0627562420548942,1.17094080802782,0,63.3659934141846,0,0.932227561447158,0
M26004_20260322_cell#203,1,0,0,0,0.0472671322489,0.0472552097686691,0.99974776383369,1,0,0,0.945957375975791,0
M26004_20260322_cell#204,1,1,1,1,0.0327544026483028,0.0340624431368933,1.03993479907527,3.99707352205514e-06,39.5855213333998,0,0.999310185158398,0
M26004_20260322_cell#205,1,0,1,0,0.00422374574289652,0.00438240514458155,1.03756367247055,0.999828893483813,0,1.11022302462516e-16,1.07368886078669,0
M26004_20260322_cell#206,1,0,0,0,0.0460890630616498,0.0455287647464378,0.987843139391606,1,0,0,0.969477534627603,0
M26004_20260322_cell#207,1,0,0,0,0.00617538087404368,0.00622869180987438,1.00863281745985,1,0,0,0.911382097409025,0
M26004_20260322_cell#208,1,1,1,1,0.0273972908540142,0.0384285325513724,1.40263987253841,0,49.2660577111401,0,0.962842465004912,0
M26004_20260322_cell#209,1,1,1,1,0.0822120168741522,0.0881785392143982,1.07257482016746,0,49.2748700384036,0,0.987339552770617,0
M26004_20260322_cell#210,1,0,0,0,0.0596611122208377,0.0602343472636013,1.00960818565772,0.999999991027921,0,0,0.983626211207487,0
M26004_20260322_cell#211,0,0,1,0,0.0012594403579918,0.00170344824988551,1.35254380175786,0.999999999999987,NaN,1,0.976905852908717,0
M26004_20260322_cell#212,1,0,0,0,0.0225821103255512,0.0214616246308526,0.950381710188054,1,0,0,1.0381563222518,1
M26004_20260322_cell#213,1,1,1,1,0.0601409629649663,0.0739964057854975,1.23038278965707,0,76.2118105419429,0,0.922267326544528,0
M26004_20260322_cell#214,0,1,1,0,0.013686423002736,0.0296397245629568,2.16562973079465,0,25.7329746803249,0,NaN,0
M26004_20260322_cell#215,1,0,1,0,0.0230234714594516,0.0240168869104823,1.04314794373126,0.803907426820523,0,0,0.937006380097461,0
M26004_20260322_cell#216,1,0,0,0,0.0108497724426396,0.0107846097514749,0.993994096050472,1,0,0,0.954907535773091,0
M26004_20260322_cell#217,1,1,1,1,0.0626599628701365,0.0649750206974382,1.03694636449274,0.000219188328265507,23.7036456588941,0,1.00509390035294,0
M26004_20260322_cell#218,1,0,0,0,0.0507851726275098,0.0498378334188203,0.981346145741438,1,0,0,0.977724742598651,0
M26004_20260322_cell#219,1,1,1,1,0.0313222780034886,0.0344249771009253,1.09905726196195,0,21.1968365878875,0,0.988179177076888,0
M26004_20260322_cell#220,1,1,1,1,0.0469610944096412,0.0611564574619243,1.30227922135837,0,130.742401941463,0,1.00033580976285,0
M26004_20260322_cell#221,1,1,1,1,0.0520712949341915,0.0616492913198635,1.18394004600379,0,48.5749695770739,0,0.9885257477644,0
M26004_20260322_cell#222,1,0,0,0,0.0321992493751315,0.0324247226843778,1.00700243992086,1,0,0,0.936992185384453,0
M26004_20260322_cell#223,1,0,1,0,0.0193522588195274,0.0207350226396944,1.07145232156423,0.988473823465902,0,0,0.92692249984729,0
M26004_20260322_cell#224,1,0,0,0,0.0405556218956901,0.0394503119600311,0.972745826990352,1,0,0,1.00016542734454,0
M26004_20260322_cell#225,1,1,1,1,0.0187434462444661,0.020071717557113,1.070865906692,0.00282010481879669,30.8514371310375,0,0.938759134810975,0
M26004_20260322_cell#226,1,1,1,1,0.0618389081544668,0.0868385686527865,1.4042707292935,0,120.389231674618,0,0.984560173395294,0
M26004_20260322_cell#227,1,1,1,1,0.00794669236197339,0.0130828644032163,1.64632828443449,0,76.5923529806234,0,0.98601182842399,0
M26004_20260322_cell#228,1,1,1,1,0.107023376340824,0.111567644956496,1.04246052377568,0,40.8072707534008,0,0.952418331170785,0
M26004_20260322_cell#229,1,1,1,1,0.0409695422586572,0.0503214241543223,1.22826425144374,0,49.0330079555706,0,0.910322112867496,0
M26004_20260322_cell#230,1,0,1,0,0.0107866073374363,0.0117208028718072,1.0866069844898,0.941999127791128,0,0,1.00503362941872,0
M26004_20260322_cell#231,1,1,1,1,0.0529698453456244,0.060553627467197,1.1431716870625,0,30.6339527043478,0,0.983350603454409,0
M26004_20260322_cell#232,1,1,1,1,0.0253787912495172,0.027662164984357,1.08997172924393,1.60548803662675e-05,26.387783682649,0,0.989591784432123,0
M26004_20260322_cell#233,1,0,0,0,0.0334551806135273,0.0335345392713992,1.00237208875924,0.999999999999953,0,0,0.955820565066569,0
M26004_20260322_cell#234,1,1,1,1,0.0805714189738329,0.0921021591152506,1.14311204007916,0,112.824365665039,0,0.98088058916728,0
M26004_20260322_cell#235,0,0,0,0,0.0300019669730567,0.028722314083384,0.957347700208394,1,0,0.979941602611567,0.991546724189026,0
M26004_20260322_cell#236,1,0,1,0,0.0148134557136313,0.0153225497435065,1.03436699982211,0.999792579106333,0,3.15641720094462e-07,0.861987954327243,0
M26004_20260322_cell#237,1,0,1,0,0.0101526003105218,0.0107272998396622,1.05660614143795,1,0,0,0.95756748064559,0
M26004_20260322_cell#238,1,0,0,0,0.039488843038011,0.0394691688438452,0.999501778409995,1,0,0,0.953630175017188,0
M26004_20260322_cell#239,1,0,0,0,0.0190999598633247,0.0188399185835848,0.986385244702045,1,0,1.06581410364015e-14,0.971768400759683,0
M26004_20260322_cell#240,1,1,1,1,0.0819998628282907,0.11242287806345,1.37101300155667,0,183.53555090818,0,0.976106462263799,0
M26004_20260322_cell#241,1,1,1,1,0.0305706663959351,0.0324467765390292,1.06136961879717,0.0220547370763933,24.0579732998127,0,0.938284769168617,0
M26004_20260322_cell#242,1,1,1,1,0.0111934495558117,0.0140116757381256,1.25177459086781,0,25.5040984365257,0,0.948268233739593,0
M26004_20260322_cell#243,1,0,0,0,0.138319323846243,0.136749203548147,0.988648583188268,1,0,0,0.991565850846891,0
M26004_20260322_cell#244,1,1,1,1,0.0145000839177048,0.0194515249711951,1.34147671707227,0,20.9560604729552,1.83186799063151e-14,0.964601843334703,0
M26004_20260322_cell#245,0,0,0,0,0.0175805605269543,0.0164426868387407,0.935276597895216,1,0,1,0.923403348333071,0
M26004_20260322_cell#246,1,1,1,1,0.0346693963366107,0.0380668029847398,1.09799439872397,0,29.8283004702348,0,0.922680720282915,0
M26004_20260322_cell#247,1,1,1,1,0.185627222167376,0.202423682293433,1.09048489725775,0,56.277970135934,0,0.96320686984727,0
M26004_20260322_cell#248,1,0,0,0,0.0157229776381726,0.0141331549668029,0.898885395123255,1,0,1.86649757905055e-05,1.05223195636532,1
M26004_20260322_cell#249,1,1,1,1,0.0352796691961721,0.036881922929859,1.04541578110548,0.00153012530147034,18.4264184285655,0,0.966204296439207,0
M26004_20260322_cell#250,1,0,0,0,0.0402410413854554,0.037085734257925,0.921589824246674,1,0,1.86526133894027e-06,0.956964537654593,0
M26004_20260322_cell#251,0,0,0,0,0.0134510556122196,0.00684992267004228,0.509247962949426,1,0,1,1,0
M26004_20260322_cell#252,1,1,1,1,0.0146851679371185,0.0171183551129077,1.16569011578267,1.23104352485193e-05,14.7870113487946,0,1.03016412819762,0
M26004_20260322_cell#253,0,0,1,0,0.00731633582463037,0.00842760691316118,1.1518890213855,0.0816412370757418,0,0.33391949878305,0.902607855521388,0
M26004_20260322_cell#254,1,0,0,0,0.0802059548704871,0.0800692795894411,0.998295945964778,1,0,0,0.988137971590192,0
M26004_20260322_cell#255,1,1,1,1,0.0733667972714536,0.0776774368144913,1.05875463702046,0,34.5566436400505,0,0.974677325169311,0
M26004_20260322_cell#256,0,0,1,0,0.00638722506072549,0.00702256505901986,1.0994704260855,0.789843302648059,0,1,1.03557995070131,0
M26004_20260322_cell#257,1,0,0,0,0.0173498783815298,0.0165444794952962,0.953578989516664,1,0,1.26412611489712e-08,0.965831028462226,0
M26004_20260322_cell#258,1,0,1,0,0.0134554233408912,0.0147861505485414,1.09889894757945,0.544845039384391,0,1.21092025295866e-12,1.15454844548365,1
M26004_20260322_cell#259,1,1,1,1,0.0210086285973299,0.0341297502953019,1.62455869678422,0,115.574675828489,0,0.970594000072137,0
M26004_20260322_cell#260,0,0,0,0,0.0197868675730787,0.0195221373562905,0.986620913299669,1,0,1,0.97358071276437,0
M26004_20260322_cell#261,0,0,1,0,0.00291155228778986,0.00407706085226468,1.40030487151565,1,NaN,0,0.811546944283192,0
M26004_20260322_cell#262,0,0,0,0,0.0297105241013863,0.0291248358829015,0.98028684325843,1,0,1,0.959180897297027,0
M26004_20260322_cell#263,1,1,1,1,0.0803877548403916,0.138334385275129,1.72083902019392,0,355.399118677841,0,1.00053187060048,0
M26004_20260322_cell#264,0,0,0,0,0.0146957086562313,0.0128919128564216,0.877256970588838,1,0,0.590330364793214,0.927203587971971,0
M26004_20260322_cell#265,0,0,0,0,0.0035810898271794,0.00335016754132025,0.935516198419118,1,0,1,0.819636871431257,0
M26004_20260322_cell#266,1,1,1,1,0.0396245905496437,0.0411511819467826,1.0385263639564,5.90384818934808e-05,29.7084560418037,0,0.931233035048026,0
M26004_20260322_cell#267,1,1,1,1,0.0165773907761411,0.0196958912032395,1.18811768807348,0,26.5154404589821,0,0.989792012671262,0
M26004_20260322_cell#268,1,0,0,0,0.0947502436862256,0.0942286962177685,0.994495555386809,0.9999765789605,0,0,0.930858679835459,0
M26004_20260322_cell#269,0,1,1,0,0.0098200735003605,0.0113325116708014,1.1540149542043,2.1613990680347e-05,35.386186491433,1,NaN,0
M26004_20260322_cell#270,1,1,1,1,0.0328554497858689,0.0353397834948231,1.07561405261975,0,17.8274216795406,0,0.966065841897586,0
M26004_20260322_cell#271,1,0,1,0,0.0186028359085185,0.0208416525197662,1.12034813521214,1,0,0,0.926838581056022,0
M26004_20260322_cell#272,0,0,0,0,0.0045077087662153,0.00402718927380635,0.893400501822481,1,0,1,0.912020198231698,0
M26004_20260322_cell#273,0,0,0,0,0.0223203443477126,0.0210336021542329,0.94235114954167,1,0,1,0.997132470792388,0
M26004_20260322_cell#274,0,0,0,0,4.22394352674467e-08,4.22394352674467e-08,1,1,NaN,1,1.67281155656844e-05,0
M26004_20260322_cell#275,1,1,1,1,0.0240174433828536,0.0279651520163695,1.16436839552765,0,38.0499096451519,0,0.892236402653898,0
M26004_20260322_cell#276,1,0,0,0,0.0215314481037185,0.0198240549779658,0.920702355107374,1,0,0,0.972759721271053,0
M26004_20260322_cell#277,1,0,0,0,0.0400213118128729,0.0386380175961867,0.965436060088335,1,0,0,0.968403349916135,0
M26004_20260322_cell#278,0,0,0,0,0.0171206089933163,0.0164468533025712,0.960646511405752,1,0,1,1.0118975639877,0
M26004_20260322_cell#279,1,0,0,0,0.0121805890138937,0.0121672136442764,0.998901911097895,1,0,5.24021518510942e-07,0.97100703156725,0
M26004_20260322_cell#280,1,1,1,1,0.231539557003961,0.274279398135067,1.18458980264169,0,104.77153321716,0,1.03308365018296,1
M26004_20260322_cell#281,1,0,1,0,0.00370294597991193,0.0043736168027455,1.18111817630392,0.999655135805481,0,0,0.543723797793942,0
M26004_20260322_cell#282,1,1,1,1,0.0324398209103227,0.0348328693909597,1.0737688560998,0,11.88786223933,0,0.956799122744164,0
M26004_20260322_cell#283,1,1,1,1,0.171502295446575,0.185670114770802,1.08261008569789,0,73.5003249972402,0,0.984295428931673,0
M26004_20260322_cell#284,1,1,1,1,0.0200642506123404,0.0329391015073523,1.6416811244918,0,72.3906466452744,0,0.939702739314268,0
M26004_20260322_cell#285,1,1,1,1,0.00686278220204387,0.00876723774319002,1.27750487849942,7.7164455158929e-08,21.9921191668927,2.78777001483377e-13,0.897525618163812,0
M26004_20260322_cell#286,1,1,1,1,0.0215955488037549,0.0281212404232838,1.30217762367744,0,50.9919455344876,0,0.92681555386635,0
M26004_20260322_cell#287,1,0,0,0,0.00680511387063858,0.00682126038985613,1.00237270375257,1,0,1.47463853683583e-07,0.912314527418404,0
M26004_20260322_cell#288,1,0,0,0,0.0558005379377967,0.0555895052391863,0.996218088455605,1,0,0,0.986168872527258,0
M26004_20260322_cell#289,1,1,1,1,0.0567849578042992,0.0589503973565902,1.03813403471662,5.63323387936521e-10,38.2775848358043,0,0.938766510977797,0
M26004_20260322_cell#290,1,0,0,0,0.0249783725965136,0.0251313630471868,1.00612491666869,1,0,0,0.95810538536873,0
M26004_20260322_cell#291,1,1,1,1,0.013882639406451,0.0178526998590397,1.28597302979316,0,25.5500786757419,0,1.00460201378724,0
M26004_20260322_cell#292,1,1,1,1,0.0160844230667099,0.0202473747066948,1.25881883501317,0,48.317441225228,0,0.847389438383168,0
M26004_20260322_cell#293,0,0,1,0,0.0278676774361934,0.0287022370430461,1.02994722501592,0.330383120916891,0,0.962427730163744,0.982955237946822,0
M26004_20260322_cell#294,1,1,1,1,0.0298558023440602,0.0354622105322425,1.18778286791873,0,35.8571011804173,0,0.99848504252837,0
M26004_20260322_cell#295,1,0,0,0,0.0415141792288463,0.0351176412627627,0.84591919953848,0.999204212850117,0,0,0.972271807669082,0
M26004_20260322_cell#296,1,1,0,0,0.03926593285431,0.0396105911594923,1.00877754022707,6.99114188762451e-08,33.4270080867761,0,NaN,0
M26004_20260322_cell#297,1,0,0,0,0.0307874249564065,0.030653186681284,0.995639834272839,1,0,0,0.971108758600993,0
M26004_20260322_cell#298,0,0,1,0,0.00136456099367786,0.00185549462054367,1.35977404391622,0.99999365066395,NaN,1,0.948353809856822,0
M26004_20260322_cell#299,1,1,1,1,0.0642998044037981,0.0660430787310074,1.02711165832266,2.33713048913842e-12,21.5161636896333,0,0.995423258489556,0
M26004_20260322_cell#300,1,1,1,1,0.0266409315255519,0.0325345682235253,1.22122487317385,0,25.037481928106,0,0.993789207032348,0
M26004_20260322_cell#301,1,1,1,1,0.0666504667721474,0.0689898745755658,1.03509964620977,6.16103232908838e-06,44.6740961588767,0,0.93748981949232,0
M26004_20260322_cell#302,1,0,0,0,0.0114382634615328,0.00950761738977773,0.831211610202202,1,0,9.99200722162641e-16,0.935977797594933,0
M26004_20260322_cell#303,1,1,1,1,0.107666313747846,0.113011295057863,1.04964395198423,0,37.0974263201441,0,0.984184399007197,0
M26004_20260322_cell#304,1,0,0,0,0.0393392464888816,0.0394247390864129,1.00217321390626,0.997752050215655,0,0,1.01533991607967,0
M26004_20260322_cell#305,1,1,1,1,0.0278053992063811,0.0314112687255513,1.12968235026608,5.79097602052547e-05,59.824230206032,0,0.960279614052242,0
M26004_20260322_cell#306,0,0,0,0,0.0185586068823649,0.0175055097186611,0.943255591845935,1,0,1,0.993065725107655,0
M26004_20260322_cell#307,1,1,1,1,0.0713780683911942,0.0808280598110397,1.13239348770345,0,34.3898748445962,0,0.998604979384971,0
M26004_20260322_cell#308,0,0,0,0,0.0234718417886608,0.0231805769917085,0.987590884448916,1,0,1,0.961029000072878,0
M26004_20260322_cell#309,0,0,0,0,0.00725144876849975,0.00576420422325267,0.79490380574601,1,0,1,1.00328714798083,0
M26004_20260322_cell#310,0,0,0,0,0.0190654403752831,0.0183866099131893,0.9643947137474,1,0,0.999999932668525,0.988969614122707,0
M26004_20260322_cell#311,1,1,1,1,0.00394656724006281,0.00507534807234807,1.28601586229842,5.43722722401441e-09,21.5414039755963,0,0.496808486061644,0
M26004_20260322_cell#312,1,1,1,1,0.0793678822586903,0.10497862752021,1.32268399423894,0,149.539099533829,0,0.966556168711156,0
M26004_20260322_cell#313,0,0,0,0,0.000181735461125785,0.00014947441749481,0.822483496445166,1,NaN,0,1,0
M26004_20260322_cell#314,0,0,0,0,0.00652394781729068,0.00629886684637037,0.965499268660034,1,0,1,0.829280688644329,0
M26004_20260322_cell#315,1,0,0,0,0.0871588868649683,0.0810280651093861,0.929659246737738,0.999999999998343,0,0,0.941021086172535,0
M26004_20260322_cell#316,1,0,1,0,0.008649722128124,0.00925870540204824,1.07040495230987,1,0,0.0072213263350599,1.06167435443256,0
M26004_20260322_cell#317,1,1,1,1,0.0413200590264304,0.0429440344804164,1.03930235077707,5.99520433297585e-15,42.6515875844075,0,0.999413616235702,0
M26004_20260322_cell#318,1,1,1,1,0.0265910611034162,0.0296732023464572,1.11590892259072,0,47.8551846586323,0,1.01284972734152,0
M26004_20260322_cell#319,1,1,1,1,0.100383700570846,0.104727560834954,1.04327256556001,0,37.8791386757646,0,0.95774739573295,0
M26004_20260322_cell#320,1,0,1,0,0.066072356086292,0.0674058649637839,1.02018255374079,1,0,0,0.996405994987935,0
M26004_20260322_cell#321,0,0,0,0,0.0078323416724884,0.00687439880648269,0.877693938024877,1,0,1,1.05480653927248,0
M26004_20260322_cell#322,1,0,0,0,0.0673245611120051,0.0676902970326153,1.00543242933291,1,0,0,0.97930649196422,0
M26004_20260322_cell#323,0,0,0,0,0.0260763713325537,0.0260763713325537,1,1,0,0,1,0
M26004_20260322_cell#324,1,0,0,0,0.0219867794465916,0.0215257383760104,0.979030986702661,1,0,0,1.06461260942816,1
M26004_20260322_cell#325,1,0,0,0,0.0634916927169034,0.0625338324895037,0.984913613318349,1,0,0,0.939608119419477,0
M26004_20260322_cell#326,1,0,0,0,0.0395804330520325,0.0394764187844291,0.997372078585733,1,0,0,0.974239388176912,0
M26004_20260322_cell#327,1,1,1,1,0.0203053323793258,0.0239734175703707,1.18064639979889,0,14.1209589945396,0,1.05931530396707,1
M26004_20260322_cell#328,1,1,1,1,0.260651144933095,0.266335474027101,1.02180818770417,0,46.2217202748857,0,1.0016451545125,0
M26004_20260322_cell#329,0,0,0,0,0.0181077176347666,0.0177781896009177,0.981801790789129,1,0,1,1.00916570835008,0
M26004_20260322_cell#330,1,1,1,1,0.0653982882728902,0.0734429313206358,1.12300999399521,0,97.3031775804422,0,0.965228595456145,0
M26004_20260322_cell#331,1,1,1,1,0.0256871519639435,0.0323209987646519,1.25825544264386,0,47.4610625548795,0,0.881904793223741,0
M26004_20260322_cell#332,1,1,1,1,0.0546336858946773,0.0555131637033855,1.01609772056024,7.53108686524229e-12,26.189252065825,0,0.894973272210024,0
M26004_20260322_cell#333,1,1,1,1,0.0723496108879466,0.0797724651276698,1.10259701674442,0,54.3511011499126,0,0.963556628777563,0
M26004_20260322_cell#334,1,1,1,1,0.0244923482876766,0.0304118194872299,1.24168655165384,0,49.9350896874816,0,0.87173788352093,0
M26004_20260322_cell#335,1,0,1,0,0.0141115856157067,0.014609667281126,1.03529593902367,1,0,0,0.904459607598237,0
M26004_20260322_cell#336,1,1,1,1,0.0123794964622568,0.0154600322803444,1.2488417705421,0,24.5694001517108,0,0.914330487014079,0
M26004_20260322_cell#337,1,1,1,1,0.028582574259074,0.0348015175180208,1.21757813703475,0,59.5015092204158,0,1.00701877671756,0
M26004_20260322_cell#338,1,0,0,0,0.0328987968407321,0.0324953387046125,0.987736386285711,0.999999915114582,0,0,0.969918470467205,0
M26004_20260322_cell#339,1,1,1,1,0.104179887606021,0.106389340023507,1.02120805146039,0,53.52373025165,0,1.00567407439921,0
M26004_20260322_cell#340,1,0,1,0,0.024115881819577,0.0249742059563293,1.03559165462718,1,0,0,1.00461865664084,0
M26004_20260322_cell#341,1,1,1,1,0.0529192866115952,0.0695280520495941,1.31385089447445,0,59.7761561358962,0,0.956705411613543,0
M26004_20260322_cell#342,0,0,0,0,0.0103165972453713,0.00585089382120191,0.567134073575179,1,0,1,1.00037380117415,0
M26004_20260322_cell#343,1,0,1,0,0.028752157445226,0.0295352355098195,1.02723545410759,1,0,0,0.937008391246936,0
M26004_20260322_cell#344,1,1,1,1,0.0759273566128454,0.0819551936039844,1.07938952783349,0,103.942436437614,0,0.925326104168088,0
M26004_20260322_cell#345,1,1,1,1,0.0198831301087434,0.0255719039594707,1.28611057814412,0,53.5201520110035,0,1.02868550247437,1
M26004_20260322_cell#346,1,1,1,1,0.0363895996582854,0.042828548093018,1.17694474506994,0,45.8634145591508,0,0.965305861796036,0
M26004_20260322_cell#347,0,0,0,0,0.0128428478089752,0.0129614318353197,1.0092334681613,1,0,1,1.03414423087152,0
M26004_20260322_cell#348,1,1,1,1,0.248625936706562,0.268940529898844,1.08170745764251,0,53.0405789981562,0,0.998815746904489,0
M26004_20260322_cell#349,1,0,0,0,0.0499941702118897,0.0486088083223496,0.972289531285978,1,0,0,0.957012645154765,0
M26004_20260322_cell#350,1,1,1,1,0.0475951535283661,0.0515616595878683,1.08333844447288,0,48.8586670157716,0,0.984640174844217,0
M26004_20260322_cell#351,1,0,0,0,0.0104052504327694,0.00900531348155841,0.865458600899966,1,0,0.00749079896431981,0.946722257691834,0
M26004_20260322_cell#352,1,1,1,1,0.0265677455295234,0.0283886140347496,1.06853680916217,8.13560330215068e-12,12.4808547883073,0,0.984126484340319,0
M26004_20260322_cell#353,1,0,0,0,0.00982500230572494,0.00839301450623727,0.85425063985448,1,0,0.000510579243855891,0.909447460275987,0
M26004_20260322_cell#354,0,0,0,0,0.013982204857494,0.0135486964217376,0.968995702739684,1,0,1,0.93515735446635,0
M26004_20260322_cell#355,1,0,0,0,0.01761106997074,0.0172411618096232,0.978995702036766,1,0,0,0.785691415684695,0
M26004_20260322_cell#356,1,1,1,1,0.0165800773784734,0.0200596731568209,1.20986607594879,0,37.8977965465357,0,0.877458309937481,0
M26004_20260322_cell#357,0,0,1,0,0.0117004745573421,0.0129720033472881,1.10867326651705,0.454920348523038,0,1,0.920062300096517,0
M26004_20260322_cell#358,1,1,1,1,0.0669590385988879,0.0778378308686098,1.16246936182717,0,109.449198756335,0,1.01057124057336,0
M26004_20260322_cell#359,1,0,0,0,0.0344359281836519,0.0348197938609593,1.0111472435202,0.999999999999983,0,0,0.981534034022488,0
M26004_20260322_cell#360,0,1,1,0,0.00813481249675925,0.0103070451380427,1.2670292206672,0.0252992624561167,24.0404063556066,0.999976115648518,NaN,0
M26004_20260322_cell#361,0,0,0,0,0.000582225864413947,0.000571645162362889,0.981827152145314,0.999999999999999,NaN,0,0.29746828036505,0
M26004_20260322_cell#362,1,1,1,1,0.0748047779848752,0.0984128653956008,1.31559598259217,0,101.94035137194,0,0.973399159938829,0
M26004_20260322_cell#363,1,0,0,0,0.0113024374612475,0.011354034785594,1.00456515017432,0.999999999992305,0,0,1.01111723852435,0
M26004_20260322_cell#364,1,1,1,1,0.0131283392839204,0.0192731419031854,1.46805635399682,0.0323809909220848,57.7174408820647,0,1.01049407065209,0
M26004_20260322_cell#365,1,1,1,1,0.0377365647270717,0.0407285343724199,1.07928569192738,8.69333494080138e-11,22.7760437061485,0,0.993214693403683,0
M26004_20260322_cell#366,1,1,1,1,0.0367051383885879,0.0410513935782585,1.11840999327282,0,46.5935476506378,0,0.97698530659665,0
M26004_20260322_cell#367,1,0,0,0,0.0570368757540655,0.0574992306623415,1.00810624533976,0.99983603660747,0,0,0.98005724093247,0
M26004_20260322_cell#368,1,1,1,1,0.0817936082586627,0.0989766466529832,1.21007800927404,0,71.6457111510881,0,0.967964344301217,0
M26004_20260322_cell#369,1,1,1,1,0.0591144405696494,0.0708595763103593,1.19868471438669,0,79.9695817046432,0,0.940822704587456,0
M26004_20260322_cell#370,1,1,1,1,0.0709836146571239,0.0766268492279501,1.07950052414328,0,37.4445513706516,0,0.9924277411051,0
M26004_20260322_cell#371,1,1,1,1,0.0483477248670645,0.0564322953398555,1.16721718540056,0,25.4722369925307,0,0.973261328032103,0
M26004_20260322_cell#372,1,0,1,0,0.0167198177844097,0.0173796541863614,1.03946432972296,0.999999982200872,0,0,0.910717567616581,0
M26004_20260322_cell#373,0,0,1,0,0.0377459216848796,0.0394851835005012,1.04607813872295,0.103594267383856,0,0.565561635968803,0.977983465592192,0
M26004_20260322_cell#374,1,0,0,0,0.0762905669849041,0.0771777203823929,1.01162861193133,0.773013452777178,0,0,0.993995927644456,0
M26004_20260322_cell#375,1,1,1,1,0.0232310260531437,0.0275840687710826,1.18738056201137,0,33.847513061722,0,0.927151877228869,0
M26004_20260322_cell#376,1,0,0,0,0.0765843135544692,0.0763089482144092,0.99640441590086,1,0,0,0.972930627384572,0
M26004_20260322_cell#377,0,0,0,0,0.0180144206715807,0.0176877925352279,0.981868518432676,1,0,0.841397331734371,0.950601164505013,0
M26004_20260322_cell#378,0,0,1,0,0.0105820069135528,0.0107693639374423,1.01770524489542,1,0,1,0.971312220105316,0
M26004_20260322_cell#379,1,0,0,0,0.00377712271285131,0.00068503161009876,0.181363345111347,1,0,0,0.996515012386561,0
M26004_20260322_cell#380,1,0,0,0,0.053690834089881,0.050248801382644,0.935891614172451,1,0,0,0.921664017867973,0
M26004_20260322_cell#381,1,1,1,1,0.0334533779042628,0.0352421438686719,1.05347041394529,0.0261508518767175,66.0976191828813,0,0.954116138932069,0
M26004_20260322_cell#382,1,1,1,1,0.0263259684395508,0.0283038063313594,1.0751287800238,0,44.7332317693084,0,0.965728205821077,0
M26004_20260322_cell#383,1,1,1,1,0.0203086135796277,0.0256398967614973,1.2625133991036,0,49.1769207926401,0,0.955130569443674,0
M26004_20260322_cell#384,1,1,1,1,0.107176357444852,0.131818090037531,1.22991761597569,0,130.671926718835,0,0.992893779191288,0
M26004_20260322_cell#385,0,0,1,0,0.0179891133815263,0.018352787625451,1.0202163517574,0.999999960429471,0,1,0.80702896305103,0
M26004_20260322_cell#386,1,1,1,1,0.0370987655458337,0.0391179007904804,1.05442594153577,0,33.5227468824733,0,0.960434791392471,0
M26004_20260322_cell#387,1,1,1,1,0.0445092745686767,0.0488956563275935,1.0985498371165,0,93.3429300793886,0,1.00298461333966,0
M26004_20260322_cell#388,1,1,1,1,0.0628068794885237,0.065360164789674,1.04065295588546,0,111.684241909326,0,0.981492655433867,0
M26004_20260322_cell#389,1,1,1,1,0.0910535393608332,0.0947298217244069,1.04037495290551,0,38.3176715383119,0,0.978369013392349,0
M26004_20260322_cell#390,1,1,1,1,0.369077767345197,0.3927992914919,1.06427242777947,0,80.8425427942531,0,0.998044704051062,0
M26004_20260322_cell#391,0,0,0,0,0.00815608117520637,0.00722824715815478,0.886240217928176,1,0,1,1.01684196484819,0
M26004_20260322_cell#392,1,1,1,1,0.0445105452786562,0.0502426923649361,1.12878177632725,0,49.4053754525362,0,0.935498859827469,0
M26004_20260322_cell#393,1,0,0,0,0.0374962280026849,0.0371584554198689,0.990991825023258,0.999829081572746,0,0,1.01859829383752,1
M26004_20260322_cell#394,1,1,1,1,0.0269352710341894,0.0286699394334928,1.06440137161054,7.8322029029021e-07,26.9504971324881,8.36553049055055e-13,0.943830379589629,0
M26004_20260322_cell#395,1,1,1,1,0.0353974898429182,0.0377825415631367,1.06737912012412,1.35531974532199e-09,12.6775651592895,0,0.938607659332608,0
M26004_20260322_cell#396,1,0,1,0,0.02478465375023,0.0255892308466133,1.03246271279363,0.999933453063154,0,0,0.986404148464108,0
M26004_20260322_cell#397,1,1,1,1,0.0105836694799248,0.0136825141595486,1.29279492197878,0,78.4375411092641,0,0.929275278209821,0
M26004_20260322_cell#398,1,0,1,0,0.00869254200648633,0.00936441534475213,1.07729307925857,0.99999843395992,0,5.91708358732568e-06,0.918168722015486,0
M26004_20260322_cell#399,0,0,1,0,0.00287580804804071,0.00337588306434124,1.17389026247466,0.999843099864588,NaN,1,1.00620932547677,0
M26004_20260322_cell#400,1,0,0,0,0.182027245870915,0.183986586951103,1.01076399893221,1,0,0,0.991557898162801,0
M26004_20260322_cell#401,1,0,0,0,0.0262410569115621,0.0264663066579276,1.00858386714852,0.999670338525063,0,2.50910403565285e-14,0.87657148035308,0
M26004_20260322_cell#402,1,1,1,1,0.0268270630461132,0.0332829096591589,1.24064679021885,0,26.6355289805873,0,1.02382356919438,1
M26004_20260322_cell#403,1,1,1,1,0.0234964007358108,0.0346008847761918,1.47260361981555,0,65.3713191326973,0,0.988282986001858,0
M26004_20260322_cell#404,1,0,0,0,0.0362599532975764,0.0355040585746793,0.979153455695498,1,0,0,0.893262165380448,0
M26004_20260322_cell#405,1,1,1,1,0.0184748502704973,0.0268633678153108,1.45405063759619,0,77.189924393064,0,0.801778191462865,0
M26004_20260322_cell#406,0,0,0,0,0.0193371220787678,0.0187764312437921,0.971004432164629,1,0,0.0616233888289235,0.866546473266648,0
M26004_20260322_cell#407,1,1,1,1,0.100564032891536,0.113036958545843,1.12402968830575,0,112.153735328062,0,0.992165023222455,0
M26004_20260322_cell#408,1,1,1,1,0.0380959585026812,0.0441096250615685,1.15785576200856,0,62.3691064422951,1.21455453128139e-06,1.02137042109239,1
M26004_20260322_cell#409,1,1,1,1,0.0645649735028713,0.0668503111629717,1.03539593584746,1.04832805303268e-06,19.2938586406803,0,0.986535058956014,0
M26004_20260322_cell#410,1,0,0,0,0.0372902256061078,0.036795905859325,0.986743986158619,1,0,0,0.883632843663099,0
M26004_20260322_cell#411,1,0,0,0,0.0623538573944353,0.0618106936744284,0.991289011735538,1,0,0,0.970694715067317,0
M26004_20260322_cell#412,0,0,0,0,0.00154322506124936,0.00156394777353636,1.0134281854328,1,NaN,0,0.279689385450013,0
M26004_20260322_cell#413,1,1,1,1,0.0714728721322412,0.0878268080090624,1.22881319008088,0,79.6043309753285,0,0.94579974800436,0
M26004_20260322_cell#414,1,1,1,1,0.0676129063566321,0.0843479984021287,1.2475132773797,0,66.893682151683,0,0.961098448968223,0
M26004_20260322_cell#415,0,0,0,0,0.023488833223458,0.023781136426003,1.01244434748053,1,0,0.996860398937695,0.988250109467775,0
M26004_20260322_cell#416,1,0,1,0,0.0222529966661969,0.022763486697147,1.02294028254296,0.999999892783838,0,0,0.945628033745759,0
M26004_20260322_cell#417,1,0,0,0,0.0184317165888849,0.0183082391773441,0.993300818676039,1,0,0,0.908375404496027,0
M26004_20260322_cell#418,1,0,0,0,0.0240272134061509,0.0237398588218966,0.988040453156304,1,0,0,0.95568701671789,0
M26004_20260322_cell#419,1,1,1,1,0.101210353695569,0.105525202877346,1.04263248792466,0.00031090159331737,58.1571221274901,0,0.983782105509221,0
M26004_20260322_cell#420,1,1,1,1,0.0549162934353638,0.0576814749484587,1.05035266111595,0.000869129774022648,33.8020398648115,0,1.00062749649463,0
M26004_20260322_cell#421,1,1,1,1,0.0304825235409643,0.0345199162222629,1.13244942387637,0,44.2912008433154,0,1.02194858343897,1
M26004_20260322_cell#422,0,0,0,0,0.012052563146291,0.0115017720946743,0.954300919652411,1,0,0.999999907009947,0.952675296588467,0
M26004_20260322_cell#423,1,1,1,1,0.0492190373376118,0.0518423015055437,1.05329775448345,0,42.5069149117588,0,0.981646250815963,0
M26004_20260322_cell#424,1,1,1,1,0.0554162650064703,0.0577391328225752,1.04191671553169,3.01292324422775e-12,23.6763656717529,0,0.982727707046782,0
M26004_20260322_cell#425,1,1,1,1,0.0182544991768069,0.0251613258416234,1.3783629776922,0,74.220694835428,0,0.72044584913719,0
M26004_20260322_cell#426,1,1,1,1,0.00558073188804131,0.0074099063033229,1.32776604430706,1.94829818944697e-10,17.7420040191219,1.42558316706953e-07,0.809944975289287,0
M26004_20260322_cell#427,1,0,0,0,0.106949170978363,0.107216476629349,1.00249937094922,1,0,0,0.979016620920709,0
M26004_20260322_cell#428,1,1,1,1,0.108152543245249,0.11044461952063,1.02119299469624,0,87.3372938748814,0,0.982966225320968,0
M26004_20260322_cell#429,1,0,0,0,0.0166877505077681,0.0166026873267643,0.994902657433412,1,0,0,0.927730985865641,0
M26004_20260322_cell#430,1,1,1,1,0.0672837448663966,0.0714992796077003,1.0626530932497,0,24.494654998082,0,0.976977179616909,0
M26004_20260322_cell#431,1,1,1,1,0.100377690008606,0.109596732943976,1.09184354545895,0,59.8489076673068,0,0.952862529761983,0
M26004_20260322_cell#432,1,0,1,0,0.0231851840151769,0.0241819128861618,1.04298990555056,0.982663573040418,0,0,0.96520765203686,0
M26004_20260322_cell#433,1,1,1,1,0.0264865528238384,0.0543870096970457,2.05338195796081,0,158.782428139791,0,0.938242028799422,0
M26004_20260322_cell#434,0,0,0,0,0.0058432617254701,0.00535426591232364,0.916314579746618,1,0,1,0.81607769723714,0
M26004_20260322_cell#435,1,1,1,1,0.0491502830962138,0.0614421986939074,1.25008839875106,0,31.3522233331879,0,0.985939625800579,0
M26004_20260322_cell#436,0,0,0,0,0.0082055819232393,0.00756830400832859,0.922336048695601,1,0,1,0.985288217612097,0
M26004_20260322_cell#437,1,0,0,0,0.0277244164106571,0.027643463584691,0.997080089089449,1,0,0,0.961441396419715,0
M26004_20260322_cell#438,1,0,0,0,0.025630874237216,0.0254352645979923,0.992368202605447,1,0,0,0.914450845967459,0
M26004_20260322_cell#439,1,1,1,1,0.018847518394904,0.025413326248658,1.34836458127714,0,20.2425971594753,0,0.908800603825611,0
M26004_20260322_cell#440,1,1,1,1,0.0137226914001007,0.0160617987803795,1.17045543851999,0.000200656116384312,41.0405781515291,0,0.985622291633164,0
M26004_20260322_cell#441,1,0,0,0,0.0551895671911802,0.0541279061336765,0.980763374102464,0.535026964822235,0,0,0.97272709790691,0
M26004_20260322_cell#442,1,0,1,0,0.0314590548778473,0.0319632652055515,1.01602751035154,0.99988520377234,0,0,1.03019257835368,1
M26004_20260322_cell#443,0,0,0,0,0.00296237752283532,0.00296237752283532,1,0.972728996870786,NaN,1,0.578909263594155,0
M26004_20260322_cell#444,1,1,1,1,0.0623082590729126,0.0664307936290891,1.06616353301337,0,63.7927843280846,0,0.971544461752565,0
M26004_20260322_cell#445,0,0,0,0,0.00677495122160113,0.00580396664636884,0.856680211639544,1,0,1,0.992367652010459,0
M26004_20260322_cell#446,1,1,1,1,0.0655781371190857,0.0679438775915591,1.03607513992319,8.55554871392883e-09,41.9993820110681,0,0.989817701996847,0
M26004_20260322_cell#447,0,0,0,0,0.0211259823981062,0.018691519037228,0.884764489764205,1,0,0.995073744482994,0.955866378044564,0
M26004_20260322_cell#448,1,1,0,0,0.157268329735656,0.159496653801094,1.01416893070069,0,72.2952207086292,0,NaN,0
M26004_20260322_cell#449,1,1,1,1,0.0320587337700778,0.0343060138764854,1.07009884178598,0.00129164982072572,25.7249104093974,0,0.929686048400565,0
M26004_20260322_cell#450,1,1,1,1,0.0867009799304975,0.0950031659804702,1.0957565422747,0,76.1884018299159,0,0.948785075263943,0
M26004_20260322_cell#451,1,0,0,0,0.0481100508538651,0.0475117349823556,0.987563599271036,0.999999985568937,0,0,0.958636228089171,0
M26004_20260322_cell#452,1,1,1,1,0.0312245459266552,0.0405501451268226,1.29866244402954,0,60.092759856842,0,0.940874848295795,0
M26004_20260322_cell#453,1,0,0,0,0.0162781743169431,0.0161669540207078,0.993167520259347,1,0,0,1.01924189690071,0
M26004_20260322_cell#454,0,0,1,0,0.00642475831739362,0.00718622105290188,1.11852005910429,0.999788932080638,0,1,1.44026530568013,1
M26004_20260322_cell#455,1,1,1,1,0.0570657889280627,0.0588805017714828,1.03180036371192,1.01215892334139e-08,45.7229890220575,0,0.962969098332663,0
M26004_20260322_cell#456,1,0,0,0,0.0201279330745367,0.0199342604408359,0.990377917445192,1,0,0,0.968008660674464,0
M26004_20260322_cell#457,1,1,1,1,0.0255867831181817,0.0349507057169778,1.36596716967293,0,51.7243010829201,0,0.909968228759153,0
M26004_20260322_cell#458,1,0,0,0,0.0172997345258747,0.0170635588878396,0.986348019521235,1,0,0,0.947960236587709,0
M26004_20260322_cell#459,1,1,1,1,0.032936660758093,0.0403490017967449,1.22504834637283,0,57.0701393530642,0,0.998373051684531,0
M26004_20260322_cell#460,0,0,0,0,0.0243360495747285,0.0227348851575015,0.93420606691689,1,0,1,1,0
M26004_20260322_cell#461,1,0,0,0,0.0218694144324855,0.0208896993537168,0.955201586133305,0.991130389057868,0,0,0.943287778736026,0
M26004_20260322_cell#462,0,0,1,0,0.0142617131173161,0.015148869928279,1.06220548707334,0.9952495082869,0,1,0.957578836941547,0
M26004_20260322_cell#463,1,1,1,1,0.0174802499912976,0.0200798033421942,1.14871373991738,0,16.5892599277612,0,1.03481837498849,1
M26004_20260322_cell#464,1,1,1,1,0.0334681432043469,0.0405210875746375,1.21073605210864,0,29.8799814821562,0,1.026310189082,1
M26004_20260322_cell#465,1,1,1,1,0.0103112578180577,0.0115944111756074,1.12444198178253,0,32.6843743871903,0,0.843853611639636,0
M26004_20260322_cell#466,1,1,1,1,0.0331162104188334,0.0361743476123336,1.09234562635105,7.78125341938107e-10,25.2117005378173,0,0.973025785338002,0
M26004_20260322_cell#467,1,1,1,1,0.0692485370880544,0.0773497315276627,1.11698722861549,0,80.0631946006421,0,0.965815020721353,0
M26004_20260322_cell#468,1,1,1,1,0.0516935287732388,0.0540506061875876,1.04559714668907,6.61803944979056e-13,59.578430960968,0,0.978483565515842,0
M26004_20260322_cell#469,1,1,1,1,0.0589021956326555,0.0666053550796844,1.13077881671967,0,53.3362129508054,0,0.955710811437581,0
M26004_20260322_cell#470,1,1,1,1,0.0299993407054907,0.0315540217806821,1.05182384141218,0,54.9587596977728,0.02571403404701,0.891914923433326,0
M26004_20260322_cell#471,1,1,1,1,0.0601449371317798,0.0880899844122142,1.46462842282478,0,88.1597859577488,0,0.984510156543667,0
M26004_20260322_cell#472,1,0,0,0,0.0527481659877808,0.0516898187462888,0.979935847594452,1,0,0,0.986535989970891,0
M26004_20260322_cell#473,0,1,1,0,0.0124153213931406,0.0132495580326928,1.06719412354585,1.18096829659908e-06,19.2613512095121,0.99999997278828,NaN,0
M26004_20260322_cell#474,1,1,1,1,0.0119398957912257,0.0137867900413482,1.15468261050316,2.76842782476194e-07,17.9201284201137,0,1.02748782627678,0
M26004_20260322_cell#475,1,1,1,1,0.076301679179534,0.0907501615670503,1.18935995305581,0,68.7916288448334,0,1.00129744694478,0
M26004_20260322_cell#476,1,0,0,0,0.0204495281400499,0.0204906323881182,1.0020100340598,1,0,0,0.987786566609428,0
M26004_20260322_cell#477,1,1,1,1,0.0225944358335528,0.0295754976069032,1.30897260833499,0,35.4944212028164,0,1.00389463803025,0
M26004_20260322_cell#478,0,0,1,0,0.00419724237331028,0.00427461586599973,1.01843436375785,1,0,1,0.848420184061808,0
M26004_20260322_cell#479,1,1,1,1,0.0927207705641042,0.116127240483209,1.25244041628108,0,237.448673069489,0,1.00258744882576,0
M26004_20260322_cell#480,0,0,0,0,0.0158878471979073,0.0144721938415288,0.910897093939513,1,0,1,0.960556375944871,0
M26004_20260322_cell#481,0,0,0,0,0.00237655441741152,0.00152765906302252,0.642804158756191,0.999999999968553,NaN,1,0.747910800730114,0
M26004_20260322_cell#482,1,1,1,1,0.0686181353751303,0.0792818732944745,1.15540699060163,0,121.588824232698,0,0.99209820695711,0
M26004_20260322_cell#483,1,1,1,1,0.0459672338055792,0.0663106178025421,1.44256271941458,0,108.763615428955,0,0.934071449153783,0
M26004_20260322_cell#484,1,1,1,1,0.274844842430893,0.28271277685164,1.02862682214139,0,39.8716549173511,0,0.997475121100647,0
M26004_20260322_cell#485,1,1,1,1,0.0514591947923391,0.0574185263815336,1.11580693427565,1.99840144432528e-15,38.4662480799856,0,0.976660883570742,0
M26004_20260322_cell#486,1,1,1,1,0.0651301625157668,0.0684793202390256,1.05142252980634,0,26.8693067828761,0,0.994767400820758,0
M26004_20260322_cell#487,0,0,0,0,0.0320903329849926,0.0309069619322205,0.963123752772353,1,0,0.999998465008683,0.98658185237313,0
M26004_20260322_cell#488,1,0,0,0,0.0530652002466511,0.0527646138667542,0.994335527266461,1,0,0,1.00414421362715,0
M26004_20260322_cell#489,1,0,0,0,0.0265401164487615,0.025964538354093,0.978312902440359,1,0,0,1.00652231868462,0
M26004_20260322_cell#490,0,0,0,0,0.0165758499936175,0.0147846329787667,0.891938150047178,1,0,1,1.0185486312624,0
M26004_20260322_cell#491,1,1,1,1,0.0367040026407598,0.0425207178147129,1.15847631744375,0,32.9979914139727,0,0.983323062660422,0
M26004_20260322_cell#492,0,0,1,0,0.0107819990498532,0.0109482808113133,1.01542216435851,1,0,0.561227032285283,0.989666549787201,0
M26004_20260322_cell#493,1,1,1,1,0.163107289679004,0.183445318214689,1.12469110715843,0,132.562688503607,0,0.955399130873846,0
M26004_20260322_cell#494,1,1,1,1,0.0535129210326409,0.0682284205299167,1.27498965134607,0,76.8952444084597,0,0.956935106088846,0
M26004_20260322_cell#495,1,1,1,1,0.0180813627618758,0.0206002557850733,1.13930880411894,0.000298837835060572,30.5543781140795,0,1.0438823216396,1
M26004_20260322_cell#496,0,0,0,0,-2.35456203893659e-07,-2.35456203893659e-07,1,1,NaN,1,1,0
M26004_20260322_cell#497,1,1,1,1,0.0792803572043571,0.0836220485944413,1.05476377179902,0,38.2998347321614,0,0.960246891591041,0
M26004_20260322_cell#498,1,1,1,1,0.0914654507438104,0.103349094577434,1.12992494692788,0,96.2081026711446,0,0.99077506846467,0
M26004_20260322_cell#499,1,0,1,0,0.0166271045802068,0.0176368297933333,1.06072766357219,0.404756608268647,0,0,0.932835527002189,0
M26004_20260322_cell#500,1,0,1,0,0.0192991047614284,0.0195973014884648,1.01545132433461,0.999999999907897,0,0,1.02209118404952,0
M26004_20260322_cell#501,1,1,1,1,0.0721783769312028,0.0791985099073519,1.09726088718842,0,104.902610221058,0,0.970632108461717,0
M26004_20260322_cell#502,1,1,1,1,0.0774531765213227,0.0816317958158369,1.05395026365851,0,29.5662844894738,0,0.955698157441346,0
M26004_20260322_cell#503,1,1,1,1,0.0638114871075085,0.0751751140576036,1.17808121178793,0,61.9037836570103,0,0.979895302226919,0
M26004_20260322_cell#504,1,1,1,1,0.0216872848720542,0.0262151055156827,1.20877766259542,0,58.3122019236337,0,0.971628855491977,0
M26004_20260322_cell#505,1,1,1,1,0.0443422358437323,0.0567412835797895,1.27962161808333,0,48.2791576117776,0,1.01401530970148,0
M26004_20260322_cell#506,1,0,0,0,0.00850669041640437,0.00859082638395047,1.00989056418273,1,0,0,0.872092692729608,0
M26004_20260322_cell#507,1,0,0,0,0.110608475033126,0.109693354474085,0.991726487877472,1,0,0,0.98611632744373,0
M26004_20260322_cell#508,0,0,1,0,0.0139090753023626,0.0143474902309296,1.03152006291119,1,0,1,0.977819356959199,0
M26004_20260322_cell#509,1,1,1,1,0.119865196833617,0.142871169778634,1.19193204994234,0,108.724489038138,0,1.00087231752886,0
M26004_20260322_cell#510,1,1,1,1,0.0203772030466141,0.0228584994109253,1.12176825046279,8.88178419700125e-16,23.0441188532591,0,1.00736642711738,0
M26004_20260322_cell#511,1,0,0,0,0.0442378413509255,0.0430010062625701,0.972041242280698,1,0,0,1.02426597790544,1
M26004_20260322_cell#512,1,1,1,1,0.0500347232517906,0.0572310002975059,1.14382565902286,0,43.4713333771164,0,0.991197877223291,0
M26004_20260322_cell#513,1,1,1,1,0.0335252481837454,0.0366740875331391,1.0939244157757,0,45.5731784332307,0,0.890775482416167,0
M26004_20260322_cell#514,1,0,0,0,0.111329118933525,0.105459412667343,0.947276091624444,1,0,0,0.991476820508827,0
M26004_20260322_cell#515,1,0,0,0,0.0302546073353082,0.0292035119944377,0.965258338036871,1,0,0,0.970013752813892,0
M26004_20260322_cell#516,1,0,0,0,0.0508954809107155,0.0515906913666071,1.01365957140893,0.948930382479074,0,0,0.994561865694719,0
M26004_20260322_cell#517,1,1,1,1,0.0792446293989598,0.082334885043247,1.03899640477501,0,47.8139616072887,0,1.00204953268219,0
M26004_20260322_cell#518,1,0,1,0,0.0198110092878466,0.0205561117709803,1.03761052616288,0.785945202193576,0,0,0.836758351962938,0
M26004_20260322_cell#519,1,0,0,0,0.0179023973734905,0.0178432951115792,0.996698639814644,1,0,0,1.01023686182994,0
M26004_20260322_cell#520,1,0,0,0,0.0552601323937641,0.0544147570559951,0.984701894455388,1,0,0,0.990181851911652,0
M26004_20260322_cell#521,1,0,1,0,0.0102107937763042,0.0106905189859512,1.04698216614268,0.881693644551941,0,0,0.709732605674235,0
M26004_20260322_cell#522,1,1,1,1,0.0451586794669976,0.0474095060274259,1.04984261247217,0,19.2140983715348,0,0.999135965084887,0
M26004_20260322_cell#523,1,1,1,1,0.04922141380234,0.0554104890413208,1.12573948533528,0,35.6018178123351,0,1.00739413533399,0
M26004_20260322_cell#524,1,0,1,0,0.00953340413270741,0.0101201965860492,1.06155119883449,0.999954054245148,0,0,1.03289958437731,0
M26004_20260322_cell#525,1,1,1,1,0.0785299001771558,0.0831491627366136,1.05882170420486,0,52.5332917912656,0,0.952051299474999,0
M26004_20260322_cell#526,1,0,0,0,0.0357717201949549,0.0350864907543457,0.98084438106765,1,0,0,1.00572913848523,0
M26004_20260322_cell#527,1,1,1,1,0.0623289413981105,0.0775412192495474,1.24406443475868,0,146.370282037505,0,0.993096572410738,0
M26004_20260322_cell#528,1,0,0,0,0.0200965540887965,0.0201477973746865,1.00254985435133,0.999999990398414,0,0.0110770863058358,0.94239370290336,0
M26004_20260322_cell#529,1,1,1,1,0.0297574351783653,0.0408458844151447,1.37262785486436,0,52.9469730874047,0,0.985389934901728,0
M26004_20260322_cell#530,1,1,1,1,0.167244257023963,0.17341214250071,1.03687950538034,0,65.3866541693828,0,0.994777145120478,0
M26004_20260322_cell#531,1,1,1,1,0.0322298448093961,0.0354870569843954,1.10106198755415,0,48.6318086734128,0,0.987933645192171,0
M26004_20260322_cell#532,1,0,0,0,0.0298964773616076,0.0250167963868439,0.836780737886195,1,0,0,0.9543319683052,0
M26004_20260322_cell#533,1,1,1,1,0.100153363886169,0.107215024706978,1.07050847367278,0,54.1866259220688,0,0.976921323592574,0
M26004_20260322_cell#534,1,1,1,1,0.0591390174287647,0.0766774572739913,1.2965629225469,0,72.2438535515094,0,0.948242672732278,0
M26004_20260322_cell#535,1,1,1,1,0.0638148831383357,0.072542689874509,1.13676757375319,0,104.423701454418,0,0.990464054195071,0
M26004_20260322_cell#536,1,1,1,1,0.0437017763124441,0.0468213805131843,1.07138392221032,0,74.1938008524543,0,0.992817253862772,0
M26004_20260322_cell#537,1,0,0,0,0.06767484349702,0.068680944666399,1.01486669369872,0.999999998614008,0,0,0.984715825472901,0
M26004_20260322_cell#538,0,0,0,0,0.0161785061647691,0.0152197997796609,0.940741971147136,1,0,1,0.91531087035131,0
M26004_20260322_cell#539,1,1,1,1,0.144104703930751,0.153782510895555,1.06715816139808,0,34.811827754949,0,0.988600067877605,0
M26004_20260322_cell#540,1,0,0,0,0.00387091916649327,0.00385120018401362,0.994905865601549,1,0,1.07205540000876e-08,0.783066945424838,0
M26004_20260322_cell#541,0,0,1,0,0.000212836998452844,0.00250905948257002,11.7886434257619,1,NaN,1,1,0
M26004_20260322_cell#542,1,1,1,1,0.052217277632143,0.0568811592746925,1.08931682872105,0,52.8877037641924,0,0.960672507183024,0
M26004_20260322_cell#543,1,1,1,1,0.129087569933805,0.181832510861484,1.4085981396561,0,286.925939253194,0,1.0076816598777,0
M26004_20260322_cell#544,1,0,0,0,0.0419582652209142,0.0416813856413713,0.993401071801107,1,0,0,0.968941716723061,0
M26004_20260322_cell#545,1,0,1,0,0.00881885569585308,0.00897875960046422,1.01813204684666,0.999999999992385,0,0,0.820040977079625,0
M26004_20260322_cell#546,1,1,1,1,0.0352698691372888,0.0381637061656884,1.0820484197754,5.76294567622426e-12,19.8287210263734,0,1.01038335542248,0
M26004_20260322_cell#547,1,1,1,1,0.0573945811968365,0.0633297306999853,1.1034095794304,0,25.1253208070518,0,0.960751595302588,0
M26004_20260322_cell#548,1,1,1,1,0.0767288982113597,0.0834589279425656,1.08771179944051,0,36.6912232909712,0,0.96935053242245,0
M26004_20260322_cell#549,1,0,0,0,0.0800230468597822,0.0799609516336707,0.999224033218576,0.999586029425075,0,0,0.965465835247465,0
M26004_20260322_cell#550,0,0,0,0,0.0262109999859556,0.0260855043755322,0.995212101389089,1,0,1,0.962043511389644,0
M26004_20260322_cell#551,1,0,0,0,0.0773875066071315,0.0758895408920606,0.980643313362253,1,0,0,0.974152913811492,0
M26004_20260322_cell#552,1,1,1,1,0.0264732808049639,0.0299074847941665,1.12972339977441,0,31.4226182439763,0,0.967141389670035,0
M26004_20260322_cell#553,1,0,1,0,0.0307296150483403,0.031364011088335,1.02064445125644,0.999999999999947,0,0,0.973801783823078,0
M26004_20260322_cell#554,1,0,0,0,0.233669571792739,0.232928721044471,0.996829494133172,1,0,0,0.993677218505078,0
M26004_20260322_cell#555,1,0,0,0,0.0278308299069473,0.027115151184765,0.974284679092391,1,0,0,1.02361356825944,1
M26004_20260322_cell#556,1,1,1,1,0.0470054613508998,0.0539627505382045,1.14801023088292,0,67.222818861307,0,1.00549453483651,0
M26004_20260322_cell#557,0,0,0,0,0.00858622600928256,0.0075753650910474,0.882269472391908,1,0,1,0.990996285658542,0
M26004_20260322_cell#558,1,1,1,1,0.0899299243662868,0.100891654373007,1.12189190732634,0,45.7111266187518,0,0.980882267065116,0
M26004_20260322_cell#559,0,0,0,0,0.0177997005181337,0.0144023286008338,0.809133197840108,1,0,1,0.994209807919123,0
M26004_20260322_cell#560,0,0,0,0,0.0377528267824292,0.0315431331674314,0.835517121650663,1,0,1,1.00563038560639,0
M26004_20260322_cell#561,1,0,0,0,0.0195205759388135,0.018760622686452,0.961069117287135,1,0,0,1.02345779855528,0
M26004_20260322_cell#562,1,1,1,1,0.159985905729359,0.171408299564923,1.07139625071028,0,26.8859571095947,0,1.00051157316195,0
M26004_20260322_cell#563,1,1,1,1,0.0172760677188354,0.0219353927120315,1.26969823625525,3.30320127261974e-05,37.5624056124838,0,0.928643700104823,0
M26004_20260322_cell#564,1,1,1,1,0.0471875125242757,0.0533308214067416,1.13018929275633,0,53.3016362484034,0,0.992946230309461,0
M26004_20260322_cell#565,1,0,0,0,0.0539881222025948,0.0543877934412434,1.00740294758074,0.999999999785096,0,0,0.878479624208446,0
M26004_20260322_cell#566,1,0,1,0,0.00550628771704688,0.00593702604533329,1.07822662934102,0.982682766217211,0,0,0.984911222650774,0
M26004_20260322_cell#567,1,1,1,1,0.0896539667408592,0.0941077544465987,1.0496775309297,4.88714624324871e-11,71.0366097081062,0,1.00959729534031,0
M26004_20260322_cell#568,1,1,1,1,0.019940569979612,0.0222160747484261,1.11411432928651,2.24769335589459e-05,27.0326723558842,0,1.01909356641128,0
M26004_20260322_cell#569,1,0,1,0,0.0289546616893645,0.0298056189226113,1.02938929980865,0.999639005275003,0,0,0.936176188348351,0
M26004_20260322_cell#570,1,0,0,0,0.0483316406461259,0.0478576063141445,0.990192049646064,1,0,0,0.991769200165583,0
M26004_20260322_cell#571,0,0,0,0,0.0920184758214238,0.0920184758214238,1,1,0,0,1,0
M26004_20260322_cell#572,1,1,1,1,0.0221533181090566,0.028836817921436,1.30169294637841,0.000868710593126543,73.3015065033774,0,0.959396879660188,0
M26004_20260322_cell#573,1,1,1,1,0.0418350166589082,0.0479514840615598,1.14620449305711,0,54.4733175620808,0,0.968157740886896,0
M26004_20260322_cell#574,0,0,0,0,0.00288270591739984,0.00248386764172195,0.861644480184218,0.948641163797402,NaN,1,1.04361921069233,0
M26004_20260322_cell#575,1,1,1,1,0.046696792302653,0.0563535486678805,1.20679699587586,0,34.6299596194185,0,0.982545701346873,0
M26004_20260322_cell#576,1,1,1,1,0.0433909873666068,0.0543431662670277,1.25240676843527,0,50.4315530913241,0,0.960868112448557,0
M26004_20260322_cell#577,1,0,0,0,0.0211583176643122,0.0212806664172002,1.00578253691192,1,0,0,1.04663758238778,1
M26004_20260322_cell#578,1,0,1,0,0.04627118735543,0.0469772390927479,1.01525899328873,1,0,0,0.938765464925898,0
M26004_20260322_cell#579,1,0,0,0,0.0283643360397574,0.0252366218262121,0.889730744651971,1,0,0,1.00609034077038,0
M26004_20260322_cell#580,1,0,0,0,0.0269414736318472,0.0267985579321775,0.994695327300107,0.999999999995303,0,0,0.95892808954202,0
M26004_20260322_cell#581,1,1,1,1,0.0517684505247195,0.0610173198015845,1.17865841421019,0,93.1926248497429,0,0.998242692677045,0
M26004_20260322_cell#582,1,1,1,1,0.0227691512080904,0.0248363174423996,1.09078802347163,0,40.072324603929,0,1.00203669889611,0
M26004_20260322_cell#583,1,1,1,1,0.0714161004534551,0.0733834595684767,1.02754783728781,1.55431223447522e-15,35.902179124337,0,0.988275802950107,0
M26004_20260322_cell#584,1,0,0,0,0.0289702087139137,0.0272511743063869,0.940661994378342,1,0,0,0.968605452177879,0
M26004_20260322_cell#585,1,1,1,1,0.0721638602592079,0.074981604897262,1.03904647877667,0,64.2985234898507,0,0.965508895137052,0
M26004_20260322_cell#586,1,0,0,0,0.0301014387204458,0.0297330092298124,0.987760402615469,1,0,0,1.00021527609615,0
M26004_20260322_cell#587,1,0,0,0,0.0140179568219965,0.0128564578658301,0.917142064930333,1,0,0,1,0
M26004_20260322_cell#588,1,1,1,1,0.0560703004833369,0.0626014837006585,1.11648204416637,0,66.5357805937145,0,0.992239467002333,0
M26004_20260322_cell#589,1,1,1,1,0.0741268420538201,0.0781081850783963,1.05370986965404,0,49.1797402501925,0,0.980317988461338,0
M26004_20260322_cell#590,1,1,1,1,0.0206257815921268,0.0369976522889049,1.7937575904046,0,51.9151730839814,0,0.938917241868833,0
M26004_20260322_cell#591,1,0,1,0,0.0365822793047503,0.0376604993060015,1.02947383328056,0.240043791966031,0,0,0.983809703374855,0
M26004_20260322_cell#592,1,0,0,0,0.0512606189768502,0.0484698806692411,0.945557849996516,1,0,0,0.956699313986464,0
M26004_20260322_cell#593,1,1,1,1,0.0466148154068095,0.0582006585611244,1.24854422468919,0,68.6834764899665,0,0.956321499268042,0
M26004_20260322_cell#594,1,1,1,1,0.234884193378087,0.297784983954218,1.2677949063813,0,84.3991971690455,0,1.00671731079712,0
M26004_20260322_cell#595,1,0,1,0,0.0351377067151466,0.03606794184206,1.0264739851822,0.345765714666156,0,0,1.03072248620504,1
M26004_20260322_cell#596,1,1,1,1,0.038887819327305,0.0435721270322944,1.1204569396284,0,28.7509556210699,0,0.811585576175677,0
M26004_20260322_cell#597,1,1,1,1,0.0247810735951162,0.0257984459481203,1.04105440989468,0.000121323807388718,18.7128397128901,0,1.05527643792658,1
M26004_20260322_cell#598,1,0,0,0,0.0281886780870741,0.0281170566263549,0.997459211797802,1,0,0,0.979081908379572,0
M26004_20260322_cell#599,0,1,1,0,0.00580100338267653,0.00712159876084983,1.2276494756264,0.00017453701844794,11.4287755401358,1,NaN,0
M26004_20260322_cell#600,1,0,0,0,0.0470167127933878,0.0467704922320671,0.994763126839541,1,0,0,0.988974604972833,0
M26004_20260322_cell#601,1,1,1,1,0.0494673500286411,0.0505962673734044,1.02282146393752,1.50226697748224e-09,28.760970607509,0,0.95512412564817,0
M26004_20260322_cell#602,0,1,1,0,0.00517157032294234,0.00836643628645051,1.61777482737399,0,13.4362055014872,1,NaN,0
M26004_20260322_cell#603,1,0,0,0,0.0379467472236884,0.0371930294205463,0.980137485864096,1,0,0,1.0024102019169,0
M26004_20260322_cell#604,1,1,1,1,0.0662142546680155,0.069236350294277,1.04564116354422,0,79.0748791001548,0,0.985438159221634,0
M26004_20260322_cell#605,0,1,1,0,0.0150325089993808,0.0169089219293279,1.12482366915758,0,47.360594137012,0,NaN,0
M26004_20260322_cell#606,1,1,1,1,0.0887476011518696,0.0988775584748933,1.11414344941773,0,40.0489546106072,0,0.958887096365772,0
M26004_20260322_cell#607,1,1,1,1,0.12003411581781,0.128965991488828,1.07441114228371,0,47.5925124438406,0,0.994443034791807,0
M26004_20260322_cell#608,1,0,0,0,0.016226265571858,0.0155598560600501,0.958930198149612,1,0,0.00659973543048986,0.985860326237239,0
M26004_20260322_cell#609,1,1,1,1,0.0444896440925077,0.0644256947128846,1.44810541929541,0,83.1216996139016,0,0.996296783016101,0
M26004_20260322_cell#610,1,0,0,0,0.026142026991824,0.0263503517767032,1.00796896066798,1,0,0,0.980145511068049,0
M26004_20260322_cell#611,1,0,0,0,0.0390863109685901,0.0392063474506238,1.0030710619411,1,0,0,1.00949136262589,0
M26004_20260322_cell#612,1,0,0,0,0.0276357827571554,0.0272387670853444,0.985633999394926,1,0,0,0.989145190486658,0
M26004_20260322_cell#613,1,0,0,0,0.085394184765806,0.0831755886344989,0.974019353456075,1,0,0,0.993670710351798,0
M26004_20260322_cell#614,1,1,1,1,0.0187029631095988,0.0206341771689824,1.1032571174988,0.000116141247788693,16.1022284451554,0,1.00001285915723,0
M26004_20260322_cell#615,0,0,1,0,0.00570240016788552,0.00653416773204707,1.14586271388771,0.99728992708446,0,1,0.78680504216099,0
M26004_20260322_cell#616,1,0,0,0,0.028346565328567,0.0276404038792775,0.97508828878898,1,0,0,0.927156555137963,0
M26004_20260322_cell#617,1,0,0,0,0.0241032407443603,0.024077366691245,0.998926532187529,1,0,4.58244553414033e-12,0.928085994351742,0
M26004_20260322_cell#618,1,1,1,1,0.0714055266177965,0.0862386351688115,1.20773053926778,0,67.7242621850519,0,0.980885712727251,0
M26004_20260322_cell#619,1,1,1,1,0.0277685569576685,0.0295411850082922,1.0638358000859,2.0807289003999e-06,17.6966422827993,0,1.0012737306068,0
M26004_20260322_cell#620,1,1,1,1,0.0579276503568323,0.0634647302833104,1.09558613015322,0,26.6430756230625,0,0.975573878367528,0
M26004_20260322_cell#621,1,1,1,1,0.091592993964557,0.0942278036638573,1.02876649823588,0,18.5530510659281,0,0.998646907141483,0
M26004_20260322_cell#622,1,0,1,0,0.0242753338300473,0.0250852085336763,1.03336204186929,0.999999918185332,0,1.36557987140407e-10,0.858990730937082,0
M26004_20260322_cell#623,1,1,1,1,0.0760895016112704,0.0800319239532149,1.05181296050651,0,35.3815180689301,0,1.00710153949711,0
M26004_20260322_cell#624,0,0,0,0,0.0259098597045986,0.0252163076010864,0.973232116598876,1,0,1,0.975500220619445,0
M26004_20260322_cell#625,1,0,1,0,0.0130578678775282,0.0143039838975202,1.09543028246874,0.164283369243379,0,0,0.956637428923821,0
M26004_20260322_cell#626,1,0,0,0,0.0138046158211416,0.0133558094158029,0.967488671097146,1,0,0,0.983908726883874,0
M26004_20260322_cell#627,1,1,1,1,0.0486610413242563,0.0619957814416103,1.27403318454484,0,25.8409067353924,0,0.98856546872957,0
M26004_20260322_cell#628,1,1,1,1,0.0911632390375719,0.104834283246914,1.14996224743296,0,84.1489432392922,0,0.981480428488507,0
M26004_20260322_cell#629,1,1,1,1,0.0138960095103428,0.0215343924772043,1.54968176016116,0,43.0810501530617,0,0.940448538048373,0
M26004_20260322_cell#630,1,0,1,0,0.0257541762205932,0.0265440989504164,1.03067163643897,1,0,0,0.95025345360801,0
M26004_20260322_cell#631,0,0,0,0,0.00934254672860872,0.00940376615318604,1.00655275551257,1,0,0.630437299809561,0.906976891310923,0
M26004_20260322_cell#632,0,0,1,0,0.00940300706786888,0.00984827947110974,1.04735425593398,1,0,1,0.961281790028274,0
M26004_20260322_cell#633,1,0,0,0,0.0274706225803129,0.0276156827368699,1.00528055584226,1,0,0,0.982558035791307,0
M26004_20260322_cell#634,1,0,0,0,0.0124030610089191,0.0124690648255769,1.00532157477983,1,0,0,1.0545491388953,1
M26004_20260322_cell#635,1,0,0,0,0.0352774218393725,0.0350377287350725,0.993205481245444,1,0,0,1.01181435001456,0
M26004_20260322_cell#636,1,0,0,0,0.0292220189301849,0.0289706601899364,0.991398310265659,1,0,0,0.972947966173151,0
M26004_20260322_cell#637,1,1,1,1,0.0434835131358621,0.0550853202179636,1.26680933175413,1.1036649372187e-10,24.4232342660761,0,0.991636780928607,0
M26004_20260322_cell#638,0,0,0,0,0.0162569463768557,0.0160079109229629,0.984681289578012,1,0,1,0.963194535273003,0
M26004_20260322_cell#639,1,1,1,1,0.0218141388432129,0.0267020852776513,1.2240723995373,0,30.0597550266534,0,0.989941245655709,0
M26004_20260322_cell#640,1,1,1,1,0.0335592887443759,0.0357523977872355,1.0653502837788,2.38661312934596e-11,30.8602074710612,0,0.991799908372022,0
M26004_20260322_cell#641,0,0,0,0,0.016141130164249,0.0157901881525872,0.978257903375369,1,0,1,1.00747465271115,0
M26004_20260322_cell#642,0,0,0,0,0.0179717149128756,0.0175043168681356,0.973992574052847,0.999999999999557,0,1,0.880482771856737,0
M26004_20260322_cell#643,1,1,1,1,0.0322023633982833,0.0441982764784441,1.37251654270818,0,33.8671825722097,0,0.943922870510584,0
M26005_20260318_cell#1,1,1,1,1,0.0223766980219761,0.0285165042240914,1.27438392367298,0,32.4214698800923,0,0.940006758685379,0
M26005_20260318_cell#2,1,1,1,1,0.0347509691147126,0.0370151882104421,1.06515556697873,0,22.7358396758494,0,0.88844686697593,0
M26005_20260318_cell#3,1,0,0,0,0.0116358415106049,0.0105829016798745,0.909508922945473,1,0,0,0.927898496604711,0
M26005_20260318_cell#4,1,1,1,1,0.0566220975250422,0.060853045661098,1.07472256099634,0,26.4796902310582,0,0.981155890664173,0
M26005_20260318_cell#5,1,1,1,1,0.0224263076663558,0.023070651960944,1.02873162645293,0,31.619843568653,0,0.9103570487936,0
M26005_20260318_cell#6,1,0,0,0,0.0176693454300873,0.0166222690956872,0.9407405136459,1,0,0,0.786801698458689,0
M26005_20260318_cell#7,1,1,1,1,0.0733306025729266,0.0879694516044271,1.19962810229116,0,65.956282140767,0,0.999078404433691,0
M26005_20260318_cell#8,1,0,0,0,0.0414847532339808,0.0400491127870897,0.965393540156939,1,0,0,1.00614659468829,0
M26005_20260318_cell#9,1,0,0,0,0.0141326792572313,0.0136394392569212,0.96509932820716,1,0,0,0.875299637315286,0
M26005_20260318_cell#10,0,0,0,0,0.0142520451811964,0.0134377047588191,0.942861504294712,1,0,1,0.884973585908036,0
M26005_20260318_cell#11,1,0,0,0,0.0373546108012894,0.0363077377309694,0.97197472954841,1,0,2.97828428585944e-12,0.97204693221839,0
M26005_20260318_cell#12,1,1,1,1,0.0365509489960838,0.046606165683983,1.2751013848909,0,48.1000894509724,0,0.917027141890759,0
M26005_20260318_cell#13,0,0,0,0,0.060624704187287,0.0582844239327086,0.961397250742064,1,0,1,0.970143661317819,0
M26005_20260318_cell#14,1,1,1,1,0.057493619728524,0.0652360012154068,1.1346650554173,0,38.7045050613984,0,0.975072604264438,0
M26005_20260318_cell#15,1,1,1,1,0.0634194107003174,0.0679222643070923,1.07100118965237,0,41.5394675140299,0,0.99550482092135,0
M26005_20260318_cell#16,1,1,1,1,0.063139348488128,0.0833763338996392,1.32051305400018,0,77.9505518084645,0,0.969561236592619,0
M26005_20260318_cell#17,1,0,0,0,0.0197037566014159,0.0179795115824881,0.912491559157615,1,0,0,0.919861308868598,0
M26005_20260318_cell#18,1,1,1,1,0.0519832900819109,0.0585055061525994,1.12546755044576,0,37.2500105184439,0,0.97796182141665,0
M26005_20260318_cell#19,1,1,1,1,0.0264288850327756,0.030090302156853,1.13853846348557,0,21.1293724685483,0,0.887464192630483,0
M26005_20260318_cell#20,1,0,0,0,0.0384380193013981,0.0389967636943457,1.0145362431026,1,0,0,0.973621650522635,0
M26005_20260318_cell#21,1,1,1,1,0.0320922005294981,0.0366716989639014,1.14269817459834,0,41.6432131857855,0,0.947626023503984,0
M26005_20260318_cell#22,1,0,0,0,0.0370479189690395,0.0371767200451523,1.00347660758545,1,0,0,0.9706196690419,0
M26005_20260318_cell#23,1,1,1,1,0.117175461684767,0.142276090918034,1.21421404168045,0,56.4982718818095,0,0.994400564750924,0
M26005_20260318_cell#24,1,1,1,1,0.119044423909513,0.130675424689797,1.09770302882162,0,80.4203774048461,0,0.997242035046937,0
M26005_20260318_cell#25,1,1,1,1,0.0153964257253646,0.0186938715734899,1.2141695681156,0,44.6636441854324,0,1.03004855854361,1
M26005_20260318_cell#26,1,0,0,0,0.156357583722986,0.156958622077688,1.00384399873924,0.302191519176361,0,0,0.988057412902801,0
M26005_20260318_cell#27,1,1,1,1,0.0358841773063209,0.0439255995811478,1.22409381734413,0,46.6134001388427,0,0.979702489317189,0
M26005_20260318_cell#28,0,0,0,0,0.0194575949844336,0.0184566252257016,0.948556347301262,1,0,1,0.969492575224656,0
M26005_20260318_cell#29,1,1,1,1,0.0283017457174633,0.0305947657919999,1.08102044649216,0,22.6939602138477,0,0.966368717908675,0
M26005_20260318_cell#30,1,1,1,1,0.037468836124666,0.0390501012728762,1.04220214214685,0.00445242065924245,10.8603492053976,0,0.926169121888256,0
M26005_20260318_cell#31,1,0,0,0,0.0115753778103948,0.0102965795805952,0.88952427724206,1,0,0,0.929760641161901,0
M26005_20260318_cell#32,1,1,1,1,0.0409832183194762,0.0452964060159833,1.1052427767601,0,51.6849028409339,9.38254993698706e-08,0.91175796948886,0
M26005_20260318_cell#33,1,1,1,1,0.0790758397042951,0.0821350291995046,1.03868677849833,0.00245972303531217,31.3363813616379,0,0.99286639735838,0
M26005_20260318_cell#34,1,0,0,0,0.0148902061311965,0.0148679051497863,0.998502305393643,0.999999999908613,0,0,0.919829556713257,0
M26005_20260318_cell#35,1,1,1,1,0.0763465552289295,0.0860202465142153,1.1267076327973,0,54.403548705465,0,0.931893544194819,0
M26005_20260318_cell#36,0,0,0,0,0.022776875086744,0.0211948407346698,0.930542080682745,1,0,1,0.966286818198553,0
M26005_20260318_cell#37,0,0,0,0,0.049242779463184,0.0382074053344352,0.775898634296235,1,0,0.999796636931407,1.02687601881793,1
M26005_20260318_cell#38,1,0,1,0,0.0139535779547383,0.0145688416203068,1.04409361294747,1,0,0.00669002562415377,1.24558918221687,1
M26005_20260318_cell#39,1,1,1,1,0.0453221743305125,0.057653791607876,1.27208794501859,0,70.2501547152689,0,0.964291658087997,0
M26005_20260318_cell#40,1,0,0,0,0.0184292091763226,0.0176040204554278,0.955223867014602,1,0,0.0123795947277737,0.945373200844569,0
M26005_20260318_cell#41,1,1,1,1,0.0934199401177117,0.101721545468945,1.08886331270147,0,66.6948467882937,0,0.95360540559404,0
M26005_20260318_cell#42,1,0,1,0,0.0234395547831143,0.0247331207998162,1.05518731173315,1,0,0,1.07042126750703,1
M26005_20260318_cell#43,1,1,1,1,0.0237170821518619,0.0258829983141559,1.09132304507045,0,42.1036299335021,0,0.944112672822174,0
M26005_20260318_cell#44,0,0,0,0,0.00523839865042863,0.00524430509471521,1.0011275285981,1,0,1,0.993993836233707,0
M26005_20260318_cell#45,0,0,0,0,0.0131693396361297,0.0112179690085055,0.851824716991068,1,0,1,0.841111563313633,0
M26005_20260318_cell#46,0,0,0,0,0.0351231827953744,0.0313903206698693,0.893720846790779,1,0,1,0.968969649390268,0
M26005_20260318_cell#47,1,1,1,1,0.051494546003362,0.0677209435969203,1.31510905237419,0,35.0798641814738,0,0.982611772367567,0
M26005_20260318_cell#48,1,1,1,1,0.0426120038213653,0.0468975885572509,1.10057224142407,0,33.8613018591564,0,0.994212148741892,0
M26005_20260318_cell#49,1,1,1,1,0.0571656234275666,0.0711803210954826,1.24515953518243,0,104.46211008874,0,1.03044888867677,1
M26005_20260318_cell#50,1,1,1,1,0.038289538727895,0.0471192652496232,1.23060414972551,0,62.3568665147823,0,0.95641392501887,0
M26005_20260318_cell#51,1,0,0,0,0.049173100186229,0.0463971997289771,0.943548394412005,1,0,0,1.06169336341328,1
M26005_20260318_cell#52,1,0,0,0,0.0235179577403106,0.0234270602507444,0.996134975214692,0.999999999749518,0,0,0.990284399252695,0
M26005_20260318_cell#53,1,0,0,0,0.0405672376843372,0.0396220334917896,0.97670030678691,1,0,0,0.993153103576158,0
M26005_20260318_cell#54,1,0,0,0,0.0127244607069371,0.0121235644412214,0.952776288162212,1,0,0,0.936786135480469,0
M26005_20260318_cell#55,1,0,0,0,0.0289555352208114,0.0289279795799157,0.999048346346025,0.999999999999998,0,0,0.958242266646039,0
M26005_20260318_cell#56,1,1,1,1,0.0401369920578572,0.0501222402555509,1.24877918562757,0,33.518540898241,0,0.972353321682204,0
M26005_20260318_cell#57,1,0,0,0,0.024461264328469,0.0232099860815927,0.948846542432396,1,0,0,0.849234832042283,0
M26005_20260318_cell#58,0,0,0,0,0.0127567875283669,0.0125347179668804,0.982592046705122,1,0,1,0.773129145089994,0
M26005_20260318_cell#59,1,1,1,1,0.0431929684017678,0.0456490509969113,1.05686301928355,0,29.5789742090585,0,0.950982574003654,0
M26005_20260318_cell#60,1,1,1,1,0.0342967632349463,0.0417209887145845,1.21647014993162,0,69.5908968247453,0,0.946552017486254,0
M26005_20260318_cell#61,1,1,1,1,0.0180897731173164,0.0201592716028365,1.11440157220872,0,20.8138048321092,0,0.881391694577919,0
M26005_20260318_cell#62,1,1,1,1,0.0838947601541806,0.123386687181918,1.47073174719326,0,140.37687016552,0,1.01246013530229,0
M26005_20260318_cell#63,1,0,0,0,0.0307247767808981,0.0310235908542969,1.0097255083586,1,0,7.23949856706874e-06,0.950839350798593,0
M26005_20260318_cell#64,0,0,0,0,0.0269586610661565,0.0263978391894021,0.979196968448167,1,0,1,0.966231636982656,0
M26005_20260318_cell#65,1,0,0,0,0.049997258412411,0.0461068230903823,0.922187026937802,1,0,5.69091707092184e-09,0.965167059436229,0
M26005_20260318_cell#66,1,0,0,0,0.0420065002458545,0.0405718249515246,0.965846350304521,1,0,0,0.976940652423587,0
M26005_20260318_cell#67,1,1,1,1,0.0410497622764098,0.0472854474762624,1.15190551306642,0,59.474024652524,0,0.971218706863594,0
M26005_20260318_cell#68,1,1,1,1,0.0396025020642089,0.0577369772920643,1.45791236115469,0,32.9139985463665,0,0.985988342271653,0
M26005_20260318_cell#69,1,0,0,0,0.0153547168975968,0.0136831936428635,0.891139428627638,1,0,0,0.922062711958741,0
M26005_20260318_cell#70,1,0,0,0,0.0288120598620654,0.025583663756386,0.887949833467824,1,0,0,1.00171602845711,0
M26005_20260318_cell#71,0,0,0,0,0.00922446597707582,0.00787176592775042,0.853357359365077,1,0,0.962244413555743,0.895188917622881,0
M26005_20260318_cell#72,1,0,0,0,0.0264002158381451,0.0230841777167482,0.87439352232092,1,0,0,0.965391240269329,0
M26005_20260318_cell#73,1,0,0,0,0.018641116854471,0.0186849129588968,1.00234943564636,1,0,0,0.995512180482595,0
M26005_20260318_cell#74,1,0,0,0,0.0298636437058013,0.0299923221308274,1.00430886553208,0.999999342497587,0,0,0.989250343217427,0
M26005_20260318_cell#75,1,1,1,1,0.0519621551033668,0.0558624617451822,1.07506052499279,0,37.7638499233495,0,0.997559462335411,0
M26005_20260318_cell#76,1,1,1,1,0.0277524209323705,0.031098955973292,1.12058533736846,0,21.9439387265501,0,0.96235464707789,0
M26005_20260318_cell#77,0,0,1,0,0.00525040826951535,0.00539973695466415,1.0284413473169,1,0,0.0513973715472194,0.832719289805591,0
M26005_20260318_cell#78,1,0,0,0,0.0172163425621764,0.0169902702063673,0.986868735040981,1,0,0.00249214364323935,0.888304556298839,0
M26005_20260318_cell#79,1,1,1,1,0.0295931411810507,0.031135235587987,1.05210985875077,0.0145404316253042,24.3341902210521,7.45159489667913e-12,0.988601412250692,0
M26005_20260318_cell#80,1,1,1,1,0.0335345128134412,0.039541443769435,1.17912682940741,0,49.2161277514116,0,0.948350349948101,0
M26005_20260318_cell#81,0,0,0,0,0.00414025335667826,0.00310128788489237,0.749057513567369,1,0,1,0.70257076425776,0
M26005_20260318_cell#82,1,1,1,1,0.0316927553751679,0.0402061138943149,1.2686215956413,0,39.627717831442,0,0.951057525080911,0
M26005_20260318_cell#83,1,1,1,1,0.0175395663986062,0.0206807791273647,1.17909295232111,0,15.3756675868561,0,0.9225038853138,0
M26005_20260318_cell#84,1,0,0,0,0.0257595087592316,0.0254281247765888,0.987135469634136,1,0,0,1.02882177250092,1
M26005_20260318_cell#85,1,1,1,1,0.0262990349128821,0.0396297030413237,1.50688811101247,0,103.411213926436,0,0.910175227912696,0
M26005_20260318_cell#86,1,0,0,0,0.0519195152380515,0.0517401796332621,0.996545892156983,1,0,2.370275213881e-07,0.97886599922317,0
M26005_20260318_cell#87,1,1,1,1,0.0223972401306827,0.0238201136794676,1.06352896787652,0.00352937549742971,18.8416494864409,0,0.945098952691329,0
M26005_20260318_cell#88,1,0,1,0,0.0167357034158604,0.0170664893250738,1.01976528270093,0.999999863003024,0,0,0.869091200627169,0
M26005_20260318_cell#89,0,0,0,0,0.0382920088452264,0.0356956182429308,0.932194975385335,0.761732736232445,0,1,0.922357226060496,0
M26005_20260318_cell#90,1,0,0,0,0.0102806529195477,0.0102151581947842,0.993629322449065,1,0,0.00353335547384326,0.624105400112274,0
M26005_20260318_cell#91,1,0,0,0,0.0317987499336889,0.0277162945566694,0.871615853279365,1,0,0,0.97724282531611,0
M26005_20260318_cell#92,1,0,0,0,0.0578363129714869,0.0565984470617224,0.978597081207877,1,0,0,0.994920364436607,0
M26005_20260318_cell#93,0,0,0,0,0.0336696217260896,0.032684136232408,0.970730722735799,1,0,0.999999999998578,0.964290995989343,0
M26005_20260318_cell#94,1,0,0,0,0.0169667036414834,0.0168823399986425,0.995027693969107,1,0,0,1.00760477111248,0
M26005_20260318_cell#95,1,1,1,1,0.0273184872795955,0.0297054865016306,1.08737669833637,0,35.9880218891752,0,0.973844945513199,0
M26005_20260318_cell#96,1,0,0,0,0.0211962233910397,0.0198807295135272,0.93793734604304,1,0,0,0.972860485066944,0
M26005_20260318_cell#97,1,1,1,1,0.0146774700397092,0.0189066490037404,1.28814086845957,0.00875225860358742,39.8032580867855,0,1.00637909305497,0
M26005_20260318_cell#98,1,0,0,0,0.0249548151839141,0.0248952722789401,0.997613971310342,1,0,0,0.977976258827925,0
M26005_20260318_cell#99,1,0,0,0,0.0306434548182828,0.0303195362244451,0.98942943621212,1,0,0,0.997517479395016,0
M26005_20260318_cell#100,0,0,0,0,0.0230664971592422,0.0229613512872565,0.995441619450939,1,0,0.918397467843087,0.881713171683171,0
M26005_20260318_cell#101,0,0,0,0,0.0385593211885788,0.0359390548226758,0.932045837812125,1,0,0.112869767775458,0.987940089396366,0
M26005_20260318_cell#102,1,0,0,0,0.0252130416511021,0.0248597165510377,0.985986415088121,1,0,3.7595048743011e-06,0.960961697366188,0
M26005_20260318_cell#103,1,1,1,1,0.048569313974672,0.0511504441052166,1.05314322808617,0,50.5800389528531,0,0.98653714163818,0
M26005_20260318_cell#104,1,1,1,1,0.039754333907998,0.0428334393021661,1.07745332625353,0,58.4985002437421,0,0.985301851421841,0
M26005_20260318_cell#105,1,0,0,0,0.0107707221691497,0.0107951684068041,1.00226969345886,0.99999979096061,0,0,0.953849624146809,0
M26005_20260318_cell#106,1,0,0,0,0.0297368861892754,0.0291215275410465,0.979306554011332,1,0,0,0.9450178523621,0
M26005_20260318_cell#107,1,1,1,1,0.0331527651247001,0.0350182833876504,1.05627036706994,0.000970625422109017,17.1383911549186,0,0.946708746958749,0
M26005_20260318_cell#108,0,0,0,0,0.0175614446864438,0.0166720658699766,0.949356170158731,1,0,1,1.01468983270522,0
M26005_20260318_cell#109,1,1,1,1,0.0477386835729409,0.061702906134948,1.2925137753468,0,69.1247119826432,0,0.98890796230828,0
M26005_20260318_cell#110,1,1,1,1,0.0371624803278554,0.0381271416229297,1.02595793624548,0.000552687531305884,24.551920574411,0,0.987688193725219,0
M26005_20260318_cell#111,0,0,0,0,0.0338623307127099,0.0324896521538209,0.959462962826306,1,0,1,0.948465094526828,0
M26005_20260318_cell#112,1,1,1,1,0.0743951923711786,0.0831634568549536,1.11786063325205,0,36.4225566459497,0,0.946467863330377,0
M26005_20260318_cell#113,1,0,0,0,0.0203270184993526,0.0206069799644763,1.01377287402639,1,0,0,1.04679091592324,1
M26005_20260318_cell#114,1,0,0,0,0.0126573061500781,0.012473764332559,0.985499140548322,1,0,0,1.01365925217245,0
M26005_20260318_cell#115,1,0,0,0,0.022952253487055,0.0224644981122553,0.978749129139984,1,0,0,0.866264733218419,0
M26005_20260318_cell#116,1,0,0,0,0.0329138583903151,0.03004195784627,0.912744944394298,1,0,0,0.955195873275035,0
M26005_20260318_cell#117,1,1,1,1,0.0305341408679109,0.0341580062863398,1.11868240976897,0,26.9911105205476,0,1.00782839707036,0
M26005_20260318_cell#118,0,0,0,0,0.0133693183450184,0.0107128889197797,0.801304048816483,1,0,1,0.983743521174022,0
M26005_20260318_cell#119,1,0,0,0,0.0386419455957666,0.0375148182156459,0.970831505434235,1,0,0,1.00366595943188,0
M26005_20260318_cell#120,0,0,0,0,0.028631184393793,0.0261363582424219,0.912863327026319,1,0,1,0.939047482307346,0
M26005_20260318_cell#121,0,0,0,0,0.0016593602432165,0.00151247912564435,0.911483285095806,1,0,1,0.735122000614996,0
M26005_20260318_cell#122,1,0,0,0,0.0209023846836323,0.0210043408179319,1.00487772739057,1,0,0,1.01265198951061,0
M26005_20260318_cell#123,1,0,0,0,0.0525158978038816,0.051307066249604,0.976981607383122,1,0,0,0.976773803118056,0
M26005_20260318_cell#124,1,0,0,0,0.029387100238382,0.025269541001453,0.859885487049481,1,0,0,1.03641015484609,1
M26005_20260318_cell#125,1,0,0,0,0.0529247440791369,0.0513484939186227,0.970217141566953,1,0,0,0.978150039986209,0
M26005_20260318_cell#126,1,0,1,0,0.0270152259979309,0.0278418878199824,1.03059984847489,1,0,0,0.939709358776245,0
M26005_20260318_cell#127,1,0,0,0,0.0635188484745901,0.0622816732714566,0.980522707309022,1,0,0,0.974945113236997,0
M26005_20260318_cell#128,1,0,1,0,0.0171832305669848,0.0175896683116445,1.02365316248742,0.917993703578116,0,0,0.92992242040328,0
M26005_20260318_cell#129,1,0,1,0,0.00343956280033273,0.00369090866103762,1.0730749444902,0.890767966416576,0,0,0.759129120499283,0
M26005_20260318_cell#130,0,0,0,0,8.38434627340301e-08,8.38434627340301e-08,1,1,NaN,1,2.73693603238681e-05,0
M26005_20260318_cell#131,1,0,0,0,0.00788182807649702,0.00684981756933573,0.869064575229869,1,0,0,0.909062904533847,0
M26005_20260318_cell#132,1,1,1,1,0.0543736806391408,0.0768720215669915,1.41377263160029,0,114.861838676084,0,0.929392202826494,0
M26005_20260318_cell#133,1,0,0,0,0.00917916343759786,0.00896282419925439,0.976431486396968,1,0,0,0.76383870211954,0
M26005_20260318_cell#134,1,1,1,1,0.00594837226636137,0.00803272368964292,1.35040702396331,0,16.6859996802408,0,0.95780372960871,0
M26005_20260318_cell#135,0,0,0,0,1.46195611286842e-08,1.46195611286842e-08,1,1,NaN,1,2.60478084842005e-06,0
M26005_20260318_cell#136,1,1,1,1,0.018484389916581,0.02546461281729,1.3776279840563,0,82.2764708853925,0,0.840690083334154,0
M26005_20260318_cell#137,1,0,0,0,0.0118799640991209,0.011293231082682,0.950611549703059,1,0,2.29320552285195e-05,0.859702608404791,0
M26005_20260318_cell#138,1,1,1,1,0.068524984253088,0.0829855404905985,1.21102604247383,0,97.2750447628215,0,0.977257827540735,0
M26005_20260318_cell#139,0,0,0,0,0.0122057302636578,0.0111538145335329,0.913817878373328,1,0,1,0.921727350551326,0
M26005_20260318_cell#140,1,1,1,1,0.0967650587840395,0.102357144561514,1.05779034134579,0,49.4052883107741,0,0.965531032587676,0
M26005_20260318_cell#141,0,1,1,0,0.0178690954708186,0.0224441684624279,1.25603271296416,0,33.0836376719743,1,NaN,0
M26005_20260318_cell#142,1,1,1,1,0.0224788950120632,0.0242948217857611,1.08078363161193,0,26.5447906773816,0,0.913002862513753,0
M26005_20260318_cell#143,1,0,0,0,0.0357545061672984,0.0346965542565838,0.970410669196092,1,0,0,0.974753635420567,0
M26005_20260318_cell#144,1,1,1,1,0.0479049458555211,0.0534156901239749,1.11503497540888,0,52.4726233716024,0,0.977373320598282,0
M26005_20260318_cell#145,1,0,0,0,0.0427194147047214,0.0406068747846764,0.950548481652966,1,0,0,0.887639206345213,0
M26005_20260318_cell#146,0,0,0,0,0.0150758273894478,0.0146470596732938,0.971559258070698,1,0,1,0.741479719524002,0
M26005_20260318_cell#147,1,1,1,1,0.010005313811824,0.0109258414643338,1.09200387612251,0.00106076240116304,11.2966130308626,0,0.929965837691423,0
M26005_20260318_cell#148,1,0,0,0,0.00386266359274986,0.00306558591944915,0.793645588293836,1,0,2.13086415179475e-08,0.811078775902797,0
M26005_20260318_cell#149,1,0,0,0,0.0268373683457252,0.027022790467296,1.0069091022332,1,0,0,1.03345000109262,1
M26005_20260318_cell#150,1,0,0,0,0.0161924008176528,0.0163261561351364,1.00826037590039,0.804613628377328,0,0,0.928823032645486,0
M26005_20260318_cell#151,1,1,1,1,0.0274498307557276,0.0309597168240418,1.12786549030295,0,71.2928215784627,0,1.01841681990409,1
M26005_20260318_cell#152,1,1,1,1,0.0259092319771751,0.0293306478629337,1.13205392922387,0,72.773206085145,0,0.859781660395186,0
M26005_20260318_cell#153,1,1,1,1,0.0212211784031185,0.0236073574946658,1.11244328878535,0,25.7720664515318,0,0.894549062724656,0
M26005_20260318_cell#154,1,1,1,1,0.0062370480837969,0.00705234716766314,1.13071874273092,0,15.1442164165315,0,0.771210796229997,0
M26005_20260318_cell#155,0,0,0,0,0.0520325498918654,0.0491805564997507,0.945188283141193,1,0,1,0.952271742272986,0
M26005_20260318_cell#156,0,0,0,0,0.0244876596611784,0.0244785539182259,0.999628149726088,0.0590133572029831,0,1,0.936641758535455,0
M26005_20260318_cell#157,0,0,0,0,0.0313226703297723,0.0314061647587519,1.00266562295298,1,0,0.999996053628222,0.974690598689535,0
M26005_20260318_cell#158,1,0,0,0,0.0283725884675573,0.0273871753427227,0.965268832416846,1,0,0,1.01820865265312,1
M26005_20260318_cell#159,0,0,0,0,0.0237955869631322,0.0210145065219269,0.883126209682737,1,0,1,1.02577048318929,1
M26005_20260318_cell#160,0,0,0,0,0.0136169173314157,0.0131093383120524,0.962724381223029,1,0,1,0.881619879086761,0
M26005_20260318_cell#161,1,1,1,1,0.0533750796326624,0.0561493734965171,1.05197732505409,0,30.7912662351643,0,0.980774098597492,0
M26005_20260318_cell#162,1,0,0,0,0.0213923569333889,0.02042475090925,0.954768610716817,1,0,1.11022302462516e-16,0.960402833110327,0
M26005_20260318_cell#163,1,1,1,1,0.0575078253085123,0.0600245748154633,1.04376360075258,0,20.6189213889424,0,0.984418203237172,0
M26005_20260318_cell#164,1,1,1,1,0.0515278769874545,0.0571651173925505,1.10940175948775,0,37.036991794427,0,0.979326750039494,0
M26005_20260318_cell#165,1,0,1,0,0.00828324737272272,0.00842033288105343,1.01654973009525,1,0,1.9336792833613e-08,0.892749212498398,0
M26005_20260318_cell#166,1,1,1,1,0.0629590006246868,0.0675559823399252,1.0730154810214,0,64.3724710071707,0,0.959419620894019,0
M26005_20260318_cell#167,1,1,1,1,0.0350661627159802,0.059251545336063,1.68970713493727,0,89.4419002165336,0,0.97735372771037,0
M26005_20260318_cell#168,1,0,0,0,0.0332722155884944,0.032888982588871,0.988481891186233,1,0,0,0.958336802370334,0
M26005_20260318_cell#169,1,1,1,1,0.0351247336802853,0.0457176062429478,1.30157872965192,0,94.8493636589881,0,1.01163424178452,0
M26005_20260318_cell#170,1,1,1,1,0.00985592387235535,0.01155619028502,1.17251212922146,0,27.7532287575375,0,0.771925605013433,0
M26005_20260318_cell#171,0,0,0,0,0.0105204607006626,0.00976958760639394,0.928627356193497,1,0,1,0.853675515132439,0
M26005_20260318_cell#172,1,1,1,1,0.0703246925388631,0.0812458364649953,1.15529600673472,0,45.4043453226349,0,0.974004960073765,0
M26005_20260318_cell#173,0,0,0,0,0.0225629621441319,0.0201414255129212,0.892676475023889,1,0,1,0.986106522360562,0
M26005_20260318_cell#174,1,0,0,0,0.0211457119681044,0.0186984966196578,0.884268954758397,1,0,0,1.00829591109722,0
M26005_20260318_cell#175,1,0,0,0,0.0401061286557724,0.040298073490406,1.00478592277706,1,0,0,0.95052457783706,0
M26005_20260318_cell#176,1,0,0,0,0.0159206339035433,0.0157685501260845,0.990447379270187,0.999913662053206,0,0,0.954146019632555,0
M26005_20260318_cell#177,1,1,1,1,0.0443014839732296,0.0483063315620005,1.09039985186932,0,38.9218244567215,0,0.993097757056937,0
M26005_20260318_cell#178,1,1,1,1,0.148869266688215,0.155711162511382,1.04595908863779,0,74.9167945098004,0,0.987301937552829,0
M26005_20260318_cell#179,1,1,1,1,0.0438036012799509,0.0496204330338221,1.13279345953077,0,22.5500786575034,0,0.986116112055189,0
M26005_20260318_cell#180,1,0,0,0,0.0092472572721187,0.00881524909883903,0.953282561459362,1,0,0,0.858883398616875,0
M26005_20260318_cell#181,1,0,0,0,0.0180251953010074,0.0175071456064335,0.971259690343274,1,0,0,0.916190202366112,0
M26005_20260318_cell#182,0,0,0,0,0.00686159869846213,0.00566013865226433,0.824900857803432,1,0,1,1.00226996245684,0
M26005_20260318_cell#183,1,1,1,1,0.0296700816292244,0.0317202953267271,1.06910037266238,0,31.4493472304648,0,1.01529048057195,1
M26005_20260318_cell#184,0,0,0,0,0.043298755908573,0.0403890290854002,0.932798835391095,1,0,1,0.999776696284982,0
M26005_20260318_cell#185,1,1,1,1,0.0403318261968818,0.0439529549289311,1.08978340614612,0,22.6534714599214,0,0.973161158151126,0
M26005_20260318_cell#186,1,0,0,0,0.0319659027563504,0.0282014908426776,0.882236646267561,1,0,0,1.03699529879439,1
M26005_20260318_cell#187,1,1,1,1,0.0194853755462272,0.0218417315722289,1.12092946427496,2.90057222684936e-09,37.0205527404808,0,0.950944006592866,0
M26005_20260318_cell#188,1,1,1,1,0.0369114113617668,0.042342910383097,1.1471495892719,0,55.0542490628495,0,0.975687045745479,0
M26005_20260318_cell#189,1,1,1,1,0.0302392949911809,0.0325972755785279,1.07797736647083,0,68.8794874803134,0,0.969510406516269,0
M26005_20260318_cell#190,1,1,1,1,0.019041344927458,0.0300143013336342,1.57627002966335,0,78.4062633845925,0,0.993712305315155,0
M26005_20260318_cell#191,1,1,1,1,0.0392611975471304,0.0441616166299517,1.12481583316298,0,29.1391758682468,0,0.992641322563912,0
M26005_20260318_cell#192,1,1,1,1,0.0462788605844983,0.0524008771037923,1.13228537699445,0,47.8844200259327,0,0.982868371096412,0
M26005_20260318_cell#193,1,1,1,1,0.0822636951729182,0.0916922980582441,1.11461438567167,0,34.3977625667965,0,0.978198428268304,0
M26005_20260318_cell#194,1,0,0,0,0.0371975901122449,0.0371948515039175,0.999926376727119,1,0,0,1.01284362933965,0
M26005_20260318_cell#195,1,0,0,0,0.0119043022190317,0.010528844751411,0.88445711119282,1,0,0,0.919826014403589,0
M26005_20260318_cell#196,1,1,1,1,0.0148890715215812,0.0200723654732566,1.34812741306014,0,46.6060387714855,0,0.811864381353028,0
M26005_20260318_cell#197,1,1,1,1,0.0177828971185413,0.035268178066558,1.98326390978137,0,210.901628707944,0,0.846206503190798,0
M26005_20260318_cell#198,1,0,0,0,0.0384503612607918,0.0368199614371796,0.957597282050123,1,0,0,0.943147725311981,0
M26005_20260318_cell#199,0,0,0,0,0.0171367796854327,0.0149581186672438,0.872866369400728,0.999999999998397,0,1,0.737969745792995,0
M26005_20260318_cell#200,0,0,0,0,0.0241935257746801,0.0244544714472701,1.01078576454793,0.22459407096689,0,0.999995279128366,0.967716630445036,0
M26005_20260318_cell#201,1,1,1,1,0.0422401769479206,0.0438139573308979,1.03725790223175,0.00034221312052618,25.9066687676177,0,0.983252205325323,0
M26005_20260318_cell#202,0,0,0,0,4.3701796464888e-08,4.3701796464888e-08,1,1,NaN,0,1.24588061068356e-06,0
M26005_20260318_cell#203,0,0,0,0,0.0254964979008307,0.022032718842606,0.864146869436845,1,0,1,0.949553419627571,0
M26005_20260318_cell#204,1,0,0,0,0.0373002899661959,0.030282667333646,0.811861445610484,1,0,0,0.969581223720512,0
M26005_20260318_cell#205,1,1,1,1,0.0336783002676991,0.0438026056630978,1.30061806311256,0,56.1560776709996,0,0.996376846241064,0
M26005_20260318_cell#206,0,0,0,0,0.0269575251775651,0.023987222365006,0.88981544882202,1,0,1,0.963707388585206,0
M26005_20260318_cell#207,1,1,1,1,0.0641584874389289,0.080726327692734,1.25823302442371,0,85.2569791883133,0,0.971753414243094,0
M26005_20260318_cell#208,1,0,0,0,0.0167075386841999,0.0164824324852895,0.98652666899863,1,0,0,0.890465942436358,0
M26005_20260318_cell#209,1,1,1,1,0.0227247322394269,0.0250123860888158,1.10066802219213,0,20.6036710427879,0,0.96894474309617,0
M26005_20260318_cell#210,1,1,1,1,0.0200244912506741,0.0230711078861754,1.15214452129458,0,30.2293979005477,0,1.02194861213133,1
M26005_20260318_cell#211,1,0,0,0,0.0173362770897254,0.0163895551742295,0.945390702363832,1,0,0.00104657054375679,1.01652640802081,0
M26005_20260318_cell#212,1,0,0,0,0.0169756043574441,0.0165185001227693,0.973072874164013,1,0,1.2267964422108e-13,0.9380472083581,0
M26005_20260318_cell#213,1,1,1,1,0.011060480004211,0.0172243155598602,1.55728463441935,0,53.6592929098146,0,0.991008163625555,0
M26005_20260318_cell#214,1,1,1,1,0.0269247945970231,0.0283438473881223,1.05270431259877,1.50209622518105e-10,25.8609512796578,0,0.988616757149227,0
M26005_20260318_cell#215,1,0,0,0,0.0172256422623455,0.0165528664511322,0.960943354043525,1,0,0,1.005268396312,0
M26005_20260318_cell#216,1,0,0,0,0.0126757852739531,0.0126184424527721,0.995476191814418,0.999936602782907,0,0,0.848319258734691,0
M26005_20260318_cell#217,1,0,0,0,0.056347249524281,0.0558761477538182,0.991639312043798,1,0,0,0.927232484653518,0
M26005_20260318_cell#218,1,0,0,0,0.0338614742722667,0.0311915424956388,0.921151342816323,1,0,1.84202393593846e-06,0.98032640048316,0
M26005_20260318_cell#219,1,0,0,0,0.0543878170707402,0.0535806215184333,0.985158522702667,1,0,6.80122624885371e-13,1.00254786076841,0
M26005_20260318_cell#220,1,1,1,1,0.0226091079258864,0.0235078622724215,1.03975187121408,4.07366688714994e-06,18.9986750362368,0,0.985848846030998,0
M26005_20260318_cell#221,1,1,1,1,0.0407080308692048,0.0440477924261616,1.082041835128,0,50.3562578382118,0,0.975711285501438,0
M26005_20260318_cell#222,1,0,0,0,0.0317303093365274,0.0319406427626879,1.00662878586936,0.113706611544205,0,0,0.976855320071703,0
M26005_20260318_cell#223,1,1,1,1,0.0340103552998382,0.0350443331802263,1.03040185470785,2.26274754488998e-09,22.7376880613491,0,0.95309285215878,0
M26005_20260318_cell#224,0,0,0,0,0.0195260477862784,0.0195674756263609,1.00212167052626,1,0,1,1.0097139201891,0
M26005_20260318_cell#225,0,0,0,0,0.0274797206543826,0.0260674555366442,0.948607006035444,1,0,1,0.958658984613166,0
M26005_20260318_cell#226,1,1,1,1,0.0629199861042375,0.0655025283831398,1.04104486410127,0,43.3892298215056,0,0.992075855559076,0
M26005_20260318_cell#227,1,1,1,1,0.100863864165347,0.10455313615049,1.03657674644604,0,34.435630624672,0,0.965875939005281,0
M26005_20260318_cell#228,1,0,0,0,0.0240286322065038,0.023249509860147,0.967575251905269,1,0,0,0.858152627590408,0
M26005_20260318_cell#229,1,1,1,1,0.0477370715848636,0.0548013087115107,1.14798220527811,0,38.3662303651388,0,0.906727265870837,0
M26005_20260318_cell#230,1,0,0,0,0.0154131515286432,0.0155698102946334,1.01016396716137,1,0,0,1.0144535313694,0
M26005_20260318_cell#231,1,0,0,0,0.0230826458787852,0.0219786322658975,0.952171271062889,1,0,0,0.893157888868255,0
M26005_20260318_cell#232,1,1,1,1,0.0212779616972915,0.0224622175898086,1.05565645381662,0.0165152673510498,10.2265130627288,0,0.823677786139402,0
M26005_20260318_cell#233,1,1,1,1,0.0395752741125032,0.043766758478326,1.10591169511315,0,34.0200022772483,0,0.987106048887994,0
M26005_20260318_cell#234,1,0,0,0,0.034666644461198,0.0328413864729245,0.947348293535694,1,0,0,0.961229831722168,0
M26005_20260318_cell#235,0,0,0,0,0.00589701586520009,0.00577884411634155,0.979960754462965,1,0,1,0.918450384015605,0
M26005_20260318_cell#236,1,0,0,0,0.0201406665803991,0.0203016828547084,1.0079945851676,1,0,1.98940852680352e-09,0.842027038911463,0
M26005_20260318_cell#237,1,0,1,0,0.00712743069602227,0.00751207095322325,1.05396618692001,0.999864872862163,0,0,0.938417830734048,0
M26005_20260318_cell#238,1,0,0,0,0.0260318124965223,0.0246295746620589,0.946133684135487,1,0,0,0.967447965178493,0
M26005_20260318_cell#239,1,0,0,0,0.0646389265229404,0.0634262268084331,0.981238863642376,1,0,0,0.987842590423839,0
M26005_20260318_cell#240,1,1,1,1,0.0223985615503894,0.0251124521768032,1.1211636122395,7.55172825478434e-05,30.3822822824531,0,1.02440624722348,1
M26005_20260318_cell#241,1,0,1,0,0.0279238680549003,0.0286237303830422,1.02506323002121,1,0,0,0.983873928223459,0
M26005_20260318_cell#242,1,0,0,0,0.0330774182414667,0.032187902155142,0.973108055778984,1,0,0,0.990930301300103,0
M26005_20260318_cell#243,1,0,0,0,0.00692879474904879,0.00454987123615877,0.656661281066724,0.971472460585022,0,0,0.683307764572264,0
M26005_20260318_cell#244,1,0,0,0,0.0131374796099024,0.0126358259599862,0.961815076802244,1,0,2.84784051896025e-09,0.963880033717064,0
M26005_20260318_cell#245,0,0,0,0,9.41835709339538e-08,9.41835709339538e-08,1,1,NaN,1,1,0
M26005_20260318_cell#246,1,1,1,1,0.0288369667029062,0.0315007586597389,1.09237420787965,0,26.7455893404223,0,0.987292883478674,0
M26005_20260318_cell#247,0,0,0,0,0.0322376815040701,0.0292008775333827,0.905799554155159,1,0,0.999901194103602,0.849620271699154,0
M26005_20260318_cell#248,1,0,0,0,0.029541773973924,0.0278959691349954,0.944288896110932,1,0,0,0.950102014327109,0
M26005_20260318_cell#249,1,1,1,1,0.00951582490593227,0.0120903333108632,1.2705502077204,0,22.3216346506986,0,0.884336406425448,0
M26005_20260318_cell#250,0,0,0,0,0.0278518202066891,0.02184295123988,0.784255789308668,1,0,1,0.786698595339701,0
M26005_20260318_cell#251,1,0,0,0,0.0199437167547187,0.0184941802442536,0.927318637328614,1,0,0,0.908633962111016,0
M26005_20260318_cell#252,1,1,1,1,0.0304265391420843,0.0386909936014067,1.27161993090077,0,65.4705752037785,0,0.977471642056658,0
M26005_20260318_cell#253,1,0,0,0,0.0148248642875133,0.0140950687329913,0.950772193231025,1,0,0,0.728333810188418,0
M26005_20260318_cell#254,1,0,0,0,0.0656183105798248,0.0664711193916424,1.01299650668056,0.99999999895126,0,0,0.975677498047762,0
M26005_20260318_cell#255,1,0,0,0,0.0398151747983538,0.0393253383906442,0.987697243320157,1,0,0,0.986265462263372,0
M26005_20260318_cell#256,1,1,1,1,0.0139761228863561,0.0156626284342577,1.12067048648721,1.11111331709823e-05,23.4790088370509,0,0.79021873138747,0
M26005_20260318_cell#257,1,0,0,0,0.058805202932211,0.0566133021503476,0.962726074011,1,0,0,0.965492998833201,0
M26005_20260318_cell#258,1,0,0,0,0.00957868629732956,0.00774978498451458,0.809065538212181,1,0,0,1.18133852844885,1
M26005_20260318_cell#259,1,0,1,0,0.0072358249352664,0.00749952389950254,1.03644352462853,0.999997283643438,0,0,0.879021838130166,0
M26005_20260318_cell#260,1,1,1,1,0.0145736577458084,0.0170988859551506,1.17327346733311,0,20.8112695372615,0,0.951387698098428,0
M26005_20260318_cell#261,0,0,0,0,0.0190571422969775,0.0191353490581303,1.00410380317962,1,0,0.771647657670429,0.967629229795668,0
M26005_20260318_cell#262,1,0,1,0,0.0120133903160186,0.0122996282180817,1.0238265713952,0.999999947621469,0,0,0.894011629221016,0
M26005_20260318_cell#263,1,0,0,0,0.0258211363734619,0.024347622515493,0.942933810632621,1,0,0,0.957649107041195,0
M26005_20260318_cell#264,1,0,0,0,0.0330614212719351,0.0314039399023901,0.949866602651111,1,0,0,0.939111461995372,0
M26005_20260318_cell#265,1,1,1,1,0.029532238458063,0.0308107230345306,1.04329115039089,0,22.2091972758454,0,0.943756992415472,0
M26005_20260318_cell#266,1,0,0,0,0.0523575952799357,0.051263948100821,0.979111966978861,0.999999023060005,0,0,0.956255497824876,0
M26005_20260318_cell#267,1,0,0,0,0.026491984453454,0.0251367827227177,0.948844838969412,1,0,0,0.940784423005777,0
M26005_20260318_cell#268,1,1,1,1,0.0225628148071482,0.0263764549985196,1.1690232457239,0,43.2599181169753,0,0.882109431962285,0
M26005_20260318_cell#269,1,1,1,1,0.029816477693489,0.0329993656324097,1.10674929385156,0,34.0633505194623,0,0.990616410452091,0
M26005_20260318_cell#270,1,1,1,1,0.0415144333309149,0.0450435895011964,1.08501034187677,0,32.4298758776849,0,0.990411806623384,0
M26005_20260318_cell#271,0,0,1,0,0.00633511942131675,0.00650683725310051,1.02710569767729,1,0,1,0.751856074344253,0
M26005_20260318_cell#272,1,0,0,0,0.0236441615321044,0.0239320645739383,1.01217649614866,1,0,0,0.989807334278649,0
M26005_20260318_cell#273,1,0,1,0,0.0445032771082365,0.0462372556144466,1.03896293978515,1,0,0,0.911449760725438,0
M26005_20260318_cell#274,1,0,1,0,0.0260139601439333,0.0265745301742853,1.0215488156071,0.999996095647297,0,0,1.0235892896019,1
M26005_20260318_cell#275,1,0,0,0,0.0125101665397389,0.01205611190523,0.963705148683151,1,0,0,1.15586650057192,1
M26005_20260318_cell#276,1,0,0,0,0.0556984632218494,0.0547182347960374,0.982401158504001,1,0,0,0.976425986804754,0
M26005_20260318_cell#277,1,0,0,0,0.0241424998219041,0.0243721804945888,1.00951354144679,0.651697366187593,0,0,0.925422939287969,0
M26005_20260318_cell#278,1,0,0,0,0.033455973279141,0.0339046243110682,1.01341019220047,0.996922178680431,0,0,0.949631759205691,0
M26005_20260318_cell#279,1,1,1,1,0.00658546295370332,0.00740127270973052,1.1238803956172,0.00199368089435192,17.4113798011115,0,0.840349461819377,0
M26005_20260318_cell#280,1,1,1,1,0.0176555307462404,0.0221575437078129,1.25499165254668,0,52.7682334566441,0,0.816815602007927,0
M26005_20260318_cell#281,1,1,1,1,0.0754454280897418,0.0862251033313724,1.14288043045906,0,101.021523601724,0,0.976856803702032,0
M26005_20260318_cell#282,1,0,0,0,0.00495983960200716,0.00348270179443905,0.702180327168173,1,0,5.50606225724337e-07,0.720621845261363,0
M26005_20260318_cell#283,1,1,1,1,0.0359385441456003,0.0419648236434121,1.16768290538974,0,71.4324129413882,0,0.90622202247527,0
M26005_20260318_cell#284,1,1,1,1,0.0424665281508935,0.0457003017826987,1.07614876404105,0,21.4619621591711,0,0.937656720998721,0
M26005_20260318_cell#285,1,1,1,1,0.0724321590915506,0.0750093664665168,1.03558098236046,0,51.8039117647043,0,0.951615260913153,0
M26005_20260318_cell#286,1,1,1,1,0.0567616196613352,0.0916261090021284,1.61422647114036,0,129.578096389054,0,0.992085832903177,0
M26005_20260318_cell#287,1,1,1,1,0.0750359387615151,0.0931285466880439,1.24111923199938,0,43.4234449662144,0,0.920567682263965,0
M26005_20260318_cell#288,1,1,1,1,0.00906723679845675,0.0107901463505773,1.19001484028892,0,18.4340642519777,0,0.895217313858645,0
M26005_20260318_cell#289,1,1,1,1,0.0302865956271498,0.0328414102430788,1.08435463157962,0,46.8965989097504,0,0.95371448582875,0
M26005_20260318_cell#290,1,1,1,1,0.0745547812544107,0.115968278135663,1.55547741116607,0,132.742621145972,0,1.00692647196956,0
M26005_20260318_cell#291,1,1,1,1,0.0197228211424618,0.0222487251443829,1.12807011652522,0,41.8932979981777,0,0.966901522046989,0
M26005_20260318_cell#292,0,0,0,0,0.0136563202693449,0.0137479388845418,1.00670888009287,0.999999999730321,0,0.999999936953093,0.878821823783422,0
M26005_20260318_cell#293,1,1,1,1,0.0389246895655727,0.0413902433371326,1.06334164251731,0,30.9115426699839,0,0.985622221875312,0
M26005_20260318_cell#294,1,1,1,1,0.0217676708389959,0.0251790536129768,1.15671785921485,0,32.3048998596953,0,1.07549066878509,1
M26005_20260318_cell#295,1,1,1,1,0.0461489881462466,0.0686084349977574,1.48667257406244,0,27.666147623254,0,0.962434803702845,0
M26005_20260318_cell#296,1,0,0,0,0.0304128825069556,0.0281038894389415,0.924078453678764,1,0,0,0.955480942678643,0
M26005_20260318_cell#297,1,0,0,0,0.0304417494899085,0.0287719281096712,0.945146996863933,1,0,0,1.00279286473642,0
M26005_20260318_cell#298,1,1,1,1,0.0471164458722121,0.0484346110717862,1.02797675366154,0,24.762188321609,0,0.949403537059076,0
M26005_20260318_cell#299,1,0,0,0,0.0249769910075584,0.0249964392617538,1.00077864680295,0.236464310572128,0,0,0.962392033719368,0
M26005_20260318_cell#300,1,0,0,0,0.0326612878475349,0.033086124947168,1.01300735909791,0.999999999844942,0,0,0.983499876765606,0
M26005_20260318_cell#301,1,1,1,1,0.0418173630633316,0.0461554157660908,1.10373807397155,1.43896006221667e-12,58.7516663730093,0,1.00043858198471,0
M26005_20260318_cell#302,1,1,1,1,0.0447649931580453,0.0554057159494053,1.23770187462762,0,86.650282213521,0,0.941400925722326,0
M26005_20260318_cell#303,1,0,0,0,0.0172263178953795,0.0158228024631263,0.9185249313999,1,0,0,0.869869350297416,0
M26005_20260318_cell#304,1,1,1,1,0.0221752002125317,0.0243824194263083,1.09953548074525,0,24.6979844686964,0,0.901134429938225,0
M26005_20260318_cell#305,1,1,1,1,0.0320115710879756,0.034213835705037,1.06879589292913,0,23.2465468314575,0,1.0114243020915,0
M26005_20260318_cell#306,1,1,1,1,0.0353009905090889,0.0398927491152405,1.13007449762548,0,49.1959772614592,0,0.990302624841894,0
M26005_20260318_cell#307,0,0,0,0,0.00544924108791833,0.00439778028377131,0.807044543050546,1,0,1,0.887786780438287,0
M26005_20260318_cell#308,1,1,1,1,0.0374750233655309,0.0456311802697237,1.21764247682083,0,40.6415686062598,0,0.946559095542767,0
M26005_20260318_cell#309,1,1,1,1,0.0283127597944748,0.0308625615538461,1.09005839691646,0,25.9922661640858,0,0.935925773837459,0
M26005_20260318_cell#310,1,0,0,0,0.0322660363225454,0.032265208416562,0.999974341255457,1,0,0,0.919891336839656,0
M26005_20260318_cell#311,1,0,1,0,0.0241613124202501,0.0247434502085149,1.02409379830612,0.163648429480949,0,0,1.01384974652886,0
M26005_20260318_cell#312,1,1,1,1,0.0326148866635351,0.0344628803562263,1.05666104904045,0,26.5305323181091,0,0.870121230404115,0
M26005_20260318_cell#313,1,0,0,0,0.0151987341780799,0.0150734848214077,0.991759224471938,1,0,0,0.948754382584853,0
M26005_20260318_cell#314,1,0,0,0,0.0393307046287457,0.0395898444069407,1.00658873978082,0.993812938866501,0,0,0.990826328465412,0
M26005_20260318_cell#315,1,0,0,0,0.0166736886699046,0.016443439780978,0.986190884723535,1,0,2.14160219328408e-05,0.89954479236537,0
M26005_20260318_cell#316,1,0,0,0,0.0424343179930648,0.0424730851842609,1.00091358110675,1,0,0,0.994752967511863,0
M26005_20260318_cell#317,1,1,1,1,0.0273140170647778,0.0300598707827194,1.10052910604213,9.66449142936199e-13,28.6426754178258,0,0.895110235956259,0
M26005_20260318_cell#318,1,1,1,1,0.033470201831094,0.0362670373518551,1.08356195564267,0,26.9924326885257,0,0.842290717975455,0
M26005_20260318_cell#319,1,0,0,0,0.0196578880164742,0.0198702244187911,1.0108015877463,0.999502823857011,0,0,0.801508504812758,0
M26005_20260318_cell#320,1,1,1,1,0.034290676603339,0.0369745195404358,1.07826742435393,9.65199528757399e-05,76.2645482417118,0,0.995290549506449,0
M26005_20260318_cell#321,1,1,1,1,0.0202441864921947,0.0276898129796857,1.36779084654065,0,17.2420635496326,0,0.929097495314104,0
M26005_20260318_cell#322,1,0,0,0,0.010580810825934,0.0104298395508577,0.985731596797264,1,0,2.4846791291111e-12,0.884332735052718,0
M26005_20260318_cell#323,1,1,1,1,0.0894548577193889,0.0999264781383383,1.11706038873593,0,72.6893994442963,0,0.984358329072878,0
M26005_20260318_cell#324,1,1,1,1,0.0140777695544498,0.0180581856378982,1.28274479618756,0,32.2178346439685,0,0.935149851952028,0
M26005_20260318_cell#325,1,1,1,1,0.0384636478417334,0.0431711828559544,1.12238919807063,0,48.8756557048094,0,1.00843017279585,0
M26005_20260318_cell#326,1,0,1,0,0.0197230550288947,0.0200322172231049,1.01567516765315,1,0,0,0.990646369191715,0
M26005_20260318_cell#327,1,1,1,1,0.0657721718189389,0.068831263631441,1.04651042725065,0,44.5235688755554,0,0.980760634823451,0
M26005_20260318_cell#328,0,0,0,0,0.0146239637845884,0.0142019150984504,0.971139925374897,1,0,0.690490456247909,1.01676419179125,0
M26005_20260318_cell#329,0,0,0,0,0.00996693206804212,0.0095030557219816,0.953458462153275,1,0,1,1.004468687902,0
M26005_20260318_cell#330,0,0,0,0,0.0205798599519001,0.0198750850960769,0.965754147138493,1,0,0.999999988342586,1.02150187889569,1
M26005_20260318_cell#331,1,1,1,1,0.0798843583162508,0.0990691369723552,1.24015688503317,0,84.5022160603696,0,0.989206578800124,0
M26005_20260318_cell#332,0,0,0,0,0.0044308014595857,0.00428438563211827,0.966955001526717,1,0,1,0.815578664241691,0
M26005_20260318_cell#333,1,1,1,1,0.00934185068279878,0.0106042445389563,1.13513316568868,0.00150172624268741,16.5305808825767,0,0.869726818217849,0
M26005_20260318_cell#334,1,0,0,0,0.0274233170441243,0.0256326232445207,0.93470177963073,1,0,0,0.930728610300637,0
M26005_20260318_cell#335,0,1,1,0,0.0132155362405361,0.0149177729301177,1.12880572218933,0,10.9799770187389,1,NaN,0
M26005_20260318_cell#336,1,1,1,1,0.0564764818508422,0.0581335658075089,1.02934113284611,1.52322598978571e-12,20.9856402505818,0,0.988715261105948,0
M26005_20260318_cell#337,1,0,0,0,0.0510683811460834,0.0513614285340996,1.00573833321988,0.149471961679625,0,0,0.965290944156676,0
M26005_20260318_cell#338,1,0,0,0,0.00296967307672047,0.00297417923896838,1.00151739337344,1,0,0,0.684707645579548,0
M26005_20260318_cell#339,0,0,0,0,0.00336700881596545,0.000173592444653397,0.0515568726254199,1,0,1,0.818992131588038,0
M26005_20260318_cell#340,1,0,0,0,0.0481649804391618,0.0437244788971241,0.907806429037242,1,0,0,0.951757266232959,0
M26005_20260318_cell#341,1,1,1,1,0.0574795061807768,0.0643951532623237,1.12031500513934,0,55.9200509811302,0,0.962904559743925,0
M26005_20260318_cell#342,1,1,1,1,0.0503703907777463,0.0524639819272325,1.04156392509885,2.68723931995396e-11,17.3549161804885,0,0.982081132802247,0
M26005_20260318_cell#343,1,0,0,0,0.0322077421759763,0.0324722642625746,1.00821299689848,0.999999999840587,0,0,0.95524841199388,0
M26005_20260318_cell#344,1,0,0,0,0.0228419803259921,0.0221639619301663,0.970317004648926,1,0,0,0.971999373617918,0
M26005_20260318_cell#345,1,1,1,1,0.006019234043951,0.00864250544664081,1.43581482021389,0,39.3796966125592,0,1.0108284430664,0
M26005_20260318_cell#346,1,1,1,1,0.0332631669835924,0.0357064192170026,1.07345218314947,0,27.8118333378914,0,0.903522217262478,0
M26005_20260318_cell#347,1,1,1,1,0.0293138968326547,0.0320597174519632,1.09366958732862,0,32.791743011149,0,0.946782852804234,0
M26005_20260318_cell#348,1,0,1,0,0.0220251738264183,0.0225119292046622,1.02209995626278,1,0,0,0.915768287018222,0
M26005_20260318_cell#349,0,0,0,0,0.00426928811024157,0.00218577363258944,0.511976136570871,1,0,1,0.692149237701287,0
M26005_20260318_cell#350,1,0,0,0,0.0296550763874204,0.0284846843721447,0.960533164710642,1,0,0,0.939362397752149,0
M26005_20260318_cell#351,1,0,0,0,0.0490806619917997,0.0485637257107553,0.989467617997273,0.99999999998307,0,0,0.967840160854915,0
M26005_20260318_cell#352,1,0,1,0,0.0134680356728672,0.0136905991168771,1.01652530847229,0.447116641223939,0,0,0.86010407685455,0
M26005_20260318_cell#353,1,1,1,1,0.00676681749935624,0.0112407387978866,1.66115589772534,0,24.9873593786766,0,0.979413594627384,0
M26005_20260318_cell#354,1,0,0,0,0.0301306512147478,0.029166167952152,0.967989962921088,1,0,0,0.949025323202383,0
M26005_20260318_cell#355,1,1,1,1,0.0413288231921554,0.0449660430894472,1.08800685856408,0,37.8647014471983,0,0.947392981556239,0
M26005_20260318_cell#356,1,1,1,1,0.0274496979574871,0.0307456163101895,1.12007120653229,0,55.4388940311091,0,0.922704849284911,0
M26005_20260318_cell#357,1,1,1,1,0.0334344153801572,0.0390775199058769,1.16878131295422,0,51.1720004470633,0,0.967977443248593,0
M26005_20260318_cell#358,1,1,1,1,0.0258087360657388,0.0298039997336545,1.15480276359676,0,31.9668775873623,0,0.928369387613864,0
M26005_20260318_cell#359,1,0,0,0,0.0530699512719807,0.053011778592076,0.998903849004749,1,0,0,0.988152145035538,0
M26005_20260318_cell#360,1,1,1,1,0.0358891209772201,0.0381448957714153,1.06285399956235,0,27.0257101854771,0,0.980639492312551,0
M26005_20260318_cell#361,1,0,0,0,0.0435709672256649,0.0424696899599444,0.974724516441953,1,0,0,0.951697503843541,0
M26005_20260318_cell#362,0,0,0,0,0.00244580415984194,0.00142962301454994,0.58452064070507,1,0,1,0.476359188985546,0
M26005_20260318_cell#363,1,1,1,1,0.0252600102174521,0.0312001427908424,1.23515954753202,0,60.5312035702947,0,0.927058973185212,0
M26005_20260318_cell#364,1,0,0,0,0.0214402731374904,0.0202034463395365,0.942312917842863,1,0,0,0.93523701213816,0
M26005_20260318_cell#365,1,0,0,0,0.0185342195973496,0.0177517866385017,0.957784413056175,1,0,0.00483743832804973,0.9286896220063,0
M26005_20260318_cell#366,1,1,1,1,0.0174685604843487,0.0243517457014583,1.39403276665393,0,27.2692969347089,0,0.996832367420672,0
M26005_20260318_cell#367,1,1,0,0,0.0904138811794721,0.0914790648445135,1.01178119610779,2.97561878348507e-06,25.6985334677388,0,NaN,0
M26005_20260318_cell#368,1,0,0,0,0.0335498184239763,0.0325576292457893,0.970426392010577,1,0,0,0.957904864946028,0
M26005_20260318_cell#369,1,1,1,1,0.0473127891220483,0.0532937192335873,1.12641254558277,0,68.4830988135664,0,0.944363999478253,0
M26005_20260318_cell#370,1,1,1,1,0.0664371977391249,0.0741690440156224,1.11637827210681,0,75.6247805965201,0,0.981258957356206,0
M26005_20260318_cell#371,1,0,0,0,0.0254010322946422,0.0257659434603838,1.01436599747241,0.999993771829172,0,7.42581374169049e-08,1.02274314999461,1
M26005_20260318_cell#372,1,0,0,0,0.0138320753239718,0.0127407451045208,0.921101483769422,1,0,0,0.79478904724193,0
M26005_20260318_cell#373,1,0,0,0,0.01112392764521,0.0112167994458367,1.00834883177855,1,0,0,0.972914356438894,0
M26005_20260318_cell#374,1,1,1,1,0.0709760084120439,0.0782732961734782,1.10281344252371,0,35.7682682656787,0,0.998311251480273,0
M26005_20260318_cell#375,1,1,1,1,0.0345100289873146,0.0378085806055496,1.09558240647806,0,52.1460722643859,0,0.862243826420571,0
M26005_20260318_cell#376,1,1,1,1,0.0724107460194952,0.0808532021150681,1.11659120447813,0,59.4641049858454,0,0.943823167474725,0
M26005_20260318_cell#377,0,0,0,0,0.0189300575897522,0.0183789174427854,0.970885447952089,1,0,1,0.965531950982398,0
M26005_20260318_cell#378,1,1,1,1,0.00644015058507111,0.00963454486372203,1.49601235816688,4.7560318944373e-05,68.1832173789148,0.000113569821226234,1.16085539297554,1
M26005_20260318_cell#379,1,0,0,0,0.025415756654204,0.0237597015148782,0.934841399299757,1,0,0.000430220608342413,0.983669569708948,0
M26005_20260318_cell#380,1,0,1,0,0.0200070267950778,0.0213810468118817,1.06867687192492,1,0,1.14774856285749e-11,0.88511050417777,0
M26005_20260318_cell#381,1,1,1,1,0.0585686945889076,0.0712312849939802,1.2162006596519,0,69.2413930314697,0,0.992144795725064,0
M26005_20260318_cell#382,1,1,1,1,0.0866010198767138,0.0950198114099941,1.09721353796139,0,49.7825750896295,0,0.973252857210431,0
M26005_20260318_cell#383,1,0,1,0,0.0222897811987793,0.0243612616798324,1.092934087714,1,0,0,0.879036730669722,0
M26005_20260318_cell#384,1,0,0,0,0.0233707658980234,0.0227030690810196,0.971430255220678,1,0,0,0.964232634646394,0
M26005_20260318_cell#385,0,0,0,0,0.000345439747854895,0.000345439747854895,1,1,NaN,1,0.121703180415507,0
M26005_20260318_cell#386,0,0,0,0,0.00893243135539984,0.00695415618196138,0.778528925134975,1,0,1,0.701760624021418,0
M26005_20260318_cell#387,1,1,1,1,0.0471625041816245,0.0654785351882728,1.38836001871556,0,40.9070579141669,0,0.992530513287366,0
M26005_20260318_cell#388,1,0,0,0,0.025808995093864,0.0255491003001448,0.989930069234622,1,0,5.4399817983608e-11,0.96776267983542,0
M26005_20260318_cell#389,1,0,0,0,0.0481249995637375,0.0475519278736695,0.988092016721806,1,0,0,1.01656632079417,1
M26005_20260318_cell#390,1,1,1,1,0.0282877125624457,0.0301586375360597,1.06613913972309,0,18.4125891319207,0,0.993306054860104,0
M26005_20260318_cell#391,1,1,1,1,0.0633865701270768,0.0726306806929286,1.14583705266461,0,65.7758684799977,0,1.01193408726981,0
M26005_20260318_cell#392,1,0,0,0,0.0259963423773366,0.0258218303622923,0.993287055059084,1,0,6.05960972510644e-08,0.976169329529549,0
M26005_20260318_cell#393,1,1,1,1,0.0329057272262022,0.0430396286787601,1.30796770978179,0,62.7186361956303,0,0.950718868492189,0
M26005_20260318_cell#394,1,0,0,0,0.0428640944015185,0.0387748731820769,0.904600312300152,1,0,0,1.03399484644275,1
M26005_20260318_cell#395,1,0,0,0,0.0404630646094898,0.0380534823506094,0.940449832899821,1,0,0,1.0185700795935,1
M26005_20260318_cell#396,1,0,0,0,0.0234606368424127,0.02046885272067,0.872476431827544,1,0,0,1.01215407320953,0
M26005_20260318_cell#397,1,1,1,1,0.0360926960255686,0.0480812524257711,1.33216017976905,0,46.5669817769815,0,0.980950150099032,0
M26005_20260318_cell#398,0,1,1,0,0.00698687326244436,0.00873932404639197,1.25082046261914,9.78550573904613e-13,20.6304942370215,1,NaN,0
M26005_20260318_cell#399,1,0,0,0,0.0565893194244114,0.0543900147290824,0.961135692782687,1,0,0,0.970874633705837,0
M26005_20260318_cell#400,0,1,1,0,0.0161056270123749,0.0171988360514377,1.06787745911555,1.41833877975728e-10,33.9270828703293,1,NaN,0
M26005_20260318_cell#401,1,1,1,1,0.0273167466628623,0.0321503112058399,1.17694510267392,0,43.457858419267,0,0.878941159867349,0
M26005_20260318_cell#402,1,1,1,1,0.039637309517366,0.0430071947601943,1.08501801166277,0,25.1263304305396,0,0.996730174055392,0
M26005_20260318_cell#403,1,0,0,0,0.0274613477305367,0.0266518276265629,0.970521472146335,1,0,0,0.897402386129724,0
M26005_20260318_cell#404,1,0,1,0,0.0161753067925915,0.016827590693943,1.04032590600694,1,0,0,0.947624301692773,0
M26005_20260318_cell#405,1,1,1,1,0.057347720796239,0.077472918790988,1.35093283072671,0,128.277528570164,0,0.990025573266609,0
M26005_20260318_cell#406,1,1,1,1,0.0287907678956422,0.0319438272184578,1.10951633295244,0,24.0695296959845,0,0.91818476895312,0
M26005_20260318_cell#407,1,0,0,0,0.0249245100583844,0.0234267265036374,0.939907201736827,1,0,0,0.929987833774028,0
M26005_20260318_cell#408,1,0,0,0,0.0374633838384143,0.0335207881140254,0.894761355744213,1,0,0,0.949503548909168,0
M26005_20260318_cell#409,1,0,0,0,0.056243513848174,0.0544258119968247,0.967681573803228,1,0,0,0.896627775646468,0
M26005_20260318_cell#410,1,1,1,1,0.0415880852265096,0.0516393442517189,1.24168602546775,0,70.5091321857041,0,0.99229425445805,0
M26005_20260318_cell#411,1,0,1,0,0.0226336590220769,0.0233641237186278,1.0322733808015,0.999543146655754,0,0,0.975200973756553,0
M26005_20260318_cell#412,1,1,1,1,0.110529261598673,0.13575499073062,1.22822670455848,0,80.6249248493303,0,0.973526446605647,0
M26005_20260318_cell#413,1,0,0,0,0.0261708171370088,0.0262662459580369,1.00364638293594,1,0,0,0.899743934590932,0
M26005_20260318_cell#414,0,0,0,0,0.0381085624704862,0.0362355814132009,0.950851437685801,1,0,1,0.962134661384131,0
M26005_20260318_cell#415,1,1,1,1,0.0501334442551001,0.0688339126314206,1.37301383645545,0,97.8278054050922,0,1.00998345472994,0
M26005_20260318_cell#416,1,1,1,1,0.0102556735374608,0.0116043544964911,1.13150583958274,2.18713935851156e-14,19.1335338202119,0,1.77317272576579,1
M26005_20260318_cell#417,1,1,1,1,0.021753709684087,0.0237478156312191,1.09166739724355,8.45656877856982e-13,26.1709970619684,0,1.04286050134347,1
M26005_20260318_cell#418,1,0,0,0,0.037326326638492,0.037445377115009,1.00318945064351,0.954633066088989,0,0,0.964982669623692,0
M26005_20260318_cell#419,1,0,0,0,0.0302937499606798,0.0296791927790477,0.979713400208633,0.201645722567196,0,0,0.972873468427864,0
M26005_20260318_cell#420,1,1,1,1,0.0842231735677022,0.101377634388941,1.20367863254938,0,117.183732757049,0,1.00222666032994,0
M26005_20260318_cell#421,1,1,1,1,0.037542055817107,0.0395768280827251,1.05419980928937,8.34887714518118e-14,39.8022488594171,0,0.983410190435991,0
M26005_20260318_cell#422,1,1,1,1,0.0332796664201774,0.0351218468860054,1.05535453518582,1.50990331349021e-14,24.8922916433877,0,0.951726693704969,0
M26005_20260318_cell#423,1,1,1,1,0.0356597626431275,0.0421807779365665,1.1828676023085,0,39.0118147880531,0,0.978548265637241,0
M26005_20260318_cell#424,1,0,1,0,0.00694160205639199,0.00733536570695605,1.05672518351891,1,0,0,0.906606241394555,0
M26005_20260318_cell#425,1,1,1,1,0.0239430768486101,0.0273283771374797,1.14138952609451,0,41.7663594881693,0,0.917103286616978,0
M26005_20260318_cell#426,1,1,1,1,0.0419187588422393,0.0471768792337846,1.12543597512832,0,24.9611348878164,0,0.956147659796633,0
M26005_20260318_cell#427,1,0,0,0,0.0216107007893802,0.0203973437545814,0.943853878380699,1,0,0,1.01112525572586,0
M26005_20260318_cell#428,0,0,0,0,0.0162268238844438,0.0125310922499553,0.772245532409365,1,0,1,0.805509965108375,0
M26005_20260318_cell#429,1,0,0,0,0.021503618209193,0.0208725380211601,0.970652371991837,1,0,0,0.958067028306782,0
M26005_20260318_cell#430,1,1,1,1,0.0306492884399821,0.0417779265149448,1.36309613179944,0,56.4421090885935,0,0.982017795844101,0
M26005_20260318_cell#431,1,1,1,1,0.213271767211929,0.273510897673598,1.28245243732523,0,74.6184729695057,0,1.00209237667218,0
M26005_20260318_cell#432,1,0,0,0,0.0286280597205528,0.0275945320729494,0.963898089577427,0.333570201653619,0,3.51299414016459e-05,1.0163930522749,1
M26005_20260318_cell#433,1,1,1,1,0.00787615607307642,0.0138166077156405,1.75423234220443,0,13.9670346147919,0,0.870298466362744,0
M26005_20260318_cell#434,1,1,1,1,0.0380862799200737,0.0407812411111334,1.07075937047974,0,22.698944094823,0,0.931717441853245,0
M26005_20260318_cell#435,1,1,1,1,0.0204281145000296,0.0210649738496281,1.03117563050656,0.0222182530485586,37.7194597664235,0,0.98906750162552,0
M26005_20260318_cell#436,0,0,0,0,0.00853666714014438,0.00739138840373608,0.865840061746987,1,0,1,0.75846314675296,0
M26005_20260318_cell#437,1,1,1,1,0.0273970098050244,0.0279113813263358,1.01877473216866,0.000901661635287376,17.6118273210654,0,0.933665925696104,0
M26005_20260318_cell#438,1,1,1,1,0.0734307094965727,0.0866751495313515,1.18036649959642,0,50.2911716101562,0,0.949889968083922,0
M26005_20260318_cell#439,0,0,0,0,0.0265170298848308,0.0261833041001325,0.987414661968262,1,0,1,0.960593548368981,0
M26005_20260318_cell#440,0,0,0,0,0.0564467590059433,0.0527561280223555,0.934617486484933,1,0,1,0.996652076146968,0
M26005_20260318_cell#441,1,1,1,1,0.0789398270556311,0.0839446768399506,1.06340082023226,0,64.3949479359456,0,0.989820282420052,0
M26005_20260318_cell#442,1,0,0,0,0.0862585300460013,0.0839475280560725,0.973208423692168,1,0,3.33066907387547e-15,0.974921229980664,0
M26005_20260318_cell#443,0,0,0,0,0.0260180861401799,0.024956689240005,0.959205419858469,1,0,1,0.953003157460662,0
M26005_20260318_cell#444,1,1,1,1,0.0345587353913846,0.0397828703493855,1.15116684389161,0,36.5282908385445,0,0.984332836268598,0
M26005_20260318_cell#445,1,1,1,1,0.0395733677721627,0.0472047431993705,1.19284119236816,0,32.4581286239079,0,0.922098697078873,0
M26005_20260318_cell#446,1,1,1,1,0.105064087615991,0.119854873665288,1.14077870359811,0,69.5993819715136,0,0.98119106968953,0
M26005_20260318_cell#447,1,0,0,0,0.0241961770678778,0.0244364324364276,1.00992947637454,1,0,0,0.876956112287834,0
M26005_20260318_cell#448,0,0,0,0,0.0666542381024337,0.0643718069222511,0.965757148455062,1,0,1,0.96919443881909,0
M26005_20260318_cell#449,1,1,1,1,0.0271896287443794,0.029261961931624,1.07621778166695,0,11.9965499216597,0,0.976750869720935,0
M26005_20260321_cell#1,0,0,0,0,0.00887618586871192,0.00831607162557463,0.936896967749215,1,0,1,1.04259082297903,0
M26005_20260321_cell#2,1,1,1,1,0.134912023868286,0.173406236754471,1.28532825898281,0,181.115047242642,0,1.02145033863689,1
M26005_20260321_cell#3,1,1,1,1,0.0328029051091275,0.0345812697840772,1.05421363348867,3.66373598126302e-15,25.8314672320964,0,0.942193265388145,0
M26005_20260321_cell#4,1,1,1,1,0.0652407184825206,0.0726123427962909,1.11299115774982,0,61.6440788773473,0,0.965389542275068,0
M26005_20260321_cell#5,1,0,0,0,0.020363648920889,0.0192209245400948,0.943884105189912,1,0,6.31272811801864e-13,0.979734501596633,0
M26005_20260321_cell#6,1,1,1,1,0.0446854660906717,0.0589199597869904,1.31854862311239,0,62.0562211098653,0,0.979794248453165,0
M26005_20260321_cell#7,1,1,1,1,0.00927700903466487,0.0139591979448422,1.50470888760393,0,27.9128283455864,0,0.905800558447746,0
M26005_20260321_cell#8,1,0,0,0,0.0170928981251057,0.0172482255857638,1.00908725129707,0.999971447142932,0,0,0.934435629508702,0
M26005_20260321_cell#9,0,0,0,0,0.0246654659650717,0.0245339622235258,0.994668507713087,0.999999999999994,0,0.0671489792388766,0.861321338940923,0
M26005_20260321_cell#10,1,1,1,1,0.0260633708916868,0.0292118983505413,1.12080277228679,0,24.6177996455022,0,0.956302952883863,0
M26005_20260321_cell#11,1,1,1,1,0.0244518665455656,0.0318914461859231,1.3042540587441,0,54.3066129414556,0,0.918939612634265,0
M26005_20260321_cell#12,1,0,1,0,0.0150438265161678,0.0156240106839374,1.03856626285514,0.634203933571676,0,3.33066907387547e-16,0.934545961968057,0
M26005_20260321_cell#13,1,1,1,1,0.0362574193352188,0.0391155325777057,1.0788283693349,0,28.0616977587617,0,0.995896085872733,0
M26005_20260321_cell#14,1,0,0,0,0.0336337022933853,0.0306008669811413,0.909827491312472,1,0,0,1.00803492813025,0
M26005_20260321_cell#15,1,0,0,0,0.0128999313496436,0.0129050447459582,1.00039638942068,0.999999999931243,0,1.19765638517677e-08,0.866018337122036,0
M26005_20260321_cell#16,1,1,1,1,0.106297810687809,0.111367309114192,1.04769146601966,0,92.5753888747416,0,0.983196355458621,0
M26005_20260321_cell#17,1,0,0,0,0.0735065751391543,0.0721427965566745,0.981446849075773,1,0,0,0.976672129620198,0
M26005_20260321_cell#18,1,1,1,1,0.037467735496067,0.0665216162672437,1.77543732991887,0,81.1620913470421,0,0.947499400655829,0
M26005_20260321_cell#19,1,1,1,1,0.0501784043196671,0.0551156169439118,1.09839317712838,0,41.1634947495142,0,0.980233149500627,0
M26005_20260321_cell#20,1,0,0,0,0.035425208552072,0.0336424092462228,0.949674274938179,1,0,0,0.934402782974526,0
M26005_20260321_cell#21,1,1,1,1,0.00649392297513164,0.00755675813038612,1.16366611666393,0.000406298564013086,14.899440881756,0,0.90352665483178,0
M26005_20260321_cell#22,1,0,0,0,0.0239043504243831,0.0202472102483504,0.847009430873203,1,0,0,0.951457007599149,0
M26005_20260321_cell#23,1,1,1,1,0.0178057902376651,0.0212051903512675,1.19091543078001,0,45.1280301303187,0,0.922049842407158,0
M26005_20260321_cell#24,1,0,0,0,0.0459792695343649,0.0441286163519872,0.959750270043013,1,0,0,0.981787390763569,0
M26005_20260321_cell#25,1,0,0,0,0.030526807871914,0.0287522825254177,0.941869934323237,1,0,0,0.950954839441894,0
M26005_20260321_cell#26,1,1,1,1,0.0299748910608338,0.0351977475129218,1.17424104866597,0,47.7029274475218,0,0.937069214063586,0
M26005_20260321_cell#27,1,1,1,1,0.0502972608568642,0.0557318726741324,1.1080498564869,0,56.0027324411796,0,0.958371919320633,0
M26005_20260321_cell#28,1,0,0,0,0.0346476125449166,0.0296487044714881,0.855721427646768,1,0,0,0.958090254882133,0
M26005_20260321_cell#29,1,1,1,1,0.0961380499651974,0.110173949067393,1.14599733515789,0,93.8050462642523,0,0.987585427317613,0
M26005_20260321_cell#30,1,1,1,1,0.052842937550627,0.0635722540076805,1.20304163535144,0,40.2402947122516,0,0.897773998214903,0
M26005_20260321_cell#31,1,1,1,1,0.0373915394877795,0.040368929303377,1.07962736641455,0,46.8336599135462,0,1.00050033218606,0
M26005_20260321_cell#32,1,0,1,0,0.0107514307574118,0.0112886730436065,1.04996937601299,0.977232192660349,0,0,0.975349976736849,0
M26005_20260321_cell#33,1,0,0,0,0.071419307332013,0.0694735350735022,0.972755654861433,1,0,0,1.01302786021495,0
M26005_20260321_cell#34,0,0,0,0,0.0316512293924212,0.0307626491419987,0.971925885108422,1,0,1,0.951459045761787,0
M26005_20260321_cell#35,0,0,0,0,0.0211277223346594,0.0201310049914574,0.952824193379005,1,0,0.692425350015682,0.972536440339684,0
M26005_20260321_cell#36,1,0,0,0,0.0397004792884476,0.0388999002530261,0.97983452467652,1,0,0,0.95184668711121,0
M26005_20260321_cell#37,1,0,0,0,0.03747824268014,0.0373980935478915,0.997861449029707,0.157040192779689,0,0,0.997134761571331,0
M26005_20260321_cell#38,1,0,0,0,0.0702830961295131,0.0682450918922453,0.971002924607757,1,0,0,0.963944630217407,0
M26005_20260321_cell#39,1,0,0,0,0.0367358564536566,0.0338324815057671,0.920966183228851,1,0,0,0.948219887278112,0
M26005_20260321_cell#40,1,0,1,0,0.0373167716579602,0.0382036855819276,1.02376716646597,0.0540895865459843,0,0,0.951628563533487,0
M26005_20260321_cell#41,1,1,1,1,0.0629424181184148,0.0649987083002406,1.03266938645346,0,28.7474874977124,0,0.935258907600945,0
M26005_20260321_cell#42,1,1,1,1,0.0378112440331106,0.0403046282822951,1.06594293081183,0,51.3530714715453,0,0.99105168461847,0
M26005_20260321_cell#43,1,0,0,0,0.0320745721807569,0.0318822783217059,0.994004788030615,0.884970251165146,0,0,0.976442588683744,0
M26005_20260321_cell#44,1,0,1,0,0.0242800248368591,0.0249968424137013,1.0295229342498,0.140142997089884,0,0,0.840863972833096,0
M26005_20260321_cell#45,1,1,1,1,0.00980903905910871,0.0121749760295401,1.24119966860917,0,39.8568651128786,0,0.895037749036635,0
M26005_20260321_cell#46,1,1,1,1,0.0364050227350478,0.0467636735088908,1.28453905520764,0,104.322404102397,0,0.824291547734316,0
M26005_20260321_cell#47,1,0,0,0,0.0407366860420148,0.039260892439777,0.963772369683786,1,0,0,0.939786136841918,0
M26005_20260321_cell#48,1,1,1,1,0.049662154485844,0.0508328192041137,1.02357257212035,1.87791893146994e-10,38.3010021345217,0,0.942484454104327,0
M26005_20260321_cell#49,1,1,1,1,0.0378179617384305,0.0437443503852673,1.15670830405475,0,43.6946280104161,0,0.928657767854152,0
M26005_20260321_cell#50,1,0,0,0,0.0735842483633935,0.0716433723429865,0.973623756937463,1,0,0,0.98437801006899,0
M26005_20260321_cell#51,1,1,1,1,0.0158452175592425,0.0171936046226952,1.08509741557106,0.000474823978599548,21.9171939014806,0,0.864222939895304,0
M26005_20260321_cell#52,1,1,1,1,0.0276403976830681,0.0283162347028141,1.02445105991221,1.98150718055956e-10,33.5250748176468,0,1.01998887928566,1
M26005_20260321_cell#53,0,0,0,0,0.0134063199468357,0.0128790780671227,0.960672139572687,1,0,1,0.768748372767579,0
M26005_20260321_cell#54,1,1,1,1,0.0818249068134696,0.101948739693005,1.24593774271457,0,72.7921854248423,0,0.965978787049667,0
M26005_20260321_cell#55,1,1,1,1,0.0476386793291262,0.0569098184737304,1.19461368944659,0,50.172307394095,0,0.895188970392436,0
M26005_20260321_cell#56,1,0,0,0,0.0324459863245703,0.0325622230754777,1.00358246933056,1,0,0,0.951159719975341,0
M26005_20260321_cell#57,1,0,0,0,0.0376725704393499,0.0380699551339782,1.01054838281524,0.544084135400517,0,0,0.852657356330671,0
M26005_20260321_cell#58,0,0,0,0,0.0328063731729163,0.0320920363462882,0.978225669053296,1,0,1,0.998394034133201,0
M26005_20260321_cell#59,1,0,0,0,0.0207386883541,0.0202717887362489,0.977486540620165,1,0,5.08838937651745e-09,0.945126006597785,0
M26005_20260321_cell#60,1,0,0,0,0.115600705170312,0.112697071973121,0.974882218988949,1,0,0,0.960456228753732,0
M26005_20260321_cell#61,1,1,1,1,0.0301813409860874,0.0314375941103633,1.04162350257581,0.000636176032959845,44.0189799653141,0,0.958609731993,0
M26005_20260321_cell#62,0,0,0,0,0.014249051313988,0.0123733420774371,0.868362517951659,1,0,1,0.9868807270226,0
M26005_20260321_cell#63,1,0,0,0,0.0427769417826219,0.0425578769986237,0.994878904969144,0.99999722374473,0,0,1.00539869931062,0
M26005_20260321_cell#64,1,0,0,0,0.0526023887931907,0.0516536546167606,0.981964047675475,1,0,0,0.963416520317357,0
M26005_20260321_cell#65,1,0,0,0,0.00999366553047422,0.0099181307560908,0.992441734801601,1,0,0,0.998241121248929,0
M26005_20260321_cell#66,1,1,1,1,0.0206146483003014,0.0226934976803401,1.1008433105312,1.07593761788927e-07,30.9821497066474,0,1.01619802519603,1
M26005_20260321_cell#67,1,0,0,0,0.0549966789686683,0.0551174644504599,1.00219623228269,1,0,0,0.91410193000497,0
M26005_20260321_cell#68,1,0,0,0,0.0403745484019051,0.0378011759033125,0.936262506939367,1,0,0,0.942303770920264,0
M26005_20260321_cell#69,0,0,0,0,0.0313571131455889,0.0312506729011873,0.996605547076116,0.999999632134083,0,0.99999938708883,0.93504259521042,0
M26005_20260321_cell#70,1,1,1,1,0.0352892549532674,0.0376372991001052,1.06653708472869,0.000179572295173958,30.2102982540475,0,0.940469210538322,0
M26005_20260321_cell#71,1,0,0,0,0.0475019823799074,0.0466735690874339,0.98256044798619,1,0,0,0.816565597979158,0
M26005_20260321_cell#72,1,1,1,1,0.0632573010649346,0.0775600863827975,1.22610489346014,0,83.5989406762913,0,0.97013177867102,0
M26005_20260321_cell#73,1,0,0,0,0.0418038167592946,0.041231340788024,0.986305653032429,1,0,0,0.915053092291185,0
M26005_20260321_cell#74,1,0,0,0,0.0566230277925198,0.0560720534882142,0.990269430551745,1,0,0,0.994915135000794,0
M26005_20260321_cell#75,1,0,0,0,0.0426475774221022,0.0426466584697722,0.999978452414287,0.198948322943045,0,0,0.969728524433652,0
M26005_20260321_cell#76,1,1,1,1,0.0129038501231862,0.0134893846228568,1.04537672819204,7.25619579977632e-08,21.4878309088088,0,0.807778528378511,0
M26005_20260321_cell#77,1,0,0,0,0.00358196654839304,0.00339194992081792,0.946951869871491,1,0,0,0.908828412213788,0
M26005_20260321_cell#78,1,1,1,1,0.0393493296859311,0.0430526973809604,1.09411514057769,0,32.1193377138914,0,0.9837952106459,0
M26005_20260321_cell#79,1,0,0,0,0.063182065183507,0.0608720118790953,0.963438148188061,1,0,0,0.983255032457392,0
M26005_20260321_cell#80,0,0,0,0,0.0145992729489068,0.0136440953547836,0.934573619010619,1,0,1,0.686470365799286,0
M26005_20260321_cell#81,1,1,1,1,0.0703461056880391,0.0748481063804754,1.063997866668,0,34.6047154356196,0,1.00106115463742,0
M26005_20260321_cell#82,1,1,1,1,0.092509914523897,0.095445439066234,1.03173199929375,0,40.206923830235,0,0.975372680808468,0
M26005_20260321_cell#83,1,0,0,0,0.0449098346053586,0.0445184891583296,0.991285974431483,1,0,0,0.995126814136574,0
M26005_20260321_cell#84,1,0,0,0,0.0335504867845719,0.0332247078000009,0.990289887992899,1,0,0,0.941995616120192,0
M26005_20260321_cell#85,1,1,1,1,0.0379804571156692,0.040090520157817,1.05555654677145,0,19.9795153755691,0,0.950677317840458,0
M26005_20260321_cell#86,1,1,1,1,0.0203189722028203,0.0221091952056569,1.08810598218094,3.50494790746225e-07,22.2816517573999,0,0.98471729256368,0
M26005_20260321_cell#87,1,1,1,1,0.0157402859635549,0.0165030610029665,1.04846004965715,1.53416331583056e-06,20.2086418734185,0,0.909353399868363,0
M26005_20260321_cell#88,1,0,0,0,0.0150956829446591,0.013876946706147,0.91926590913574,1,0,0,0.819919865676246,0
M26005_20260321_cell#89,1,1,1,1,0.0206502156870528,0.0246690712317966,1.19461566918468,0,54.062035075543,0,0.996048232881387,0
M26005_20260321_cell#90,1,1,1,1,0.0647084206059375,0.0705560443525259,1.09036882204558,0,48.1341790113736,0,0.955869275204443,0
M26005_20260321_cell#91,1,1,1,1,0.0312333493838987,0.041190727951636,1.31880598027922,0,90.8743600067394,0,0.966709316183277,0
M26005_20260321_cell#92,1,1,1,1,0.0844014816121631,0.0964915637439654,1.1432449040096,0,62.4048277359774,0,1.01150748594849,0
M26005_20260321_cell#93,1,0,0,0,0.0752744183208738,0.0741475167038921,0.985029421121821,1,0,0,0.980899941373196,0
M26005_20260321_cell#94,1,0,0,0,0.022439969381804,0.0226367696582318,1.00877007776077,1,0,0,0.991356460326308,0
M26005_20260321_cell#95,1,0,0,0,0.026382979133124,0.0267200886973488,1.0127775397359,0.998117606929824,0,0,0.953891227246083,0
M26005_20260321_cell#96,1,0,0,0,0.0233014612831356,0.0230784659397129,0.990429984595683,1,0,4.71511718558304e-13,0.959664903901479,0
M26005_20260321_cell#97,1,1,1,1,0.0435628903889311,0.0460442180987911,1.05695966653513,0,23.194724465264,0,0.994161300314195,0
M26005_20260321_cell#98,1,1,1,1,0.0872387022911847,0.100126199417715,1.14772683210618,0,88.9263525441793,0,0.9868453126871,0
M26005_20260321_cell#99,1,1,1,1,0.0184150300388141,0.0213963355275753,1.16189522810864,0,41.0408327305516,0,0.876975872426039,0
M26005_20260321_cell#100,1,0,0,0,0.0236868664986895,0.0229042041343635,0.966957961097587,1,0,1.33226762955019e-15,0.879828486107375,0
M26005_20260321_cell#101,1,1,1,1,0.0200713918778533,0.0210874482581214,1.05062211860799,4.06490030475659e-05,23.7983289620354,0,0.878802626899687,0
M26005_20260321_cell#102,1,1,1,1,0.026030762291846,0.0326621405731634,1.2547515976278,0,49.5738149851555,0,0.965357554552856,0
M26005_20260321_cell#103,1,0,0,0,0.042944074997705,0.0433031089993678,1.00836050145875,0.119574839040265,0,0,0.985655777968943,0
M26005_20260321_cell#104,1,1,1,1,0.0570430908038459,0.0605552973402643,1.06157111206501,0,47.3668847086737,0,0.948178959146414,0
M26005_20260321_cell#105,1,0,0,0,0.0545972308182285,0.0548380960224565,1.00441167437649,1,0,0,0.984879592410073,0
M26005_20260321_cell#106,1,1,1,1,0.0197211233383652,0.0212783426358012,1.07896199778877,4.02964941415007e-08,59.4442776680902,0,0.997853460802878,0
M26005_20260321_cell#107,1,0,1,0,0.0220123267307672,0.022482050827809,1.02133913887373,0.119128634743037,0,0,0.958973571115098,0
M26005_20260321_cell#108,1,1,1,1,0.0386955884421976,0.0400925031131315,1.03610010151469,5.64398145447287e-05,14.860776108643,0,1.01623567625602,1
M26005_20260321_cell#109,1,0,0,0,0.00547716957544805,0.00519638573327539,0.948735594488201,1,0,0,0.789176593977809,0
M26005_20260321_cell#110,1,0,0,0,0.0181761828759451,0.0162548889881896,0.89429607410596,1,0,5.80031578323315e-09,0.970694436129728,0
M26005_20260321_cell#111,1,1,1,1,0.0202187331073646,0.0227122501198049,1.12332706501438,0,35.0654298375913,0,0.870964145022853,0
M26005_20260321_cell#112,0,0,0,0,0.00692175015576217,0.00648698163855741,0.937188065529521,1,0,0.99999605176032,0.928394972267023,0
M26005_20260321_cell#113,1,0,0,0,0.0454508588052889,0.0451841358453535,0.994131618918841,1,0,3.42291639476855e-10,0.980670005076976,0
M26005_20260321_cell#114,1,0,0,0,0.0258973112058494,0.0258975539769382,1.00000937437431,1,0,0,1.0272243831343,1
M26005_20260321_cell#115,1,1,1,1,0.284801544752955,0.290106837637128,1.0186280340887,0,105.404354871174,0,0.996549824361074,0
M26005_20260321_cell#116,1,1,1,1,0.0463770656286726,0.0578568654712806,1.24753182822137,0,72.1885658800798,0,0.983365573038688,0
M26005_20260321_cell#117,1,1,1,1,0.00580607217078774,0.00933340575803305,1.60752492967492,0,37.4496214404014,0,0.848518916019306,0
M26005_20260321_cell#118,1,0,0,0,0.0109457350986365,0.0110967640034468,1.01379796819942,1,0,0,0.643178596063285,0
M26005_20260321_cell#119,1,0,0,0,0.0270112021047577,0.0256352339384254,0.949059350968687,1,0,0,0.96834726776685,0
M26005_20260321_cell#120,1,1,1,1,0.0247224539926805,0.0281000870873486,1.13662208030271,0,31.3367359819181,0,0.846632224428273,0
M26005_20260321_cell#121,1,1,1,1,0.022159402887324,0.023656518624298,1.06756119488357,8.88178419700125e-14,25.4760920573352,0,0.944168483562594,0
M26005_20260321_cell#122,1,1,1,1,0.022608954776123,0.0243005800204383,1.07482102826363,0.0375960176949588,26.5189928837297,0,1.10579285789511,1
M26005_20260321_cell#123,1,1,1,1,0.0305193751595161,0.0342752821997919,1.12306631510785,0,99.5802503107265,0,1.01320401837167,0
M26005_20260321_cell#124,1,1,1,1,0.0434350732458915,0.0458322378345304,1.05518960622141,0,47.3164542278462,0,0.943085929444629,0
M26005_20260321_cell#125,1,0,0,0,0.0517259822352834,0.0518082095652149,1.00158967169647,0.999999961560531,0,0,0.954486803305545,0
M26005_20260321_cell#126,1,1,1,1,0.0234874245582119,0.0258092781029728,1.09885517839584,1.98729921407903e-13,27.3661493609285,0,0.99859645324065,0
M26005_20260321_cell#127,1,1,1,1,0.118638716334664,0.137470076478904,1.1587286235559,0,267.913452880144,0,0.985163980287708,0
M26005_20260321_cell#128,1,1,1,1,0.0399436446975504,0.0416899183197199,1.04371843469448,0,22.9187129692948,0,1.02230045404976,1
M26005_20260321_cell#129,1,0,0,0,0.0261287743227255,0.0255142700648715,0.976481703647329,1,0,1.34336985979644e-14,0.996789304892824,0
M26005_20260321_cell#130,1,1,1,1,0.0203709106680146,0.0240854642759254,1.18234597698881,0.00270880734018342,58.4947214384433,0,0.868210091515911,0
M26005_20260321_cell#131,0,1,1,0,0.00332299373968623,0.0051399130906615,1.54677182483853,4.21527723837301e-07,15.6520894822075,0.326449847165816,NaN,0
M26005_20260321_cell#132,1,0,0,0,0.0321937183407901,0.0308544989394115,0.958401220163442,1,0,0,0.864937863443156,0
M26005_20260321_cell#133,1,0,0,0,0.0494070030264683,0.0490130346109167,0.992026061258145,1,0,0,0.991933244023532,0
M26005_20260321_cell#134,1,1,1,1,0.0370699884829726,0.0419767618545106,1.13236511723741,0,31.8408417875055,0,0.928350785142973,0
M26005_20260321_cell#135,1,1,1,1,0.022623010173673,0.0235172872862367,1.03952953677245,0.0217988399130083,20.3147206056745,0,0.977122066900346,0
M26005_20260321_cell#136,1,0,0,0,0.013241023723092,0.013091088583396,0.988676469219335,1,0,0,0.748580062395941,0
M26005_20260321_cell#137,1,0,0,0,0.0464420648706576,0.0452996475231897,0.975401236989579,1,0,0,0.971562499954293,0
M26005_20260321_cell#138,1,1,1,1,0.0302548978161849,0.0319890779092468,1.05731898694876,7.76767220544983e-08,27.0098190392375,0,0.957072463035724,0
M26005_20260321_cell#139,1,0,0,0,0.0148213575894285,0.0146233037473192,0.986637267138703,1,0,0,0.889140450390146,0
M26005_20260321_cell#140,1,0,0,0,0.0346951427309845,0.034484236172175,0.993921150276139,1,0,0,0.943759825087238,0
M26005_20260321_cell#141,1,0,0,0,0.0266837348187477,0.0256532649341568,0.961382096936935,1,0,0,0.913272747525193,0
M26005_20260321_cell#142,1,0,0,0,0.0845469897084546,0.0822155027061082,0.972423772740033,1,0,0,0.977235059597548,0
M26005_20260321_cell#143,1,0,0,0,0.0392090852865343,0.036125132639366,0.921345968042068,1,0,0,0.814368466217046,0
M26005_20260321_cell#144,1,1,1,1,0.162297176731325,0.17963496958312,1.10682744580638,0,125.41580058629,0,1.00859018466182,0
M26005_20260321_cell#145,1,0,1,0,0.0110103878673606,0.0114954032503619,1.04405070818978,0.999999977867444,0,0,0.98416404610097,0
M26005_20260321_cell#146,1,1,1,1,0.0834584448374527,0.0896125084427454,1.07373805751208,0,57.4617126005665,0,1.00223455493598,0
M26005_20260321_cell#147,1,1,1,1,0.0461239703482359,0.0502168911144411,1.08873739045671,0,38.6916091545667,0,0.941661650820718,0
M26005_20260321_cell#148,1,0,0,0,0.0180775366747734,0.0182431463765711,1.00916107679808,0.99999997813356,0,0,0.798734444681676,0
M26005_20260321_cell#149,1,0,1,0,0.00921098573121346,0.00935037565252956,1.01513300806055,0.999999999987126,0,1.3988810110277e-12,0.804765285941166,0
M26005_20260321_cell#150,1,1,1,1,0.0335946071327947,0.036207607445107,1.07778035033967,0,29.617590604412,0,0.941358955908955,0
M26005_20260321_cell#151,1,0,0,0,0.0304793882083587,0.0295575343319701,0.969754843171826,1,0,0,0.95202304156044,0
M26005_20260321_cell#152,0,0,0,0,0.00702105491457741,0.00654026413046748,0.931521574754857,1,0,1,0.84702891296999,0
M26005_20260321_cell#153,1,1,1,1,0.0108846035156258,0.0127378049104068,1.17025897104295,0,15.4447523881702,0,0.820752440533287,0
M26005_20260321_cell#154,1,0,0,0,0.0470670890964479,0.0458948281229098,0.975093828914383,1,0,0,0.922479197465633,0
M26005_20260321_cell#155,1,1,1,1,0.0305916352795238,0.0327376939495647,1.07015181275639,5.60030244400878e-10,32.690633364962,0,0.970906240523077,0
M26005_20260321_cell#156,1,1,1,1,0.0494576110134156,0.0559585554206165,1.13144477207841,0,23.2326237290392,0,0.991545122538868,0
M26005_20260321_cell#157,1,0,0,0,0.00452819276894317,0.00459433301333682,1.01460632260342,1,0,0.0203602755455525,0.660844847074552,0
M26005_20260321_cell#158,1,1,1,1,0.194042271659538,0.197770588690443,1.01921394240038,0,41.1427193470953,0,0.980216597734503,0
M26005_20260321_cell#159,1,1,1,1,0.0383225682588292,0.0406117093375698,1.05973349863401,0,53.3203940915083,0,0.946020238909629,0
M26005_20260321_cell#160,1,1,1,1,0.0626370046497502,0.0639671278861192,1.02123542215671,1.9475660837931e-05,16.9398845570361,0,0.94253218070107,0
M26005_20260321_cell#161,1,1,1,1,0.0162715419614392,0.0178322906057323,1.09591891462971,1.16728848809089e-12,25.8534183637113,0,0.88464833182595,0
M26005_20260321_cell#162,1,1,1,1,0.027199756690319,0.031478267002523,1.15729958032039,0,24.5478154131805,0,0.950680316301888,0
M26005_20260321_cell#163,1,1,1,1,0.020024495623651,0.0208152715125799,1.03949042731418,0.000278016663733505,27.4290509598527,0,0.904407093174732,0
M26005_20260321_cell#164,1,0,0,0,0.0242197670531214,0.023722094884568,0.97945181853063,0.975499315551419,0,0,0.880913715485538,0
M26005_20260321_cell#165,1,0,0,0,0.0166555594083738,0.016047580693495,0.963496950179104,1,0,0,0.994816538286172,0
M26005_20260321_cell#166,1,0,0,0,0.0557510083763673,0.0548117742631582,0.983153056051139,1,0,0,0.973020721444931,0
M26005_20260321_cell#167,1,0,0,0,0.00312792091959047,0.0031209985425762,0.997786907919918,1,0,0,0.98933653576768,0
M26005_20260321_cell#168,1,0,0,0,0.0608739839848168,0.0586096173304093,0.962802391002166,1,0,0,0.990676416617813,0
M26005_20260321_cell#169,1,1,1,1,0.0185578845768797,0.0230114080661803,1.23998012655219,0,49.2248152245254,0,0.990951485623889,0
M26005_20260321_cell#170,1,1,1,1,0.0470868402604979,0.0505400860269653,1.073337810466,0,15.9578713575766,0,0.846247669207723,0
M26005_20260321_cell#171,0,0,0,0,0.0354834763273132,0.0346521077302304,0.976570260776765,0.999999415610727,0,0.999954520959496,0.986947309560791,0
M26005_20260321_cell#172,0,0,0,0,0.00366894718609344,0.00348673282534418,0.950336063315405,1,0,1,0.530074702850422,0
M26005_20260321_cell#173,1,0,0,0,0.0590356513522075,0.0591243992493897,1.00150329326685,1,0,0,1.04509036669836,1
M26005_20260321_cell#174,1,1,1,1,0.0379230919142222,0.0396280757398002,1.04495898777016,9.9165120559519e-13,18.773331307015,0,0.956811776262126,0
M26005_20260321_cell#175,1,0,0,0,0.0955692411922448,0.0953807951679341,0.998028172851852,1,0,0,0.983192205515453,0
M26005_20260321_cell#176,1,0,0,0,0.0129859569372112,0.0126003692216379,0.970307331416724,1,0,4.74467426692105e-06,0.831094852561667,0
M26005_20260321_cell#177,1,0,0,0,0.0191054382963535,0.0190100377892485,0.99500663080191,1,0,0,0.636327887759815,0
M26005_20260321_cell#178,0,1,1,0,0.015414439606512,0.0172579993900617,1.11959953333438,0,39.392603295413,1,NaN,0
M26005_20260321_cell#179,1,1,1,1,0.0586070203818235,0.0642943399757028,1.09704160963698,0,55.2639703790954,0,0.970351998635129,0
M26005_20260321_cell#180,1,0,0,0,0.0179050682367842,0.0175889802268941,0.982346450417836,1,0,0,0.959657847267049,0
M26005_20260321_cell#181,1,1,1,1,0.0585565023883913,0.0612098738815244,1.04531301196123,0,38.9509918274924,0,1.00803941090141,0
M26005_20260321_cell#182,1,0,0,0,0.0675013169478287,0.0619273192903675,0.917423868014763,1,0,0,0.99198369918449,0
M26005_20260321_cell#183,1,1,1,1,0.0584420071870347,0.0595018132474531,1.01813432001106,0,20.7639043200942,0,0.931984396700237,0
M26005_20260321_cell#184,0,0,1,0,0.0205812766737198,0.0213827547095958,1.03894209521509,0.0571274316879848,0,0,0.969520955665684,0
M26005_20260321_cell#185,1,1,1,1,0.0904081263339267,0.101012835756685,1.11729818825788,0,49.1043288880392,0,0.974642918292583,0
M26005_20260321_cell#186,1,1,1,1,0.0212087579640561,0.023283865246871,1.09784199934441,0,30.4586911892277,0,0.972150890518118,0
M26005_20260321_cell#187,1,1,1,1,0.0132917661593644,0.0152070191445035,1.14409318988731,7.35522753814166e-13,21.8261325892413,0,0.911131478711421,0
M26005_20260321_cell#188,1,0,0,0,0.0211974437169922,0.0207076078395446,0.976891747703761,1,0,0,0.821350677772871,0
M26005_20260321_cell#189,1,1,1,1,0.0364628095507065,0.0441410059395651,1.21057610435041,0,41.1856175568729,0,0.990114806370647,0
M26005_20260321_cell#190,1,0,0,0,0.0138954889503424,0.013636840050936,0.981386124638671,0.416102199987582,0,0,0.850696585596654,0
M26005_20260321_cell#191,0,0,0,0,0.0278895062365498,0.0280972273370228,1.00744800208047,1,0,1,0.946857915560274,0
M26005_20260321_cell#192,1,1,1,1,0.0860040314699699,0.0936292773734945,1.08866149380668,0,102.345201999383,0,1.00028488018625,0
M26005_20260321_cell#193,0,0,0,0,0.00261010096909646,0.00161742538727314,0.619679240927238,1,0,1,0.442708756015644,0
M26005_20260321_cell#194,1,1,1,1,0.0272299269087222,0.0318107381422882,1.16822708518173,0,35.3315407083656,0,0.926200377698214,0
M26005_20260321_cell#195,1,1,1,1,0.0318035392019392,0.0408184850418827,1.28345731532275,0,75.6498725795485,0,0.976895802436532,0
M26005_20260321_cell#196,0,0,0,0,0.00872188371306871,0.0084271509217507,0.966207667860054,1,0,1,0.739659099084904,0
M26005_20260321_cell#197,1,0,0,0,0.0527216070865418,0.0534492364058317,1.01380134938026,0.886437889981262,0,0,0.906903432645005,0
M26005_20260321_cell#198,1,1,1,1,0.0293922296491521,0.0480548911672875,1.63495222175749,0,113.999459688561,0,1.09074128310904,1
M26005_20260321_cell#199,1,1,1,1,0.02729716481067,0.0335022755679383,1.22731704190916,0,49.4302657877751,0,0.911147764140088,0
M26005_20260321_cell#200,0,0,0,0,0.0144804081193049,0.0145510327096545,1.0048772513708,0.999884366625331,0,0.187828131158442,0.793862989693185,0
M26005_20260321_cell#201,1,1,1,1,0.0580722983875197,0.0619153574633131,1.06617714783989,0,47.2443036310097,0,0.99022742666175,0
M26005_20260321_cell#202,1,1,1,1,0.0316306274333827,0.0393600354961729,1.24436467721259,0.000426246866553459,140.176958235686,0,0.99494513060488,0
M26005_20260321_cell#203,1,0,1,0,0.0130869145514355,0.0136419071839616,1.04240821091517,0.999450755786563,0,0,1.00769994878487,0
M26005_20260321_cell#204,1,1,1,1,0.0203125546032462,0.0219716225663305,1.08167697246801,0,30.7794484488242,0,0.996488964070637,0
M26005_20260321_cell#205,1,0,0,0,0.0632329643079371,0.0616318382627919,0.974678934276308,1,0,0,1.0044491778604,0
M26005_20260321_cell#206,1,1,1,1,0.0147905829387145,0.0163527235603246,1.1056172449783,0,23.4791679733166,0,0.90840205786054,0
M26005_20260321_cell#207,1,1,1,1,0.0247839409167728,0.0304117679280937,1.22707554985786,0,71.0637338632725,0,0.939570009628906,0
M26005_20260321_cell#208,1,1,1,1,0.0274827911537433,0.0301907863514584,1.09853421301229,0,24.7587676419482,0,0.906021262404296,0
M26005_20260321_cell#209,1,0,0,0,0.0341541798399992,0.0301421921716186,0.882533040255237,1,0,0,0.970904593122971,0
M26005_20260321_cell#210,1,1,1,1,0.0354451010666503,0.0390727895661694,1.10234668234399,0.0184516162659589,22.6354123291663,0,0.984150538221279,0
M26005_20260321_cell#211,1,1,1,1,0.052615790478589,0.0536717632572842,1.020069503263,0,23.2412083470269,0,0.985289245078872,0
M26005_20260321_cell#212,1,1,1,1,0.0287818407979783,0.0311294496035621,1.08156562403572,0,30.8670291899982,0,0.945213093587917,0
M26005_20260321_cell#213,1,0,0,0,0.0105762978305841,0.0105602629706897,0.998483887258917,1,0,0,0.880858804517499,0
M26005_20260321_cell#214,1,1,1,1,0.0380919583756805,0.0435095088098621,1.14222294324569,0,60.3288334179822,0,0.905515934028742,0
M26005_20260321_cell#215,1,0,0,0,0.0347202783211882,0.0350752078603559,1.01022254303046,1,0,0,0.907500905302126,0
M26005_20260321_cell#216,1,1,1,1,0.0328178370581092,0.0422388340096079,1.28706940481231,0,41.1190330296119,0,0.969361917898091,0
M26005_20260321_cell#217,1,0,0,0,0.0533173028418237,0.0533838343138184,1.00124784016536,0.0673732597812015,0,0,0.974045541208291,0
M26005_20260321_cell#218,1,1,1,1,0.0420507485552798,0.0457077987527047,1.08696754096107,0,33.809764839072,0,0.978187303146001,0
M26005_20260321_cell#219,1,1,1,1,0.0206350891280546,0.0223482666541125,1.08302254065521,6.22755252810414e-07,34.7301479010177,0,0.912486801168334,0
M26005_20260321_cell#220,1,1,1,1,0.0198854103926017,0.0215244939471943,1.08242643839035,2.09776640502923e-12,19.7146158222047,0,0.948449214292484,0
M26005_20260321_cell#221,1,1,1,1,0.0929192280415441,0.104139834360734,1.12075655981745,0,58.8951965691573,0,0.991533355321276,0
M26005_20260321_cell#222,1,0,0,0,0.0480425032818077,0.0486317535967868,1.01226518758864,0.960373054139419,0,0,0.878989456005856,0
M26005_20260321_cell#223,1,0,0,0,0.0252104233573441,0.0246545807581946,0.977951873664686,1,0,0,0.958431198178987,0
M26005_20260321_cell#224,0,0,0,0,0.0234217409000658,0.0230932820204141,0.985976325113783,1,0,0.849865799496437,0.953187339381395,0
M26005_20260321_cell#225,1,1,0,0,0.0747699080260941,0.0758736046002778,1.0147612402278,0,62.4424802070849,0,NaN,0
M26005_20260321_cell#226,1,0,0,0,0.0283034571015726,0.028660321524265,1.01260851002801,1,0,0,0.996153714942491,0
M26005_20260321_cell#227,1,1,1,1,0.105071404631421,0.129700947454556,1.23440766695309,0,44.831939667004,0,0.970268163498896,0
M26005_20260321_cell#228,1,1,1,1,0.0487475841721427,0.049485583545311,1.01513919891009,1.11022302462516e-16,29.8963705614086,0,0.995081182229234,0
M26005_20260321_cell#229,1,1,1,1,0.0325713607697666,0.0535369255240117,1.64368095955345,0,136.022811192261,0,0.943992371729919,0
M26005_20260321_cell#230,1,0,0,0,0.0458466232916116,0.0464710678008373,1.01362029445994,0.222626684959367,0,0,0.980332384367351,0
M26005_20260321_cell#231,1,0,0,0,0.0583281891279686,0.0570686891086747,0.978406666859987,1,0,0,0.989748768727384,0
M26005_20260321_cell#232,1,1,1,1,0.0262956652554256,0.0284707125070658,1.08271504943924,0,22.8927906060838,0,0.984147187736259,0
M26005_20260321_cell#233,1,1,1,1,0.0408735668015167,0.0448629599243156,1.09760325400941,0,21.9792575511149,0,0.978990283243679,0
M26005_20260321_cell#234,1,1,1,1,0.0179037529427205,0.0186290049640928,1.04050837965049,1.65695882357042e-05,23.4879629626916,0,0.928672950259799,0
M26005_20260321_cell#235,1,1,1,1,0.0227577256889456,0.0254667196139953,1.11903623244592,2.05250622020703e-06,78.4694688986349,0,0.969260244609736,0
M26005_20260321_cell#236,1,1,1,1,0.0148126596868226,0.0169515305444507,1.14439478816427,0,17.0647305389903,0,0.937741460898034,0
M26005_20260321_cell#237,1,1,1,1,0.0130917111163152,0.0166958367289315,1.27529828458595,0,21.1585397543788,0,1.05749848647838,1
M26005_20260321_cell#238,1,0,0,0,0.0207288573323061,0.0197393989796172,0.952266623440608,1,0,0,0.944411820996209,0
M26005_20260321_cell#239,1,1,1,1,0.0115125290662263,0.015861516548615,1.37776125969984,0,42.3326545354114,0,0.796655852722738,0
M26005_20260321_cell#240,1,0,0,0,0.00915141703144316,0.00917502981482845,1.00258023247156,1,0,0,0.828528207505941,0
M26005_20260321_cell#241,1,0,0,0,0.00698854972312888,0.00677045446288144,0.968792486440264,1,0,0.00343672292075881,0.934637961988268,0
M26005_20260321_cell#242,0,0,0,0,0.00335109051474178,0.00331096084882517,0.988024893466747,1,0,1,0.936119727001774,0
M26005_20260321_cell#243,1,1,1,1,0.0180429211241704,0.0216278498647446,1.19868893267908,0,27.6165287524813,0,0.980729387639781,0
M26005_20260321_cell#244,1,0,0,0,0.0219783392409236,0.0216199023049334,0.983691354835273,1,0,0,1.01102703737152,0
M26005_20260321_cell#245,1,0,0,0,0.0250062125437233,0.0237412327155276,0.949413377736278,1,0,0,0.974610451075906,0
M26005_20260321_cell#246,1,1,1,1,0.367900247039898,0.37985473956219,1.03249384206311,0,111.708905141878,0,0.993516461878174,0
M26005_20260321_cell#247,1,0,1,0,0.0275293342550725,0.0284693504411034,1.03414598323814,0.99999997850733,0,0,0.80613974080862,0
M26005_20260321_cell#248,1,0,0,0,0.0247306673025169,0.0228166433173576,0.922605243047181,1,0,0,0.968101601470504,0
M26005_20260321_cell#249,1,1,1,1,0.0416440195416363,0.0448781724120579,1.07766188052976,0,19.3094095271362,0,0.921838450633506,0
M26005_20260321_cell#250,1,1,1,1,0.030448643446975,0.0344633044944677,1.13185024332805,0,29.7410018322664,0,0.967026841493431,0
M26005_20260321_cell#251,1,1,1,1,0.0132347990979986,0.0154118053906297,1.16449107209797,0,39.917658576917,0,0.818402300534748,0
M26005_20260321_cell#252,1,1,1,1,0.0370315203057486,0.0399577192641005,1.07901914191456,0,37.4025557231262,0,0.988631515491791,0
M26005_20260321_cell#253,1,1,1,1,0.0327652193829174,0.0426360441775687,1.30125923099412,0,80.9830712280932,0,0.981330280908881,0
M26005_20260321_cell#254,1,1,1,1,0.0294108279869975,0.0308676037675477,1.04953195405428,0.0359087080981545,26.469543286021,0,0.901051517638128,0
M26005_20260321_cell#255,1,1,1,1,0.0359119545035369,0.0404115491865071,1.12529517663894,0,26.5684858780485,0,0.962421447008545,0
M26005_20260321_cell#256,1,0,0,0,0.0450778952214572,0.0446774119824575,0.991115751145164,1,0,0,0.987846174663953,0
M26005_20260321_cell#257,1,1,1,1,0.0671965848332021,0.0720754926906112,1.0726064854266,0,37.2469657841202,0,1.05791778343474,1
M26005_20260321_cell#258,1,0,1,0,0.0169192853873747,0.0172034964699812,1.01679805477001,0.990720415757891,0,0,0.645202413370103,0
M26005_20260321_cell#259,1,0,0,0,0.0359364620097953,0.0353526081175785,0.983753161564495,1,0,0,0.95739295802397,0
M26005_20260321_cell#260,1,1,1,1,0.040265497507045,0.042429893258796,1.05375311087048,0,20.0531916162248,0,0.981590884378052,0
M26005_20260321_cell#261,1,1,1,1,0.0178903852397729,0.0403504231818623,2.25542505882755,0.0253749446804572,43.818993326255,0,1.13162528600079,1
M26005_20260321_cell#262,0,0,1,0,0.000700688535063493,0.000766225262549882,1.09353189642307,1,NaN,2.4980018054066e-14,0.923471590528084,0
M26005_20260321_cell#263,1,0,0,0,0.0676219282933318,0.0671521940238958,0.993053521523397,1,0,0,0.994190616438622,0
M26005_20260321_cell#264,1,1,1,1,0.0906394257531046,0.102649631984544,1.13250532129533,0,94.0667795483852,0,1.00110169410136,0
M26005_20260321_cell#265,1,1,1,1,0.0447550423718699,0.0500139194602744,1.11750356629558,0,40.5975699463895,0,0.996494943100916,0
M26005_20260321_cell#266,1,0,0,0,0.0362810492840473,0.0353301156965953,0.973789799186701,1,0,0,0.968604874815092,0
M26005_20260321_cell#267,1,0,0,0,0.0150884760689839,0.0148045689813686,0.981183846114264,1,0,0,0.87670023058665,0
M26005_20260321_cell#268,1,0,0,0,0.060182015046582,0.0558923811972352,0.928722329320037,1,0,0,0.953459906577577,0
M26005_20260321_cell#269,1,0,0,0,0.0291155061473464,0.0287593065539769,0.987765983130541,1,0,0,0.707440760053135,0
M26005_20260321_cell#270,1,0,0,0,0.0138228408507874,0.0137103968310954,0.99186534657341,1,0,0,0.925166770897904,0
M26005_20260321_cell#271,1,1,1,1,0.016251884572508,0.0279610974562602,1.72048338957315,0,54.8460046591085,0,0.944359746200675,0
M26005_20260321_cell#272,1,1,1,1,0.0291904556590185,0.0345537198234695,1.18373348559888,0,42.7828628208838,0,0.9671893087826,0
M26005_20260321_cell#273,1,1,1,1,0.215590822434816,0.230352274107157,1.06846975908172,0,35.9902199597407,0,0.994754605316292,0
M26005_20260321_cell#274,1,0,0,0,0.0223140072809288,0.021268787539053,0.953158582019055,1,0,0,0.78887396868707,0
M26005_20260321_cell#275,1,1,1,1,0.0334561022228324,0.036257630797512,1.08373744664039,0,22.5951813993557,0,0.978497191374078,0
M26005_20260321_cell#276,1,1,1,1,0.0564173698552289,0.0719588536300184,1.27547338372331,0,71.1322275237082,0,0.972578867456133,0
M26005_20260321_cell#277,1,0,0,0,0.0161875788342567,0.0149847894289668,0.92569676925715,1,0,0,1.08196403938406,1
M26005_20260321_cell#278,1,1,1,1,0.0264949680895658,0.0348797209143232,1.31646585858918,0,82.4628083680094,0,0.95862013023248,0
M26005_20260321_cell#279,1,1,1,1,0.0258892602684386,0.0339179227559635,1.31011556159882,0,92.5753212819596,0,0.948369694850868,0
M26005_20260321_cell#280,1,1,1,1,0.0415606338172428,0.0478638563491749,1.15166329174983,0,36.456705836769,0,0.985742912052205,0
M26005_20260321_cell#281,1,0,0,0,0.0417176375188862,0.0407027443142635,0.975672323147176,1,0,0,0.888868632150525,0
M26005_20260321_cell#282,1,0,0,0,0.069863624395418,0.0676834416473532,0.9687937354105,1,0,0,0.992429663318175,0
M26005_20260321_cell#283,1,1,1,1,0.0435477863686826,0.0459246814945736,1.05458130766436,0,19.8634408037596,0,0.89102576766349,0
M26005_20260321_cell#284,1,0,1,0,0.00204523937711297,0.00231582549804752,1.13230046514971,0.93120817426112,0,0.00346649687286771,0.737350569139968,0
M26005_20260321_cell#285,1,0,0,0,0.0277646402663938,0.0271766865186905,0.978823649719137,1,0,0,0.960620086200727,0
M26005_20260321_cell#286,1,1,1,1,0.0271982647330716,0.0281148587464635,1.03370045928987,0,38.923367438863,3.26286797580622e-08,0.849875400859423,0
M26005_20260321_cell#287,1,0,1,0,0.0124951822945951,0.0127214653550626,1.0181096245843,0.999699568679306,0,0,0.957249170542573,0
M26005_20260321_cell#288,1,0,0,0,0.0481669266123079,0.046591329002125,0.967288807466069,1,0,0,0.970174215337679,0
M26005_20260321_cell#289,1,0,0,0,0.0214906335566498,0.0216444824434191,1.00715888093125,0.999997257713011,0,0.000198455423126354,0.919141574148574,0
M26005_20260321_cell#290,1,1,1,1,0.0177499839369924,0.0191664319774166,1.07979996181699,1.07014750172496e-07,38.4504571758394,0,0.842512126923113,0
M26005_20260321_cell#291,1,0,0,0,0.0523961917020328,0.0518557920750138,0.989686280443966,0.730305803777858,0,0,0.971223219872348,0
M26005_20260321_cell#292,1,1,1,1,0.0431785667135463,0.0478913921206831,1.1091473331758,0,48.7435875813395,0,0.890477334105181,0
M26005_20260321_cell#293,0,0,0,0,0.0331106991333662,0.0312118220661056,0.942650650183731,1,0,1,0.919474635867089,0
M26005_20260321_cell#294,1,0,0,0,0.0544901601575159,0.0552660856945767,1.01423973676748,1,0,0,1.00442267900916,0
M26005_20260321_cell#295,1,1,1,1,0.0300623228269211,0.0382032432766127,1.27080144460432,0,28.7623705711825,0,0.875746615060364,0
M26005_20260321_cell#296,1,1,1,1,0.0600747778053061,0.0614198506827406,1.02238997673522,0.0265890004918626,17.1356307341718,0,0.956715135925883,0
M26005_20260321_cell#297,1,0,0,0,0.0565356515807844,0.052657747703205,0.931407814907055,1,0,0,0.933854644063105,0
M26005_20260321_cell#298,1,0,0,0,0.0106229691720318,0.0104633522073347,0.984974354899064,1,0,0,0.549452440032513,0
M26005_20260321_cell#299,1,1,1,1,0.0489928925945939,0.0517449444751775,1.05617247185946,0,35.6072445331863,0,0.940547322880583,0
M26005_20260321_cell#300,1,1,1,1,0.020318275066172,0.0225168118352071,1.10820489248595,2.647881913731e-13,24.2651996661403,0,0.808029565082595,0
M26005_20260321_cell#301,1,1,1,1,0.0350651730891991,0.0405023785029483,1.15505999071837,0,84.0049744187646,0,0.972551222725293,0
M26005_20260321_cell#302,1,0,0,0,0.0292607748093975,0.029109905691101,0.994843980746262,1,0,0,0.937908983362698,0
M26005_20260321_cell#303,1,1,1,1,0.0377263043452393,0.0403164363497117,1.06865586357915,0,43.9585966437715,0,0.922331422291067,0
M26005_20260321_cell#304,1,1,1,1,0.114616973830281,0.15276124234911,1.33279772833045,0,261.064512033057,0,1.01828332270734,1
M26005_20260321_cell#305,1,1,1,1,0.0346998075382716,0.0376604777188781,1.0853223804582,0,30.1896589355312,0,0.958435288225777,0
M26005_20260321_cell#306,1,1,1,1,0.0244549893659739,0.029953478509909,1.2248411995462,0,34.630578540436,0,1.01201328109583,0
M26005_20260321_cell#307,1,0,1,0,0.00298422793881843,0.00340228409246556,1.14008854625651,0.639572711108075,0,3.10862446895044e-15,1.06142682621624,0
M26005_20260321_cell#308,1,1,1,1,0.0489543775111645,0.0520353882473171,1.06293636836563,0,42.5636976724448,0,0.956094946957829,0
M26005_20260321_cell#309,1,0,0,0,0.0840629421780187,0.0826152533510206,0.982778513462777,1,0,0,0.970546611394424,0
M26005_20260321_cell#310,0,0,0,0,0.0235003327707459,0.0234938214248428,0.999722925374435,0.99992894477614,0,0.999999999997616,0.854182118726439,0
M26005_20260321_cell#311,1,1,1,1,0.0285606383525873,0.030936420664553,1.08318379591647,0,37.8852583204838,0,0.900806283067537,0
M26005_20260321_cell#312,1,1,1,1,0.0633277239091499,0.0753211923524683,1.1893873283765,0,80.0442109227863,0,0.964061385245861,0
M26005_20260321_cell#313,1,0,0,0,0.0424324954735138,0.0400498749231102,0.94384915325353,1,0,4.52041468146369e-06,0.97063085678373,0
M26005_20260321_cell#314,1,1,1,1,0.0154435934133563,0.0175013843223678,1.13324560249248,9.68230229325684e-09,22.5296386087929,0,0.927679566426814,0
M26005_20260321_cell#315,1,0,0,0,0.0480167937233751,0.0476628513725626,0.992628779987861,0.507933703058134,0,0,0.86225925145376,0
M26005_20260321_cell#316,0,0,0,0,0.0372323276380189,0.0360093546080467,0.967152925762198,1,0,1,0.843019165484469,0
M26005_20260321_cell#317,1,0,0,0,0.0198203337084499,0.0194828283097525,0.982971760028765,1,0,0,0.947578685697188,0
M26005_20260321_cell#318,1,1,1,1,0.0280108592783073,0.0314088924297193,1.12131127851703,0,24.2141187314048,0,0.922209287420708,0
M26005_20260321_cell#319,1,1,1,1,0.0176249325682823,0.0274191594196593,1.55570294033366,0,97.6776996513739,0,1.02642158257796,1
M26005_20260321_cell#320,1,0,0,0,0.019050202186596,0.0180505437443414,0.947525048161538,1,0,0,0.987314391051863,0
M26005_20260321_cell#321,1,0,0,0,0.0459093791950036,0.045978998759909,1.00151645624764,1,0,0,0.972280649919223,0
M26005_20260321_cell#322,1,0,0,0,0.0244198019611445,0.0240064842747883,0.983074486557514,1,0,0,0.906495805845552,0
M26005_20260321_cell#323,1,1,1,1,0.0456055737956933,0.0473934993975367,1.0392041027672,1.50908957552431e-07,37.458694344279,0,0.967606884485221,0
M26005_20260321_cell#324,1,1,1,1,0.0330496656213836,0.0353921703948743,1.07087831992996,0,42.359932372919,0,0.989193275466208,0
M26005_20260321_cell#325,1,1,1,1,0.0179925550642637,0.0228928228858493,1.27234974710836,0,48.7719323945475,0,0.908541799299108,0
M26005_20260321_cell#326,0,0,0,0,0.0187078433596787,0.0177905687980254,0.95096844975566,1,0,1,0.949665786297852,0
M26005_20260321_cell#327,1,1,1,1,0.0871758035866766,0.116370074153978,1.33488960658991,0,157.880169992012,0,1.02105435342271,1
M26005_20260321_cell#328,1,0,0,0,0.0539519364915041,0.0523570846814543,0.970439396363447,1,0,0,0.96674976127335,0
M26005_20260321_cell#329,0,0,0,0,0.0324916998720852,0.0320280170322308,0.985729191095578,1,0,0.202288844856796,0.966488452498539,0
M26005_20260321_cell#330,1,0,0,0,0.0331334423399289,0.0323404175399971,0.97606572864371,1,0,0,0.895537132816221,0
M26005_20260321_cell#331,1,1,1,1,0.0356849982208137,0.037046776714681,1.03816109182466,0,37.0286411304974,0,0.948136060975003,0
M26005_20260321_cell#332,1,0,0,0,0.0544324612287746,0.0523910247665744,0.962495973613609,1,0,0,0.9604769243015,0
M26005_20260321_cell#333,1,0,0,0,0.0427867676449608,0.0417127224115907,0.974897724402031,1,0,0,0.968060750313016,0
M26005_20260321_cell#334,1,0,1,0,0.00448994985039031,0.00475661712209084,1.0593920379038,1,0,0,0.881527488939889,0
M26005_20260321_cell#335,1,0,0,0,0.022618395750836,0.0221899760003583,0.98105879147234,1,0,1.33226762955019e-15,0.815752758463421,0
M26005_20260321_cell#336,1,1,1,1,0.0646445657656796,0.0705947830665246,1.09204512754271,0,50.2966554033252,0,1.00092254500104,0
M26005_20260321_cell#337,1,1,1,1,0.113604755462496,0.117019485447775,1.03005798455687,0,41.0588464640897,0,0.968990016614235,0
M26005_20260321_cell#338,1,0,0,0,0.0169672732952966,0.017164819927448,1.01164280369116,1,0,0,0.849129086677304,0
M26005_20260321_cell#339,1,1,1,1,0.0147273079021871,0.0168486684782978,1.14404265804721,0,25.0850769039985,0,0.979821442727004,0
M26005_20260321_cell#340,1,0,0,0,0.0491405429127565,0.0473009274287348,0.962564201065347,1,0,0,0.916448289037761,0
M26005_20260321_cell#341,1,0,0,0,0.0136859309323389,0.0135728026357385,0.991733971392985,1,0,0,0.830690236206559,0
M26005_20260321_cell#342,1,1,1,1,0.0235357423249183,0.0248433999106391,1.05556049890707,0,22.6982981705494,0,0.949526430310764,0
M26005_20260321_cell#343,1,1,1,1,0.0146156654579921,0.0205572167647491,1.4065193831806,0,52.8767201164098,0,1.01815345387904,1
M26005_20260321_cell#344,1,1,1,1,0.0521395597870497,0.0573954083236536,1.10080346972759,0,37.0675697855402,0,0.957729868501024,0
M26005_20260321_cell#345,1,1,1,1,0.0412191669398211,0.0483331921952928,1.17259022400569,0,66.8320934538426,0,0.970473716219873,0
M26005_20260321_cell#346,1,1,1,1,0.139652279720427,0.161737477102961,1.15814419518784,0,47.4553378012388,0,0.99133702882044,0
M26005_20260321_cell#347,1,1,1,1,0.0589709915552951,0.0674195690577484,1.14326666857096,0,46.0543797177524,0,1.02883262548164,1
M26005_20260321_cell#348,1,0,0,0,0.0327966474224927,0.0323023046843071,0.98492703440637,0.988049434160461,0,0,0.999722425173724,0
M26005_20260321_cell#349,1,0,0,0,0.024173428393423,0.0222668876498225,0.921130726160497,1,0,7.50932649395963e-12,0.979403234978691,0
M26005_20260321_cell#350,1,0,0,0,0.0118306279020608,0.0101263213564466,0.855941158852831,1,0,0,0.77211852087828,0
M26005_20260321_cell#351,1,1,1,1,0.021623509149103,0.024247957895845,1.12137015914694,0,72.5282054956038,0,0.886152494914062,0
M26005_20260321_cell#352,1,1,1,1,0.0251926921614957,0.0293571530750771,1.16530432265379,0,29.2873410776875,0,0.918036576162294,0
M26005_20260321_cell#353,1,1,1,1,0.0449936591259937,0.0474384850890318,1.05433712239745,0,96.4964518778922,0,0.986193042628067,0
M26005_20260321_cell#354,1,1,1,1,0.0632168563467792,0.0658073949525089,1.0409786053188,0,32.4307355655732,0,0.96946638741062,0
M26005_20260321_cell#355,1,1,1,1,0.0214760513690835,0.0248101048773168,1.15524518222344,0,41.8515446084486,0,0.841807506843748,0
M26005_20260321_cell#356,1,1,1,1,0.0309006073916833,0.0323428264484794,1.04667283844991,0,42.7810684280034,0,0.872235437502811,0
M26005_20260321_cell#357,1,0,0,0,0.0271038608843034,0.0266176419156139,0.982060896387974,0.999999999999997,0,0,0.944392599920241,0
M26005_20260321_cell#358,1,1,1,1,0.0488972320507535,0.0601360795481006,1.22984629243802,0,84.7208409313661,0,0.989402393606608,0
M26005_20260321_cell#359,1,1,1,1,0.00841117824668401,0.00991054161410935,1.17825842271461,0,26.7770013199492,0,0.876040076672648,0
M26005_20260321_cell#360,1,1,1,1,0.0126155734179287,0.0162395866921206,1.28726504568089,0,40.3011091965695,0,0.928350412743343,0
M26005_20260321_cell#361,1,0,0,0,0.0562518544638777,0.0550019445162653,0.977780111259888,1,0,0,0.924095902053236,0
M26005_20260321_cell#362,1,1,1,1,0.0900467836137163,0.0950566750633323,1.05563653968039,0,93.4080267403674,0,0.985208020809149,0
M26005_20260321_cell#363,1,1,1,1,0.0521816565655745,0.0535820296100134,1.02683650034527,1.85407245112401e-14,45.9384368319787,0,0.986728405097603,0
M26005_20260321_cell#364,1,0,1,0,0.0243560979627085,0.0247611128136,1.01662888905734,0.968343675492588,0,0,0.9729735281737,0
M26005_20260321_cell#365,1,1,1,1,0.140720249077094,0.156781005076643,1.11413251543316,0,123.895903318504,0,0.995418870188503,0
M26005_20260321_cell#366,1,1,1,1,0.0233674635562106,0.024807192349312,1.06161254042991,3.38618022510673e-13,26.6593341135521,0,0.910209399082224,0
M26005_20260321_cell#367,1,0,0,0,0.0206008486704048,0.0199873944914223,0.970221897709304,1,0,0,0.978840624545084,0
M26005_20260321_cell#368,1,1,1,1,0.0112666994551484,0.0144971499265361,1.28672553876561,0,19.2565004584211,0,0.955666650297437,0
M26005_20260321_cell#369,1,1,1,1,0.125956012445324,0.143338846732925,1.13800718163531,0,88.9951915816515,0,0.996009364085591,0
M26005_20260321_cell#370,1,0,0,0,0.0349326176722812,0.0345319957744529,0.988531580954319,1,0,0,0.9555900986853,0
M26005_20260321_cell#371,1,0,0,0,0.028682458720806,0.028110447589941,0.980057109593256,1,0,0,0.928404036467733,0
M26005_20260321_cell#372,1,0,0,0,0.0370760816854104,0.0362858451403853,0.978686082533473,1,0,0,0.852870266561823,0
M26005_20260321_cell#373,1,0,1,0,0.00832916535730349,0.00935866017037761,1.12360119758835,0.622774013324315,0,3.44169137633799e-15,0.441753589798031,0
M26005_20260321_cell#374,1,1,1,1,0.0509436590824416,0.0543927422263248,1.06770387534004,0,23.7720774530547,0,0.951772505872084,0
M26005_20260321_cell#375,1,0,0,0,0.0135237267434006,0.0127683103747014,0.944141405469622,1,0,0,0.91285425125774,0
M26005_20260321_cell#376,1,0,0,0,0.0323041136590549,0.0315351558375878,0.976196287891294,1,0,0,0.931841597006103,0
M26005_20260321_cell#377,1,0,0,0,0.0456425324579324,0.0424483897510951,0.930018284814032,1,0,0,0.974293893675421,0
M26005_20260321_cell#378,1,1,1,1,0.0180368716904165,0.0265606474026677,1.47257505949772,0,54.6212438921442,0,0.912716881290671,0
M26005_20260321_cell#379,1,0,0,0,0.0242137528888316,0.0230817326448513,0.953248872689108,1,0,0,0.882418825162,0
M26005_20260321_cell#380,1,1,1,1,0.0311113020301278,0.0323563537211732,1.04001927305517,9.2148511043888e-15,20.9152042128036,0,0.949982242814112,0
M26005_20260321_cell#381,1,0,0,0,0.0371912845376438,0.0364724060815218,0.980670781742041,1,0,0,0.96370984600861,0
M26005_20260321_cell#382,1,1,1,1,0.0395234874395758,0.0404204492232291,1.02269439874264,6.61209255514716e-06,17.7320745629487,0,0.996757677737337,0
M26005_20260321_cell#383,1,1,1,1,0.0490153417191762,0.0538795643151547,1.09923877760247,0,48.7375227375295,0,0.823610692571658,0
M26005_20260321_cell#384,1,0,0,0,0.0103776357988445,0.0102615085874169,0.988809858653891,1,0,0.000426666588816627,0.781483957996598,0
M26005_20260321_cell#385,1,1,1,1,0.0446143901838884,0.0501903978712596,1.12498226837548,0,45.2496051298372,0,0.964386966301269,0
M26005_20260321_cell#386,1,0,0,0,0.0298118272175702,0.0297811483568191,0.998970916457848,1,0,0,0.991989931628576,0
M26005_20260321_cell#387,1,0,0,0,0.0472593975910453,0.0463062671061577,0.979831937488171,1,0,0,0.988815314442052,0
M26005_20260321_cell#388,1,0,0,0,0.0306483959479677,0.0282228883904888,0.920860212012507,1,0,0,0.897692051400426,0
M26005_20260321_cell#389,1,1,1,1,0.0356174935970201,0.0420218249606078,1.17980859170067,0,39.3770428093706,0,0.917713301427882,0
M26005_20260321_cell#390,1,1,1,1,0.0258260819293008,0.0357859024972448,1.38564969301999,0,55.5919413575185,0,0.832078295576336,0
M26005_20260321_cell#391,1,1,1,1,0.166229308470533,0.176452656049922,1.06150147452007,0,68.5252027428788,0,0.989599625173615,0
M26005_20260321_cell#392,1,1,1,1,0.0432173726272099,0.0534353578838791,1.23643235660827,0,59.1056292417519,0,0.997513271027065,0
M26005_20260321_cell#393,1,0,1,0,0.0197084551154674,0.0203210662640065,1.0310836717008,0.982689614894978,0,0,0.908782015515763,0
M26005_20260321_cell#394,1,1,1,1,0.113948087359112,0.133899173763317,1.17508926096608,0,156.885633029812,0,0.976154060871692,0
M26005_20260321_cell#395,1,1,1,1,0.040642419400529,0.0441037259012678,1.08516487334644,0,52.3931312922282,0,0.924301495700134,0
M26005_20260321_cell#396,1,1,1,1,0.0475549684374399,0.048853137975504,1.02729829459927,0,21.9300846740963,0,0.952944232006443,0
M26005_20260321_cell#397,1,1,1,1,0.0741342757901995,0.0776844458633207,1.0478883759945,0,32.3500153950732,0,0.998017629630708,0
M26005_20260321_cell#398,1,0,0,0,0.0230461045724214,0.0225489468986435,0.978427691664092,0.426223231863192,0,0,0.967002556338121,0
M26005_20260321_cell#399,1,1,1,1,0.0598127533372,0.0650150672142556,1.08697666612548,0,40.6226541232086,0,0.961939332560859,0
M26005_20260321_cell#400,1,0,0,0,0.0286706329537993,0.0286680067790563,0.999908401926557,1,0,0,0.983035318712113,0
M26005_20260321_cell#401,1,1,1,1,0.0552364865321707,0.0635126494822905,1.14983145145011,0,49.2853795232602,0,0.930363028740482,0
M26005_20260321_cell#402,1,1,1,1,0.0860794515844657,0.090951331576195,1.05659747944547,0,54.0261879444504,0,0.976663685793441,0
M26005_20260321_cell#403,1,1,1,1,0.0315284147648326,0.0333915276531843,1.05909313558098,0.00522982936747829,33.7357834227855,0,0.965566659816113,0
M26005_20260321_cell#404,1,0,0,0,0.0527379305872514,0.0528471592837706,1.00207116007972,0.999989617355982,0,0,0.981271461168259,0
M26005_20260321_cell#405,1,0,0,0,0.0235696329829949,0.0225495401182884,0.956720036097191,1,0,0,1.03203008224485,1
M26005_20260321_cell#406,1,1,1,1,0.038024755142342,0.0420300602144357,1.10533414500896,0,26.0278433646518,0,0.977976023425267,0
M26005_20260321_cell#407,0,0,0,0,0.0412460990611253,0.0395930821602931,0.959923073006675,1,0,1,0.976035875162636,0
M26005_20260321_cell#408,1,0,0,0,0.0887302398684137,0.0862996333601149,0.972606785331546,1,0,8.26005930321116e-14,0.996441039440738,0
M26005_20260321_cell#409,0,0,0,0,0.0169617110135553,0.0157367604444816,0.927781426762029,1,0,1,0.984348054873336,0
M26005_20260321_cell#410,1,1,1,1,0.0156852048485712,0.0177584705889491,1.13217970440257,0,27.3292084145677,0,0.932392908981543,0
M26005_20260321_cell#411,1,0,0,0,0.0391954683942425,0.0384800194589307,0.981746641522037,1,0,0,1.02566391490509,1
M26005_20260321_cell#412,1,0,0,0,0.0318437303779531,0.0318318982881687,0.999628432672806,1,0,0,0.94263810014957,0
M26005_20260321_cell#413,1,0,0,0,0.0787785429713639,0.0774902993017925,0.983647277279046,1,0,0,0.968399037165399,0
M26005_20260321_cell#414,1,0,1,0,0.0404778013885178,0.0411689487838861,1.01707472668128,0.863123857084771,0,0,0.9300157240973,0
M26005_20260321_cell#415,1,1,1,1,0.0708546292690795,0.0767162074716929,1.08272682057729,0,51.3306602273908,0,0.938934986654568,0
M26005_20260321_cell#416,1,1,1,1,0.0340783228062807,0.0411918952304364,1.20874185811881,0,59.7234840150728,0,0.976505065007824,0
M26005_20260321_cell#417,1,0,0,0,0.0272443988887248,0.0230278814388977,0.845233603169269,1,0,0,0.961552081051403,0
M26005_20260321_cell#418,1,1,1,1,0.0306723783699335,0.0332878165273126,1.08527014520475,0,41.783357232527,0,1.25380938882942,1
M26005_20260321_cell#419,1,1,1,1,0.0142630932949802,0.0180056520253177,1.26239460493852,0,38.7894152497344,0,0.938693959727106,0
M26005_20260321_cell#420,0,0,0,0,0.0091346660520942,0.00866169514424329,0.948222419390748,1,0,0.999949460729281,0.606495669874248,0
M26005_20260321_cell#421,1,1,1,1,0.0487656551948523,0.0614506488926001,1.26012146554911,0,89.949201921231,0,0.857830741010984,0
M26005_20260321_cell#422,1,1,1,1,0.0517626293078991,0.0554342033857669,1.07093098103708,0,35.9532366179441,0,0.962268564518282,0
M26005_20260321_cell#423,1,1,1,1,0.057083163796019,0.0652873956510228,1.14372419658309,0,67.7087662234617,0,1.01804021374042,1
M26005_20260321_cell#424,1,1,0,0,0.100674842687088,0.101837827043237,1.01155188650022,0,60.2818425590092,0,NaN,0
M26005_20260321_cell#425,1,0,0,0,0.00427916654871002,0.0040912807944485,0.956092909186216,1,0,4.07107680899799e-12,0.521151694509206,0
M26005_20260321_cell#426,1,0,0,0,0.0486763504679165,0.0476318090122011,0.978541089344735,1,0,0,1.0298044698417,1
M26005_20260321_cell#427,1,1,1,1,0.0955062059634846,0.117426180380999,1.22951361323991,0,99.5256681742089,0,0.991710153109015,0
M26005_20260321_cell#428,1,1,1,1,0.0791638919548586,0.0945766721360681,1.19469457350579,0,87.0518525409128,0,0.956774814639031,0
M26005_20260321_cell#429,1,1,1,1,0.0563337220664132,0.0591555080324509,1.0500905294827,0,24.1363480803686,0,0.872150929651157,0
M26005_20260321_cell#430,1,1,1,1,0.0278138325861462,0.0379797100639004,1.36549718368614,0,99.7509747461058,0,0.984795634279388,0
M26005_20260321_cell#431,1,1,1,1,0.0166776471010302,0.0237855076798204,1.42619084908873,0,37.2999698717956,0,0.954668823949808,0
M26005_20260321_cell#432,1,1,1,1,0.0243449995372355,0.0257948570209044,1.05955463180237,0,67.7534509398322,0,1.00977241855215,0
M26005_20260321_cell#433,1,1,1,1,0.0178532139816723,0.0191998435777344,1.07542785279135,2.07520194361877e-08,24.9699500550309,0,0.902755433207198,0
M26005_20260321_cell#434,1,0,0,0,0.0433783701821161,0.0430907789047408,0.993370168676972,1,0,0,0.982297135207428,0
M26005_20260321_cell#435,1,0,0,0,0.0711237546136465,0.0707657431116629,0.994966358231109,1,0,0,0.975038697532164,0
M26005_20260321_cell#436,1,0,1,0,0.0133412507461192,0.0135837682519541,1.01817801872178,1,0,0,0.874421502638195,0
M26005_20260321_cell#437,1,1,1,1,0.044649642339758,0.0482397985885501,1.08040727899841,0,63.4761395354012,0,0.96713270105671,0
M26005_20260321_cell#438,1,1,1,1,0.0418031897459049,0.0484373903946492,1.15870082376655,0,61.0757155755504,0,1.02629031050036,1
M26005_20260321_cell#439,1,0,0,0,0.0124240113154231,0.0119251232914911,0.959844851130116,1,0,0,0.948199735823121,0
M26005_20260321_cell#440,0,0,0,0,0.0132239791465822,0.012578259006246,0.951170511297798,1,0,1,0.905541572974107,0
M26005_20260321_cell#441,1,1,1,1,0.0761285972268077,0.0820927258415179,1.0783428150783,0,30.5954632983741,0,0.961371393263339,0
M26005_20260321_cell#442,0,0,0,0,0.00676144724755665,0.00552999134803268,0.817870959509597,1,0,1,0.979150735751304,0
M26005_20260321_cell#443,1,1,1,1,0.0974718967143292,0.100723623295539,1.03336065769542,0,39.0750841075296,0,0.958578381750932,0
M26005_20260321_cell#444,1,1,1,1,0.0395895359372926,0.0453580317163182,1.14570758768586,0,45.1907673973883,0,0.989930603896829,0
M26005_20260321_cell#445,1,1,1,1,0.0544161455084023,0.0617220055320289,1.13425905042279,0,71.3808266395715,0,0.978682943824844,0
M26005_20260321_cell#446,1,1,1,1,0.00906504477854542,0.0121425522142603,1.33949169705136,0,26.9668159971108,0,0.834057700135184,0
M26005_20260321_cell#447,1,1,1,1,0.0267711402428915,0.0280190438000172,1.04661376190194,0.000552994113907523,26.9359761457617,0,0.837304821902724,0
M26005_20260321_cell#448,1,1,1,1,0.0224020257083329,0.0243851597823502,1.08852476556527,4.07689296988423e-07,37.5595872861263,2.85524892618128e-09,0.900432044893482,0
M26005_20260321_cell#449,1,1,1,1,0.0860866533672774,0.109548425724679,1.27253669924077,0,105.057723016093,0,1.00643314367763,0
M26005_20260321_cell#450,1,1,1,1,0.0529108308852029,0.0627815764548778,1.18655434822203,0,72.8430578297189,0,0.968199378795614,0
M26005_20260321_cell#451,1,1,1,1,0.0125493058698633,0.0183807865673141,1.46468551790222,0,46.9611711837008,0,1.00533223014754,0
M26005_20260321_cell#452,1,1,1,1,0.0383778357891497,0.0418335822873467,1.0900453719481,0,57.7776676272074,0,0.941711393501449,0
M26005_20260321_cell#453,1,1,1,1,0.025022005374411,0.0267354689863379,1.06847826887925,1.54028089116576e-06,32.1916943946733,0,0.974812989529112,0
M26005_20260321_cell#454,1,0,0,0,0.0242427837468847,0.0244279238232431,1.0076369148977,0.999999999856716,0,0,0.901642743030389,0
M26005_20260321_cell#455,1,1,1,1,0.0427222222895481,0.0525834707542784,1.23082246044918,0,37.5438329802231,0,0.980096915047438,0
M26005_20260321_cell#456,1,1,1,1,0.114865779308735,0.126460791738048,1.10094401047111,0,75.9465990424339,0,0.993073258628995,0
M26005_20260321_cell#457,1,1,1,1,0.0135278253088774,0.0166676246131488,1.23209933840667,1.11022302462516e-16,43.7087136468027,0,0.967821677935229,0
M26005_20260321_cell#458,1,0,0,0,0.0236825766938297,0.0231344680272265,0.97685603751276,1,0,0,0.901165685531767,0
M26005_20260321_cell#459,1,1,1,1,0.0699276491009104,0.073723113962885,1.05427702648058,0,91.9568288422661,0,0.992016890168063,0
M26005_20260321_cell#460,1,0,0,0,0.0182658695981541,0.0182214890792505,0.997570303528934,0.999986831840781,0,0.0025785739911105,0.880349619884993,0
M26005_20260321_cell#461,1,1,1,1,0.034146104684917,0.0369335376045229,1.0816325301327,1.0991207943789e-14,60.7545565700268,0,0.962986146861504,0
M26005_20260321_cell#462,1,1,1,1,0.0735975389530253,0.0876942538869461,1.19153785757589,0,89.8350865088731,0,0.991233991511708,0
M26005_20260321_cell#463,1,1,1,1,0.210712710666538,0.250992763021948,1.19116099939104,0,84.8064070145783,0,0.997677019318612,0
M26005_20260321_cell#464,1,0,0,0,0.0227633350010888,0.0225059461976381,0.988692834181004,1,0,0,0.943467925327795,0
M26005_20260321_cell#465,1,0,0,0,0.0788400052132888,0.0753434356553095,0.955649805596539,1,0,0,0.936213284822275,0
M26005_20260321_cell#466,1,1,1,1,0.0384203959901778,0.0423140583257929,1.10134362843659,0,44.0222619957036,0,0.99474206564957,0
M26005_20260321_cell#467,1,0,0,0,0.0512427935903423,0.0504929167390037,0.985366198858451,1,0,0,0.978176781838529,0
M26005_20260321_cell#468,1,1,1,1,0.0451815214563979,0.0467958031606237,1.03572880355044,1.13242748511766e-14,30.6199958548024,8.21565038222616e-15,0.985991416830229,0
M26005_20260321_cell#469,1,1,1,1,0.129542045878496,0.143879306076566,1.11067649967113,0,111.030835943188,0,0.974210309355391,0
M26005_20260321_cell#470,1,1,1,1,0.102536004518914,0.115443291944174,1.12588053811751,0,65.5277029469047,0,0.985139225848728,0
M26005_20260321_cell#471,1,1,1,1,0.040916138752181,0.0456485150554261,1.11566038359357,0,25.4586716727552,0,0.978215421015079,0
M26005_20260321_cell#472,1,0,0,0,0.0544796876585326,0.0546237201005179,1.00264378244765,0.637134945506711,0,0,0.965343119176291,0
M26005_20260321_cell#473,1,0,0,0,0.0440965942230328,0.0435504142153814,0.987614009261375,1,0,0,0.976991110947649,0
M26005_20260321_cell#474,1,1,1,1,0.0223715053555195,0.0261187420706984,1.1675004276927,0,44.9756408151088,0,0.914958135018411,0
M26005_20260321_cell#475,1,1,1,1,0.0642976086305534,0.0787127447653094,1.22419396991238,0,100.954530965784,0,0.921673287946723,0
M26005_20260321_cell#476,1,1,1,1,0.0355182536828017,0.0415300992996055,1.16926073197441,0,57.1569774745091,0,0.98599303564483,0
M26005_20260321_cell#477,1,1,1,1,0.0275682659307101,0.0305764508296792,1.1091176683557,0,74.4697929500827,0,0.945369051531344,0
M26005_20260321_cell#478,1,1,1,1,0.101891794026037,0.113045927997942,1.10947038550578,0,68.999158477058,0,0.985333702644242,0
M26005_20260321_cell#479,1,0,0,0,0.0517123458192348,0.0502190671450722,0.971123362313083,1,0,0,0.971077882961455,0
M26005_20260321_cell#480,1,0,0,0,0.0279546859545369,0.0277978731428378,0.994390464197876,1,0,0,0.883721298788558,0
M26005_20260321_cell#481,1,0,1,0,0.00347849680641969,0.00372152181933878,1.06986495214559,1,0,0,0.744165818215091,0
M26005_20260321_cell#482,1,1,1,1,0.034267069298723,0.0361284934952737,1.05432107952751,1.33226762955019e-15,22.2794033942389,0,0.925744609131831,0
M26005_20260321_cell#483,1,1,1,1,0.0869678907674035,0.0893509274559725,1.02740133936262,0,27.45203584228,0,1.00096909927979,0
M26005_20260321_cell#484,1,1,1,1,0.169172217973643,0.211280074093371,1.24890526721289,0,50.6777036043109,0,1.00358909999764,0
M26005_20260321_cell#485,1,1,1,1,0.0451921009343143,0.0462764965387737,1.02399524655947,8.92318373857393e-07,20.086946166475,0,0.969142738512929,0
M26005_20260321_cell#486,1,1,1,1,0.0738917618423254,0.080897030442147,1.09480446026947,0,56.1685289955833,0,0.979606251383251,0
M26005_20260321_cell#487,1,0,0,0,0.0559646289946154,0.0562103318465916,1.00439032396694,0.998324976314603,0,0,0.980173541654985,0
M26005_20260321_cell#488,1,1,1,1,0.0299954643266161,0.0320659780345421,1.06902755981306,0,25.489835810956,0,0.971399044077484,0
M26005_20260321_cell#489,1,1,1,1,0.0285837627766936,0.0323934363946882,1.13328103958031,0,35.8824738162574,0,0.944923117427118,0
M26005_20260321_cell#490,1,1,1,1,0.026346020099807,0.0299598650459425,1.13716853370813,0,33.0793157594521,0,0.941563073699039,0
M26005_20260321_cell#491,0,1,1,0,0.00510592368436027,0.00619336574598305,1.21297655994226,1.79160709515847e-05,25.1203705759055,0.782026580530732,NaN,0
M26005_20260321_cell#492,1,1,1,1,0.020748948590682,0.0227772773907278,1.09775573885979,5.16253706450698e-14,20.8680574111596,0,0.983986422560455,0
M26005_20260321_cell#493,1,0,0,0,0.0249039358535099,0.0246949455033592,0.991608139718156,0.999999098109367,0,0,0.808813091688315,0
M26005_20260321_cell#494,1,1,1,1,0.0108478698689064,0.0118065586728578,1.08837576552235,4.57891376282049e-06,15.4643719330737,0,0.92131585418648,0
M26005_20260321_cell#495,1,1,1,1,0.126114304558742,0.13182096863508,1.0452499349404,0,65.3643124142606,0,0.99801773746005,0
M26005_20260322_cell#1,0,0,0,0,0.0278732430992124,0.0275527397742692,0.98850139814006,0.919052663787377,0,1,0.968009237972557,0
M26005_20260322_cell#2,1,0,0,0,0.0652406716398942,0.0639666338824623,0.980471725299455,1,0,0,0.930383589695765,0
M26005_20260322_cell#3,1,1,1,1,0.0811905797938484,0.0978233828830616,1.20486124291076,0,57.9513319054641,0,0.971549706490244,0
M26005_20260322_cell#4,0,0,0,0,0.00963123882690571,0.00884089542677169,0.917939590707052,1,0,1,1.02134988622873,0
M26005_20260322_cell#5,1,1,1,1,0.0917809995786177,0.099803206429652,1.08740596515472,0,43.2992215504871,0,0.97151497028505,0
M26005_20260322_cell#6,1,1,1,1,0.0151790245049398,0.0222952893293663,1.46882227656399,0,49.9886816812219,0,0.982604228744934,0
M26005_20260322_cell#7,1,1,1,1,0.0594857247225381,0.0991071879792206,1.66606674864416,0,139.11606337026,0,0.983357762719201,0
M26005_20260322_cell#8,1,1,1,1,0.0435240845427829,0.0486742611754083,1.11832934998467,0,20.8066031941413,0,0.959572897517951,0
M26005_20260322_cell#9,1,0,0,0,0.0305282596877092,0.030317781346097,0.993105458884152,1,0,2.53913974443964e-05,0.979064045783648,0
M26005_20260322_cell#10,1,1,1,1,0.0216968858940446,0.0239195713922939,1.1024426043951,0,27.6649023021765,0,0.888557718520051,0
M26005_20260322_cell#11,1,1,1,1,0.00399277170512554,0.00642283187775725,1.60861485506728,0,32.4754873332954,0,0.7042834168881,0
M26005_20260322_cell#12,1,1,1,1,0.0573343283250501,0.0661746550700593,1.15418906967725,0,44.8571441401973,0,1.04559538805879,1
M26005_20260322_cell#13,1,1,1,1,0.0216745665356317,0.0262779654274946,1.21238712591069,0,38.0161948951933,0,0.933976368628548,0
M26005_20260322_cell#14,1,0,0,0,0.0979533341529194,0.0940342721805077,0.959990519911313,1,0,0,0.967912920299072,0
M26005_20260322_cell#15,1,1,1,1,0.126380356368333,0.131830339903512,1.04312366013033,0,62.3773790358447,0,0.995049809304421,0
M26005_20260322_cell#16,1,0,1,0,0.0154229244798901,0.0157175777000478,1.01910488640088,0.996025647922792,0,0,0.930378291472198,0
M26005_20260322_cell#17,1,1,1,1,0.0989717679621209,0.121660326942125,1.22924273706708,0,95.2619630574583,0,0.987508968740997,0
M26005_20260322_cell#18,1,1,1,1,0.00889382133244824,0.0133784648163642,1.5042425877788,0,38.2841162018884,0,0.806911012943354,0
M26005_20260322_cell#19,1,1,1,1,0.0081824664560259,0.0108762406786217,1.3292129869487,0,16.9690617740539,0,0.85220146050812,0
M26005_20260322_cell#20,1,1,1,1,0.0628825091238015,0.0823663553331294,1.30984524124138,0,56.605184709335,0,0.964159662272291,0
M26005_20260322_cell#21,1,1,1,1,0.069903542358786,0.0776920978654389,1.11141860975625,0,84.2679127035487,0,0.962156727077787,0
M26005_20260322_cell#22,1,0,0,0,0.00524137489084112,0.00531067679143025,1.01322208428751,1,0,0,0.516531115280113,0
M26005_20260322_cell#23,1,1,1,1,0.0598924304397905,0.0801797736502697,1.33872967020221,0,59.5073071147247,0,0.969865496758927,0
M26005_20260322_cell#24,1,1,1,1,0.0723705047962356,0.0779976518895025,1.07775470281865,0,87.030823690799,0,0.974509394242987,0
M26005_20260322_cell#25,1,0,0,0,0.0566477807181083,0.0544943680940656,0.961985931368457,1,0,0,0.956298822754953,0
M26005_20260322_cell#26,1,0,0,0,0.0468200894636621,0.0455876494264756,0.973677110588541,1,0,0,0.915685431106453,0
M26005_20260322_cell#27,1,1,1,1,0.0224294916044954,0.0240787807663271,1.07353216875862,0.00469764584591115,30.2782386769794,0,0.967533066198042,0
M26005_20260322_cell#28,1,1,1,1,0.246354925983326,0.290745986508063,1.18019148733296,0,70.1771459811761,0,0.997094834816786,0
M26005_20260322_cell#29,1,1,1,1,0.0723976463190515,0.0884422256524281,1.2216174164374,0,135.233708862378,0,0.991980148327339,0
M26005_20260322_cell#30,1,0,0,0,0.0312186977012965,0.029514756593156,0.945419212407768,1,0,0,0.919664492499849,0
M26005_20260322_cell#31,1,0,0,0,0.0654458060935467,0.0649948092454415,0.993108850283537,1,0,0,0.920342328948217,0
M26005_20260322_cell#32,1,0,0,0,0.0297501026696328,0.0298306617483008,1.00270785884548,1,0,0,0.810523202762108,0
M26005_20260322_cell#33,1,1,1,1,0.0673164135097091,0.0729856481065198,1.08421771602542,0,42.3801251993982,0,0.989889006872955,0
M26005_20260322_cell#34,1,0,0,0,0.0719155580487102,0.0670925649501176,0.932935330970722,1,0,0,0.955757546162318,0
M26005_20260322_cell#35,1,0,0,0,0.0475340815111613,0.0437514861955454,0.920423510976482,1,0,0,0.965691395801434,0
M26005_20260322_cell#36,1,1,1,1,0.0190567929043902,0.0228585631045198,1.19949685234045,0,54.3765042346373,0,0.90861591257254,0
M26005_20260322_cell#37,1,0,0,0,0.0404222089859885,0.0395136320674839,0.977522828630679,1,0,0,0.949996305759448,0
M26005_20260322_cell#38,1,0,0,0,0.0203225555260877,0.0190764720557814,0.938684705833049,1,0,0,0.917726526967816,0
M26005_20260322_cell#39,1,1,1,1,0.0439667075434059,0.0479263125848317,1.09005916664369,0,42.3208699384021,0,0.850960456318253,0
M26005_20260322_cell#40,1,0,0,0,0.0418637095654275,0.0394396378259465,0.942096107472452,1,0,0,0.925794642281122,0
M26005_20260322_cell#41,1,0,0,0,0.0353188691483047,0.031832426452868,0.901286683874362,1,0,0,0.930858013583542,0
M26005_20260322_cell#42,1,1,1,1,0.102107460600189,0.113650442289017,1.11304738773228,0,52.4867643000921,0,0.952954410292609,0
M26005_20260322_cell#43,1,0,0,0,0.0922651681454932,0.0912695011115561,0.98920863578369,1,0,0,0.995105462117302,0
M26005_20260322_cell#44,1,1,1,1,0.0338230424699815,0.0429186955192271,1.26891883121745,0,58.4376628269658,0,0.98716141098977,0
M26005_20260322_cell#45,1,0,0,0,0.0449500797845574,0.0430431589992663,0.957576921010356,1,0,0,0.923207253433798,0
M26005_20260322_cell#46,1,1,1,1,0.0467194850171129,0.0535967749357951,1.14720388968678,0,39.7547198420105,0,0.897218224763983,0
M26005_20260322_cell#47,1,1,1,1,0.0434333826379835,0.0558501251094458,1.28588016215443,0,105.56263753089,0,0.966087395538207,0
M26005_20260322_cell#48,1,1,1,1,0.0490358579953928,0.0561628992267991,1.14534345931249,0,59.9515782186879,0,0.955020881661196,0
M26005_20260322_cell#49,1,1,1,1,0.0264940514562756,0.0286752043849453,1.08232613770942,0,25.8571641126785,0,0.958029269996086,0
M26005_20260322_cell#50,1,0,0,0,0.055988819872086,0.0548439685109973,0.97955214337962,1,0,0,0.982467308396647,0
M26005_20260322_cell#51,1,1,1,1,0.0325801705457891,0.0445036231491035,1.36597268840434,0,53.217976425764,0,0.99113181583096,0
M26005_20260322_cell#52,1,1,1,1,0.0261814710584113,0.0299943863831164,1.14563411338494,0,26.5811194620241,0,0.867621608129185,0
M26005_20260322_cell#53,1,1,1,1,0.108095832308013,0.130560295888578,1.20781988630749,0,106.835911143545,0,0.999065347311786,0
M26005_20260322_cell#54,1,1,1,1,0.0653386787393507,0.0728926168695862,1.11561204291213,0,80.6105394914994,0,0.954357235000063,0
M26005_20260322_cell#55,0,0,1,0,2.82792432822683e-08,0.000344997768653434,12199.681766936,1,NaN,0,5.72877937345691e-06,0
M26005_20260322_cell#56,1,1,1,1,0.0447701995913013,0.0475520197392221,1.06213553152131,0,19.9773829815989,0,0.999828608943641,0
M26005_20260322_cell#57,1,1,1,1,0.0319455831967003,0.0341813050758647,1.06998532051828,2.22044604925031e-16,23.3749250121984,0,0.814068810475126,0
M26005_20260322_cell#58,1,0,0,0,0.033009621801819,0.0324835839941022,0.984064106796649,1,0,0,0.804824003137808,0
M26005_20260322_cell#59,1,1,1,1,0.0129710920058821,0.0157009575308738,1.21045764872794,0,31.8626693364061,0,0.973073081957777,0
M26005_20260322_cell#60,1,0,0,0,0.0173688335191927,0.0170944439899683,0.984202190151617,1,0,0,0.836215051801544,0
M26005_20260322_cell#61,1,1,1,1,0.0423195136712883,0.0497438990404691,1.17543645295286,0,35.8719133064429,0,0.975954401066058,0
M26005_20260322_cell#62,1,0,0,0,0.0171551293488338,0.0159897440673958,0.93206782311337,1,0,0,0.962192292936761,0
M26005_20260322_cell#63,1,0,0,0,0.0248809424804661,0.0246996034796207,0.992711731037208,0.721922518999719,0,0,0.983373536402887,0
M26005_20260322_cell#64,1,1,1,1,0.0384686681038701,0.0429219233679907,1.11576317776577,0,19.7823074654809,0,0.916963382963651,0
M26005_20260322_cell#65,1,0,0,0,0.0234610152096345,0.0207424648670647,0.884124778136055,1,0,3.06856762222196e-11,1.03108012842478,1
M26005_20260322_cell#66,1,0,0,0,0.0624296356611067,0.0607490897952068,0.973080959898235,1,0,0,0.924682696955673,0
M26005_20260322_cell#67,1,0,0,0,0.00628782014695233,0.00616582108473236,0.980597558554676,0.999999999286284,0,0,0.802884695234596,0
M26005_20260322_cell#68,1,0,0,0,0.0645224818079831,0.0624194129371959,0.967405642004815,1,0,0,0.959323904035969,0
M26005_20260322_cell#69,1,0,1,0,0.0116363613014089,0.011863218669109,1.01949555894871,1,0,0,0.893746203885281,0
M26005_20260322_cell#70,1,0,0,0,0.0612872195612878,0.0569060235741885,0.928513709408564,1,0,0,0.975253645727512,0
M26005_20260322_cell#71,1,0,0,0,0.0291359271302579,0.0283439966080826,0.972819450068131,1,0,0,0.939756929444081,0
M26005_20260322_cell#72,1,0,0,0,0.0263574223919226,0.0240571331393045,0.912727078603745,1,0,0,0.986809695176555,0
M26005_20260322_cell#73,1,1,1,1,0.0247115963522244,0.0313072353695603,1.26690461123294,0,55.5119001054303,0,0.876578175817803,0
M26005_20260322_cell#74,1,1,1,1,0.0594371407078938,0.067318045973161,1.13259226758566,0,69.1195690398932,0,0.984876733918749,0
M26005_20260322_cell#75,1,1,1,1,0.0618574857876207,0.0714528127744378,1.15511989963125,0,100.869129751474,0,0.958475255315414,0
M26005_20260322_cell#76,1,0,0,0,0.0154918211201072,0.0137670017222984,0.888662579793789,1,0,0,1.08956720720296,1
M26005_20260322_cell#77,1,1,1,1,0.0344407297435267,0.0568931382780376,1.65191442520845,0,105.174232638391,0,0.960239740202029,0
M26005_20260322_cell#78,1,1,1,1,0.0188891848986479,0.0197539133894544,1.04577902622301,0.000427875541031963,23.9788243030356,0,1.00025633785611,0
M26005_20260322_cell#79,1,0,0,0,0.0493221871139697,0.0458928089146675,0.930469867620065,1,0,0,0.879614656489885,0
M26005_20260322_cell#80,1,0,0,0,0.0264871195078929,0.0246003261520453,0.928765626806445,1,0,0,0.942150599322103,0
M26005_20260322_cell#81,1,1,1,1,0.069750095026975,0.0845142459019518,1.21167212559735,0,49.2891584095685,0,0.967720435822196,0
M26005_20260322_cell#82,1,1,1,1,0.065152157826277,0.0684121769009221,1.05003700849537,0,23.2332662475019,5.29498001000661e-10,1.00236599983036,0
M26005_20260322_cell#83,1,0,0,0,0.0621259793284482,0.0596407533553187,0.959996993206487,1,0,0,0.99963142380801,0
M26005_20260322_cell#84,1,1,1,1,0.00806730724216042,0.0117208278211785,1.45287981098879,5.00990360308151e-11,43.0475768985863,0,0.83835709085885,0
M26005_20260322_cell#85,0,0,0,0,0.0121465222842156,0.0119485014100776,0.983697319322806,1,0,0.628357234397073,0.870124890749012,0
M26005_20260322_cell#86,1,1,1,1,0.0408540364517298,0.0422396293284546,1.03391569100796,4.52448079002465e-11,15.757201795263,0,0.983728823362638,0
M26005_20260322_cell#87,1,0,1,0,0.023387155722393,0.0240151349960048,1.02685145988105,1,0,0,0.947209793073518,0
M26005_20260322_cell#88,1,1,1,1,0.0291968991315548,0.0306281460560603,1.04902051132405,1.22124532708767e-15,24.6256692683013,0,0.966527053176905,0
M26005_20260322_cell#89,1,0,1,0,0.0114139058967031,0.012195916499217,1.06851384702057,1,0,0,0.819563676132302,0
M26005_20260322_cell#90,1,1,1,1,0.019524242944649,0.0223382326284636,1.14412797934303,0,53.3731530688187,0,0.920116734095723,0
M26005_20260322_cell#91,1,1,1,1,0.023198693840813,0.0253196725158178,1.09142664192901,0,20.2366091779714,0,0.950605827641903,0
M26005_20260322_cell#92,1,0,0,0,0.0583462945614942,0.0533920683361692,0.915089274090859,1,0,0,0.961831569143034,0
M26005_20260322_cell#93,1,0,0,0,0.0847336948022727,0.0806531669461483,0.951842913664435,1,0,0,1.03359454405759,1
M26005_20260322_cell#94,1,1,1,1,0.0535543166629818,0.0572124232672561,1.06830647522393,0,54.6212285395455,0,0.987059294261186,0
M26005_20260322_cell#95,1,0,0,0,0.061950895762342,0.0582479290044709,0.940227389575179,1,0,0,0.958212483540995,0
M26005_20260322_cell#96,1,0,0,0,0.0236944192477229,0.0227047549568176,0.958232177773233,1,0,0,1.13066337374606,1
M26005_20260322_cell#97,1,1,1,1,0.057279656023732,0.06970953779979,1.21700342912164,0,61.2306186732007,0,0.977055158599662,0
M26005_20260322_cell#98,1,1,1,1,0.04964779004999,0.0594751388084155,1.19794131316883,0,67.9064396541697,0,0.951068550065617,0
M26005_20260322_cell#99,1,1,1,1,0.0249461304640048,0.0280509297322641,1.12446015516271,0.00336690011932761,48.1915404835818,0,1.00252261041766,0
M26005_20260322_cell#100,1,1,1,1,0.035675773257957,0.0448293037140051,1.25657553067912,0,40.983284968631,0,0.932342491529437,0
M26005_20260322_cell#101,1,0,0,0,0.0264409024142299,0.0260540817884737,0.985370369751527,0.999999999987301,0,0,0.992855851526489,0
M26005_20260322_cell#102,1,1,1,1,0.07836030068837,0.0959100961639759,1.22396283987474,0,84.6126572239188,0,0.989103735679005,0
M26005_20260322_cell#103,1,1,1,1,0.0394625411711978,0.0430480091862183,1.09085750457544,1.86341941876833e-10,36.2241341596903,0,0.952003365467348,0
M26005_20260322_cell#104,1,0,1,0,0.00849703605372092,0.00940754235660589,1.10715575373912,0.997593123681449,0,0,0.873742314865713,0
M26005_20260322_cell#105,1,0,0,0,0.0140794059219632,0.0140558321511996,0.998325655862594,1,0,1.69642078162724e-13,0.891421490277677,0
M26005_20260322_cell#106,1,0,1,0,0.0210801657518423,0.021402763763346,1.01530339065173,0.663897649601223,0,0,0.986069047008996,0
M26005_20260322_cell#107,1,0,0,0,0.0488613497512565,0.0451240567835304,0.923512285543648,1,0,0,0.914738871717336,0
M26005_20260322_cell#108,1,0,0,0,0.0419150842825915,0.0380472022063424,0.907720999672295,1,0,0,0.935850463749611,0
M26005_20260322_cell#109,1,0,0,0,0.0510589084160518,0.0482033928470242,0.944074096810697,1,0,8.44840143621184e-07,0.927370397020897,0
M26005_20260322_cell#110,1,1,1,1,0.0272939854999737,0.0284136072454239,1.04102082290075,1.02021258108209e-09,20.1133633766717,0,0.964425814289927,0
M26005_20260322_cell#111,1,1,1,1,0.0931290191070228,0.111747615652409,1.19992260977204,0,61.550450735237,0,0.985016459658567,0
M26005_20260322_cell#112,1,0,0,0,0.0419576213397361,0.040993265955913,0.977015966276672,1,0,0,0.990268723174298,0
M26005_20260322_cell#113,1,0,0,0,0.0432056576604761,0.0416480324660169,0.963948582690269,1,0,0,0.87976713856588,0
M26005_20260322_cell#114,1,0,0,0,0.0343166747453378,0.0259920570450393,0.757417705471902,1,0,0,0.964474742578151,0
M26005_20260322_cell#115,1,1,1,1,0.0133946859153598,0.0157148380244447,1.17321437200885,5.73142641323576e-05,31.7664836168808,0,0.954764072588918,0
M26005_20260322_cell#116,1,0,0,0,0.0263430194399147,0.0250892237303232,0.952405011412935,1,0,0,0.883608294658557,0
M26005_20260322_cell#117,1,1,1,1,0.0159748221886813,0.0174490214419392,1.09228267055783,1.06248343456627e-13,22.7476396720593,0,0.937504823900351,0
M26005_20260322_cell#118,1,0,1,0,0.0282927188160097,0.0288759752880535,1.02061507329277,0.987688011852948,0,0,0.857307605903093,0
M26005_20260322_cell#119,1,1,1,1,0.0210536894638779,0.0305401749633369,1.45058541951685,0,104.216550333724,0,0.983228941097776,0
M26005_20260322_cell#120,1,0,0,0,0.0282714437631889,0.0244224846703158,0.863857002666252,1,0,0,0.972732901320274,0
M26005_20260322_cell#121,1,1,1,1,0.0176941318640677,0.0216942980334754,1.22607303936346,0,44.7480680795139,0,0.828728662279077,0
M26005_20260322_cell#122,1,0,0,0,0.0169402254411367,0.0163572477011265,0.965586187619764,1,0,0,0.915141147757108,0
M26005_20260322_cell#123,1,1,1,1,0.0258037910400377,0.0276059416060974,1.0698405347983,0,28.9668124139954,0,0.921170489753401,0
M26005_20260322_cell#124,1,0,0,0,0.0245277668668392,0.0242328853245209,0.987977644115777,0.999999999999996,0,0,0.930100492797182,0
M26005_20260322_cell#125,1,1,1,1,0.0252375597108491,0.0285795016073602,1.13241937551809,0,29.7761409813667,0,0.701970533044001,0
M26005_20260322_cell#126,0,0,0,0,0.0215399965469217,0.0209497356042662,0.972596980627657,1,0,1,0.907833518199987,0
M26005_20260322_cell#127,1,1,1,1,0.0519455298795875,0.0569818825838971,1.09695449668112,0,37.8031037915592,0,0.964937303765336,0
M26005_20260322_cell#128,1,0,0,0,0.0353627367641542,0.0331114079037708,0.93633612479152,1,0,0,0.943465835426037,0
M26005_20260322_cell#129,1,1,1,1,0.0316989293862626,0.0413172840330503,1.30342837543769,0,59.0974688747218,0,0.962202937265784,0
M26005_20260322_cell#130,1,1,1,1,0.0312329908047098,0.0386238821225855,1.23663732250583,0,35.9186567061536,0,0.877435022678943,0
M26005_20260322_cell#131,1,1,1,1,0.120029673114678,0.128321047977302,1.0690777092653,0,45.6174092104091,0,0.989611305759123,0
M26005_20260322_cell#132,1,1,1,1,0.030129567044563,0.0339679214704595,1.12739494132854,0,68.6304483220998,0,0.946576859801772,0
M26005_20260322_cell#133,1,1,1,1,0.101348925990089,0.121116275968258,1.19504252053053,0,35.5915290346994,0,0.946072508187133,0
M26005_20260322_cell#134,1,1,1,1,0.00822318359450228,0.00999738827764141,1.21575642362227,0,14.9131688818352,0,0.895275341746478,0
M26005_20260322_cell#135,1,1,1,1,0.0156856160109723,0.0201147016505652,1.28236606305387,0,21.7741464579464,0,0.975815214598081,0
M26005_20260322_cell#136,1,1,1,1,0.017583610301715,0.0184213801399462,1.04764492751238,0.0383440263375388,12.6519440415446,0,0.813277022782317,0
M26005_20260322_cell#137,1,1,1,1,0.00534225917929121,0.00907660871194314,1.69902065911137,0,23.5918219056623,0,1.1438334480879,1
M26005_20260322_cell#138,1,0,1,0,0.0115907425397074,0.0118244909027137,1.0201668152153,0.999999999996303,0,0,0.894269524229534,0
M26005_20260322_cell#139,1,1,1,1,0.0190612173044697,0.0213569999446016,1.12044260361029,0,32.4279276890469,0,0.919834629382822,0
M26005_20260322_cell#140,1,1,1,1,0.123918048623148,0.143478426295633,1.15784930355037,0,48.0084774760183,0,1.00142036229246,0
M26005_20260322_cell#141,1,0,0,0,0.0296603292925281,0.0295508565735373,0.996309119905209,1,0,0,0.880279398854689,0
M26005_20260322_cell#142,1,1,1,1,0.0453371047837468,0.0483141270882438,1.06566414681081,0,46.6555859037804,0,0.961886963712209,0
M26005_20260322_cell#143,1,1,1,1,0.0371139886290706,0.0402414587888303,1.08426661416041,0,48.2306168838554,0,0.874079846098556,0
M26005_20260322_cell#144,1,0,0,0,0.0334042093538304,0.0310970060094858,0.930930760255219,1,0,0,0.975221368848162,0
M26005_20260322_cell#145,1,0,1,0,0.0118746938943406,0.0122940314965912,1.03531355047817,0.9999999999993,0,0,0.993084583136454,0
M26005_20260322_cell#146,1,1,0,0,0.0151219478405955,0.0153261067815367,1.01350083620795,0.00106859440265161,28.1992507776024,0,NaN,0
M26005_20260322_cell#147,1,1,1,1,0.00714181991582675,0.00984308169610149,1.37823157292003,1.95399252334028e-14,20.9992320279393,0,0.958126591611222,0
M26005_20260322_cell#148,1,1,1,1,0.0288512836821742,0.0327776794450961,1.13609085149122,0,54.5969902378572,0,0.938985048813224,0
M26005_20260322_cell#149,1,1,1,1,0.04979030348323,0.05770641622194,1.15898904374777,0,30.7747285492134,0,0.947039409195316,0
M26005_20260322_cell#150,1,0,0,0,0.0492780455226458,0.0424978525474793,0.86240945834488,1,0,0,0.942756057792241,0
M26005_20260322_cell#151,1,0,0,0,0.0528560642140552,0.0528431947950765,0.999756519537161,1,0,0,0.968593826377936,0
M26005_20260322_cell#152,1,0,0,0,0.0623883157889054,0.0609346496032065,0.976699704627106,1,0,0,0.936662427467016,0
M26005_20260322_cell#153,1,0,0,0,0.0107803942892228,0.010875096511017,1.00878467143719,1,0,0,0.900590355697343,0
M26005_20260322_cell#154,1,0,0,0,0.0265428967546643,0.0251784314451136,0.948593956335571,1,0,0,0.996960486839592,0
M26005_20260322_cell#155,1,0,0,0,0.0128668130394428,0.012740829065756,0.990208610842441,1,0,0,0.962121786645788,0
M26005_20260322_cell#156,1,0,0,0,0.0239332988174412,0.0234492713071821,0.97977598015421,1,0,0,1.03109619291828,1
M26005_20260322_cell#157,1,0,0,0,0.0264760079145253,0.0241947395682432,0.913836392795813,1,0,0,0.989915237098983,0
M26005_20260322_cell#158,1,1,1,1,0.0338207589169225,0.0360870492287493,1.06700885445515,0,19.0467841498714,0,0.991325746950583,0
M26005_20260322_cell#159,1,1,1,1,0.00589889484145055,0.00743790901329515,1.26089872988245,0,20.7685726750165,0,0.479886275341742,0
M26005_20260322_cell#160,1,0,0,0,0.0384633664406129,0.0312108569329721,0.811443714401895,1,0,0,0.836005822425519,0
M26005_20260322_cell#161,1,1,1,1,0.0314597247316751,0.0322377122591745,1.02472963556214,2.43138842392909e-14,33.4923019638359,0,0.948415316619049,0
M26005_20260322_cell#162,1,0,0,0,0.0237168302620168,0.0229683698344794,0.968441801907395,1,0,0,0.880830811691721,0
M26005_20260322_cell#163,1,1,1,1,0.0851243887782611,0.0909114323322154,1.06798337864168,0,58.5376513775176,0,0.988543704863478,0
M26005_20260322_cell#164,1,1,1,1,0.0154991922714299,0.0194800872106735,1.2568453161641,0.000990686230842308,31.1854226342694,0,0.918717634873423,0
M26005_20260322_cell#165,1,1,1,1,0.00785602452085464,0.00966920300019229,1.23080102086295,0,26.9315312265614,0,0.895378817565363,0
M26005_20260322_cell#166,1,1,1,1,0.0396535574721154,0.0436812180786589,1.10157123000567,0,37.1340670719376,0,0.951931163922308,0
M26005_20260322_cell#167,1,1,1,1,0.0571687725253741,0.0612602955499327,1.07156919492617,0,23.4468918850908,0,0.967612059862486,0
M26005_20260322_cell#168,1,1,1,1,0.0709751146910108,0.0779180330354092,1.09782186861725,0,37.2144161972921,0,0.972414283915613,0
M26005_20260322_cell#169,1,1,1,1,0.0764130362936708,0.0795540557883176,1.04110580663979,0,48.783032136346,0,0.946542759432422,0
M26005_20260322_cell#170,1,1,1,1,0.0215489169867571,0.0261652047351501,1.21422365454514,0,20.6494470984146,0,1.06797972566522,1
M26005_20260322_cell#171,1,1,1,1,0.0173730918778428,0.0203842755919318,1.1733245720026,0,37.688930478417,0,0.956282364440441,0
M26005_20260322_cell#172,1,1,1,1,0.0894942304643788,0.0945327238420537,1.05629964469811,0,26.8054712138537,0,0.963019553676391,0
M26005_20260322_cell#173,1,1,1,1,0.026790149678145,0.0347154229944464,1.29582788493215,0,31.5259382127872,0,0.885125879877515,0
M26005_20260322_cell#174,1,1,1,1,0.0390162786447527,0.0418952862117731,1.07378990685488,0,38.4930035539201,0,1.00909584724803,0
M26005_20260322_cell#175,1,1,1,1,0.015125803254115,0.0191445828727221,1.26569032738898,1.11022302462516e-16,62.9906832063105,0,0.876266217747286,0
M26005_20260322_cell#176,1,1,1,1,0.0393768038527009,0.0417688481443899,1.06074754824279,0,52.6918953282329,0,0.949025473031992,0
M26005_20260322_cell#177,1,0,0,0,0.017902157616222,0.0179420665197637,1.0022292789728,0.47852021942917,0,0,0.95821809648913,0
M26005_20260322_cell#178,1,0,0,0,0.0262278812447063,0.026336050041003,1.00412419117227,0.253339034912232,0,0,0.958843484571484,0
M26005_20260322_cell#179,0,0,0,0,0.0078540115852544,0.00776403524550613,0.988543900302211,1,0,1,0.981400168480538,0
M26005_20260322_cell#180,1,0,0,0,0.0212057302583814,0.0196236173482341,0.925392198671299,1,0,0,0.951812258164495,0
M26005_20260322_cell#181,1,0,1,0,0.0196066231223486,0.0203390139237492,1.03735425508158,1,0,0,0.892266132635478,0
M26005_20260322_cell#182,1,1,1,1,0.0520875550802814,0.05376664048025,1.03223582672254,1.8489303055258e-07,24.3323439075147,0,0.956044144987162,0
M26005_20260322_cell#183,1,0,0,0,0.0171878293566075,0.0170672157542371,0.99298261578772,1,0,0,0.872069629070351,0
M26005_20260322_cell#184,1,1,1,1,0.113091584710921,0.114972676554997,1.01663334941219,0.000370226185906652,25.4977217527559,0,1.00086417965359,0
M26005_20260322_cell#185,1,0,0,0,0.0199125331492774,0.0201523100074178,1.01204150453098,0.999985574512265,0,0,0.761594886118434,0
M26005_20260322_cell#186,1,0,0,0,0.0055190335287967,0.00332218995071926,0.601951398444138,1,0,0,0.662660938456131,0
M26005_20260322_cell#187,1,1,1,1,0.0351544173254565,0.0486986881578828,1.38527934361803,0,68.6463433435834,0,1.01438093617909,0
M26005_20260322_cell#188,1,0,0,0,0.0778051935701002,0.0746338472242426,0.959239914453778,1,0,0,0.934862497077709,0
M26005_20260322_cell#189,1,0,0,0,0.020429287102505,0.0200318804058551,0.980547206828319,1,0,0,0.972452278428622,0
M26005_20260322_cell#190,1,0,1,0,0.00337720909337809,0.00393859016379371,1.16622632916521,0.632742365917861,0,0,0.670555891712734,0
M26005_20260322_cell#191,1,0,0,0,0.127738017095144,0.125594177642155,0.983216903614593,1,0,0,0.970860046553886,0
M26005_20260322_cell#192,1,0,0,0,0.0778234618759411,0.0784707126241571,1.00831691025578,1,0,0,0.980484301772975,0
M26005_20260322_cell#193,1,0,0,0,0.0244009334770672,0.0241607777150916,0.990157927269408,1,0,0,0.986364245379413,0
M26005_20260322_cell#194,1,0,0,0,0.00845913967459162,0.00820613602959516,0.970091090261059,1,0,3.5793590313915e-13,0.870819097411375,0
M26005_20260322_cell#195,1,0,0,0,0.0314848248149165,0.0306930544341999,0.974852317414151,1,0,0,0.957727695928229,0
M26005_20260322_cell#196,1,1,1,1,0.0247993453148767,0.0259946499268804,1.0481990389999,1.11022302462516e-16,23.7931658565706,0,0.912362790160862,0
M26005_20260322_cell#197,1,1,1,1,0.00788226108873256,0.00978928404881099,1.24193856795793,0,21.0054634184493,0,0.809637710903784,0
M26005_20260322_cell#198,1,0,0,0,0.0175128434879639,0.0174776988469967,0.997993207614095,0.147547596243365,0,0,0.790349074892592,0
M26005_20260322_cell#199,1,1,1,1,0.00306619029762869,0.00514471977056557,1.67788665124417,0,20.0556795701064,0,1.10266330813394,1
M26005_20260322_cell#200,1,1,1,1,0.0229681913875981,0.0244653887795636,1.06518568949116,0,21.8140310666988,0,0.906411856546529,0
M26005_20260322_cell#201,1,1,1,1,0.0775736554630995,0.0957827374188553,1.23473280776897,0,76.8763396554121,0,0.959794478437667,0
M26005_20260322_cell#202,1,1,1,1,0.0265974693093965,0.0306573541914186,1.15264177335051,0,39.3874667813389,0,0.936267833205507,0
M26005_20260322_cell#203,1,0,0,0,0.0068039215058934,0.00689095500927895,1.0127916677625,1,0,0,1.02381325253396,0
M26005_20260322_cell#204,1,1,1,1,0.0358177446448592,0.0371283260326868,1.03659028229785,7.88258347483861e-15,25.2515687624527,0,0.955411063562612,0
M26005_20260322_cell#205,1,0,0,0,0.068582919557562,0.0654103713927228,0.953741424463908,1,0,0,0.921254226142873,0
M26005_20260322_cell#206,1,1,1,1,0.064585343569833,0.0733433699231896,1.13560392914666,0,45.5050864942458,0,0.967669396229174,0
M26005_20260322_cell#207,1,0,0,0,0.105214542083473,0.104827884974675,0.996325060194714,1,0,0,0.975410601890174,0
M26005_20260322_cell#208,1,1,1,1,0.0328837010326226,0.0379716374218065,1.15472517476474,0,31.6153957369096,0,0.961322939775573,0
M26005_20260322_cell#209,1,0,0,0,0.0803424342247985,0.0798096088303517,0.993368070066736,1,0,0,0.945846705816251,0
M26005_20260322_cell#210,1,0,0,0,0.0980004174718536,0.0970982250848874,0.990793994451857,1,0,0,0.963402312841289,0
M26005_20260322_cell#211,1,0,0,0,0.0196115101038816,0.0198775859245108,1.01356732955391,1,0,9.47424894093274e-09,0.987979127574535,0
M26005_20260322_cell#212,1,0,1,0,0.00373451244122568,0.00435821672564604,1.16701090014729,0.194262447077681,0,0,0.946568498373302,0
M26005_20260322_cell#213,1,0,0,0,0.0180668810076779,0.0155868947290218,0.862733015311152,1,0,0,0.898338983206254,0
M26005_20260322_cell#214,1,1,1,1,0.0444840400423779,0.0515832812276115,1.15959074711898,0,69.1343926941847,0,0.953438562469413,0
M26005_20260322_cell#215,1,1,1,1,0.0197080110632228,0.0241785622901327,1.22683928949342,0,24.1421605439198,0,0.950855585066358,0
M26005_20260322_cell#216,1,0,0,0,0.0072682499953717,0.00724915685882672,0.997373076523629,0.9968006556137,0,0,0.920102195614889,0
M26005_20260322_cell#217,1,0,0,0,0.0908559694120086,0.0854261908369839,0.940237514274906,1,0,0,0.965395093593849,0
M26005_20260322_cell#218,1,1,1,1,0.0449823414494785,0.0539527155812146,1.19941990218119,0,80.6089432504686,0,1.02334193234759,1
M26005_20260322_cell#219,1,1,1,1,0.0486520898454253,0.0543104381768402,1.11630226675549,0,39.6750447985148,0,0.959248243965925,0
M26005_20260322_cell#220,1,1,1,1,0.0569493316817447,0.0626440552829003,1.09999632011452,0,39.43206645155,0,0.964655127001193,0
M26005_20260322_cell#221,1,1,1,1,0.0165493518326075,0.0191349297223113,1.15623439007499,0,21.3975863654789,0,0.958879490234356,0
M26005_20260322_cell#222,1,0,0,0,0.059841411168286,0.0550753255085647,0.920354724818935,1,0,0,0.920125309400328,0
M26005_20260322_cell#223,1,1,1,1,0.0332116101469126,0.0360516630537397,1.08551385778238,0,20.7485460716471,0,0.972553126180302,0
M26005_20260322_cell#224,0,1,1,0,0.00205156623757569,0.00360210305832541,1.75578199345977,8.88178419700125e-15,17.2185637991369,0,NaN,0
M26005_20260322_cell#225,1,1,1,1,0.0794278991390356,0.0811566313209612,1.02176479802015,0.0343477233832264,16.4228316107715,0,1.03827348403488,1
M26005_20260322_cell#226,1,0,0,0,0.0243175705069329,0.0244150131641416,1.00400708850339,1,0,0,0.931510736664026,0
M26005_20260322_cell#227,1,0,0,0,0.0297543176077979,0.028343014965116,0.952568139478619,0.735197131497004,0,0,1.02964543247933,1
M26005_20260322_cell#228,1,1,1,1,0.0373879870035448,0.0417237402523944,1.11596648004715,0,30.2157630436645,0,0.95400500563115,0
M26005_20260322_cell#229,1,0,0,0,0.0661194876045021,0.0628420730403188,0.950431942488916,1,0,0,0.962484780701148,0
M26005_20260322_cell#230,1,1,1,1,0.0266693449781054,0.0498267442064755,1.86831526036284,0,108.933182306517,0,0.961421153419426,0
M26005_20260322_cell#231,1,0,0,0,0.0767306879817532,0.073955178824741,0.963827912533872,1,0,0,0.969453195432501,0
M26005_20260322_cell#232,1,1,1,1,0.0288188034879667,0.0416272509261054,1.44444757893876,0,19.3800558833134,0,1.00895139566049,0
M26005_20260322_cell#233,1,0,0,0,0.0372929797901856,0.0361204251171869,0.96855830025931,1,0,0,0.93916066170347,0
M26005_20260322_cell#234,1,0,0,0,0.0593910463288991,0.0593295694474034,0.998964879635977,1,0,0,0.950775552781144,0
M26005_20260322_cell#235,1,0,0,0,0.0390333668532421,0.0366013844466857,0.937694782627894,1,0,0,0.9590658139945,0
M26005_20260322_cell#236,1,0,0,0,0.0527776509735713,0.0530789492460181,1.00570882308873,1,0,0,0.948733048153006,0
M26005_20260322_cell#237,1,1,1,1,0.0338423296832565,0.0394718098122835,1.16634434395372,0,46.4337029764979,0,0.965193155470819,0
M26005_20260322_cell#238,1,0,1,0,0.00996056389803892,0.0102159814655201,1.02564288228013,0.999855290238978,0,0,0.929727597593749,0
M26005_20260322_cell#239,1,1,1,1,0.0382321011726346,0.0408591644630627,1.06871354725093,0,31.6889909642372,0,0.945839555282834,0
M26005_20260322_cell#240,1,1,1,1,0.0190924871889095,0.0238371379888483,1.24850878531399,0,30.9797656939161,0,0.978025715909504,0
M26005_20260322_cell#241,1,1,1,1,0.130757286331427,0.154953759492132,1.18504875590164,0,52.7956572092086,0,1.0002326703424,0
M26005_20260322_cell#242,1,1,1,1,0.0340519856932796,0.0423935802127177,1.24496646376438,0,54.6571738258902,0,0.980165354431521,0
M26005_20260322_cell#243,1,0,0,0,0.0621586134415129,0.0579549157052484,0.932371436498983,1,0,0,1.0064020354356,0
M26005_20260322_cell#244,1,1,1,1,0.0477030622280469,0.0502580189787946,1.0535595962065,0,55.1260887692137,0,0.978005968081462,0
M26005_20260322_cell#245,1,1,1,1,0.00814796019569623,0.00982816949604833,1.20621226171915,6.00184957189054e-06,15.9376420650246,0,0.959554732929967,0
M26005_20260322_cell#246,1,0,0,0,0.0370306331529673,0.0373922828940373,1.0097662316379,0.114096348446027,0,0,0.935647237763646,0
M26005_20260322_cell#247,0,0,0,0,0.00337641799356284,0.00168026340823415,0.497646740254784,0.999999999997577,0,1,1.01612982937935,0
M26005_20260322_cell#248,1,1,1,1,0.0470551561424289,0.0507945193669283,1.0794676615923,0,32.4835563449072,0,0.958852701879866,0
M26005_20260322_cell#249,1,1,1,1,0.031994343313368,0.038682588719465,1.209044622063,0,52.290323508723,0,0.922260326207194,0
M26005_20260322_cell#250,0,0,0,0,0.0136891846679319,0.0124039870461942,0.906115838677496,1,0,1,1.00297985392295,0
M26005_20260322_cell#251,1,1,1,1,0.0255205025796931,0.0273712939692009,1.07252174535859,0,21.4545251469429,0,0.955340597611199,0
M26005_20260322_cell#252,1,0,0,0,0.0177694739980622,0.0173887243001659,0.978572821123583,1,0,0,0.955943600300222,0
M26005_20260322_cell#253,0,1,1,0,0.00113160986704082,0.00280175457335033,2.47590150541631,0,20.3377383611411,1,NaN,0
M26005_20260322_cell#254,1,1,1,1,0.0201515031554047,0.023627941409566,1.17251508373105,0,37.0557591655318,0,0.71806216211203,0
M26005_20260322_cell#255,1,0,0,0,0.0232489754193916,0.0229055584848485,0.985228728219279,1,0,1.51290384664549e-08,1.04664605076748,1
M26005_20260322_cell#256,1,1,1,1,0.0192969180927007,0.0274202084065571,1.42096309238775,0,121.863377783418,0,0.966119235972909,0
M26005_20260322_cell#257,1,1,1,1,0.0199534593819879,0.0243099307751996,1.21833163411977,0,47.6882723978508,0,0.8175496134998,0
M26005_20260322_cell#258,1,1,1,1,0.0134445740373821,0.0148831835204639,1.10700297972117,1.52988732793347e-13,24.2831609835905,0,0.991439820522211,0
M26005_20260322_cell#259,1,0,0,0,0.0311266356219432,0.0290809341594227,0.934278105498867,1,0,0,0.964697509689824,0
M26005_20260322_cell#260,1,1,1,1,0.0573307826058246,0.0597397547860432,1.04201882602548,0,30.3117924441188,0,0.9478959011136,0
M26005_20260322_cell#261,1,1,1,1,0.0294221767025976,0.0328714330089003,1.11723321293214,0,27.9383565558381,0,0.726165688450473,0
M26005_20260322_cell#262,1,1,1,1,0.0493602077661173,0.0543868004801322,1.10183491807474,0,44.4416218084811,0,0.952981305211853,0
M26005_20260322_cell#263,1,0,0,0,0.0230689672916209,0.0221529274086541,0.960291248785138,1,0,0.024396238779458,0.916652331277878,0
M26005_20260322_cell#264,1,1,1,1,0.0331552296998281,0.0424900204094246,1.28154806328019,0,30.3909623569669,0,0.903285455135116,0
M26005_20260322_cell#265,1,0,0,0,0.0393343156537195,0.0386127257238253,0.98165495146155,1,0,0,0.962418675198136,0
M26005_20260322_cell#266,1,1,1,1,0.0292056004668596,0.0370416649856474,1.2683069135209,0,44.4205232940734,0,0.944334945292205,0
M26005_20260322_cell#267,1,1,1,1,0.140005286603908,0.147888601828227,1.05630726821496,0,54.4236087252385,0,0.990039341991109,0
M26005_20260322_cell#268,0,0,0,0,0.00399259194604623,0.00358902285835348,0.898920527530396,1,0,1,0.843504968159682,0
M26005_20260322_cell#269,1,0,0,0,0.0349128804747726,0.0327956159150107,0.93935577554846,1,0,0,0.963917373664454,0
M26005_20260322_cell#270,1,0,0,0,0.0231395991004337,0.0225778499801549,0.975723472224361,1,0,0,0.953097614486972,0
M26005_20260322_cell#271,1,1,1,1,0.0825055273650278,0.0912554089992973,1.10605206600956,0,37.4555655076739,0,0.95255242490332,0
M26005_20260322_cell#272,1,0,0,0,0.0131413949482903,0.0129261318792532,0.983619465826564,1,0,0.0089812116815271,0.768614634190399,0
M26005_20260322_cell#273,1,1,1,1,0.04202828903225,0.0453814689505755,1.07978387880012,0,29.5761916894791,0,0.971147890886886,0
M26005_20260322_cell#274,1,0,1,0,0.042191015185944,0.0428424727832691,1.01544067130061,0.582615414123858,0,0,0.966979236840046,0
M26005_20260322_cell#275,1,1,1,1,0.0129006450614829,0.017910189801575,1.38831738383756,0,23.0143001833268,0,0.997828545440284,0
M26005_20260322_cell#276,1,1,1,1,0.106002082593424,0.129510059051519,1.22176900569266,0,58.4197476942829,0,1.00517979501077,0
M26005_20260322_cell#277,1,0,0,0,0.0558305679011213,0.0541941525341353,0.970689616306893,1,0,0,0.968253245455595,0
M26005_20260322_cell#278,1,1,1,1,0.026796863567021,0.030347488164312,1.13250149922996,0,36.1953076621312,0,0.896521205925774,0
M26005_20260322_cell#279,1,1,1,1,0.229987242427058,0.24381982638294,1.06014500547903,0,47.3346970007801,0,0.98963191806108,0
M26005_20260322_cell#280,1,1,1,1,0.0358774801394742,0.0370265004102116,1.03202622553955,2.07611705604904e-14,23.2317407518873,0,0.955316881340941,0
M26005_20260322_cell#281,1,0,0,0,0.0504487149349551,0.046432887067441,0.920397816422247,1,0,0,0.960860545642189,0
M26005_20260322_cell#282,1,0,0,0,0.0587959074620371,0.0577229605879127,0.981751334056419,1,0,0,0.946608545965513,0
M26005_20260322_cell#283,0,0,1,0,0.000982828390682191,0.00108099016753049,1.09987682262634,0.999999996228746,NaN,0,0.969178668401866,0
M26005_20260322_cell#284,0,0,1,0,0.00868423677277295,0.00917450569423895,1.05645503851336,0.84633499847275,0,0.99999999998666,0.721168516848351,0
M26005_20260322_cell#285,1,0,0,0,0.0255215707152692,0.0246958940185959,0.967647888686595,0.999999999999866,0,0,0.728718822566792,0
M26005_20260322_cell#286,1,0,0,0,0.031473781935773,0.029031002273549,0.922386840348297,1,0,0,0.94306949107789,0
M26005_20260322_cell#287,1,1,1,1,0.00913458719906445,0.0130172733400722,1.42505326802348,3.80917519748891e-13,27.1208389083886,0,0.845688554566345,0
M26005_20260322_cell#288,0,0,0,0,0.00161169407882728,0.00159345248258557,0.988681725346424,1,0,1,1.54283630629765,1
M26005_20260322_cell#289,1,0,0,0,0.0269421855482306,0.025274475917217,0.93810043257151,1,0,0,0.882153584799204,0
M26005_20260322_cell#290,1,1,1,1,0.0556174686503313,0.0608716562882262,1.09447009663327,0,66.5241257660417,0,0.969980676533494,0
M26005_20260322_cell#291,1,0,0,0,0.048916090844278,0.0476371143064978,0.973853664188913,1,0,0,0.961424052819325,0
M26005_20260322_cell#292,1,0,0,0,0.0165926512055939,0.0167266212026475,1.00807405612241,0.999971396955948,0,0,0.886664977998088,0
M26005_20260322_cell#293,1,1,1,1,0.00782777657649002,0.0126323402379103,1.61378395441821,0,41.6433804119828,0,0.868093169934776,0
M26005_20260322_cell#294,1,1,1,1,0.0511618974313064,0.0537518594249703,1.05062286826131,0,18.4771466497822,0,0.966689927387812,0
M26005_20260322_cell#295,1,0,0,0,0.0315021588876746,0.0303155658990791,0.96233296286688,1,0,0,0.903708077339894,0
M26005_20260322_cell#296,0,0,0,0,0.00328128111706387,0.00328128111706387,1,1,0,0,0.299902066122383,0
M26005_20260322_cell#297,1,0,1,0,0.0184572449679395,0.0187501875028105,1.01587141176161,0.995060289394738,0,0,0.883594141085905,0
M26005_20260322_cell#298,1,0,0,0,0.0276397357975144,0.0256845050537635,0.929260150745482,1,0,0,0.954987167636444,0
M26005_20260322_cell#299,1,1,1,1,0.0323784563527736,0.0369621454056284,1.14156601546763,0,42.2776251440677,0,0.943162980704629,0
M26005_20260322_cell#300,1,1,1,1,0.0203402806345435,0.0224452385032253,1.10348715961701,0,30.067577904454,0,0.938117995433536,0
M26005_20260322_cell#301,1,1,1,1,0.0254536615500771,0.0287011240407881,1.12758331387105,0,47.0843753172037,0,0.984714310154197,0
M26005_20260322_cell#302,1,0,0,0,0.00872765864812531,0.00870888530556719,0.997848982950067,1,0,0,0.922995671910682,0
M26005_20260322_cell#303,1,1,1,1,0.0278311225656778,0.0286816932649648,1.03056185381239,9.18123642432711e-05,24.7714318882153,0,0.914305409020355,0
M26005_20260322_cell#304,1,0,0,0,0.0757145643848825,0.0728269728258024,0.961862138644798,1,0,0,0.966752116760949,0
M26005_20260322_cell#305,1,0,1,0,0.00818494554497566,0.00835439608059547,1.02070270775642,0.999999999965077,0,0,0.870694600836692,0
M26005_20260322_cell#306,1,1,1,1,0.0379827049753049,0.0395507973285281,1.04128437809373,0.00110719754421551,31.0434414226659,0,0.89041198067555,0
M26005_20260322_cell#307,1,1,1,1,0.053628629138144,0.0596364094430684,1.11202561768731,0,51.5903881774395,0,0.929601736739323,0
M26005_20260322_cell#308,1,0,0,0,0.049848122785971,0.049821734677723,0.999470629849768,1,0,0,0.998032172295437,0
M26005_20260322_cell#309,1,1,1,1,0.0470952428523073,0.0488947883424302,1.03821076994478,0.01409553019135,34.7486075736386,0,0.937936204520394,0
M26005_20260322_cell#310,1,1,1,1,0.0468667622833138,0.0484425194145839,1.033622060806,0,27.011325345951,0,0.912676526214669,0
M26005_20260322_cell#311,1,1,1,1,0.0360505847422557,0.0374029286350781,1.0375123982729,0,33.0674999383894,0,0.980030960463567,0
M26005_20260322_cell#312,1,0,0,0,0.0333294014733672,0.0308423615138476,0.925379999352615,1,0,0,1.0727659699239,1
M26005_20260322_cell#313,1,0,0,0,0.0637720867947887,0.061844116140638,0.969767797306765,1,0,0,0.971385479787818,0
M26005_20260322_cell#314,1,0,0,0,0.0424894448729467,0.0417130463489026,0.981727261291229,1,0,0,1.02639705486192,1
M26005_20260322_cell#315,1,0,1,0,0.00675830224353953,0.0069450408839834,1.02763099869089,1,0,0,0.979111998082548,0
M26005_20260322_cell#316,1,1,1,1,0.0416697174777472,0.0476473953612689,1.14345376559642,0,47.2961285561568,0,0.954938003503935,0
M26005_20260322_cell#317,1,0,0,0,0.0179440504520685,0.0177505556972204,0.989216773806729,1,0,0,0.950509324802328,0
M26005_20260322_cell#318,1,0,0,0,0.0125177412524388,0.0109650208596692,0.87595842081597,1,0,0,1.1545062059349,1
M26005_20260322_cell#319,1,1,1,1,0.0219917036373527,0.0240554102582131,1.09384023424885,2.96392605005913e-05,27.6877072287437,0,0.960660456596238,0
M26005_20260322_cell#320,1,1,1,1,0.0202733011126346,0.022401270141414,1.10496411102251,0,54.1836903852109,0,0.844215791982823,0
M26005_20260322_cell#321,1,0,0,0,0.0493111451035008,0.0467139750303223,0.94733097218231,1,0,0,0.973292382742589,0
M26005_20260322_cell#322,0,0,0,0,0.000754627514415453,0.000248014094305255,0.328657635147813,0.969538891141104,NaN,0.999999999999961,1.00052759301161,0
M26005_20260322_cell#323,1,1,1,1,0.0216424176302193,0.0280281869996852,1.29505804196983,0,37.5507442560234,0,0.96732599553188,0
M26005_20260322_cell#324,1,1,1,1,0.0679939737545798,0.0736635725562511,1.08338384254662,0,36.1052663463031,0,0.979187524782136,0
M26005_20260322_cell#325,1,1,1,1,0.0802455911400499,0.0842287064837688,1.04963656304516,0,32.4697842490584,0,0.991801070881443,0
M26005_20260322_cell#326,1,0,1,0,0.00916168547275299,0.00935516829569871,1.02111869300918,1,0,0,0.724265956474084,0
M26005_20260322_cell#327,1,1,1,1,0.0265169600968637,0.0296041716954081,1.1164240390779,0,46.7249520635661,0,0.781920200222441,0
M26005_20260322_cell#328,1,1,1,1,0.0364345510063449,0.0379246514648476,1.0408980052545,2.07392576445642e-08,34.2412126780868,0,0.981463128471648,0
M26005_20260322_cell#329,1,0,0,0,0.0113119004741555,0.00952361364185155,0.841911017835628,1,0,0,0.835162773964466,0
M26005_20260322_cell#330,1,0,0,0,0.0871198951773108,0.0874000156153907,1.00321534406704,1,0,0,0.97104282178674,0
M26005_20260322_cell#331,1,1,1,1,0.0448657720925708,0.05301689930375,1.1816780773183,0,32.8938042726894,0,0.919215652919839,0
M26005_20260322_cell#332,1,1,1,1,0.0173265274633163,0.0212027575584235,1.22371650079994,2.79200623527487e-05,21.3444666629822,0,0.826810261884901,0
M26005_20260322_cell#333,1,0,0,0,0.0799245298661852,0.0779254049930102,0.97498734272792,1,0,0,0.945197515776213,0
M26005_20260322_cell#334,1,0,1,0,0.0307318921741041,0.0314697833828517,1.02401060125316,1,0,0,0.921901088583712,0
M26005_20260322_cell#335,1,0,0,0,0.0141944877143997,0.0137397109335631,0.967961028958078,1,0,0,1.00280464102371,0
M26005_20260322_cell#336,1,0,0,0,0.0352417548101021,0.0347894463694237,0.987165552818929,1,0,0,0.707820882398544,0
M26005_20260322_cell#337,1,0,0,0,0.0629142596337145,0.0567335376508766,0.901759600783322,1,0,0,0.958469849088601,0
M26005_20260322_cell#338,1,0,0,0,0.0173819838097693,0.0175615571292446,1.01033100257373,0.838749271645689,0,0,0.977971171834696,0
M26005_20260322_cell#339,1,1,1,1,0.0107880205542881,0.0174787383808817,1.62019883934445,0,33.0710455921195,0,0.981340722882875,0
M26005_20260322_cell#340,1,0,0,0,0.0460229284891737,0.0431374480741291,0.937303415715423,1,0,0,0.931993974036865,0
M26005_20260322_cell#341,1,0,0,0,0.104414309972533,0.102800303471267,0.984542286381145,1,0,0,0.983553716167564,0
M26005_20260322_cell#342,1,0,0,0,0.0501621834329192,0.0441816034806956,0.880775126939575,1,0,0,0.872686896283102,0
M26005_20260322_cell#343,1,1,1,1,0.069538773643995,0.0878541570252437,1.26338375587431,0,32.4147866527994,0,0.936280279758401,0
M26005_20260322_cell#344,1,0,0,0,0.0217892593300783,0.0214209422423165,0.983096392484836,1,0,0,0.943313207520461,0
M26005_20260322_cell#345,1,1,1,1,0.00719936024592481,0.0107063258884666,1.48712184454542,0,32.0576711673569,0,0.820489563093279,0
M26005_20260322_cell#346,1,1,1,1,0.0961735697855223,0.098320001826982,1.02231831516961,0,29.4770338983109,0,0.963626529725848,0
M26005_20260322_cell#347,1,1,1,1,0.0646841068337039,0.0703900497365693,1.08821244015218,0,51.3897915123597,0,0.997528214566315,0
M26005_20260322_cell#348,1,1,1,1,0.0100980237732833,0.0151500516296302,1.50029866930134,0,31.2332121207709,0,0.960334027832154,0
M26005_20260322_cell#349,1,1,1,1,0.0255692231468193,0.0313795933271683,1.22724077876694,0,68.8410510525195,0,0.960570923970217,0
M26005_20260322_cell#350,1,1,1,1,0.0758852846295755,0.0845758182518612,1.11452198755935,0,73.9269326016746,0,0.952563888254511,0
M26005_20260322_cell#351,1,1,1,1,0.0219640273055211,0.0254262937976895,1.15763349972243,0,51.1691166293759,0,1.03612969642631,1
M26005_20260322_cell#352,1,0,0,0,0.00696761299547727,0.00545286933136665,0.782602210384841,1,0,0,0.763856837648347,0
M26005_20260322_cell#353,1,1,1,1,0.0114259368886561,0.0120811040784709,1.05734034733426,0.0348357365431414,49.3928526986661,0,1.00231611352553,0
M26005_20260322_cell#354,1,0,0,0,0.0177665798336683,0.01712783544074,0.964047982284248,1,0,4.50436982644131e-05,0.952687441640586,0
M26005_20260322_cell#355,1,0,0,0,0.0318419613225799,0.0281720560596303,0.884746255867497,1,0,0,0.953546614459625,0
M26005_20260322_cell#356,1,1,1,1,0.0625517885619424,0.0697517840503072,1.11510455022777,0,35.2130179007635,0,0.983422437480385,0
M26005_20260322_cell#357,1,1,1,1,0.0320282956772831,0.0440145743664431,1.37424029083326,0,91.6219188984718,0,0.95210229686657,0
M26005_20260322_cell#358,1,1,1,1,0.0190238265444252,0.0237054153946868,1.24609080824665,0,40.1286686680072,0,0.969740321402756,0
M26005_20260322_cell#359,1,1,1,1,0.0704618363047227,0.0880991828200038,1.25031062828118,0,97.6685756229591,0,0.944031924771795,0
M26005_20260322_cell#360,1,1,1,1,0.00568522633775178,0.00692011709320973,1.21721048241437,4.09180818572441e-06,8.30559856827057,0,0.796842473766308,0
M26005_20260322_cell#361,0,0,0,0,0.00262793066766659,0.00259826324421089,0.98871072824686,1,0,1,0.455004502851445,0
M26005_20260322_cell#362,1,0,0,0,0.0608964795415131,0.060027803816445,0.985735206179268,1,0,0,0.975539252284478,0
M26005_20260322_cell#363,1,1,1,1,0.0775311674413493,0.0823571901126251,1.06224622729855,0,33.9247057621027,0,0.986290311007682,0
M26005_20260322_cell#364,1,0,0,0,0.0349460072997934,0.0347872188930671,0.99545617886003,1,0,0,0.912920156404456,0
M26005_20260322_cell#365,1,0,0,0,0.0137811972159651,0.0133927080125308,0.971810199263079,1,0,0,0.807818125113469,0
M26005_20260322_cell#366,1,0,0,0,0.00786571906171688,0.00792511389208176,1.00755109989295,1,0,0,0.67516287911237,0
M26005_20260322_cell#367,1,0,0,0,0.120926855099084,0.117915348116284,0.975096458265358,1,0,0,0.991163312919801,0
M26005_20260322_cell#368,1,1,1,1,0.0317260089583887,0.0326291855164597,1.02846801686451,0.0125476656917038,38.7375484367973,0,1.01962754098039,1
M26005_20260322_cell#369,1,1,1,1,0.00633852758768023,0.00928950405388894,1.46556182415997,2.22044604925031e-16,26.205106468137,0,0.772233530381737,0
M26005_20260322_cell#370,1,0,0,0,0.0209071112830499,0.019519664601542,0.933637571316095,1,0,0,0.950503388307041,0
M26005_20260322_cell#371,1,1,1,1,0.0298032227077643,0.0317026793332832,1.06373326281335,0,19.3029350262362,0,0.960266670556624,0
M26005_20260322_cell#372,1,1,1,1,0.0180536335259606,0.0205327378861348,1.13731885919858,0,27.5925372573507,0,0.980119281867243,0
M26005_20260322_cell#373,1,0,0,0,0.024396477844556,0.0244483669341013,1.00212690905121,1,0,0,0.984309187561452,0
M26005_20260322_cell#374,1,1,1,1,0.0245995932305263,0.0273593523335177,1.11218718444363,0,31.8787228314809,0,1.05480956768248,1
M26005_20260322_cell#375,1,0,0,0,0.0113661722895785,0.0114100551023341,1.00386082593485,1,0,0,0.813062056675693,0
M26005_20260322_cell#376,1,1,1,1,0.0699423635950941,0.0729274676704692,1.04267948524954,0,27.6942249880826,0,1.01439554186446,0
M26005_20260322_cell#377,1,1,1,1,0.0303000953425995,0.0343852627679525,1.13482358319875,0,17.2194840040841,0,0.94206021961558,0
M26005_20260322_cell#378,1,1,1,1,0.0205400851067413,0.0251625853055804,1.2250477626951,0,59.8096863844998,0,0.930113280851015,0
M26005_20260322_cell#379,1,1,1,1,0.0139495749972827,0.0201052345591062,1.44127936249116,0,33.9273300238348,0,0.976005331700427,0
M26005_20260322_cell#380,1,0,0,0,0.0734284549600505,0.0726827122330049,0.989843954534365,1,0,0,0.96020013256891,0
M26005_20260322_cell#381,1,0,0,0,0.0654794200785411,0.0641003716092317,0.978939207652492,1,0,0,0.978282896102664,0
M26005_20260322_cell#382,1,1,1,1,0.0557826415235229,0.0582163253971682,1.04362797829535,0,51.3652487161766,0,0.986932323650744,0
M26005_20260322_cell#383,1,0,0,0,0.055595540789404,0.0554137028305701,0.996729270796687,1,0,0,0.939191886344439,0
M26005_20260322_cell#384,1,0,0,0,0.0175118541898651,0.0168877912539954,0.964363400408455,1,0,0,0.933796792568683,0
M26005_20260322_cell#385,1,1,1,1,0.0315416936305617,0.0385743907249855,1.22296510697224,0,47.1907314061787,0,0.994181276887211,0
M26005_20260322_cell#386,1,1,1,1,0.047778868601913,0.0546805592322441,1.14445069195412,0,55.1456963717216,0,0.923083636274768,0
M26005_20260322_cell#387,1,1,1,1,0.0450338542040971,0.0497040374796938,1.10370383255297,0,40.3302586062043,0,0.919290464689862,0
M26005_20260322_cell#388,1,1,1,1,0.0184850265365411,0.0192290018567028,1.0402474575133,0.00330928743772496,28.4549175575442,0,0.944561768006202,0
M26005_20260322_cell#389,1,1,1,1,0.0468732190267652,0.0485625391744684,1.03604019913244,1.14370474202374e-08,33.3674158938422,0,0.979891220294983,0
M26005_20260322_cell#390,1,1,1,1,0.108529904135854,0.118810092792485,1.09472217577712,0,65.0186921377443,0,1.04779368893182,1
M26005_20260322_cell#391,1,1,1,1,0.0242481986518441,0.0267622321750958,1.10367918703357,0,24.0403702858442,0,0.847466314622269,0
M26005_20260322_cell#392,1,1,1,1,0.0650434050690824,0.0686024733344074,1.05471835709623,0,41.1946869001071,0,0.979030078668386,0
M26005_20260322_cell#393,1,1,1,1,0.0314985335116242,0.0419311655396494,1.33121008710374,0,53.210980200917,0,0.974904108573866,0
M26005_20260322_cell#394,1,0,0,0,0.0227214010192857,0.0220147535991949,0.968899478536072,1,0,0,0.915804840915713,0
M26005_20260322_cell#395,1,1,1,1,0.0671153238847453,0.0860219603963044,1.28170372155287,0,112.279184374711,0,0.971764375203328,0
M26005_20260322_cell#396,1,0,0,0,0.00704408805322828,0.00712885464323651,1.01203372095404,1,0,0,0.912557305286707,0
M26005_20260322_cell#397,1,1,1,1,0.0384719655513231,0.0406452246914267,1.05648942311524,0,48.3357742033682,0,0.943270788642372,0
M26005_20260322_cell#398,1,0,0,0,0.0332364211715959,0.0322221605270583,0.969483457942084,1,0,0,0.957263062673264,0
M26005_20260322_cell#399,1,1,1,1,0.0127538126456496,0.0189233360992322,1.48373953930451,0,22.4622784912212,0,0.893929271662194,0
M26005_20260322_cell#400,1,0,0,0,0.0875119916014149,0.0827828045484506,0.945959554040274,1,0,0,0.994431281562502,0
M26005_20260322_cell#401,1,0,0,0,0.0268215479108447,0.0250198805367367,0.932827613823902,1,0,0,1.04205503007523,1
M26005_20260322_cell#402,1,0,0,0,0.0555009541852139,0.0420863125608435,0.758298900959359,1,0,0,0.964111853723287,0
M26005_20260322_cell#403,0,0,0,0,0.000754273101945049,0.000764326541691183,1.01332864677291,0.999999998613815,NaN,2.77555756156289e-15,0.282953340621425,0
M26005_20260322_cell#404,1,1,1,1,0.064904726683883,0.0815191114595171,1.25598112224637,0,96.0223271762794,0,0.993713582166236,0
M26005_20260322_cell#405,1,1,1,1,0.093273577059328,0.112112565940482,1.20197562348415,0,175.054276833942,0,0.967105681305697,0
M26005_20260322_cell#406,1,1,1,1,0.0673911360278515,0.0701839260469371,1.04144150378963,0,38.6017370439078,0,0.963692548907061,0
M26005_20260322_cell#407,1,0,0,0,0.0407726858157045,0.0411327810524464,1.00883177621336,0.999999999999969,0,0,0.948051138408852,0
M26005_20260322_cell#408,1,1,1,1,0.0540005519805319,0.05779016505366,1.07017730253006,0,51.0120508016655,0,0.928159297634045,0
M26005_20260322_cell#409,1,1,1,1,0.0362310380256934,0.0461073972129984,1.27259387877049,0,73.7939169564353,0,0.983610987274024,0
M26005_20260322_cell#410,1,0,0,0,0.0278316787542382,0.02697028449987,0.96904986357544,0.0973862646250169,0,1.12276854480342e-12,0.967322283675391,0
M26005_20260322_cell#411,1,1,1,1,0.0625601558963087,0.0681225044598482,1.08891199972006,0,73.1350021280665,0,1.02726998356828,1
M26005_20260322_cell#412,1,1,1,1,0.0170392790413725,0.0230315859436477,1.35167608252236,0,20.4351518221018,0,0.819262561643794,0
M26005_20260322_cell#413,1,1,1,1,0.0584236712612061,0.0641484313584733,1.09798699694294,0,36.8081499048436,0,0.99676313575587,0
M26005_20260322_cell#414,1,0,0,0,0.0602959734196225,0.0575749070159105,0.954871507177187,1,0,0,0.988797246774646,0
M26005_20260322_cell#415,1,1,1,1,0.0254430166803851,0.0322822078657117,1.26880425663515,0,33.5885897976826,0,0.99062870018165,0
M26005_20260322_cell#416,1,1,1,1,0.0194583832129581,0.0216087153182207,1.11050928958119,0,23.928086825331,0,0.930210646797105,0
M26005_20260322_cell#417,0,0,0,0,0.00871365410074417,0.00823021505832624,0.944519367325282,1,0,1,0.751299666165084,0
M26005_20260322_cell#418,1,1,1,1,0.0399058783705819,0.0421086877171205,1.05520012179866,0,27.0426989476515,0,0.955285637830962,0
M26005_20260322_cell#419,1,1,1,1,0.0861135525079823,0.122540867783197,1.42301489387327,0,118.189030575417,0,0.987971676747766,0
M26005_20260322_cell#420,0,0,0,0,0.00233861756931824,0.00233861756931824,1,1,0,0,0.698987945422127,0
M26005_20260322_cell#421,1,0,0,0,0.0127833944422702,0.0123954870604916,0.96965536943021,1,0,0,0.964406101752333,0
M26005_20260322_cell#422,1,0,0,0,0.0323988551632927,0.0322538980506255,0.99552585694968,1,0,0,0.925554635195222,0
M26005_20260322_cell#423,0,0,0,0,0.0103675390653721,0.0102205849325035,0.98582555301292,1,0,1,0.776154575482266,0
M26005_20260322_cell#424,1,1,1,1,0.0160350593088373,0.0177098332635132,1.10444451264068,0,21.5568394070277,0,0.928881930561691,0
M26005_20260322_cell#425,1,0,0,0,0.0108789431867308,0.0106973373653481,0.983306666992776,1,0,0,0.574984212273832,0
M26005_20260322_cell#426,1,0,0,0,0.0407907954667968,0.0385253914160612,0.944462861662512,1,0,0,0.952443836495524,0
M26005_20260322_cell#427,1,1,1,1,0.0715455997466578,0.0752479962453743,1.05174876598738,0,29.4235426612443,0,0.990359566794132,0
M26005_20260322_cell#428,0,0,0,0,0.00989798877024412,0.0095995628895072,0.96984984650275,0.408080733669624,0,1,0.739910273992359,0
M26005_20260322_cell#429,1,1,1,1,0.0203596586216492,0.0236693154540995,1.16255954453632,0,25.5225364374819,0,0.939066641349988,0
M26005_20260322_cell#430,1,1,1,1,0.0207843518444615,0.0225437849397164,1.08465181442373,1.77635683940025e-15,27.1737134483377,0,0.898134101889432,0
M26005_20260322_cell#431,1,1,1,1,0.0211887111105655,0.0245231026903283,1.15736641848404,0,27.7960589766717,0,0.895769536584017,0
M26005_20260322_cell#432,1,1,1,1,0.0315143203688201,0.0338261527353192,1.07335815398978,0,25.4860419106119,0,0.966261983557898,0
M26005_20260322_cell#433,1,0,0,0,0.055511960422363,0.0549858275987027,0.990522171804829,1,0,0,0.906175478418962,0
M26005_20260322_cell#434,1,1,1,1,0.0152677074096584,0.0188348777371106,1.23364151746814,0,34.6119232065094,0,0.944405734528873,0
M26005_20260322_cell#435,1,1,1,1,0.0271635408161322,0.0295866695562977,1.08920518707658,1.76697464215891e-07,19.9502460515838,0,0.977381600221473,0
M26005_20260322_cell#436,1,0,0,0,0.037591672881574,0.0373284393629478,0.992997557744888,1,0,0,0.876838993391901,0
M26005_20260322_cell#437,1,1,1,1,0.0407355396624012,0.0430144829185902,1.05594484018319,0,20.2677092505892,0,0.999435059173608,0
M26005_20260322_cell#438,1,1,1,1,0.0294928784090243,0.0311053263297271,1.05467245001795,8.86513085163187e-13,19.8692747470379,0,0.930134723410682,0
M26005_20260322_cell#439,1,1,1,1,0.0135534240819455,0.0151929977709596,1.12097117887709,0,37.5576163124167,0,0.717484397314039,0
M26005_20260322_cell#440,1,1,1,1,0.0486969263466697,0.0504029956975708,1.03503443602899,0,30.5953847609829,0,0.946834186184331,0
M26005_20260322_cell#441,1,0,0,0,0.0295064598578251,0.0288211148542242,0.976773052175585,1,0,0,0.88829931634319,0
M26005_20260322_cell#442,1,1,1,1,0.0379673529027425,0.0434191051946843,1.14359052910291,0,57.5937076040315,0,0.940094448326583,0
M26005_20260322_cell#443,1,0,0,0,0.0398290957297396,0.0386011469280753,0.969169553584734,1,0,0,0.957602410845335,0
M26005_20260322_cell#444,1,0,1,0,0.00500239025796972,0.00525822169344892,1.05114183865835,0.999333571765444,0,0.00169021428983829,0.83546462272922,0
M26005_20260322_cell#445,1,1,1,1,0.0716354579872312,0.0778328936168869,1.08651352003306,0,31.2615322820251,0,0.976226781825257,0
M26005_20260322_cell#446,1,0,0,0,0.0901610466989128,0.088793668211054,0.984834043770309,1,0,0,0.953002991644539,0
M26005_20260322_cell#447,1,1,1,1,0.0172660057322943,0.0203550670363343,1.17891001265349,0,19.3989842603313,0,0.823852532649435,0
M26005_20260322_cell#448,1,1,1,1,0.0233520892695193,0.0302431271388984,1.29509299103159,0,57.9317371791546,0,0.970624546804745,0
M26005_20260322_cell#449,1,0,0,0,0.0289610743668237,0.0289304758233009,0.998943459654318,0.862928341280251,0,0,0.948971077943558,0
M26005_20260322_cell#450,1,1,1,1,0.0453918322559905,0.0513550764844714,1.13137262657411,0,40.6840374595048,0,1.00717898014842,0
M26005_20260322_cell#451,1,1,1,1,0.0469670862080226,0.0533198230511935,1.13525933491028,0,29.2723561257423,0,0.948953575806426,0
M26005_20260322_cell#452,1,1,1,1,0.111968855380639,0.144324085786624,1.28896634064887,0,110.883673633652,0,0.982772973193046,0
M26005_20260322_cell#453,1,1,0,0,0.0351023306858805,0.0355764460481313,1.01350666331799,3.95487131932271e-09,39.3197852475809,0,NaN,0
M26005_20260322_cell#454,1,1,1,1,0.0923509832762017,0.114245951215497,1.23708429691335,0,139.297061867404,0,0.954056798542534,0
M26005_20260322_cell#455,1,1,1,1,0.0559919290770799,0.0638367592489551,1.14010644571784,0,54.9152291351856,0,0.980707106176757,0
M26005_20260322_cell#456,1,1,1,1,0.0182899302849661,0.0192434533518513,1.05213377262947,0,30.6535875089095,0,0.939832252800102,0
M26005_20260322_cell#457,1,1,1,1,0.0449339278966743,0.0511381755966732,1.13807490220453,0,40.1311933027539,0,0.965884252263536,0
M26005_20260322_cell#458,1,1,1,1,0.0208413463377601,0.0308379726799329,1.47965357804458,0,43.3759555101675,0,0.984521694655432,0
M26005_20260322_cell#459,1,1,1,1,0.0369365931514085,0.0445265607095449,1.20548640008633,0,32.7824967141314,0,0.961974958300255,0
M26005_20260322_cell#460,1,0,1,0,0.00460409936249297,0.0047526315570826,1.03226085774769,1,0,0,0.795125965474579,0
M26005_20260322_cell#461,1,0,0,0,0.0760369834329667,0.0746221470483966,0.981392786500828,1,0,0,0.939378882000653,0
M26005_20260322_cell#462,1,1,1,1,0.0351051868973352,0.0543579930393305,1.54843195104757,0,92.9331469934692,0,0.975715283732206,0
M26005_20260322_cell#463,1,0,0,0,0.0154472586169926,0.0130150529288964,0.842547745952754,0.999998913591138,0,0,0.851656221159286,0
M26005_20260322_cell#464,1,1,1,1,0.0473838142578505,0.0517016104430273,1.09112386271144,0,21.0986607467844,0,1.00446288970076,0
M26005_20260322_cell#465,1,1,1,1,0.0612240358721471,0.0640514882038839,1.04618206381627,0,23.5859442508715,0,0.90183277554759,0
M26005_20260322_cell#466,1,0,0,0,0.0464857199464007,0.0470096384144444,1.01127052498375,0.999999947362141,0,0,0.952305930255231,0
M26005_20260322_cell#467,1,0,0,0,0.055901168403795,0.0531874765574884,0.951455543349209,1,0,0,0.94696114795883,0
M26005_20260322_cell#468,1,0,0,0,0.019218561759677,0.0194692099614385,1.0130419853939,0.99997468247014,0,0,0.927444863911878,0
M26005_20260322_cell#469,1,0,0,0,0.0608322931791441,0.0591648903657161,0.972590170018451,1,0,0,0.97141598102478,0
M26005_20260322_cell#470,1,1,1,1,0.141411911860011,0.157844606921873,1.11620446146099,0,58.1053734705569,0,0.977404865833989,0
M26005_20260322_cell#471,1,0,0,0,0.0581669337521359,0.057550173628915,0.989396722786711,1,0,0,0.926712441739805,0
M26005_20260322_cell#472,1,1,1,1,0.0291761376125624,0.0346954657154117,1.18917267858213,0,34.4639203811823,0,0.96212652248733,0
M26005_20260322_cell#473,1,1,1,1,0.0367219542695129,0.0426455484111307,1.16130933822701,0,35.6663024548818,0,0.864861624495726,0
M26005_20260322_cell#474,1,1,1,1,0.0118404803898382,0.014250184789202,1.20351407375598,0,27.7372563946467,0,0.92895602318514,0
M26005_20260322_cell#475,1,1,1,1,0.0424864376126132,0.0560025948287269,1.3181287482691,0,92.0253608133293,0,0.967638769173291,0
M26005_20260322_cell#476,1,0,0,0,0.05873942928984,0.05627287583241,0.958008555969122,1,0,0,0.928676877184303,0
M26005_20260322_cell#477,1,1,1,1,0.0690066598472442,0.0706262917639454,1.02347066095195,1.11022302462516e-16,33.4080990907038,0,0.954062271415847,0
M26005_20260322_cell#478,1,0,0,0,0.037532226688735,0.037398209446998,0.996429275490409,1,0,0,1.02409219169436,1
M26005_20260322_cell#479,1,1,1,1,0.0742122096281486,0.0791574290996802,1.06663619768648,0,31.6668102981525,0,0.974072530071875,0
M26005_20260322_cell#480,1,1,1,1,0.0631414731566446,0.0787175363791078,1.24668514121964,0,67.5401614538659,0,0.975470072808395,0
M26005_20260322_cell#481,1,1,1,1,0.0146973071045945,0.0183805363458499,1.25060572083331,0,36.0397987692587,0,0.8511844926181,0
M26005_20260322_cell#482,1,1,1,1,0.114983261820634,0.143104104015574,1.24456465880057,0,96.9266731216238,0,1.00274073617009,0
M26005_20260322_cell#483,1,1,1,1,0.0474187571843945,0.0667135820900826,1.40690279651694,0,133.748466224886,0,0.990223148582211,0
M26005_20260322_cell#484,1,1,1,1,0.0533738474633621,0.0597061270661755,1.11864011878027,0,41.6156121291369,1.88737914186277e-15,0.995972449152538,0
M26005_20260322_cell#485,1,1,1,1,0.0255523814823565,0.033288882495575,1.30277025327602,0,68.7917122206285,0,0.996566068827884,0
M26005_20260322_cell#486,1,1,1,1,0.0892587442364986,0.0916391791121452,1.02666892634451,0,26.9353861693119,0,0.969789577146804,0
M26005_20260322_cell#487,1,0,0,0,0.0439482305952401,0.0381582733621919,0.868255054762652,1,0,0,0.930590409622191,0
M26005_20260322_cell#488,1,1,1,1,0.0534913334101483,0.0585372204877599,1.09433092719753,0,27.8346778617959,0,0.95269085257042,0
M26005_20260322_cell#489,1,1,1,1,0.0189933643700718,0.0244764937642394,1.2886865795513,0,63.940290921999,0,0.953317675072044,0
M26005_20260322_cell#490,1,1,1,1,0.0479766681144171,0.0511068237995765,1.06524329029466,0,23.4991968432189,0,0.994291896469004,0
M26005_20260322_cell#491,1,0,0,0,0.0443715051748852,0.0450170237200082,1.0145480425462,1,0,0,0.915833706037092,0
M26005_20260322_cell#492,1,1,1,1,0.00699377376949596,0.00869289858114436,1.24294820902834,7.69463452388042e-06,31.8403082423007,0,0.906638552542823,0
M26005_20260322_cell#493,1,1,1,1,0.048457123057693,0.0533915513456681,1.10183081406009,0,51.3490176379746,0,1.00454586389148,0
M26005_20260322_cell#494,1,0,0,0,0.0193175440117569,0.0194798725632557,1.00840316716245,0.999999999999995,0,0,0.994032103797933,0
M26005_20260322_cell#495,1,1,1,1,0.0383325115728342,0.0437783095088491,1.14206733951329,0,29.8486877835198,0,0.983990976469323,0
M26005_20260322_cell#496,0,1,1,0,0.00978490942875335,0.0127519232934896,1.30322343669503,4.44089209850063e-16,21.1613153009028,1,NaN,0
M26005_20260322_cell#497,1,0,0,0,0.0348406563118861,0.0297803149409252,0.854757576158674,1,0,0,0.911694969412526,0
M26005_20260322_cell#498,1,1,1,1,0.0630453442151015,0.0683905768209062,1.08478393880391,0,44.0789461623391,0,0.9978406510542,0
M26005_20260322_cell#499,1,0,0,0,0.00996893809044644,0.0093403848425723,0.936948826226888,1,0,0,0.95023816624718,0
M26005_20260322_cell#500,1,0,0,0,0.0554992892863184,0.0519400897574308,0.935869457525378,1,0,0,0.910768133951182,0
M26005_20260322_cell#501,1,0,0,0,0.0285908631402724,0.0281298469196517,0.983875400390717,1,0,0,1.0020009849107,0
M26005_20260322_cell#502,1,1,1,1,0.0940894483823297,0.0984505379333561,1.04635046358552,0,29.6210652846983,0,0.967258775765138,0
M26005_20260322_cell#503,1,1,1,1,0.0329281082496866,0.0352723296886967,1.07119210800798,0,35.1255332251912,0,0.972881922689848,0
M26005_20260322_cell#504,1,0,0,0,0.0364003901340869,0.0369045877495166,1.01385143438223,0.305794913029611,0,0,0.944425150923139,0
M26005_20260322_cell#505,1,1,1,1,0.0690007224633128,0.0778474820879928,1.1282125651566,0,36.0847424369192,0,0.945079788085456,0
M26005_20260322_cell#506,1,1,1,1,0.0327298676960391,0.0368842047843392,1.12692801348546,0,35.1467555626203,0,0.918787690842339,0
M26005_20260322_cell#507,0,0,1,0,0.0143116500113141,0.0145690869324342,1.017987927382,1,0,0.999999894631455,0.966516131953622,0
M26005_20260322_cell#508,1,1,1,1,0.110031629761575,0.130891249813239,1.18957839756499,0,106.939570740564,0,0.985525048624323,0
M26005_20260322_cell#509,0,0,1,0,0.00406833732074712,0.0044804931617449,1.10130817788779,0.999999988610098,0,0.996839675070824,0.98947282175125,0
M26005_20260322_cell#510,1,0,0,0,0.00397514800895173,0.00299257133067761,0.752820102280108,1,0,3.52914364398771e-11,0.925519610311994,0
M26005_20260322_cell#511,1,0,0,0,0.020674363851326,0.0188366483515083,0.911111388334213,1,0,0,1.14599465977762,1
M26005_20260322_cell#512,1,1,1,1,0.0296020225549691,0.03623404823988,1.22403961325939,0,47.7697111897392,0,0.975959761528982,0
M26005_20260322_cell#513,1,1,1,1,0.0652375963977666,0.0715297675775777,1.096450076754,0,60.8557749843327,0,0.969397723618273,0
M26005_20260322_cell#514,1,1,1,1,0.0971049240928308,0.108348304751824,1.11578589617396,0,49.1348180655856,0,0.991590932867026,0
M26005_20260322_cell#515,1,0,0,0,0.0286652512831736,0.028414395918264,0.991248799376239,1,0,0,0.974312146978931,0
M26005_20260322_cell#516,1,0,0,0,0.0721031856602656,0.0713278353734045,0.989246656999119,1,0,0,0.981009335318869,0
M26005_20260322_cell#517,1,1,1,1,0.0244327563117755,0.0272660085559062,1.11596122058342,0,26.0733914567289,0,0.960133094829431,0
M26005_20260322_cell#518,1,1,1,1,0.039733991326424,0.0475897397844952,1.19770851595387,0,45.4738340712105,0,0.989799171226222,0
M26005_20260322_cell#519,1,1,1,1,0.139058332899057,0.156422416330187,1.12486906084035,0,48.5380135734508,0,0.997254554182718,0
M26005_20260322_cell#520,1,1,1,1,0.0176418640717324,0.0202658462185432,1.14873610499104,0,55.1449256508639,0,0.999341499161501,0
M26005_20260322_cell#521,1,1,1,1,0.0388113342489578,0.04354596617177,1.12199095997168,0,37.3489642824778,0,0.927056921656475,0
M26005_20260322_cell#522,1,0,0,0,0.0719036579150099,0.0714455834308009,0.993629329890972,1,0,0,0.957069966519399,0
M26005_20260322_cell#523,0,0,1,0,0.00252327869157137,0.00275842657057795,1.09319140204055,0.999606418228045,0,0.9067587084928,0.660824971705334,0
M26005_20260322_cell#524,1,0,0,0,0.0127326379199597,0.0128126983194698,1.00628780933012,0.999999999999447,0,0,0.788482621328992,0
M26005_20260322_cell#525,0,0,1,0,0.000887534885051543,0.00138180585911029,1.55690315094492,0.999998765484626,NaN,0.999999999971072,0.564025549088781,0
M26005_20260322_cell#526,1,0,0,0,0.00894953236397495,0.00898715618814881,1.00420399889555,0.999999999904896,0,4.91828799908944e-14,0.891470902163053,0
M26005_20260322_cell#527,1,1,1,1,0.0197358693478089,0.0210311257098356,1.06562955698581,0.000105514388973882,29.6815850186775,0,0.953157034053828,0
M26005_20260322_cell#528,1,1,1,1,0.152347654803733,0.174688045858282,1.14664085957431,0,76.4306911282356,0,0.994071356718573,0
M26005_20260322_cell#529,1,1,1,1,0.0581753892419473,0.060565641261005,1.04108699658402,0,30.6607420600108,0,0.961153231546746,0
M26005_20260322_cell#530,1,0,1,0,0.0104250102473413,0.0109467450118956,1.05004645100347,0.573441415536698,0,0,0.610604018107152,0
M26005_20260322_cell#531,1,0,0,0,0.0340995836099509,0.0339234612648842,0.994835058777219,0.999220387531215,0,0,0.957332633371642,0
M26005_20260322_cell#532,1,0,0,0,0.0196836984339709,0.0175879630283803,0.893529388665409,1,0,0,0.928520783668449,0
M26005_20260322_cell#533,1,0,1,0,0.00869696791140658,0.00888417643904201,1.02152572362488,0.99999999999982,0,0,0.982450708674834,0
M26005_20260322_cell#534,1,1,1,1,0.126765483139648,0.155631244831357,1.22770994892916,0,65.7440917904123,0,0.999406204309471,0
M26005_20260322_cell#535,1,1,1,1,0.127523530814549,0.142172200803029,1.11487032938089,0,72.5132251056427,0,0.97883191415579,0
M26005_20260322_cell#536,1,0,0,0,0.0624349890912809,0.0618018422769612,0.989859102667672,1,0,0,0.928041413788588,0
M26005_20260322_cell#537,1,1,1,1,0.0100396996623415,0.0111409763143183,1.10969219090364,0,24.3304275286242,0,1.04450433276274,1
M26005_20260322_cell#538,1,1,1,1,0.0597292735832068,0.0695623700466504,1.16462775911288,0,80.7667992337455,0,0.962667629687105,0
M26005_20260322_cell#539,1,0,0,0,0.0347782438673427,0.0348108354565959,1.00093712578983,1,0,0,0.945836701863415,0
M26005_20260322_cell#540,1,1,1,1,0.0216878437812458,0.0273334609131902,1.26031251372376,0,24.0696572562356,0,0.940610983085643,0
M26005_20260322_cell#541,1,0,0,0,0.0033432215853774,0.00297903293380606,0.891066552942759,1,0,0.00794407216609527,0.837137316701615,0
M26005_20260322_cell#542,1,1,1,1,0.0127547494321531,0.0157378516608741,1.23388168027833,0.000411831946205199,32.8445664942554,0,0.912378396112807,0
M26005_20260322_cell#543,1,1,1,1,0.126372402892958,0.146338908327603,1.15799735525768,0,149.744017578459,0,0.993163979313516,0
M26005_20260322_cell#544,1,0,0,0,0.0385310871942627,0.0381465224333187,0.990019363870917,1,0,0,0.953337660012128,0
M26005_20260322_cell#545,1,1,1,1,0.0168006403839064,0.0229829057274886,1.36797795812023,0,49.238477617556,0,0.943606172033302,0
M26005_20260322_cell#546,1,0,0,0,0.0380858890648041,0.0331934338550641,0.871541525486899,1,0,0,0.908217275817582,0
M26005_20260322_cell#547,1,0,0,0,0.0366427296642728,0.0359288720248429,0.980518437191487,0.0505607246591249,0,0,0.955815754575864,0
M26005_20260322_cell#548,1,1,1,1,0.152171236878974,0.185959872598296,1.22204351106244,0,44.4768654043778,0,1.00281250781514,0
M26005_20260322_cell#549,1,1,1,1,0.0302153716479124,0.033640942407157,1.11337178966922,0,33.1881885596137,0,0.882254632781296,0
M26005_20260322_cell#550,1,0,0,0,0.0465995656067111,0.0417744818569209,0.896456465055645,1,0,0,0.927637981024785,0
M26005_20260322_cell#551,1,1,1,1,0.0615268755089422,0.0674980396977629,1.09704968990263,0,67.3759884025084,0,1.00133659055469,0
M26005_20260322_cell#552,1,0,0,0,0.02314654560717,0.0230906507251091,0.997585173917116,0.998999293362801,0,0,0.905064877195668,0
M26005_20260322_cell#553,1,1,1,1,0.044475184317506,0.0533219116676933,1.1989137872264,0,40.0271280578526,0,0.96831952357339,0
M26005_20260322_cell#554,1,0,1,0,0.0292088839060209,0.0300912239426165,1.03020793397771,1,0,0,0.968177058986974,0
M26005_20260322_cell#555,1,1,1,1,0.0465541578874776,0.0533311615272274,1.14557246757916,0,38.6075276281356,0,0.945976428364009,0
M26005_20260322_cell#556,1,1,1,1,0.0408937373423117,0.048288063914166,1.18081806781215,0,42.5200846362783,0,0.974759159810568,0
M26005_20260322_cell#557,1,1,1,1,0.0253113489981745,0.0299499588164718,1.18326205444964,0,72.393459107969,0,0.88087577470561,0
M26005_20260322_cell#558,1,1,1,1,0.0403243772624218,0.0414186311148027,1.02713628645173,0.000424885195113189,16.7657288008768,0,1.00293968138762,0
M26005_20260322_cell#559,1,0,0,0,0.0807799691931155,0.0780962375010836,0.966777262744231,1,0,0,0.948001703067107,0
M26005_20260322_cell#560,0,0,1,0,5.13405881705304e-05,0.000484115354776428,9.42948594917562,1,NaN,0.890765428648844,0.0817958923606807,0
M26005_20260322_cell#561,1,1,1,1,0.131598071473442,0.148301149534286,1.1269249455849,0,53.693353149246,0,0.984966179794548,0
M26005_20260322_cell#562,1,0,0,0,0.0347967422195299,0.0340376877074616,0.978186046633921,1,0,0,0.959725493064538,0
M26005_20260322_cell#563,1,1,1,1,0.0320731151602783,0.0366362115619594,1.14227169325081,0,27.0633206228617,0,0.868514506234312,0
M26005_20260322_cell#564,1,0,0,0,0.0730705855243977,0.0717738962996667,0.982254292675702,1,0,0,0.975751669408159,0
M26005_20260322_cell#565,1,0,1,0,0.0233757757948799,0.0238246714353159,1.01920345422437,0.804159894803576,0,0,0.898217987644936,0
M26005_20260322_cell#566,0,0,0,0,-3.60809538730654e-07,-3.60809538730654e-07,1,1,NaN,1,-0.00081151484689871,0
M26005_20260322_cell#567,0,0,1,0,0.011789145917006,0.0122156172124476,1.03617491024743,0.999512478212576,0,0.99456233998018,0.65094926165389,0
M26005_20260322_cell#568,1,1,1,1,0.0125201666349673,0.0138075135212603,1.10282186522163,6.90392187863154e-12,17.0772762052466,0,0.949157390064386,0
M26005_20260322_cell#569,1,1,1,1,0.00896277945915922,0.0102385327538367,1.14233902557692,0.00140727513873851,12.6182574508289,0,0.923430828480606,0
M25126_20260311_cell#1,0,0,0,0,0.0135895656382414,0.0134758259564159,0.991630366646488,1,0,0.999999999992533,0.911202681995761,0
M25126_20260311_cell#2,0,0,1,0,0.0571143062519898,0.0582625635795952,1.02010454828146,0.966563948212974,0,1,0.988019614661748,0
M25126_20260311_cell#3,0,0,0,0,0.00250434047529739,0.0019335696441222,0.772087367190992,1,NaN,1,0.671218441511559,0
M25126_20260311_cell#4,0,0,0,0,0.00887998350126106,0.0074928264241763,0.843788327209418,1,0,1,1.61065289947644,1
M25126_20260311_cell#5,1,0,0,0,0.0775212502577723,0.074166543202827,0.956725323136684,1,0,0.0012078461492111,1.00916121508122,0
M25126_20260311_cell#6,1,1,1,1,0.0157490660597956,0.0254178581764277,1.61392796753292,0,44.7871413417163,0,0.957285690763897,0
M25126_20260311_cell#7,1,0,0,0,0.00720464270566139,0.0072714335395557,1.00927052688426,1,0,0,0.892031478014207,0
M25126_20260311_cell#8,0,0,0,0,-2.89291311114294e-07,0.00152860862953863,-5283.97698379094,1,NaN,0,1,0
M25126_20260311_cell#9,0,1,1,0,0.00996336244313245,0.0112606458696914,1.13020538336967,2.54153977352622e-06,36.4612906968679,1,NaN,0
M25126_20260311_cell#10,0,0,1,0,0.00269823901814093,0.00313087559183366,1.16034034449284,0.999988763287821,NaN,0,0.881695090333182,0
M25126_20260311_cell#11,0,0,0,0,0.0303133793196921,0.0256462677338878,0.846037898428155,1,0,0.999939251021985,0.863644542155491,0
M25126_20260311_cell#12,0,0,0,0,0.225769452625744,0.211918691793752,0.938650864096512,1,0,1,0.942929900066323,0
M25126_20260311_cell#13,1,1,1,1,0.0151790519122905,0.0172995171760038,1.13969681874507,3.07753822426093e-13,35.0350133933367,4.21884749357559e-15,1.01157709191855,0
M25126_20260311_cell#14,1,0,0,0,0.00577673321916865,0.00566052145205289,0.979882787951823,1,0,3.88758883507201e-06,0.974228344821371,0
M25126_20260311_cell#15,1,1,1,1,0.00257611518625462,0.00430805616803691,1.67230727532038,3.51325462810692e-05,20.6967399057025,0,0.841529081540554,0
M25126_20260311_cell#16,0,0,0,0,0.0128201868117397,0.0118188606493718,0.921894573217064,1,0,1,0.908700283087081,0
M25126_20260311_cell#17,0,0,1,0,0.0015428820050026,0.00158112377451795,1.02478593268401,0.881157533309747,NaN,1,1.36146184969502,0
M25126_20260311_cell#18,1,0,0,0,0.0116195154866348,0.008958013991809,0.770945570158484,1,0,0,0.982222508466208,0
M25126_20260311_cell#19,0,0,0,0,-1.86987030217105e-08,2.40931631983128e-05,-1288.49381533783,1,NaN,1,1,0
M25126_20260311_cell#20,1,0,0,0,0.0157893751865413,0.0155919549136844,0.987496638054103,0.999097574699526,0,0,0.9357841102453,0
M25126_20260311_cell#21,0,0,0,0,0.0133436547675869,0.0110978598642466,0.831695667906847,1,0,0.99999999732801,0.987731277060863,0
M25126_20260311_cell#22,0,0,0,0,0.177803763369454,0.171932313885185,0.966977923453346,1,0,1,0.91993289245629,0
M25126_20260311_cell#23,1,1,1,1,0.0398542949790966,0.0418743616895317,1.05068629896714,0.00176843574503305,69.3130424262952,0,0.942182137848834,0
M25126_20260311_cell#24,0,0,0,0,0.108499507965829,0.0932345125138956,0.85930815965782,1,0,1,0.839858765692576,0
M25126_20260311_cell#25,1,0,0,0,0.0429943417808379,0.04221063303068,0.981771816529885,1,0,0,0.949398095377992,0
M25126_20260311_cell#26,0,0,0,0,0.00335904121989957,0.00307679960573349,0.915975543112114,0.99999999826958,NaN,1,0.996059498491162,0
M25126_20260311_cell#27,0,0,0,0,0.00479057247080716,0.00465319013380856,0.971322354930276,1,0,1,0.652059888953405,0
M25126_20260311_cell#28,1,0,0,0,0.0725755876398135,0.0672786355069001,0.927014684893745,1,0,0.00051834467866374,0.937693227921441,0
M25126_20260311_cell#29,1,0,0,0,0.121314343000877,0.119044705493873,0.981291268197466,1,0,0,0.967626711162607,0
M25126_20260311_cell#30,1,0,0,0,0.09496677695428,0.0893954583303579,0.941334024354599,1,0,0,0.978030898859403,0
M25126_20260311_cell#31,0,0,1,0,0.0771920934705642,0.079167574931911,1.02559175911067,0.812188604803681,0,1,0.969903171582371,0
M25126_20260311_cell#32,0,0,0,0,0.0472038820228814,0.0442852358992664,0.938169362379978,1,0,1,0.970851970106745,0
M25126_20260311_cell#33,0,0,1,0,0.0130716347167928,0.0137285301107825,1.05025349990432,1,0,1,1.00558090411466,0
M25126_20260311_cell#34,0,1,1,0,0.128392159078357,0.135175324090771,1.05283161418194,0,21.6206930653655,1,NaN,0
M25126_20260311_cell#35,1,0,1,0,0.00888974365082879,0.0114488407297395,1.28787073952038,0.390686259845442,0,6.60360655047043e-13,0.778362523975631,0
M25126_20260311_cell#36,1,1,1,1,0.0196007573527008,0.0221241049396415,1.12873724935904,1.29773969348435e-12,50.6847046727432,0,0.965442514214807,0
M25126_20260311_cell#37,1,0,0,0,0.034138014399148,0.0343906379350906,1.00740006530517,1,0,0,0.856408421088428,0
M25126_20260311_cell#38,0,0,0,0,0.00676828566358028,0.00653513587476866,0.965552608090083,1,0,1,1.00958852127203,0
M25126_20260311_cell#39,0,0,0,0,0.0793217727813984,0.0726977606463028,0.916491879810218,1,0,0.875076556860346,0.86280867916783,0
M25126_20260311_cell#40,0,0,0,0,0.0627812730494616,0.0568641739931162,0.905750572281583,1,0,1,0.949921303219948,0
M25126_20260311_cell#41,0,0,0,0,0.00389248581828134,0.00320625593315927,0.823703947256754,0.0848901417229504,NaN,1,0.913111889440998,0
M25126_20260311_cell#42,1,1,1,1,0.0763688906870773,0.0815713689860513,1.06812300469691,0,40.657511391202,0,0.972540605324782,0
M25126_20260311_cell#43,0,0,0,0,0.0002646989836021,0.000233229252703177,0.881111251465067,1,NaN,1,0.0337369295290865,0
M25126_20260311_cell#44,0,0,1,0,0.000283808883411984,0.000784805807308055,2.76526160095141,1,NaN,1,0.162333488787622,0
M25126_20260311_cell#45,1,0,0,0,0.0655791112152499,0.063089682116541,0.962039297993262,1,0,0,0.954338932062358,0
M25126_20260311_cell#46,0,1,1,0,0.108963128325447,0.117301667311237,1.07652624437218,0,18.6002457531165,0.335056659602339,NaN,0
M25126_20260311_cell#47,1,1,1,1,0.114703759171596,0.138720327142673,1.20937908351502,0,243.219713400473,0,0.985567595551756,0
M25126_20260311_cell#48,0,0,0,0,0.00694845758401351,0.00563259478201508,0.810625194715749,1,0,1,1.0640893889874,0
M25126_20260311_cell#49,1,0,0,0,0.0363719966220913,0.0359192578034746,0.987552544246589,1,0,0,0.932077574273622,0
M25126_20260311_cell#50,1,0,0,0,0.031956246022762,0.0312436571981553,0.977701109695452,1,0,0,1.01667295671232,0
M25126_20260311_cell#51,0,0,0,0,0.0708493248864008,0.0677279227894412,0.955943093290382,1,0,1,0.942552235764762,0
M25126_20260311_cell#52,0,0,0,0,0.0288385738458922,0.0266605474593527,0.924475239372845,1,0,1,0.793236772538882,0
M25126_20260311_cell#53,1,0,0,0,0.157988626249987,0.151284498623259,0.957565757827906,1,0,0,0.957014532487513,0
M25126_20260311_cell#54,0,0,0,0,0.0632537417310109,0.0621342973637054,0.982302321780963,1,0,1,0.967027639775256,0
M25126_20260311_cell#55,0,0,0,0,0.00522416530865773,0.00528397718552584,1.01144907814632,0.999999562756929,NaN,1,1,0
M25126_20260311_cell#56,1,1,1,1,0.0258660375766661,0.0338175840070274,1.30741262192917,0,74.9240577118587,0,0.729631331010615,0
M25126_20260311_cell#57,0,0,0,0,0.000802200377982051,0.00079216859181125,0.987494662872092,1,NaN,1,0.177630570466718,0
M25126_20260311_cell#58,0,0,0,0,0.358801719672202,0.349726670074072,0.974707340849925,1,0,1,0.977728901167908,0
M25126_20260311_cell#59,0,0,0,0,0.0315515649414503,0.0292587971119036,0.927332674819733,1,0,1,0.944769291628181,0
M25126_20260311_cell#60,0,0,0,0,0.0422303117501585,0.0370181487223165,0.876577680537192,1,0,1,0.943721755133178,0
M25126_20260311_cell#61,1,0,0,0,0.0156635433542871,0.0144683760358097,0.923697512660808,1,0,0,1.02737910084796,0
M25126_20260311_cell#62,1,0,0,0,0.0541139744322753,0.0519636351319627,0.960262772733431,1,0,0,0.944353297071405,0
M25126_20260311_cell#63,1,0,1,0,0.00902763942420979,0.0091856246295657,1.01750016786584,0.998404221794854,0,0,0.919133093293264,0
M25126_20260311_cell#64,1,0,0,0,0.234142630325554,0.228944662779779,0.977799995077582,1,0,0,0.962864374397948,0
M25126_20260311_cell#65,0,0,0,0,0.00368005492121466,0.00267013254713223,0.725568667940127,1,0,1,0.739490791123615,0
M25126_20260311_cell#66,1,0,1,0,0.0198875840987638,0.0212001742195091,1.06600048121616,1,0,0,0.985995501643676,0
M25126_20260311_cell#67,0,0,1,0,0.0101269889865814,0.0105049969296716,1.03732678524594,1,0,0.940946706206039,1.01666184228325,0
M25126_20260311_cell#68,1,0,0,0,0.032384548827377,0.0316359227345342,0.976883232283602,1,0,0,1.00612437723844,0
M25126_20260311_cell#69,1,0,0,0,0.047175639656417,0.0447858002901542,0.949341664815397,1,0,0,0.925449970300172,0
M25126_20260311_cell#70,0,0,1,0,0.0159223345188288,0.0166169863865144,1.04362751372069,0.0796884988850444,0,1,0.987009080430454,0
M25126_20260311_cell#71,1,0,0,0,0.0350943932918658,0.0342571269526135,0.976142447248223,1,0,0,0.934637725590943,0
M25126_20260311_cell#72,1,0,0,0,0.0816317130607906,0.0782490991851644,0.958562502870579,1,0,2.79378964407329e-10,0.940664780563105,0
M25126_20260311_cell#73,0,0,0,0,0.00941874836293653,0.00858879476508308,0.911882814374851,1,0,0.999999999999998,0.991776516451701,0
M25126_20260311_cell#74,1,0,0,0,0.0861790106927567,0.0856565687313807,0.993937712243662,1,0,3.70709111591205e-05,0.945621265697315,0
M25126_20260311_cell#75,1,0,0,0,0.0300058728581044,0.0287701673684763,0.958817878904184,1,0,0,0.970572376367257,0
M25126_20260311_cell#76,1,0,0,0,0.186649100547677,0.183075071245268,0.980851612507525,1,0,0,0.972876308456551,0
M25126_20260311_cell#77,1,0,0,0,0.0299661098947137,0.030057526155044,1.00305065491155,1,0,0,0.942887324073294,0
M25126_20260311_cell#78,0,0,0,0,0.0521538574928796,0.0496158394741252,0.951335948273798,1,0,1,0.943841824276959,0
M25126_20260311_cell#79,0,0,0,0,0.318058840300752,0.307144997771774,0.96568608965983,1,0,1,0.972293374532895,0
M25126_20260311_cell#80,1,0,0,0,0.0402046718789477,0.0396753698455011,0.986834812754093,1,0,0,0.970056617467639,0
M25126_20260311_cell#81,0,0,0,0,0.0105373362716231,0.0103388976982695,0.981168051560816,1,0,1,0.952177742035867,0
M25126_20260311_cell#82,0,1,1,0,0.0018323715187488,0.00305270093888337,1.66598362157902,0.000427930239338181,31.3950382465101,0.423901160664147,NaN,0
M25126_20260311_cell#83,0,0,0,0,0.248185990704672,0.249950820755634,1.00711091728405,0.999999999999964,0,1,0.970008782965986,0
M25126_20260311_cell#84,0,1,1,0,0.172440970173413,0.17993726630555,1.04347166525796,1.55431223447522e-15,13.44973572086,1,NaN,0
M25126_20260311_cell#85,0,0,0,0,0.0163667189515524,0.0159832930698646,0.976572831560018,1,0,1,0.818598229632566,0
M25126_20260311_cell#86,1,0,0,0,0.0206048537583052,0.019873553166807,0.96450833380929,1,0,0,1.05599001522372,1
M25126_20260311_cell#87,0,0,0,0,0.0122858924782928,0.0120483727609522,0.980667280154031,1,0,1,0.973374102467119,0
M25126_20260311_cell#88,0,0,0,0,0.0955287404152463,0.0946350041550561,0.990644320690242,1,0,1,0.969952483470155,0
M25126_20260311_cell#89,1,0,0,0,0.108182541595808,0.105635961410111,0.976460340567598,1,0,0,0.992430219919468,0
M25126_20260311_cell#90,0,0,1,0,0.00405972822649745,0.00478259994369118,1.17805914013545,1,0,1,0.81260063046071,0
M25126_20260311_cell#91,1,0,0,0,0.0325297014004418,0.0319411734741463,0.981907982521859,1,0,0,0.960228248229412,0
M25126_20260311_cell#92,1,1,1,1,0.0299219135790453,0.0310834368088581,1.03881848086836,0,107.137551845774,0,0.88500404583296,0
M25126_20260311_cell#93,1,0,0,0,0.0199300518658249,0.0185848962116599,0.932506163896559,1,0,0,0.931216071115674,0
M25126_20260311_cell#94,1,1,1,1,0.00903254188355461,0.0106680529026049,1.18106874456104,0,73.8407133527679,0,0.926815021149905,0
M25126_20260311_cell#95,1,0,0,0,0.0121234132154836,0.0109131236798225,0.900169241603065,1,0,0,0.987248665381049,0
M25126_20260311_cell#96,0,0,0,0,0.098053591948866,0.0921645141799223,0.939940213796402,1,0,1,0.966674391122151,0
M25126_20260311_cell#97,1,1,1,1,0.0228718320807269,0.0267672682722369,1.17031587927722,0,25.913762853387,0,1.06371142445123,1
M25126_20260311_cell#98,1,1,1,1,0.0864907736037725,0.0918111098443616,1.06151333857831,0,119.950293495193,0,0.985634374799656,0
M25126_20260311_cell#99,1,1,1,1,0.0173868151398714,0.0202270030671455,1.1633529720323,1.53576634742691e-07,41.9358973519191,0,0.979744330060302,0
M25126_20260311_cell#100,0,0,0,0,0.0854554501998429,0.0827604432659156,0.968463018711798,1,0,1,0.954662603004755,0
M25126_20260311_cell#101,0,1,1,0,0.00687449056978796,0.008131429924914,1.1828410908948,0,46.8864116372247,1,NaN,0
M25126_20260311_cell#102,0,0,0,0,0.0268183390425353,0.0237918758363868,0.887149491198976,1,0,1,0.969730021643122,0
M25126_20260311_cell#103,0,0,0,0,0.0948343090699322,0.0922182066389221,0.972413966457213,1,0,1,0.950332854506933,0
M25126_20260311_cell#104,1,0,0,0,0.01696507420891,0.0155814526544879,0.91844294122242,1,0,2.64150583406675e-07,0.71168599941856,0
M25126_20260311_cell#105,1,0,0,0,0.0352263439559963,0.0319317067262596,0.90647234825583,1,0,0.00834490235325713,0.831024263351354,0
M25126_20260311_cell#106,1,0,0,0,0.0417688893102282,0.0343250932752403,0.821786115026883,1,0,0,0.767148297777766,0
M25126_20260311_cell#107,1,0,0,0,0.023456144215349,0.0232448052376457,0.990990037588315,1,0,0,1.06568149650616,1
M25126_20260311_cell#108,0,0,0,0,0.000671400361833119,0.000672043644455049,1.00095812075551,1,NaN,1,0.540969286658679,0
M25126_20260311_cell#109,1,1,1,1,0.0175233614004384,0.0202654852808138,1.15648389699403,2.27595720048157e-14,36.0532247472758,0,0.959112032965133,0
M25126_20260311_cell#110,0,0,0,0,0.0135561838260179,0.0137063801367416,1.01107954219649,0.999999999922351,0,0.0608754233738569,0.821196103488491,0
M25126_20260311_cell#111,0,0,0,0,0.00398606681631883,0.0029641149139659,0.743618973427868,1,0,1,1.03188461775668,0
M25126_20260311_cell#112,1,1,1,1,0.0425011079614902,0.0450403027370897,1.05974420191352,0,62.6912870327591,0,0.986983939522082,0
M25126_20260311_cell#113,0,0,0,0,0.110275218693011,0.101073873403819,0.916560171920343,1,0,1,0.916598238517981,0
M25126_20260311_cell#114,1,1,1,1,0.0201914102172199,0.0244784972419122,1.21232231818242,0,67.4229367683952,0,0.922551202501193,0
M25126_20260311_cell#115,1,0,0,0,0.0533537570675257,0.0510247987732914,0.956348748012501,1,0,4.09760447794838e-10,0.943028301987508,0
M25126_20260311_cell#116,1,0,0,0,0.0331177214241076,0.0308686570619863,0.932088795200621,1,0,0,0.973511714983176,0
M25126_20260311_cell#117,1,0,0,0,0.0211332696976079,0.0203307647258004,0.962026464276922,1,0,0,0.808930192952113,0
M25126_20260311_cell#118,0,0,0,0,0.00386157082208048,0.00266202169895582,0.689362392043768,0.999985834002213,NaN,1.48772665409247e-07,1,0
M25126_20260311_cell#119,1,0,0,0,0.0713452596022629,0.0663040319083593,0.929340397357757,1,0,0,0.955653975557165,0
M25126_20260311_cell#120,0,0,0,0,0.261450370187847,0.263024680274561,1.00602144906348,0.999999999985391,0,1,0.965087204739287,0
M25126_20260311_cell#121,1,0,0,0,0.0733796704999769,0.0716390914716718,0.976279819513422,1,0,0,0.974796878461505,0
M25126_20260311_cell#122,1,0,0,0,0.018972849042199,0.0177517462756768,0.935639462275475,1,0,3.10862446895044e-15,0.993769324785709,0
M25126_20260311_cell#123,1,1,1,1,0.0158238813781226,0.0202696914789655,1.28095572727115,0,39.4857146268576,0,0.959660218766981,0
M25126_20260311_cell#124,0,0,0,0,0.0406585386332652,0.0349167732263551,0.858780821940009,1,0,1,0.904140341595089,0
M25126_20260311_cell#125,0,0,0,0,0.00896857284661983,0.00871045179015584,0.971219383409338,1,0,0.0774057699713047,0.84670829773749,0
M25126_20260311_cell#126,0,0,0,0,0.144438161176722,0.142812663340467,0.988746063900198,1,0,1,0.974247039409892,0
M25126_20260311_cell#127,1,0,0,0,0.0286981601504857,0.0270100205667194,0.941176034459557,1,0,0,1.06829966031985,1
M25126_20260311_cell#128,1,1,1,1,0.0103171459573665,0.0124825241375481,1.20988151075205,0,58.2265399680738,0,0.953980371475224,0
M25126_20260311_cell#129,0,0,0,0,0.0125703147925609,0.00981653888911078,0.780930235328729,0.885033497160903,0,1,0.918067147659736,0
M25126_20260311_cell#130,1,0,0,0,0.00629466149247082,0.00563290244720022,0.894869796245256,1,0,0,0.984899951543299,0
M25126_20260311_cell#131,1,0,0,0,0.109735692691513,0.105725917319521,0.963459697809861,1,0,0,0.967022110163926,0
M25126_20260311_cell#132,1,0,0,0,0.0474946487814283,0.0455772447498658,0.959629051256143,1,0,0,1.01901499898527,0
M25126_20260311_cell#133,1,0,1,0,0.0239546003516509,0.0245649775436826,1.02548058339824,1,0,0,0.98444940546558,0
M25126_20260311_cell#134,1,0,0,0,0.0624097324998501,0.0593967633674376,0.951722768040711,1,0,0,0.973558282077885,0
M25126_20260311_cell#135,1,0,0,0,0.0541415125124729,0.0525187658467114,0.970027681339938,1,0,0,0.885500655142755,0
M25126_20260311_cell#136,1,0,0,0,0.0063480208064918,0.00541992668893941,0.853797877189805,1,0,0.00515899085548588,0.853055840042967,0
M25126_20260311_cell#137,1,1,1,1,0.0158801241562876,0.0237289251812965,1.49425312722767,0,60.8534640245522,1.48882102202208e-08,1.03565176099251,1
M25126_20260311_cell#138,0,0,0,0,0.0218141187740822,0.0217528369592626,0.997190727003263,1,0,1,0.893505891508264,0
M25126_20260311_cell#139,1,0,0,0,0.0291184661265975,0.0264905228297291,0.90974994062383,1,0,0,0.981681266620697,0
M25126_20260311_cell#140,1,0,0,0,0.0494607552005313,0.0490288256159715,0.991267226252236,1,0,0,1.05493954573243,1
M25126_20260311_cell#141,0,0,0,0,0.143432859159046,0.141336713576512,0.985385876048045,1,0,1,0.956681941981643,0
M25126_20260311_cell#142,1,0,0,0,0.00931981698831241,0.00918552867903205,0.985591100184826,1,0,2.37912494183146e-06,0.952558107828985,0
M25126_20260311_cell#143,0,0,0,0,0.00464742824873006,0.00428056475047698,0.92106096563119,1,0,1,0.968464865686235,0
M25126_20260311_cell#144,1,1,1,1,0.0236078056561415,0.0305708292726748,1.29494582079982,0,49.7876585213426,0,0.925702566584922,0
M25126_20260311_cell#145,0,0,0,0,0.000587482237074812,0.000587482237074812,1,1,NaN,1,0.0689343862953497,0
M25126_20260311_cell#146,0,0,0,0,0.00609712779922749,0.00581584105626857,0.953865696731081,1,0,1,0.983650623264115,0
M25126_20260311_cell#147,1,1,1,1,0.0125390661815295,0.0149899029775532,1.19545608584743,0,55.2853026246297,0,0.919997792089299,0
M25126_20260311_cell#148,1,0,0,0,0.0239101582094333,0.024083289404532,1.00724090545876,0.981091438948225,0,0,0.923812003723716,0
M25126_20260311_cell#149,1,1,1,1,0.0304938878875821,0.0383380493183551,1.25723717027134,0,52.794055287024,0,0.975522266429903,0
M25126_20260311_cell#150,1,0,0,0,0.0214270445047325,0.019340184171965,0.902606244537991,1,0,3.67370209386486e-06,0.991002586344768,0
M25126_20260311_cell#151,0,0,0,0,0.167062680866323,0.163247147592045,0.977161067603534,1,0,1,0.959119396350979,0
M25126_20260311_cell#152,0,0,0,0,0.0171004704077116,0.0153309824497585,0.896524018593366,1,0,1,0.964283667476343,0
M25126_20260311_cell#153,0,0,0,0,0.0835713486470866,0.0808388796125723,0.967303758061231,1,0,1,0.896452905759178,0
M25126_20260311_cell#154,0,0,0,0,0.0257205616947107,0.0251283783739119,0.976976267943611,0.428409170661711,0,1,0.675372961286489,0
M25126_20260311_cell#155,0,0,0,0,0.00618249629706797,0.00445347079328592,0.72033537576043,1,0,1,0.847231205221465,0
M25126_20260311_cell#156,1,0,0,0,0.0158787560218701,0.0159308088495371,1.00327814267033,1,0,0,0.968965511636147,0
M25126_20260311_cell#157,1,0,1,0,0.0110091944998265,0.0123737953494178,1.12395101654465,0.974556566532161,0,0,0.983954342153953,0
M25126_20260311_cell#158,0,0,0,0,0.00459751287972187,0.00393460753135027,0.855812182431187,1,0,0.670821672428115,0.765423940294206,0
M25126_20260311_cell#159,0,0,0,0,0.00845465754399707,0.00578925550636764,0.684741573060886,1,0,1,0.890079440860192,0
M25126_20260311_cell#160,0,0,0,0,0.0102822893114209,0.0103128886033546,1.00297592209351,1,0,1,0.872630043676701,0
M25126_20260311_cell#161,1,1,1,1,0.0621485682644017,0.0665092199940944,1.07016495876689,0,83.9736814142168,0,0.984322718764494,0
M25126_20260311_cell#162,0,1,1,0,0.00422880941120977,0.00653879764684896,1.54625025888276,7.29416527178728e-14,37.4893031231086,0.955360432247264,NaN,0
M25126_20260311_cell#163,1,0,0,0,0.0120154562495953,0.00971349213442211,0.808416420703899,1,0,0.000755120968401579,0.964687548993971,0
M25126_20260311_cell#164,0,0,0,0,0.0100780057358736,0.00888531930225467,0.881654519269278,1,0,1,0.926884926552361,0
M25126_20260311_cell#165,0,0,0,0,0.0287376053683189,0.0234910808002186,0.817433481291932,1,0,1,0.886588173660692,0
M25126_20260311_cell#166,0,0,0,0,0.0137179362267459,0.0132481530626404,0.965754093302348,1,0,1,0.844728588565497,0
M25126_20260311_cell#167,0,0,0,0,0.176745169683556,0.176275162271542,0.997340762336782,1,0,1,0.957646373393505,0
M25126_20260311_cell#168,1,0,0,0,0.0165046675460531,0.0163418023365297,0.990132172667584,1,0,0,0.973108312072075,0
M25126_20260311_cell#169,0,0,0,0,0.00125981694939572,-5.46835213480733e-09,-4.34059260548149e-06,1,NaN,1,0.91636023244584,0
M25126_20260311_cell#170,0,0,0,0,0.000605395276325833,0.000356018012013571,0.588075305400891,1,NaN,1,0.478426165041253,0
M25126_20260311_cell#171,0,0,0,0,0.00532992766937688,0.00472994714207869,0.887431769338,0.999999958294106,NaN,1,0.802975686296229,0
M25126_20260311_cell#172,0,0,0,0,0.0517087086967165,0.0474170510072551,0.917003193511697,1,0,1,0.959047530231928,0
M25126_20260311_cell#173,1,1,1,1,0.0535154717153125,0.0565100631648239,1.05595748955446,1.44277256808323e-10,75.9413686466939,0,1.01280068244588,0
M25126_20260311_cell#174,0,0,0,0,0.00044680920209674,7.24170460886368e-05,0.16207599518722,1,NaN,0,0.159490897600672,0
M25126_20260311_cell#175,1,0,0,0,0.0469753903734498,0.0460643027290785,0.980605001105299,1,0,0,0.849548065174233,0
M25126_20260311_cell#176,1,0,0,0,0.0132238128560125,0.0128369546367717,0.970745334688783,1,0,0,0.795523847379917,0
M25126_20260311_cell#177,0,0,0,0,0.00903611603799487,0.00822690032955658,0.910446512081549,1,0,1,1.16732414584907,1
M25126_20260311_cell#178,0,0,0,0,0.0231952581893399,0.0188912187092856,0.814443131224453,1,0,1,0.91159641843444,0
M25126_20260311_cell#179,1,0,1,0,0.0155806863391805,0.0167392607823025,1.07435965386252,0.886713159601392,0,0,0.982724926664635,0
M25126_20260311_cell#180,1,0,0,0,0.0108804616650235,0.00964503163097407,0.88645426342332,1,0,0,0.954005607186875,0
M25126_20260311_cell#181,0,0,0,0,0.00880612106128972,0.00800026937834532,0.908489597481599,1,0,1,0.898268553823665,0
M25126_20260311_cell#182,1,0,0,0,0.0245217975939145,0.0245065702044031,0.999379026376306,1,0,0,0.90731120360116,0
M25126_20260311_cell#183,1,0,0,0,0.0256449055225687,0.0251185818068688,0.979476480611841,0.999999999999955,0,0,0.921702464267997,0
M25126_20260311_cell#184,1,0,0,0,0.0410963395941849,0.0401231784877238,0.976320005234754,1,0,0,0.96041311279754,0
M25126_20260311_cell#185,1,0,0,0,0.0494507717214729,0.0475029383114235,0.960610656977804,1,0,0,0.967996657467798,0
M25126_20260311_cell#186,0,0,0,0,0.0992672428017874,0.0882915536922416,0.889432920671912,1,0,1,0.909155044949955,0
M25126_20260311_cell#187,0,0,0,0,0.0523878059260096,0.0518281951993746,0.989317920139175,1,0,0.871706893428018,0.841666505803159,0
M25126_20260311_cell#188,1,0,1,0,0.00618370116771444,0.00644923166124029,1.04294038251916,0.999999999999978,0,0,0.88935673045171,0
M25126_20260311_cell#189,0,0,0,0,0.0510668922520005,0.0498775508259427,0.976710127176159,1,0,1,0.911762685890932,0
M25126_20260311_cell#190,0,0,0,0,0.00685657659785509,0.00611889458136839,0.892412488074958,0.244479043921095,0,1,0.878774958608354,0
M25126_20260311_cell#191,0,0,0,0,0.0144123602750242,0.0142212934698209,0.986742851166829,1,0,1,0.971424441297334,0
M25126_20260311_cell#192,1,0,0,0,0.0214217767493407,0.0201554385960283,0.940885475181166,1,0,0,0.634719244460823,0
M25126_20260311_cell#193,1,1,1,1,0.0491515079863936,0.0653939708701446,1.33045706122073,0,103.13035070653,0,0.969083704273309,0
M25126_20260311_cell#194,0,0,0,0,0.145769197901426,0.136407505988677,0.93577729693567,1,0,1,0.975747631721433,0
M25126_20260311_cell#195,0,0,0,0,0.00749174209533426,0.00701661927740728,0.936580462610576,1,0,0.999999999999586,0.892132301499056,0
M25126_20260311_cell#196,1,0,1,0,0.00630771551557403,0.00688877120161173,1.09211824544132,1,0,0,1.00000770394022,0
M25126_20260311_cell#197,0,0,0,0,0.0015027934980569,8.08060236963914e-06,0.00537705438577374,1,NaN,1,0.973077442433146,0
M25126_20260311_cell#198,1,0,0,0,0.182808987536602,0.165096358146921,0.903108541716885,1,0,0.0038026868053701,0.969041347386726,0
M25126_20260311_cell#199,1,1,1,1,0.0472825338831625,0.0534271210874002,1.12995469361734,0,115.750215968004,0,1.01010280592964,0
M25126_20260311_cell#200,0,0,0,0,0.00843136209046956,0.00811347393485349,0.962296939426264,1,0,1,1.10244310617856,0
M25126_20260311_cell#201,0,0,0,0,0.00821408010706836,0.00811887951472646,0.988410072570393,0.999999354839933,0,0.631422677819619,0.874180329633658,0
M25126_20260311_cell#202,0,0,0,0,0.0012393739119008,0.000681735261920729,0.550064234348105,0.999999989846847,NaN,1,0.987812257540043,0
M25126_20260311_cell#203,1,0,0,0,0.0141108313025116,0.013755596831526,0.974825404444997,1,0,0,1.01107804506157,0
M25126_20260311_cell#204,0,0,0,0,0.00955101795234646,0.00889606456283855,0.931425802697083,1,0,1,0.931838519017015,0
M25126_20260311_cell#205,0,0,0,0,0.0766056307027728,0.0748546357839443,0.977142738689506,1,0,1,0.965461236641353,0
M25126_20260311_cell#206,0,0,0,0,0.0184330952671419,0.00877578079071872,0.476088289217605,1,0,1,0.941827873427102,0
M25126_20260311_cell#207,1,1,1,1,0.0136004123295622,0.0152974465443331,1.1247781444892,5.55111512312578e-16,29.2293415730007,0,0.918509299988837,0
M25126_20260311_cell#208,0,0,0,0,0.0664710856095502,0.0614734117154514,0.924814318161509,1,0,1,0.970454299590037,0
M25126_20260311_cell#209,1,0,0,0,0.00577156746967949,0.00510364750400917,0.884274078198134,1,0,0.0363340748341915,0.759104997848056,0
M25126_20260311_cell#210,1,0,0,0,0.0252439473696506,0.0247423539977714,0.98013015300126,1,0,0,0.72042733186861,0
M25126_20260311_cell#211,0,0,0,0,0.00471104793201197,0.00289176548082728,0.613826376330729,1,0,1,0.973849551330728,0
M25126_20260311_cell#212,1,1,0,0,0.0801656378049936,0.0810169182526966,1.01061901920838,2.18602913548693e-13,69.9000588919506,0,NaN,0
M25126_20260311_cell#213,0,0,0,0,0.0139520075142437,0.0140182723437614,1.00474948350264,1,0,1,0.799768799185626,0
M25126_20260311_cell#214,1,0,0,0,0.0155068642756615,0.0156688772811032,1.0104478250768,1,0,0,1.00041684137643,0
M25126_20260311_cell#215,0,0,0,0,0.00704422724058937,0.00629731842345376,0.893968665174248,1,0,1,0.932494544905879,0
M25126_20260311_cell#216,1,0,0,0,0.0106963289757444,0.0101163575054319,0.945778456176169,1,0,0,0.887258675290813,0
M25126_20260311_cell#217,0,0,0,0,0.00312609590291703,0.00308780898964808,0.987752482822674,0.996941728020129,NaN,1,0.872169010341922,0
M25126_20260311_cell#218,1,0,1,0,0.0110081914900178,0.012310602073331,1.11831285679344,0.999666606765817,0,0,0.552600063820271,0
M25126_20260311_cell#219,0,0,0,0,0.00246043045154547,0.00195510064438225,0.79461731712603,1,0,1,0.883751387714206,0
M25126_20260311_cell#220,0,0,0,0,0.0737117051683853,0.0652583048179928,0.885318073553152,1,0,1,0.924575168509939,0
M25126_20260311_cell#221,0,0,0,0,0.00641285512390205,0.00542902102178537,0.846584074782895,1,0,1,0.908538839955205,0
M25126_20260311_cell#222,1,1,1,1,0.0373493145063745,0.0406293142860509,1.08781954429489,0,51.5264407632691,0,0.974512659462096,0
M25126_20260311_cell#223,1,0,0,0,0.0109647878811197,0.0105929937134617,0.966091987214983,1,0,0,0.890461765540023,0
M25126_20260311_cell#224,0,0,0,0,0.00865550509993678,0.00838717065233982,0.968998406852198,1,0,1,0.813113234376244,0
M25126_20260311_cell#225,1,0,0,0,0.0627901998530741,0.0622241400277578,0.990984901678274,1,0,0,0.979473404212752,0
M25126_20260311_cell#226,1,0,0,0,0.0882476453791748,0.0873143328924898,0.989423938931459,1,0,0,0.977846322919669,0
M25126_20260311_cell#227,1,0,0,0,0.03733552051111,0.0361532415077638,0.968333667586224,0.999764856917749,0,0.0391365940614686,1.00464903685383,0
M25126_20260311_cell#228,1,1,1,1,0.00668300886666867,0.00766078949172547,1.14630844348172,4.29213123265271e-07,43.3259956735909,0,0.900066278362897,0
M25126_20260311_cell#229,0,0,1,0,0.0077411644039373,0.00828822790997372,1.07066940804902,1,0,1,0.999856657957394,0
M25126_20260311_cell#230,0,0,0,0,0.0121068388377073,0.0110990746398792,0.916760748917439,1,0,1,0.81285279211161,0
M25126_20260311_cell#231,1,0,0,0,0.0136467532158532,0.0131516858517602,0.963722699732132,1,0,0,1.02624844199647,0
M25126_20260311_cell#232,0,0,0,0,0.108167351365121,0.102540792863076,0.947982839266791,1,0,1,0.983178164233931,0
M25126_20260311_cell#233,1,0,0,0,0.00580674536738438,0.00573659601246444,0.987919333381837,1,0,0,0.938882907085344,0
M25126_20260311_cell#234,0,0,0,0,0.0169065824001916,0.0155352253773667,0.918886207137322,1,0,1,0.939319597188179,0
M25126_20260311_cell#235,1,0,0,0,0.0425424677916259,0.0427403162616696,1.00465061103208,1,0,0,0.930507514150547,0
M25126_20260311_cell#236,0,0,0,0,0.0141441020780245,0.011794836401608,0.833904926346189,1,0,1,0.882883022315526,0
M25126_20260311_cell#237,1,0,0,0,0.0157248041735062,0.0157447163150498,1.00126628868149,1,0,0,0.988306715013903,0
M25126_20260311_cell#238,0,0,0,0,0.00798064948801702,0.00697162256003172,0.873565813221047,1,0,1,1.38367183543142,1
M25126_20260311_cell#239,0,0,0,0,0.0596963552410623,0.0581124722187924,0.973467676278159,1,0,1,0.916612798127806,0
M25126_20260311_cell#240,1,0,0,0,0.0150746742434301,0.0123551188375136,0.819594416303774,1,0,0,0.807639091628393,0
M25126_20260311_cell#241,0,0,1,0,0.0022752314191887,0.00258264371503932,1.13511253987528,1,NaN,1,0.292059616013279,0
M25126_20260311_cell#242,0,0,0,0,0.00041672730931478,0.000395459162969647,0.948963876689283,1,NaN,1,0.132974686682418,0
M25126_20260311_cell#243,0,0,0,0,0.0462549587848492,0.0389654418207701,0.842405719179522,1,0,0.999866156778761,0.914617648217842,0
M25126_20260311_cell#244,1,0,0,0,0.041592284548073,0.0097137199595193,0.233546198893981,1,0,0,0.962245352624883,0
M25126_20260311_cell#245,0,0,0,0,0.0110955992338899,0.00391759809836477,0.35307674833812,1,0,1,1.04380644986201,0
M25126_20260311_cell#246,0,0,0,0,0.0024725193185519,0.00188761714832962,0.763438786571404,0.935863336245966,NaN,1,0.513340916845341,0
M25126_20260311_cell#247,1,0,0,0,0.00847965786202987,0.00801642025655332,0.945370719784482,1,0,0,1.0003539685333,0
M25126_20260311_cell#248,1,1,1,1,0.010793706222911,0.0126669284405961,1.17354763776218,0,21.9924546765487,4.39041708544252e-07,0.924753741638547,0
M25126_20260311_cell#249,0,0,0,0,0.00712562434737904,0.00652547544948153,0.915775956093132,1,0,1,0.806895640469554,0
M25126_20260311_cell#250,0,0,0,0,0.031703328861373,0.0277260470863,0.874546871955807,1,0,1,0.969506907822423,0
M25126_20260311_cell#251,1,0,0,0,0.0163600746631803,0.0145109279555881,0.88697198847424,1,0,0,0.87664541215728,0
M25126_20260311_cell#252,1,0,0,0,0.0340747115893511,0.0326896861576029,0.959353274990563,1,0,0,0.991127178776074,0
M25126_20260311_cell#253,1,1,0,0,0.157006469414316,0.158427045668312,1.00904788356362,4.14394805248186e-07,88.379510195638,0,NaN,0
M25126_20260311_cell#254,1,0,0,0,0.0340714389603805,0.033420923968994,0.980907322636331,1,0,0,1.00465912746049,0
M25126_20260311_cell#255,0,0,0,0,0.102769285804924,0.0965812363067392,0.939786975751382,1,0,1,0.963563228798691,0
M25126_20260311_cell#256,1,1,1,1,0.0660755280537638,0.0687479622172601,1.04044514273608,0,182.287875397356,0,0.984609450260767,0
M25126_20260311_cell#257,0,0,0,0,0.106548389325779,0.10149540470587,0.952575682730791,1,0,1,0.940895841606422,0
M25126_20260311_cell#258,0,0,0,0,0.057888230484787,0.0530941294917063,0.91718349389967,1,0,1,0.927320898867589,0
M25126_20260311_cell#259,0,0,0,0,-0.000697786931880853,-0.000398479943448438,0.571062490915892,1,NaN,1,-0.762786410158616,0
M25126_20260311_cell#260,1,0,0,0,0.0215382096778567,0.0186031685298452,0.863728638920766,1,0,0,1.01208457414647,0
M25126_20260311_cell#261,1,0,0,0,0.079170472758892,0.07849595608562,0.991480198996333,1,0,0,0.986859018769465,0
M25126_20260311_cell#262,1,0,1,0,0.0206366003243771,0.0210310074419325,1.01911201997208,0.886505058262177,0,0,0.898088308949444,0
M25126_20260311_cell#263,1,0,0,0,0.0181504186777278,0.0172875791478407,0.95246172855804,1,0,0.00620331105178262,0.987619844453805,0
M25126_20260311_cell#264,0,0,0,0,0.0321346856976992,0.0268947719717824,0.836939008048491,1,0,1,0.998943352771381,0
M25126_20260311_cell#265,1,0,1,0,0.00949689943494788,0.00985305885463401,1.0375027051856,0.999106410624782,0,0,0.824756363720028,0
M25126_20260311_cell#266,1,0,0,0,0.0121973509353378,0.0116143765435853,0.952204835718585,1,0,2.37158409462923e-05,1.07395450020952,1
M25126_20260311_cell#267,0,0,0,0,0.101313652631535,0.09940092883994,0.981120769591132,1,0,1,0.967891446185376,0
M25126_20260311_cell#268,1,0,0,0,0.0112116916541084,0.0110705428580963,0.987410571003316,1,0,0,0.858679193502339,0
M25126_20260311_cell#269,0,0,0,0,0.00625227632469864,0.00603283335746225,0.964901908386628,1,0,0.999997038365162,0.880705121153,0
M25126_20260311_cell#270,0,0,0,0,0.0348554658813412,0.0312444983513866,0.896401685111668,1,0,1,0.888666508481736,0
M25126_20260311_cell#271,1,0,0,0,0.0500928567629441,0.0492954204578562,0.984080837935403,1,0,0,0.999800875596234,0
M25126_20260311_cell#272,1,0,0,0,0.0165468455892926,0.0160093191055978,0.96751486675849,1,0,0,0.935654613739524,0
M25126_20260311_cell#273,1,0,0,0,0.0472730118607082,0.0399182784914897,0.844420038416644,1,0,0.0065104073876443,0.917557002433626,0
M25126_20260311_cell#274,0,0,0,0,0.00544217504011649,0.00486859914171116,0.894605393215531,1,0,1,1.00041776116084,0
M25126_20260311_cell#275,0,0,0,0,0.0625164230263445,0.0570604235210641,0.912726940519594,1,0,1,0.845844541885902,0
M25126_20260311_cell#276,1,1,1,1,0.0494547406816649,0.0616240509908782,1.24606964148384,0,172.011169134533,0,1.0003332218849,0
M25126_20260311_cell#277,1,0,0,0,0.0732948004075012,0.0679214202631645,0.926688112738393,1,0,0,0.981736403007774,0
M25126_20260311_cell#278,0,0,0,0,0.0431864996077433,0.0383198664602107,0.887311238657092,1,0,1,0.979128939077173,0
M25126_20260311_cell#279,1,0,0,0,0.0824180654754362,0.0802978469475917,0.974274832639981,1,0,0,0.958070899547361,0
M25126_20260311_cell#280,0,0,0,0,0.00408695226309823,0.00356020183668929,0.871114123067926,1,0,0.999999999998587,0.710617639629496,0
M25126_20260311_cell#281,1,1,1,1,0.0747401598194476,0.0823332437298817,1.101593091703,0,145.165556322624,0,0.994072052403679,0
M25126_20260311_cell#282,0,0,0,0,0.124316871758985,0.115057591762005,0.925518717886244,1,0,1,0.975769963849605,0
M25126_20260311_cell#283,0,0,0,0,0.00767855968452403,0.00636233277416023,0.828584140197981,1,0,0.999999998830205,0.98752710738154,0
M25126_20260311_cell#284,1,0,0,0,0.0652389605279075,0.0634219882020497,0.972148968788665,1,0,0,0.888585538133886,0
M25126_20260311_cell#285,1,0,0,0,0.0386087376023235,0.0372074513307246,0.963705462581232,1,0,0,0.999290628538322,0
M25126_20260311_cell#286,1,0,1,0,0.01733507643991,0.0191933854754874,1.10719935628891,0.999753013170475,0,0,0.953098363926558,0
M25126_20260311_cell#287,1,0,0,0,0.0561973951312585,0.0557535721340034,0.992102427590843,1,0,0,0.926150367527672,0
M25126_20260311_cell#288,1,1,1,1,0.00352159535105486,0.00796580876095512,2.26198866333948,0,47.3393022541599,0,0.892929958261467,0
M25126_20260311_cell#289,0,0,0,0,0.0021842370908022,0.00215504165834105,0.986633579026701,1,0,1,0.829726344836264,0
M25126_20260311_cell#290,1,0,0,0,0.0220801595325226,0.02090450745164,0.946755272345246,1,0,1.11022302462516e-16,0.997206486229751,0
M25126_20260311_cell#291,0,0,0,0,0.0112821769512163,0.00989566338793904,0.877105848519082,1,0,1,1.05511538627583,0
M25126_20260311_cell#292,0,0,0,0,0.0164626015719258,0.0152220141080609,0.924642076864656,1,0,1,0.69999268093365,0
M25126_20260311_cell#293,0,0,0,0,0.0149258897958938,0.0101280734346571,0.678557430957544,1,0,1,0.930217996575567,0
M25126_20260311_cell#294,1,1,1,1,0.055066792060984,0.0761952967017395,1.38368867787607,0,44.0523543581058,0,0.976757190247257,0
M25126_20260311_cell#295,0,0,0,0,0.138336119665164,0.127160469679637,0.919213795987794,1,0,1,0.927167845554278,0
M25126_20260311_cell#296,0,0,0,0,0.145268103854357,0.138603347187654,0.954120990844732,1,0,0.999999873167032,0.985228411381466,0
M25126_20260311_cell#297,0,0,0,0,0.0115869318555117,0.00923625643876786,0.797127018087566,1,0,0.999999939285673,0.824367427442267,0
M25126_20260311_cell#298,1,0,0,0,0.0158156746545821,0.0158915172274593,1.00479540547802,1,0,0,1.05068132241856,1
M25126_20260311_cell#299,1,0,1,0,0.0352490432775508,0.036498954539268,1.03545943791652,0.161692665732796,0,0,0.940254134381285,0
M25126_20260311_cell#300,1,1,1,1,0.0118582582924454,0.0147283342344426,1.24203182889225,0,86.5831108389551,0,0.984251284581893,0
M25126_20260311_cell#301,0,0,0,0,0.0212372170197689,0.012490386374219,0.588136683002871,1,0,1,0.964489836928953,0
M25126_20260311_cell#302,0,0,0,0,0.0052095553289649,0.00380138417390933,0.729694558146604,1,0,1,0.978594426036587,0
M25126_20260311_cell#303,0,0,0,0,0.00351186540460634,0.00200795433163934,0.571762895299349,0.98298102405885,NaN,1,0.905008886855667,0
M25126_20260311_cell#304,0,0,0,0,0.0537547277894971,0.0458972860852235,0.853827895193829,1,0,1,0.942818167043657,0
M25126_20260311_cell#305,0,0,0,0,0.121517585242523,0.113259705755434,0.932043749300909,1,0,1,0.902740736688123,0
M25126_20260311_cell#306,0,0,0,0,0.00862870405873791,0.00608208200014387,0.70486621846589,1,0,1,0.645596117861258,0
M25126_20260311_cell#307,0,0,0,0,0.0288508885130135,0.0280951675302066,0.973805971955904,1,0,1,0.791283714206349,0
M25126_20260311_cell#308,0,0,0,0,0.011370821924535,0.0102368307627525,0.900271838807395,1,0,1,0.849961840092831,0
M25126_20260311_cell#309,1,1,1,1,0.0230599248908066,0.0259812921761965,1.12668589768714,0,80.6088389436861,0,0.842215410069204,0
M25126_20260311_cell#310,0,0,0,0,0.00951196341316115,0.00844301409576128,0.88762053942293,1,0,1,0.942002281233821,0
M25126_20260311_cell#311,1,0,0,0,0.0634252436516537,0.059045168212051,0.93094113341276,1,0,0,0.996968573259342,0
M25126_20260311_cell#312,1,0,0,0,0.0160525901212848,0.0153099408259742,0.95373648179518,1,0,0,0.957071992589797,0
M25126_20260311_cell#313,1,0,0,0,0.0151114112210779,0.0145089947960889,0.960134998897474,1,0,0,0.945694244606328,0
M25126_20260311_cell#314,1,0,0,0,0.0597841818551302,0.0575058745794179,0.961891135664729,0.999988856694746,0,0,0.98595823978676,0
M25126_20260311_cell#315,0,0,0,0,0.0124994781751812,0.0111979155107105,0.895870639859585,1,0,0.909771130135093,0.967977989735169,0
M25126_20260311_cell#316,1,0,0,0,0.0267214076577409,0.0260755933740652,0.97583157699072,1,0,0,0.992567774093869,0
M25126_20260311_cell#317,0,0,0,0,0.0210008853460466,0.021005538356248,1.00022156257342,1,0,0,1,0
M25126_20260311_cell#318,1,0,0,0,0.0638196116619128,0.0643685607559725,1.00860157371323,0.946932821597577,0,0,0.996781953459275,0
M25126_20260311_cell#319,1,0,0,0,0.00391641579767172,0.00336336916842905,0.858787560408816,1,0,1.88818376378741e-07,0.755132626173274,0
M25126_20260311_cell#320,1,0,1,0,0.0472834604208085,0.0485204611639899,1.0261613835403,1,0,0,1.00524008917523,0
M25126_20260311_cell#321,0,0,1,0,0.00109015766347997,0.00120641359334872,1.10664139120726,0.962273517336971,NaN,0.999961186800126,0.302039933643206,0
M25126_20260311_cell#322,0,0,0,0,0.0337746599814547,0.0271037851972039,0.80248876560375,1,0,1,0.945596248209032,0
M25126_20260311_cell#323,0,0,0,0,0.00349000523773766,0.00253402347399693,0.726080134951192,1,0,1,0.772763344439424,0
M25126_20260311_cell#324,1,0,1,0,0.0870942650742021,0.0888829253631865,1.02053706162467,0.406843934338373,0,0,0.994981879152462,0
M25126_20260311_cell#325,0,0,0,0,0.0461788210976735,0.0428846347282704,0.928664563297631,1,0,1,0.876199318965075,0
M25126_20260311_cell#326,0,0,0,0,0.0497487166497714,0.0437482095818125,0.879383681187151,1,0,1,0.963103783061094,0
M25126_20260311_cell#327,0,0,0,0,0.00533326355803668,0.00415955464049188,0.779926698770374,1,0,1,0.906953859241625,0
M25126_20260311_cell#328,1,0,0,0,0.0856675684282536,0.0825849785702799,0.964016839574998,1,0,0,0.991633479521483,0
M25126_20260311_cell#329,0,0,0,0,0.0670682704100778,0.0638189623466029,0.951552231127961,1,0,1,0.975668492764263,0
M25126_20260311_cell#330,1,0,0,0,0.0314734053383371,0.0269643071834649,0.856733070146057,1,0,0,0.900798009181252,0
M25126_20260311_cell#331,1,0,0,0,0.00826967313816532,0.00760136286248806,0.919185406180934,1,0,0.000161980518929683,0.912942837219592,0
M25126_20260311_cell#332,0,0,0,0,0.123792025894992,0.114139376120797,0.922025270170609,1,0,1,0.966186419136592,0
M25126_20260311_cell#333,0,0,0,0,0.00518600861439631,0.00399746715865648,0.770817685793955,1,0,1,0.721045775903214,0
M25126_20260311_cell#334,1,0,0,0,0.0247243030842924,0.02338616639278,0.945877678050205,1,0,0,0.912301251927067,0
M25126_20260311_cell#335,0,0,0,0,0.0936898215294693,0.0881995675440302,0.941399675057422,1,0,1,0.953217000889678,0
M25126_20260311_cell#336,1,0,0,0,0.0675495708600115,0.0578987947970149,0.857130460784175,1,0,0,0.931532107806133,0
M25126_20260311_cell#337,0,0,0,0,0.00743925867092341,0.00474777137886623,0.638204905741893,1,0,1,0.988767227795595,0
M25126_20260311_cell#338,1,0,0,0,0.00869278256600307,0.00855751519666548,0.984439117358507,0.999999999999486,0,0,0.994494403578765,0
M25126_20260311_cell#339,0,0,0,0,0.0183642600073283,0.0178818598732911,0.973731577866756,1,0,1,0.908492912046218,0
M25126_20260311_cell#340,0,0,0,0,0.0268758297021277,0.0226996085400424,0.84461052148449,1,0,1,0.939388645913551,0
M25126_20260311_cell#341,1,1,1,1,0.0176770798692383,0.0395204294897155,2.23568766912057,0,79.097558143332,0,0.947813158429025,0
M25126_20260311_cell#342,0,0,0,0,0.0854853570317666,0.0730630598673058,0.854685087647881,1,0,1,0.933839240323479,0
M25126_20260311_cell#343,1,0,0,0,0.0223714125782453,0.0221894519082191,0.991866375474062,1,0,0,0.954532158932124,0
M25126_20260311_cell#344,0,0,0,0,0.0267887428181555,0.0259144113433092,0.967361981830156,1,0,1,0.941751318078457,0
M25126_20260311_cell#345,0,0,0,0,0.0315010111459765,0.0294965055622101,0.9363669447156,1,0,1,0.898870441627293,0
M25126_20260311_cell#346,1,0,1,0,0.0109321875233464,0.0115119004702747,1.05302808296056,0.999397072113381,0,0,1.00020103952941,0
M25126_20260311_cell#347,1,0,0,0,0.0218601028157963,0.0188208194667048,0.860966648935644,1,0,0,0.976631090994205,0
M25126_20260311_cell#348,1,0,0,0,0.003422913783828,0.0032599321109796,0.952385107209411,1,0,0,0.838056234810125,0
M25126_20260311_cell#349,0,0,1,0,0.0214201720109632,0.0221902416183353,1.03595067336425,0.999617124167439,0,1,0.927802747215575,0
M25126_20260311_cell#350,1,0,0,0,0.0358146200582578,0.0354251668478149,0.989125859500691,1,0,0,0.970625620741667,0
M25126_20260311_cell#351,1,0,0,0,0.0209483543715776,0.0207967547882958,0.992763174586759,1,0,0,0.935655981989785,0
M25126_20260311_cell#352,1,0,0,0,0.0962124365987428,0.0958799844946249,0.996544603630564,1,0,0,0.787014546469035,0
M25126_20260311_cell#353,0,0,0,0,0.00117461552171738,0.00101786635384477,0.866552786869844,0.999999999992267,NaN,1,1.02040240110478,0
M25126_20260311_cell#354,0,0,0,0,0.000328953235505548,0.000328953235505548,1,1,NaN,0,0.119423349847548,0
M25126_20260311_cell#355,1,1,1,1,0.0154960961811642,0.0184770631603481,1.19236890016257,3.10862446895044e-15,35.4625395175554,0,0.970017924761563,0
M25126_20260311_cell#356,1,0,0,0,0.0211433421242523,0.0206343407263403,0.97592616177136,1,0,0,0.83843136225618,0
M25126_20260311_cell#357,0,0,0,0,-2.34090233733616e-08,-2.34090233733616e-08,1,1,NaN,6.36402042175632e-12,-4.03041616418988e-05,0
M25126_20260311_cell#358,0,0,0,0,0.00691208376212629,0.00588084461075685,0.85080632890765,1,0,1,1.07058399518089,0
M25126_20260311_cell#359,1,1,1,1,0.0613561903693303,0.0693557303484095,1.13037869416152,0,125.292295875204,0,0.981898696512264,0
M25126_20260311_cell#360,0,0,0,0,0.0566801869445886,0.0507422907870293,0.89523859257267,1,0,1,0.954221626566935,0
M25126_20260311_cell#361,0,1,1,0,0.0390605572115945,0.043221957087735,1.10653713549445,3.03040046389924e-08,19.3633695054869,1,NaN,0
M25126_20260311_cell#362,0,1,1,0,0.117959339225744,0.123958989261378,1.05086201800565,3.52310001963119e-05,14.8351690741835,1,NaN,0
M25126_20260311_cell#363,1,0,0,0,0.00844647715202436,0.00840682415434162,0.995305380341527,1,0,0,1.12609979375695,1
M25126_20260311_cell#364,1,1,1,1,0.0598121528321577,0.0629102673740446,1.0517974089744,0,103.258759562183,0,0.969021138451763,0
M25126_20260311_cell#365,1,1,1,1,0.0138244443700103,0.0195099374434813,1.41126376737459,0,75.2414418582028,0,0.936483537382249,0
M25126_20260311_cell#366,0,0,0,0,0.193336105203202,0.187194851424799,0.968235349667629,1,0,1,0.958379882514867,0
M25126_20260311_cell#367,0,0,0,0,0.0210041240742986,0.0166358446542427,0.792027536849248,1,0,1,0.988141957474954,0
M25126_20260311_cell#368,0,0,0,0,0.222621273203376,0.211266008372833,0.948992903206651,1,0,1,0.963351265968895,0
M25126_20260311_cell#369,1,0,0,0,0.0382933015304461,0.0375459790006193,0.980484249203934,1,0,0,0.979841947955084,0
M25126_20260311_cell#370,0,0,0,0,0.0130188499721449,0.0130132271070349,0.999568098171343,1,0,0.975905776977188,0.69183677960617,0
M25126_20260311_cell#371,0,0,0,0,0.0927860545256611,0.0895394534905471,0.965009816920104,1,0,1,0.857787679052732,0
M25126_20260311_cell#372,0,0,1,0,0.00318917954522845,0.00345240805578354,1.08253800290076,0.999999999895442,0,0.988549438950642,0.776090664048372,0
M25126_20260311_cell#373,1,0,0,0,0.0150240403759765,0.0139615624939344,0.929281481182586,1,0,0,0.961686094447879,0
M25126_20260311_cell#374,1,0,0,0,0.0212720395468866,0.0213575870337331,1.00402159307094,0.107854121728723,0,0,0.988096705285851,0
M25126_20260311_cell#375,0,0,0,0,0.189618182628598,0.173333355390616,0.914117797079207,1,0,1,0.970249008220799,0
M25126_20260311_cell#376,1,1,1,1,0.0414362296031137,0.0467333828171077,1.12783868765888,0,28.3761094164198,0,0.992859722222437,0
M25126_20260311_cell#377,0,0,0,0,0.00338240793500351,0.00303558732442561,0.897463399671943,1,0,1,0.679330649332293,0
M25126_20260311_cell#378,1,0,0,0,0.077971239778211,0.0705981103150189,0.905437832152406,1,0,0,0.967261437804185,0
M25126_20260311_cell#379,0,0,0,0,0.145377938226075,0.134444159624172,0.924790661256313,1,0,1,0.985381059177097,0
M25126_20260311_cell#380,0,0,0,0,0.00184378156139241,0.00167145435526545,0.906535996597764,1,0,1,0.780335231294512,0
M25126_20260311_cell#381,0,0,0,0,0.0272301941635833,0.0227472018193406,0.835366860871008,1,0,1,0.955679544834324,0
M25126_20260311_cell#382,1,0,0,0,0.0456780585285827,0.0422736527857741,0.925469561262585,1,0,0,0.952467033150643,0
M25126_20260311_cell#383,0,0,0,0,0.151600643602985,0.153064913116893,1.00965872887547,0.999806518612014,0,1,0.965846951094542,0
M25126_20260311_cell#384,1,0,0,0,0.0422965390878827,0.0414836709586489,0.980781686947369,1,0,0,0.908234328747386,0
M25126_20260311_cell#385,0,0,0,0,0.00760917166495647,0.00711343509719889,0.934850126980226,1,0,1,0.936158435561285,0
M25126_20260311_cell#386,0,0,0,0,0.0169957741320974,0.0135652236853332,0.79815273961041,1,0,1,1.05233138371841,0
M25126_20260311_cell#387,1,0,1,0,0.0269304557710833,0.0276655201705748,1.02729491122392,0.738434331807513,0,0,0.956002876225839,0
M25126_20260311_cell#388,1,0,0,0,0.0157814327407262,0.0154885507963633,0.981441359021411,1,0,5.15750138541105e-05,0.691940241398091,0
M25126_20260311_cell#389,1,0,0,0,0.00686592210222189,0.0058249872609652,0.848391108177614,1,0,0.00311695740251139,0.94699343793337,0
M25126_20260311_cell#390,0,0,1,0,0.00395630421750492,0.00457906795655323,1.15741047826728,0.999955221503672,0,0.139793441463529,1.00902897802439,0
M25126_20260311_cell#391,1,0,0,0,0.0189935303865124,0.0188506488590037,0.99247735810031,1,0,0.000197651485562278,0.881552704700342,0
M25126_20260311_cell#392,0,0,0,0,0.0120255338944279,0.00828266249173574,0.688756321710888,1,0,1,0.999949600236805,0
M25126_20260311_cell#393,1,0,0,0,0.0207253518095564,0.0195373535124039,0.942678980406756,1,0,0,0.92468476806402,0
M25126_20260311_cell#394,1,0,0,0,0.0476555497766805,0.0407978987280367,0.856099634129088,1,0,0.00733429720141632,0.951465884986545,0
M25126_20260311_cell#395,1,0,0,0,0.0608890462641921,0.0588254455295054,0.966108834654218,1,0,0,0.990442756410617,0
M25126_20260311_cell#396,1,0,0,0,0.0175250123777943,0.0162398480214402,0.926666850290926,1,0,0,1.05998355165002,1
M25126_20260311_cell#397,1,0,1,0,0.00969544862853632,0.0113424270442683,1.16987129516467,0.105661158883215,0,0.00290538361049653,0.950330167913033,0
M25126_20260311_cell#398,1,0,0,0,0.0233081054549288,0.0234965714812404,1.00808585780067,0.870395819595366,0,0,0.908771445280933,0
M25126_20260311_cell#399,1,0,0,0,0.0598106814775773,0.0594417790221419,0.993832164317108,1,0,0,1.00279684397262,0
M25126_20260311_cell#400,1,0,0,0,0.0273477241025888,0.0269969623101427,0.987174004274349,1,0,0,0.918386687140758,0
M25126_20260311_cell#401,1,0,0,0,0.0965088617884641,0.0930121557553991,0.963768031574869,1,0,0,0.958013959999068,0
M25126_20260311_cell#402,1,0,0,0,0.0251458703210333,0.0241146901067689,0.958992065054838,1,0,0,0.974465889888711,0
M25126_20260311_cell#403,1,1,1,1,0.027159985041893,0.028423284543478,1.04651326205211,1.06504612906733e-08,78.9809410694187,0,0.87341966670886,0
M25126_20260311_cell#404,1,0,0,0,0.0190763976970026,0.0183126467311526,0.959963564506207,1,0,0,0.965249793730701,0
M25126_20260311_cell#405,1,1,1,1,0.0105838717218287,0.0124281065288308,1.17424954265067,0,70.6965207592539,0,0.967108835484576,0
M25126_20260311_cell#406,1,1,1,1,0.0321485803411554,0.0338222840830624,1.05206151326578,3.33066907387547e-16,32.032952098347,0,0.984585087428494,0
M25126_20260311_cell#407,0,0,0,0,0.0215829023150891,0.0156297218756392,0.724171459772216,1,0,1,0.736577891745177,0
M25126_20260311_cell#408,1,0,0,0,0.0202335760248375,0.0189618830030531,0.937149368938869,1,0,0,0.98810062856329,0
M25126_20260311_cell#409,1,1,1,1,0.0903271241481048,0.0949441542833854,1.05111454813629,0,109.631446274619,0,0.984987652665395,0
M25126_20260311_cell#410,1,0,0,0,0.0174931084220783,0.0176991064105159,1.01177595104696,1,0,0,1.02273222210638,0
M25126_20260311_cell#411,0,0,0,0,0.00851176408558691,0.00679831539669931,0.798696407506288,1,0,1,0.894129272137126,0
M25126_20260311_cell#412,0,0,0,0,0.0365887670191006,0.0344842995642667,0.942483236624636,1,0,1,0.986622718434496,0
M25126_20260311_cell#413,1,0,0,0,0.0379540177658715,0.0368902835756991,0.971973080775417,1,0,0,0.935376537516779,0
M25126_20260311_cell#414,1,0,0,0,0.0699203988567932,0.0655924922159832,0.938102374820914,1,0,0,0.967101566022386,0
M25126_20260311_cell#415,0,0,0,0,0.00993180549639384,0.00419838371175644,0.42272109671105,1,0,1,0.908087970743237,0
M25126_20260311_cell#416,0,0,0,0,0.084269629792372,0.0762964761037725,0.905385205699323,1,0,1,0.932997795879431,0
M25126_20260311_cell#417,0,0,0,0,0.00756541759407801,0.00563567908201598,0.744926372131451,1,0,1,0.853719372740571,0
M25126_20260311_cell#418,0,0,0,0,0.00804835290149234,0.0078191305721118,0.971519349090913,1,0,0,0.421222373819024,0
M25126_20260311_cell#419,0,0,0,0,0.063046261938693,0.0591788404506384,0.938657402213389,1,0,1,0.908722044200259,0
M25126_20260311_cell#420,1,0,0,0,0.0130162571082742,0.00996364655334556,0.765477085345205,1,0,0,0.973543657265504,0
M25126_20260311_cell#421,0,0,0,0,0.00896216506406245,0.00819679897171458,0.914600312884559,1,0,0.995661393019766,0.984489356002463,0
M25126_20260311_cell#422,0,0,0,0,0.0681313454988746,0.0638502136306,0.93716355024362,1,0,0.991571066476042,0.963189654423462,0
M25126_20260311_cell#423,1,1,1,1,0.027109917783914,0.0302419800476246,1.1155319720508,0,116.142932539192,0,1.01226552712039,0
M25126_20260311_cell#424,0,0,0,0,0.042425945245381,0.0401245280025041,0.945754485148979,1,0,1,0.949870142970762,0
M25126_20260311_cell#425,0,0,0,0,0.00399519857837123,0.00268638038166147,0.672402217052417,1,0,1,0.986769410174026,0
M25126_20260311_cell#426,1,0,0,0,0.0167885685973342,0.0170330667007036,1.01456336804129,0.999897774980221,0,0,0.973881050719442,0
M25126_20260311_cell#427,1,1,1,1,0.0618567328740756,0.0652338582152042,1.0545959216437,0.00124178077542181,27.2259807735951,0,0.977177531510135,0
M25126_20260311_cell#428,0,0,0,0,0.0149158127968586,0.0145793455110365,0.977442242645138,1,0,0.0599744972892228,0.949447021023289,0
M25126_20260311_cell#429,1,1,1,1,0.0267134014179671,0.0273728142582201,1.02468472022471,1.07169717544764e-10,121.699615918448,0,1.00809277241215,0
M25126_20260311_cell#430,1,0,1,0,0.0132135794758187,0.0143528768949828,1.0862217101164,0.535936061395041,0,3.44169137633799e-15,0.961515012169643,0
M25126_20260311_cell#431,1,1,1,1,0.103151541939071,0.107945001299599,1.04647006986439,0,36.5916857155137,0,0.969101135929924,0
M25126_20260311_cell#432,1,0,0,0,0.101630142418637,0.102468062190185,1.00824479580178,1,0,0,0.989011473620034,0
M25126_20260311_cell#433,1,1,1,1,0.0071298449385969,0.00927565989979719,1.30096236028698,0,41.9369032108041,0,0.816582555028487,0
M25126_20260311_cell#434,1,0,0,0,0.0050241282514575,0.00335202083821509,0.667184568236821,1,0,0,0.767792207734599,0
M25126_20260311_cell#435,1,1,1,1,0.0335684698763976,0.03790433463401,1.12916480177909,0,28.1688610843905,0,0.970969081196677,0
M25126_20260311_cell#436,0,0,0,0,0.00129338236127336,0.00119213892129632,0.921721957088266,0.988085533088295,NaN,1,0.983604209843619,0
M25126_20260311_cell#437,0,0,0,0,0.00579737353165296,0.00581025731696025,1.00222234866133,1,0,1,0.745406197758498,0
M25126_20260311_cell#438,1,0,0,0,0.0961169785570713,0.0898782166318719,0.935091988753111,1,0,1.15117460008918e-09,0.948297949025313,0
M25126_20260311_cell#439,1,1,1,1,0.0100674479524131,0.0113086855443639,1.12329217869494,4.06907729733064e-10,23.12479865363,0,0.7645071948025,0
M25126_20260311_cell#440,1,0,0,0,0.0273901662555738,0.0261564929489078,0.95495926183307,1,0,0,0.947984428463553,0
M25126_20260311_cell#441,0,0,0,0,0.0444421334648936,0.0390779082550452,0.879298656665846,1,0,1,0.91341025800704,0
M25126_20260311_cell#442,1,1,1,1,0.00837038419543794,0.011603957982249,1.38631127452589,0,26.7273948351738,0,0.890434766693257,0
M25126_20260311_cell#443,1,0,0,0,0.030120725774988,0.0289480022906396,0.961065895519614,1,0,0,0.934436437834335,0
M25126_20260311_cell#444,1,1,1,1,0.0647778233905342,0.0677856790355339,1.04643341636946,0.000136760869808406,40.147708160371,0,0.976919860808702,0
M25126_20260311_cell#445,1,0,1,0,0.0125058132426078,0.0137647902324735,1.10067134103493,0.9936563715337,0,0,0.950944356079336,0
M25126_20260311_cell#446,1,0,0,0,0.0351208301056051,0.0345771960182106,0.984521035358224,1,0,0,0.94649864978124,0
M25126_20260311_cell#447,0,0,0,0,0.00332946742651196,0.00325817822105304,0.978588405793894,1,NaN,1,0.241779331343767,0
M25126_20260311_cell#448,1,0,0,0,0.0160609477187991,0.0154840511490342,0.964080789012866,1,0,0,0.965846342553751,0
M25126_20260311_cell#449,0,0,0,0,-1.04382619030481e-08,0.00141555716527616,-135612.344126258,1,NaN,1,1,0
M25126_20260311_cell#450,0,0,0,0,0.125433456254938,0.116261496809223,0.926877886334619,1,0,1,0.914955236465437,0
M25126_20260311_cell#451,1,0,0,0,0.0106377138523281,0.0104556927708876,0.982889078991283,1,0,0,1.3649719690979,1
M25126_20260311_cell#452,0,0,0,0,0.00777527575288942,0.00592699464965254,0.762287388643415,1,0,1,0.948940616037407,0
M25126_20260311_cell#453,1,1,1,1,0.0138873117723512,0.0149618638861021,1.07737653848099,4.56506721313588e-10,31.2202161379697,0,1.05311167338094,1
M25126_20260311_cell#454,0,0,0,0,0.0541010565946932,0.0473134339574671,0.874538076250956,1,0,0.103726190745336,1.01297945160407,0
M25126_20260311_cell#455,0,0,1,0,0.00214710058836608,0.00421951778606663,1.9652166316426,0.999999999999998,NaN,1,0.871091455731286,0
M25126_20260311_cell#456,1,0,0,0,0.0150052448861062,0.014514438710086,0.967291025255135,1,0,0,0.877797460161727,0
M25126_20260311_cell#457,1,0,0,0,0.0336361289751769,0.0313054857555891,0.930710123590385,1,0,0,1.01395741198556,0
M25126_20260311_cell#458,1,1,1,1,0.0303703952366314,0.0345399968950898,1.13729164951496,0,77.9107046082993,0,0.979183034889792,0
M25126_20260311_cell#459,1,0,0,0,0.0115659377828565,0.011665028656292,1.0085674741898,0.999999999999161,0,2.22044604925031e-16,1.02221750374058,0
M25126_20260311_cell#460,1,0,0,0,0.0330547511079604,0.0328479939572566,0.993745009604564,1,0,0,0.996241863368512,0
M25126_20260311_cell#461,0,0,0,0,0.0642133288605318,0.0612957478005358,0.954564245277911,1,0,1,0.909225394080284,0
M25126_20260311_cell#462,1,1,1,1,0.00933040038697937,0.0107906975764477,1.15650959539809,3.942134396695e-10,47.3426998008215,3.99734689793263e-11,0.998993133429935,0
M25126_20260311_cell#463,1,0,0,0,0.0132548879169307,0.0116142172224114,0.876221458468643,1,0,0,0.956737931295405,0
M25126_20260311_cell#464,1,0,0,0,0.0393927938454769,0.0383931357025376,0.97462332458925,1,0,0,0.995827623135707,0
M25126_20260311_cell#465,0,0,0,0,0.00288113763779958,0.00213916064846022,0.742470828326677,1,0,1,1.03812478683966,0
M25126_20260311_cell#466,1,0,0,0,0.023814527450142,0.0238160974611737,1.00006592660866,1,0,0,0.999078316285793,0
M25126_20260311_cell#467,1,1,1,1,0.0584820005661213,0.0707242116761139,1.20933297410288,0,121.457607286352,0,1.01922244181657,1
M25126_20260311_cell#468,0,0,0,0,0.00981585990239165,0.00765144285486077,0.779497968690087,1,0,0.183560314601227,0.979727743556759,0
M25126_20260311_cell#469,1,0,0,0,0.0467934489167955,0.0444290885131417,0.949472405681018,1,0,0,1.01667531698247,0
M25126_20260311_cell#470,1,1,0,0,-0.000779822717455505,0.00635947517119156,-8.15502681422514,1.44922159783789e-06,48.5147331880908,0,NaN,0
M25126_20260311_cell#471,1,1,1,1,0.0261609906164792,0.0286936745296721,1.09681146827817,0.00017694099625265,29.2382479091976,0,0.928896019876342,0
M25126_20260311_cell#472,1,1,1,1,0.0116450410979376,0.0169592374171464,1.45634843831939,9.98094758897228e-06,97.904659460236,0,0.983535858608974,0
M25126_20260311_cell#473,1,0,0,0,0.00826131428956289,0.00790975522370168,0.957445140865134,1,0,5.77315639738174e-10,1.00374669767942,0
M25126_20260311_cell#474,0,0,0,0,0.00639221727296934,0.00426034650458177,0.666489626783719,1,0,1,1.0554679729295,0
M25126_20260311_cell#475,0,0,0,0,0.0507736533209493,0.0459626791587161,0.905246641760794,1,0,1,0.893426618557728,0
M25126_20260311_cell#476,0,0,0,0,0.0106321017276437,0.0100312023438721,0.943482540031648,1,0,0.955078292445722,0.96236174249976,0
M25126_20260311_cell#477,0,0,0,0,0.0107657156123123,0.0102204945543638,0.94935579969018,1,0,1,0.862991967471406,0
M25126_20260311_cell#478,1,1,1,1,0.0121899528635231,0.014850062369453,1.21822147597386,0.0107583819761913,97.1783233151663,0,0.957151034605297,0
M25126_20260311_cell#479,1,0,0,0,0.0179563967484336,0.0176714358132644,0.98413039435687,1,0,0,1.11495745004373,1
M25126_20260311_cell#480,1,1,1,1,0.0291801490332135,0.0467863344106203,1.6033617359996,0,90.0464434509596,0,1.0113152398251,0
M25126_20260311_cell#481,1,0,0,0,0.0256289529071719,0.0258667485452695,1.0092783984956,0.99999638775451,0,0,0.925902724458474,0
M25126_20260311_cell#482,0,0,0,0,0.00817506538149613,0.00644012444527319,0.787776506332305,1,0,1,0.977754332677257,0
M25126_20260311_cell#483,0,0,0,0,0.00951493556066255,0.00896954344012678,0.942680418899464,1,0,1,0.88816981174969,0
M25126_20260311_cell#484,0,0,0,0,0.0338890313732983,0.032178433572924,0.949523555821602,1,0,1,0.840789131925056,0
M25126_20260311_cell#485,0,0,0,0,0.0179042309206267,0.0179888761753632,1.00472766772903,1,0,0.131148722500341,0.874018044627883,0
M25126_20260311_cell#486,0,0,0,0,0.00429505256602165,0.00327879042872244,0.763387730027124,1,0,0.585390817499486,0.650150420466863,0
M25126_20260311_cell#487,0,0,0,0,0.0258093213218313,0.0215990376959751,0.836869649792192,1,0,1,0.856632837013804,0
M25126_20260311_cell#488,0,0,0,0,0.045393720106951,0.0412872502330852,0.909536608495831,1,0,1,0.826448633840843,0
M25126_20260311_cell#489,0,0,0,0,0.0149692420507197,0.0119322798573748,0.79711984193623,1,0,1,0.806917531625124,0
M25126_20260311_cell#490,0,0,1,0,0.00069742256083825,0.000725641114967598,1.04046120058897,0.999999999999998,NaN,0.933172652956667,0.212994779653143,0
M25126_20260311_cell#491,1,0,0,0,0.00548962035319981,0.00529020194140528,0.963673551363476,1,0,0,0.849040877170004,0
M25126_20260311_cell#492,1,1,1,1,0.0520450712604462,0.0544209961671635,1.04565129510204,0,83.8931856322532,0,0.920665470053325,0
M25126_20260311_cell#493,1,0,0,0,0.0214885670244595,0.0207646586678065,0.966311929695962,1,0,0,0.921879787737047,0
M25126_20260311_cell#494,0,0,0,0,2.49677395282328e-05,2.49677395282328e-05,1,1,NaN,2.83497114672571e-10,0.100344777748731,0
M25126_20260311_cell#495,1,0,0,0,0.0129537908294604,0.0128865783038824,0.994811362444954,1,0,0,0.854598472606715,0
M25126_20260311_cell#496,1,0,0,0,0.0131894119056638,0.012032349717114,0.912273405605526,1,0,2.64400819049992e-06,0.853362264811472,0
M25126_20260311_cell#497,1,0,1,0,0.00352736048104147,0.00402385359011926,1.14075485387623,0.974400192224379,0,2.33971227848739e-05,0.672288766480475,0
M25126_20260311_cell#498,1,1,1,1,0.034338147382546,0.0364466543765884,1.06140421527558,0,32.2363479855088,0,0.984717299578304,0
M25126_20260311_cell#499,1,0,0,0,0.0126308149197854,0.0126275119423526,0.999738498469518,1,0,0,0.764617551976383,0
M25126_20260311_cell#500,1,1,1,1,0.107688080456047,0.123532408760846,1.14713168103377,0,292.11467961668,0,0.986309225106346,0
M25126_20260311_cell#501,1,0,0,0,0.0141628324956853,0.0128896421019859,0.910103406639366,1,0,3.00623410609546e-08,0.758276705363962,0
M25126_20260311_cell#502,1,0,0,0,0.00295918941536789,0.00297612524697549,1.00572313199001,1,0,1.17683640610267e-14,0.652819097066778,0
M25126_20260311_cell#503,0,0,0,0,0.0227328174104946,0.0208441599465843,0.916919340449268,1,0,1,0.888048364074692,0
M25126_20260311_cell#504,0,0,0,0,0.024444642894522,0.0221166625922663,0.904765215335694,1,0,0.999999999999934,0.743610706532181,0
M25126_20260311_cell#505,1,1,1,1,0.0651549558930289,0.0766165034389216,1.17591213728562,0,52.6590517803234,0,0.938616834630433,0
M25126_20260311_cell#506,0,0,0,0,0.00863034329684779,0.00661010532022894,0.765914528874334,1,0,1,0.998323367290156,0
M25126_20260311_cell#507,1,1,1,1,0.0216867718898736,0.0280534305472838,1.29357336766119,0,92.014666696057,0,0.731654928071751,0
M25126_20260311_cell#508,0,0,0,0,0.0292027674075242,0.0251165945697413,0.860075835253541,1,0,1,0.950315738993754,0
M25126_20260311_cell#509,0,0,0,0,0.00434062032535189,0.00355605460761297,0.819250323932603,0.990288245347709,NaN,1,0.545105856505714,0
M25126_20260311_cell#510,0,0,0,0,0.145029442860143,0.134597593974837,0.928070820106743,1,0,1,0.923776619746574,0
M25126_20260311_cell#511,0,0,0,0,0.0227147764095468,0.0207703169223466,0.914396714625686,1,0,1,0.952536127678155,0
M25126_20260311_cell#512,1,0,0,0,0.0224218100130724,0.0221353131073793,0.987222400621267,1,0,0,0.954369542489294,0
M25126_20260311_cell#513,0,0,0,0,0.0428654396928883,0.0342395345541922,0.798767837201792,1,0,1,0.949233110048224,0
M25126_20260311_cell#514,1,0,0,0,0.0176043473395277,0.0175446245148283,0.996607495663002,1,0,0,1.00333480684472,0
M25126_20260311_cell#515,0,0,1,0,0.00166073788424995,0.00197984083979447,1.19214528588215,0.999999966935169,NaN,1,0.497372319303022,0
M25126_20260311_cell#516,1,1,1,1,0.0404669805932491,0.0463911383246584,1.14639485438648,0,62.9605065162308,0,1.01310516039025,0
M25126_20260311_cell#517,1,0,0,0,0.0355230270661689,0.0341183150535941,0.960456297545864,1,0,0,0.789841410452879,0
M25126_20260311_cell#518,1,0,0,0,0.041597659169103,0.0270755456693076,0.650891088828819,1,0,3.58324481197769e-12,0.991214842300549,0
M25126_20260311_cell#519,0,0,0,0,0.00567416546050525,0.00544240402026774,0.95915497321136,1,0,1,0.794509477924623,0
M25126_20260311_cell#520,1,0,1,0,0.0117531256319339,0.0125519419634728,1.06796628884562,0.89657989078216,0,0,0.938326476819413,0
M25126_20260311_cell#521,0,0,0,0,0.00635511505689199,0.00553878823220851,0.871548065239481,1,0,1,0.858206383228123,0
M25126_20260311_cell#522,0,0,0,0,0.061267189709181,0.0594583538225302,0.970476271308724,1,0,1,0.935465307045219,0
M25126_20260311_cell#523,1,0,0,0,0.0199923901129443,0.0196547612199068,0.983112129608812,1,0,0,0.935698446600589,0
M25126_20260311_cell#524,0,0,0,0,0.00528324783476189,0.0038716563795028,0.732817482842406,1,0,1,0.661653685509709,0
M25126_20260311_cell#525,0,0,0,0,0.0538156920719711,0.0540211747070262,1.00381826614401,1,0,1,0.946659224786773,0
M25126_20260311_cell#526,1,0,0,0,0.00902189315955858,0.00840733212315448,0.931881144507571,1,0,0,0.921308514910237,0
M25126_20260311_cell#527,0,0,0,0,0.0122072083431386,0.0105972816937195,0.868116722172276,1,0,1,0.926621855405401,0
M25126_20260311_cell#528,1,0,0,0,0.0230495106531459,0.0216460532853564,0.939111185963597,1,0,0,1.0194283831568,0
M25126_20260311_cell#529,1,0,0,0,0.0412364373449323,0.0362447982440719,0.878950767276363,1,0,0.028241122355849,0.934849164513313,0
M25126_20260311_cell#530,0,0,0,0,0.0500892836439053,0.0477243825836148,0.952786287040897,1,0,1,0.893360858658281,0
M25126_20260311_cell#531,1,1,1,1,0.00305315130277876,0.00600399253405449,1.9664903369152,1.00364161426114e-13,79.5751686990516,0,1.03550474834058,0
M25126_20260311_cell#532,0,0,0,0,0.0300588314424937,0.0229857725242682,0.76469281809051,1,0,1,0.998702821185797,0
M25126_20260311_cell#533,0,0,0,0,0.0235582034195244,0.0215473586879618,0.914643544936195,1,0,0.539201549866076,0.9638572220685,0
M25126_20260311_cell#534,1,0,0,0,0.0274003433012389,0.0231396747563265,0.84450309625428,1,0,2.76137523957942e-09,0.92592644656586,0
M25126_20260311_cell#535,1,1,1,1,0.0866847528645083,0.0975313430330706,1.12512685114897,0,27.340356137617,0,0.952698494962015,0
M25126_20260311_cell#536,1,1,1,1,0.00337946421979593,0.0068594261119969,2.02973775304865,0,47.6422356256303,0,1.00760415036225,0
M25126_20260311_cell#537,0,0,1,0,0.00144101888084175,0.00234346843675138,1.62625796782238,0.999999999967527,NaN,1,0.347136955486545,0
M25126_20260311_cell#538,0,0,0,0,0.0144685161352734,0.0145340199131125,1.00452733212077,1,0,0.964000459048728,0.983947720077969,0
M25126_20260311_cell#539,1,0,0,0,0.0524724965947569,0.0489171253551154,0.932243146974701,1,0,0,0.899010020246799,0
M25126_20260311_cell#540,0,0,0,0,0.0539337734853115,0.0445859983331139,0.826680490755141,1,0,1,1.01190718012535,0
M25126_20260311_cell#541,1,1,1,1,0.0105729740586174,0.0129089071114392,1.2209343406946,0,30.5514002211423,0,0.914536600531507,0
M25126_20260311_cell#542,0,0,0,0,0.00957126178549238,0.0074313931447413,0.776427738713135,1,0,1,0.969348487763291,0
M25126_20260311_cell#543,1,1,1,1,0.0214791996623319,0.0288764267476361,1.34439025669456,0,138.439091924246,0,0.95394375569701,0
M25126_20260311_cell#544,1,1,1,1,0.0361133797664611,0.0392564574892366,1.08703360757429,3.88578058618805e-15,62.2945106173281,0,0.987767298300317,0
M25126_20260311_cell#545,0,0,0,0,0.0201836757534866,0.0159014784867275,0.787838582076934,1,0,1,1.06615839219668,0
M25126_20260311_cell#546,0,0,0,0,0.0534489489979775,0.0529492345310044,0.990650621268681,1,0,1,0.912559791755372,0
M25126_20260311_cell#547,0,0,0,0,0.151677056491291,0.142056594779059,0.936572729358154,1,0,1,0.962964859017044,0
M25126_20260311_cell#548,0,0,1,0,0.00172674296506685,0.00227315757970553,1.31644235748633,0.999601145741535,NaN,1.22124532708767e-15,0.688129856868245,0
M25126_20260311_cell#549,1,0,0,0,0.0263064865876707,0.0252539209014913,0.959988359423385,1,0,0,0.898180892630203,0
M25126_20260311_cell#550,1,0,0,0,0.0505790511814189,0.0507024452837051,1.0024396286487,1,0,0,0.985158509877006,0
M25126_20260311_cell#551,1,0,0,0,0.00643581096319157,0.00602744306136784,0.936547561114005,1,0,0.00293704556859231,0.916637605210152,0
M25126_20260311_cell#552,1,0,0,0,0.0263015575645067,0.0264602731663025,1.00603445637798,1,0,0,0.974399120296238,0
M25126_20260311_cell#553,1,0,0,0,0.0191782545828371,0.0188217856638787,0.981412859161987,1,0,0,0.92809144744696,0
M25126_20260311_cell#554,1,1,1,1,0.0521059734993106,0.0562616025369965,1.07975340941938,0,53.3380427387174,0,0.997642658269036,0
M25126_20260311_cell#555,1,0,0,0,0.0161305321561959,0.0161579609773854,1.00170042878461,0.86449964413879,0,0,0.959477761441161,0
M25126_20260311_cell#556,0,0,0,0,0.0704013562780275,0.0674999826942707,0.958788101009037,1,0,1,0.954849112468933,0
M25126_20260311_cell#557,0,0,0,0,0.0257492451523859,0.0241969771181902,0.939715979050678,1,0,0.999999994779231,0.947097116890675,0
M25126_20260311_cell#558,0,0,0,0,0.00142300480567573,0.00131145560258011,0.921610100928192,0.999998070418278,NaN,0.939764033507375,0.522408249623923,0
M25126_20260311_cell#559,1,1,1,1,0.0264362800056762,0.0290293188389627,1.09808637345079,5.29102661683822e-09,38.9784158052723,0,0.824524547180113,0
M25126_20260311_cell#560,0,0,0,0,0.0132581813172685,0.00877954640015319,0.662198395847704,1,0,1,0.994472231510356,0
M25126_20260311_cell#561,1,0,1,0,0.0146746042172313,0.0149305240085306,1.01743963840597,0.999979512717455,0,0,1.00017117858545,0
M25126_20260311_cell#562,1,1,1,1,0.0537678474778859,0.0581970378977656,1.0823761900028,0,64.7967149732999,0,0.961663404421066,0
M25126_20260311_cell#563,1,1,1,1,0.0845356226143478,0.0930258576701269,1.10043381468321,0,105.2573409609,0,0.989912118186886,0
M25126_20260311_cell#564,1,1,1,1,0.0934170725034034,0.102320989480626,1.09531359459908,0,118.615632760744,0,0.995321228311478,0
M25126_20260311_cell#565,1,1,1,1,0.0379148377350668,0.0478436413395278,1.26187118810423,0,96.5109823100916,0,0.9703922043532,0
M25126_20260311_cell#566,1,0,0,0,0.0764571121367162,0.0704909389873915,0.921967061237464,1,0,5.55111512312578e-16,0.978413184771976,0
M25126_20260311_cell#567,1,0,0,0,0.0130218552054139,0.012774744221644,0.981023365728477,1,0,0,1.0623334648546,1
M25126_20260311_cell#568,1,0,0,0,0.0329978354956113,0.0309555281948564,0.93810784040588,1,0,0,0.950835401352362,0
M25126_20260311_cell#569,0,0,0,0,0.0814156539272479,0.077358753823894,0.950170515034135,1,0,1,0.928024614336122,0
M25126_20260311_cell#570,0,0,0,0,0.0206427224920203,0.0139305465629125,0.67484056758005,1,0,1,1.35714015422085,1
M25126_20260311_cell#571,1,1,1,1,0.0139573960343664,0.0149165642904247,1.06872114638695,0.00155844097340674,27.3328240451271,0.00128155516031547,0.991040144608751,0
M25126_20260311_cell#572,1,0,0,0,0.0153263492879703,0.0153229359466481,0.99977728934281,1,0,0,0.888696679090874,0
M25126_20260311_cell#573,0,0,1,0,0.00826426953652371,0.00858227813889853,1.03847994078235,1,0,0.544160392067583,0.85153999687417,0
M25126_20260311_cell#574,1,1,1,1,0.0173455176934117,0.0183807080735996,1.05968056984434,0.00108812264555358,23.1953682354579,0,0.729551973248891,0
M25126_20260311_cell#575,1,0,0,0,0.0149685223505941,0.0147714419924948,0.986833679805974,1,0,0.0267665205207525,0.830527437962943,0
M25126_20260311_cell#576,1,1,1,1,0.0111295432318862,0.0128501148205777,1.15459498677018,0,24.7273749504542,0,0.922369097663341,0
M25126_20260311_cell#577,1,0,1,0,0.0148620744303014,0.0153829860816962,1.03504972699725,0.999999967577376,0,1.23422898612446e-06,0.721786983511386,0
M25126_20260311_cell#578,1,0,0,0,0.0122561503580512,0.0117466065331457,0.958425459053644,1,0,0.000887365022777531,0.939307483608287,0
M25126_20260311_cell#579,1,1,1,1,0.00652545366470257,0.00723812509912559,1.10921408242893,0,19.0454169150819,0,0.476607327166319,0
M25126_20260311_cell#580,1,0,1,0,0.0155109454877427,0.0162009601801511,1.04448566291164,0.852164112682597,0,0,0.971643238746884,0
M25126_20260311_cell#581,1,0,0,0,0.015771776103066,0.0148607385878762,0.942236213015175,1,0,9.49669312078072e-08,0.933943591120788,0
M25126_20260311_cell#582,1,1,1,1,0.0299911371450383,0.0320983626230709,1.07026160654869,8.2494596691518e-06,29.5129231317932,0,0.994398165224546,0
M25126_20260312_cell#1,1,1,1,1,0.031633604680632,0.0324578884231365,1.02605721829132,0,37.2203966655921,0,1.00103830250328,0
M25126_20260312_cell#2,1,1,1,1,0.00600999264432848,0.00833716310645051,1.3872168569654,0,40.1773807050634,0,0.919091788608188,0
M25126_20260312_cell#3,0,0,0,0,0.11688970006983,0.112359480107691,0.961243634302824,1,0,1,1.01381446817585,0
M25126_20260312_cell#4,0,0,0,0,0.00578019836526192,0.00428216501892926,0.740833574962478,1,0,1,0.903717829779305,0
M25126_20260312_cell#5,0,0,0,0,0.156156375052911,0.156635001852897,1.00306504809569,1,0,1,0.994313858312727,0
M25126_20260312_cell#6,0,0,0,0,0.113206048289025,0.110122609456872,0.972762596356332,1,0,1,0.982036592017061,0
M25126_20260312_cell#7,1,0,0,0,0.0791126176030537,0.0777281721041096,0.982500319912425,1,0,0,0.995301560930809,0
M25126_20260312_cell#8,1,0,0,0,0.0413865880745341,0.040550893175232,0.979807591343429,1,0,0,0.941296408553164,0
M25126_20260312_cell#9,0,0,0,0,0.0245624339366939,0.0217589046865119,0.885861097584721,1,0,1,0.969618351376817,0
M25126_20260312_cell#10,1,1,1,1,0.0200311717187119,0.0215091354872317,1.07378319098224,0,32.1691821403589,0,0.984879686181072,0
M25126_20260312_cell#11,1,1,1,1,0.0159662631723902,0.0208843326290952,1.30802883577728,0,43.6044623420768,0,1.08901619032645,1
M25126_20260312_cell#12,1,0,0,0,0.021886266768103,0.021961142616109,1.00342113384614,0.984397405175773,0,0,0.967482381737506,0
M25126_20260312_cell#13,0,0,0,0,0.0332992910115785,0.0298524362345898,0.896488643683428,1,0,1,0.970476943387029,0
M25126_20260312_cell#14,1,0,0,0,0.0154024236165656,0.0147991597353509,0.960833184683617,1,0,1.31006316905768e-14,0.936055513857462,0
M25126_20260312_cell#15,1,0,0,0,0.256964784029869,0.25659114961859,0.998545970364422,1,0,0,1.02454186284898,1
M25126_20260312_cell#16,1,0,1,0,0.0240742507178751,0.0246433568383079,1.02363961923892,1,0,0,1.00660899631073,0
M25126_20260312_cell#17,0,0,0,0,0.01720345529443,0.0155975745173363,0.90665359082756,1,0,1,1.01126099036066,0
M25126_20260312_cell#18,1,0,0,0,0.0414528674134944,0.0408922387633441,0.986475515805506,1,0,0,0.996573142552907,0
M25126_20260312_cell#19,0,0,0,0,0.00168411696829985,0.00149699095275769,0.888887755978693,0.997428459800223,NaN,1,0.7979332213251,0
M25126_20260312_cell#20,1,0,0,0,0.0240064344546129,0.0229402692179442,0.955588355335132,1,0,0,1.01860523858897,1
M25126_20260312_cell#21,0,0,0,0,0.0212611323519135,0.0200404956016577,0.942588347127902,1,0,1,0.974733788994078,0
M25126_20260312_cell#22,1,0,0,0,0.0159496882848861,0.0157051781093363,0.984669908829413,1,0,0,0.94751406877663,0
M25126_20260312_cell#23,1,0,0,0,0.0321662349860689,0.0316292042804272,0.98330452084696,1,0,0,0.96234288111837,0
M25126_20260312_cell#24,1,1,1,1,0.0609771746155702,0.0664949329605975,1.09048891457851,0,74.9418714731165,0,0.994673656658905,0
M25126_20260312_cell#25,0,0,0,0,0.00813495531434053,0.00773749141934813,0.951141231926407,1,0,0.999999999987011,1.02286461659502,0
M25126_20260312_cell#26,0,0,1,0,0.000978531217849197,0.0014235976221468,1.45483107353065,0.977757983490126,NaN,0.999985111836093,0.716722716293942,0
M25126_20260312_cell#27,0,0,0,0,0.203224829826538,0.194745984419757,0.958278496707229,1,0,1,0.994293750158733,0
M25126_20260312_cell#28,1,0,0,0,0.105989924674422,0.106172071931906,1.00171853370066,1,0,0,0.979600387155185,0
M25126_20260312_cell#29,1,1,1,1,0.0965082949715074,0.0980590602682837,1.01606872546276,0,51.0127859615418,0,1.00760139361136,0
M25126_20260312_cell#30,1,1,1,1,0.0283867818261682,0.0315344357846331,1.11088449468278,1.06382804283545e-05,23.176974618463,0,0.966692242868773,0
M25126_20260312_cell#31,1,0,0,0,0.0999358756651111,0.0990663810462671,0.991299474657553,1,0,0,1.03821284152706,1
M25126_20260312_cell#32,0,0,0,0,0.041329250811005,0.0390443728341626,0.944715233593492,1,0,1,0.95724986569275,0
M25126_20260312_cell#33,1,0,0,0,0.0675895631319513,0.068352841272574,1.01129284027377,0.104722728418881,0,0,0.989459042543708,0
M25126_20260312_cell#34,1,0,1,0,0.0289226493782303,0.0297015808484355,1.02693153936276,0.32269679633144,0,0,0.997240881621398,0
M25126_20260312_cell#35,1,0,0,0,0.0750061699492046,0.0749489860838787,0.999237611180991,0.999930128860452,0,0,0.994755420753627,0
M25126_20260312_cell#36,1,1,1,1,0.0678461095039049,0.081776390617123,1.20532173790181,0,61.4876643768415,0,0.998535705295579,0
M25126_20260312_cell#37,0,0,1,0,0.00118755410932723,0.00133565424316621,1.1247102196656,1,NaN,7.01686644776212e-05,0.988509736250262,0
M25126_20260312_cell#38,1,1,1,1,0.106763261935815,0.11196335297957,1.0487067456489,0,127.523491213667,0,1.00322730395712,0
M25126_20260312_cell#39,1,1,1,1,0.104005802442491,0.107176506295124,1.03048583615695,0,127.676754532984,0,0.991994125259318,0
M25126_20260312_cell#40,1,1,1,1,0.0153851808551067,0.0194159386993287,1.26198963029311,0,106.564246131079,0,0.995480925186497,0
M25126_20260312_cell#41,1,1,1,1,0.0472688424725044,0.0536158076268608,1.13427375883064,0,65.3433965050877,0,1.00380940137482,0
M25126_20260312_cell#42,1,1,1,1,0.0165696609138722,0.0195896186344859,1.18225826927366,0,21.8486877944664,0,0.977518550491448,0
M25126_20260312_cell#43,1,1,1,1,0.0149917569443873,0.016361053569087,1.09133663451049,0,34.9734000378629,0,0.886564606721074,0
M25126_20260312_cell#44,0,0,0,0,0.456864716568565,0.450447832451911,0.985954520268386,1,0,1,1.01856196828636,1
M25126_20260312_cell#45,1,1,1,1,0.0225409733825686,0.0242729324969212,1.0768360391966,0,19.9234878398349,0,1.00797802765696,0
M25126_20260312_cell#46,1,0,0,0,0.0421981110419217,0.0390688148470972,0.925842742303898,1,0,0,0.971631660253668,0
M25126_20260312_cell#47,1,0,0,0,0.0440060345809611,0.0417749829983858,0.949301235527806,1,0,0.000271166250571331,0.979415477651818,0
M25126_20260312_cell#48,1,0,0,0,0.0120587197049275,0.0110626860700555,0.917401377654964,1,0,0,0.915714633105161,0
M25126_20260312_cell#49,1,0,0,0,0.0383215483964055,0.0376632626122543,0.982822046297769,1,0,0,0.974602094986458,0
M25126_20260312_cell#50,1,0,0,0,0.0169283385221566,0.0135616027594704,0.801118357936919,1,0,4.66563471190895e-08,0.99022831172862,0
M25126_20260312_cell#51,1,1,1,1,0.0149456038992229,0.0162151598361511,1.08494510797213,0,15.9259703676628,0,1.00920502974585,0
M25126_20260312_cell#52,1,1,1,1,0.0387441399668449,0.0408632453631481,1.05469486219378,0,57.4115181021182,0,0.993836512137065,0
M25126_20260312_cell#53,1,1,1,1,0.0303847962854212,0.0319423923953536,1.05126235158206,0,26.5691360999577,0,0.993052024085192,0
M25126_20260312_cell#54,0,0,0,0,0.00723733906676439,0.00721844111247975,0.997388825629101,1,0,0.0779494227005517,0.827341607953369,0
M25126_20260312_cell#55,1,1,1,1,0.249174624468828,0.259219972362584,1.04031448994924,1.19958487587724e-11,18.4557788086182,0,1.02008748883084,1
M25126_20260312_cell#56,1,0,0,0,0.027059104356842,0.0272992658989902,1.00887544314036,0.998353061649427,0,0,0.943875469926668,0
M25126_20260312_cell#57,0,0,0,0,0.06603351888597,0.0633851801988194,0.959894024552532,1,0,1,0.994499287590351,0
M25126_20260312_cell#58,1,0,0,0,0.0174780854925173,0.0177043660521613,1.01294653008426,1,0,0,0.975350739495589,0
M25126_20260312_cell#59,1,1,1,1,0.0410470144360702,0.0509042523900152,1.24014506510084,0,54.2082743883556,0,0.958126676541873,0
M25126_20260312_cell#60,1,0,0,0,0.0111559076143571,0.00966786253839182,0.866613714687791,0.999934496043132,0,0,0.937782944614105,0
M25126_20260312_cell#61,1,1,1,1,0.0678907547897553,0.084686718528234,1.24739692157633,0,138.648324651922,0,0.999978109254283,0
M25126_20260312_cell#62,1,1,1,1,0.0629574415784364,0.0686504906539993,1.09042694450139,0,20.209246511177,0,0.991721796357638,0
M25126_20260312_cell#63,1,0,0,0,0.0192942721274308,0.019015065488432,0.985529040061485,1,0,0,0.952717464428422,0
M25126_20260312_cell#64,0,0,0,0,0.114323134333496,0.112484470982008,0.983916961670029,1,0,1,1.03977597532223,1
M25126_20260312_cell#65,1,0,0,0,0.0463928713226499,0.0435921100438648,0.939629490502828,1,0,0,0.998102904317668,0
M25126_20260312_cell#66,1,0,0,0,0.120459833482797,0.118098027625463,0.980393415887695,1,0,0,0.998962892893708,0
M25126_20260312_cell#67,1,1,1,1,0.0439424081596673,0.048164194934368,1.09607545311037,0,58.1706539213737,0,0.984692158833406,0
M25126_20260312_cell#68,1,1,1,1,0.0335774162139553,0.0359552102978218,1.07081527860021,0.000604592784243518,48.511825100021,0,1.06055381868805,1
M25126_20260312_cell#69,1,0,0,0,0.0100933875899067,0.00979905673288183,0.970839239610774,1,0,0,0.941376560465754,0
M25126_20260312_cell#70,1,0,0,0,0.0370457359250284,0.0367303916720159,0.99148770445131,1,0,0,0.999024624286942,0
M25126_20260312_cell#71,1,0,1,0,0.00462377353869335,0.00487000520903032,1.05325340185379,0.999238696391498,0,0,0.908162042418372,0
M25126_20260312_cell#72,0,0,0,0,0.258623966291698,0.256389573749613,0.991360458297337,1,0,1,1.00663220803614,0
M25126_20260312_cell#73,1,0,0,0,0.017974025509931,0.0175307318541811,0.975336985278842,1,0,0,0.97222836358601,0
M25126_20260312_cell#74,1,0,0,0,0.0906322917510587,0.0864652674054946,0.95402274106662,1,0,0,0.990359127534186,0
M25126_20260312_cell#75,1,1,0,0,0.0409439678342174,0.0411417793990053,1.0048312749167,2.12413642231013e-10,50.4744161623493,0,NaN,0
M25126_20260312_cell#76,1,1,1,1,0.0847751908234573,0.0932337459322214,1.09977630279098,0,59.2902004869175,0,0.988828489551988,0
M25126_20260312_cell#77,1,1,1,1,0.080810751252138,0.085747252640311,1.06108718594597,0,55.9758771450812,0,1.02065341197678,1
M25126_20260312_cell#78,1,1,1,1,0.00351852039517911,0.00750002893051798,2.13158603280916,0,27.8539635746032,0,0.990394744092882,0
M25126_20260312_cell#79,1,0,0,0,0.020289543256823,0.0203203515210412,1.00151843064322,1,0,0,0.933210164013086,0
M25126_20260312_cell#80,1,1,1,1,0.0370586046733235,0.0466122816967349,1.2577991564342,0,60.933606325465,0,1.02729029396785,1
M25126_20260312_cell#81,1,0,0,0,0.0165036573863304,0.0156848441032853,0.950385949982013,1,0,0,0.920317760911151,0
M25126_20260312_cell#82,1,1,1,1,0.0441252978130894,0.0466017825974244,1.05612392226394,0,33.9693031532862,0,1.01663765577953,1
M25126_20260312_cell#83,1,0,0,0,0.0274588523501745,0.0264610136086254,0.963660580973162,1,0,0,0.974018141528332,0
M25126_20260312_cell#84,1,0,0,0,0.0492398960260032,0.048691407569933,0.988860893293102,1,0,0,1.01223855288855,0
M25126_20260312_cell#85,1,1,1,1,0.078397956188165,0.0869075516500758,1.10854358806863,0,111.217602300765,0,0.992114874940088,0
M25126_20260312_cell#86,0,0,0,0,0.0690309956488904,0.0670280091362162,0.970984244195725,1,0,1,0.992622265255549,0
M25126_20260312_cell#87,1,1,1,1,0.00806377940560625,0.0107777978860675,1.33656903840578,0,27.0406811017294,0,0.777915292622769,0
M25126_20260312_cell#88,1,1,1,1,0.110968481560584,0.118257518307411,1.06568564915298,0,50.9076105957463,0,0.987460839351349,0
M25126_20260312_cell#89,1,0,0,0,0.0162863811713397,0.0163243573200888,1.00233177329878,0.999999134478843,0,0,1.06818356875122,1
M25126_20260312_cell#90,1,1,1,1,0.0139469966452178,0.014790953517128,1.0605117283225,2.74738167826971e-06,26.1221939525771,0,1.0078205661289,0
M25126_20260312_cell#91,1,0,0,0,0.0257794460511617,0.0245707385696057,0.953113520005152,1,0,0,0.993423123053167,0
M25126_20260312_cell#92,0,0,0,0,0.00966336661405022,0.00656237064253389,0.679097762160076,1,0,1,0.855533216003275,0
M25126_20260312_cell#93,1,0,1,0,0.0680797142268906,0.0693683568195037,1.01892843715998,0.574399440436266,0,0,0.999154822909096,0
M25126_20260312_cell#94,1,0,0,0,0.00840862885211958,0.00677478641268771,0.805694546855873,1,0,1.00433934632216e-05,1.00308985948686,0
M25126_20260312_cell#95,1,0,0,0,0.016948845041155,0.0169081545075876,0.99759921496311,1,0,0,0.998956679595079,0
M25126_20260312_cell#96,0,0,0,0,0.012493986516914,0.0121299968144557,0.970866808446965,1,0,1,0.88936660542068,0
M25126_20260312_cell#97,1,1,1,1,0.0821714657664138,0.0913299870954997,1.1114562244164,0,60.5188745197364,0,0.995645097381851,0
M25126_20260312_cell#98,1,0,1,0,0.00534397748308471,0.00570968292164832,1.06843319226572,0.998511801928394,0,0,0.794237596398424,0
M25126_20260312_cell#99,1,1,1,1,0.0512836726565172,0.0630821185690043,1.23006242145545,0,75.4996609047851,0,0.993671064782506,0
M25126_20260312_cell#100,1,0,0,0,0.0238571680383337,0.0238798319394697,1.00094998287725,1,0,0,0.963674488167793,0
M25126_20260312_cell#101,0,0,0,0,0.222828723237247,0.217662800933244,0.976816622969638,1,0,1,1.00726306327174,0
M25126_20260312_cell#102,1,0,1,0,0.0067783109742526,0.00718828608027975,1.06048337227142,0.333915381942458,0,0,1.2819442446248,1
M25126_20260312_cell#103,1,0,0,0,0.0154440233687139,0.0152413766503724,0.986878631720275,1,0,0,0.98198512692629,0
M25126_20260312_cell#104,1,1,1,1,0.00953921531382448,0.0135538779980638,1.42085879730812,0,49.2008255846808,0,1.39752128705883,1
M25126_20260312_cell#105,1,0,0,0,0.016448926929024,0.0151993837547074,0.924034973241215,1,0,0,0.993822500930988,0
M25126_20260312_cell#106,1,0,0,0,0.0103368515376924,0.00975832721911039,0.944032830840947,1,0,0,0.943809890101275,0
M25126_20260312_cell#107,1,0,0,0,0.0411347548336691,0.0409090462474027,0.994512946845579,1,0,0,0.966692382629285,0
M25126_20260312_cell#108,1,0,0,0,0.0227551799505205,0.0217798006002452,0.957135942128511,1,0,0,0.928103400986023,0
M25126_20260312_cell#109,1,0,0,0,0.0135830648591973,0.0121111739256258,0.89163778949529,1,0,6.5000227422729e-12,0.792564439288668,0
M25126_20260312_cell#110,1,0,0,0,0.0367220719499546,0.0332732071656579,0.906081966480626,1,0,0,1.00517528125463,0
M25126_20260312_cell#111,1,0,1,0,0.00450859265702627,0.0047594129235231,1.05563160959018,0.999999999992921,0,0,0.924222698536713,0
M25126_20260312_cell#112,1,1,1,1,0.0362165810543254,0.0463511870283553,1.2798333160943,0,67.3847119226305,0,0.958062811652304,0
M25126_20260312_cell#113,0,0,0,0,0.00308870678793645,0.00104385234682765,0.33795773393079,1,0,1,0.603713154770753,0
M25126_20260312_cell#114,1,0,0,0,0.00939990995567317,0.00792159369282515,0.842730805952475,1,0,0,0.894021132630062,0
M25126_20260312_cell#115,1,1,1,1,0.0980997709577845,0.101449390827617,1.03414503252279,8.39700131649579e-08,64.7747945065097,0,0.993632224057172,0
M25126_20260312_cell#116,1,1,1,1,0.0271279073034112,0.028773827140365,1.06067256934142,0,48.7178930982856,0,0.890976409905128,0
M25126_20260312_cell#117,1,1,1,1,0.0124877283519886,0.0144276330938746,1.15534488637216,0,32.0008715707277,0,1.00389318105125,0
M25126_20260312_cell#118,1,1,1,1,0.188776246660232,0.198788992975898,1.05304028707429,8.89843754237063e-13,44.1180685210457,0,1.00171547343526,0
M25126_20260312_cell#119,1,1,1,1,0.0181137599740732,0.0199829924569786,1.10319406272253,0,61.4352340509069,0,0.924600198559551,0
M25126_20260312_cell#120,1,0,0,0,0.0591259964822222,0.057033232130129,0.964605004962201,1,0,0,0.980256519333211,0
M25126_20260312_cell#121,1,0,0,0,0.0151632051939904,0.0139282005983655,0.918552536892773,1,0,0,0.961563768566451,0
M25126_20260312_cell#122,1,1,1,1,0.0233548138365328,0.0277441041886005,1.18793942793934,0,25.0825920780477,0,0.979807954816496,0
M25126_20260312_cell#123,1,0,0,0,0.0515804528462007,0.0494922275718745,0.959515181447655,1,0,0,0.996612007763813,0
M25126_20260312_cell#124,1,0,0,0,0.0298302872096763,0.0301046660503164,1.00919799526942,1,0,0,0.979339592348128,0
M25126_20260312_cell#125,1,0,0,0,0.0427326800546,0.0418278157407435,0.978825004359655,1,0,0,0.994086814054214,0
M25126_20260312_cell#126,1,0,0,0,0.0538666685326372,0.0503580336782031,0.934864454216094,1,0,0,0.981621172103975,0
M25126_20260312_cell#127,1,0,0,0,0.0398152599035738,0.0367262429814246,0.922416256238682,1,0,0,0.994319425010817,0
M25126_20260312_cell#128,1,0,0,0,0.0153041792001743,0.0149629774961915,0.977705324831864,1,0,0.0372981101237891,1.00758664384602,0
M25126_20260312_cell#129,1,0,0,0,0.013410360002838,0.0131561095606631,0.981040744460176,1,0,0,1.02292622222042,0
M25126_20260312_cell#130,1,0,0,0,0.0237099104581237,0.023729514922591,1.00082684683698,1,0,0,0.99025704542849,0
M25126_20260312_cell#131,1,0,0,0,0.0223968566161543,0.0219162312666891,0.978540499780736,1,0,0,0.966861172600222,0
M25126_20260312_cell#132,1,0,0,0,0.0435612849435107,0.0437651229067733,1.0046793377084,0.944040696279378,0,0,0.964923942591202,0
M25126_20260312_cell#133,1,0,0,0,0.0117003593464712,0.00990503747912789,0.846558399261068,1,0,0,0.912394401616898,0
M25126_20260312_cell#134,1,1,1,1,0.0302817390064828,0.038251912137224,1.26320064145045,0,48.6505813676233,0,0.965685722024633,0
M25126_20260312_cell#135,1,0,0,0,0.0259353737073717,0.0251543846273122,0.969887109055325,1,0,0,1.00585646590145,0
M25126_20260312_cell#136,1,1,1,1,0.0356240211607905,0.0460642465317951,1.29306701014695,0,68.1045409142882,0,1.00972310147306,0
M25126_20260312_cell#137,1,0,0,0,0.00455145891335504,0.00461640483503641,1.01426925364322,1,0,0,0.91794383484753,0
M25126_20260312_cell#138,0,0,0,0,0.0121339726066124,0.0105148697881287,0.866564490379561,0.999999999999786,0,1,1.01527616172334,0
M25126_20260312_cell#139,1,1,1,1,0.0199919987777169,0.0233368941232444,1.16731170218236,1.66806768397976e-09,88.8031376651296,0,0.916815871335433,0
M25126_20260312_cell#140,0,0,0,0,0.0552465954470785,0.051216932371734,0.927060427113477,1,0,1,1.02535320924519,1
M25126_20260312_cell#141,0,0,1,0,0.00166505978907106,0.00402771755623215,2.41896271993886,0.965349405298585,NaN,0,0.759570004612489,0
M25126_20260312_cell#142,1,0,0,0,0.0420294091429345,0.0415822764192221,0.989361432082192,1,0,0,0.956761845396995,0
M25126_20260312_cell#143,1,1,1,1,0.106178059819281,0.112557134001466,1.06007902379307,0,80.7293923775094,0,0.999831450342088,0
M25126_20260312_cell#144,0,0,0,0,0.0037499009037925,0.00293425133035191,0.782487699177419,1,0,0.99999999757302,0.695984443054487,0
M25126_20260312_cell#145,1,0,0,0,0.217833437771911,0.213361301092966,0.97946992562442,1,0,0,0.981127089207358,0
M25126_20260312_cell#146,1,0,0,0,0.0541488282149457,0.0521539026584733,0.963158472265486,1,0,0,0.976771739221798,0
M25126_20260312_cell#147,1,0,0,0,0.0471101719741356,0.0461330833844296,0.979259498559198,1,0,0,0.98854370453529,0
M25126_20260312_cell#148,1,1,1,1,0.0120302022643349,0.013782331461461,1.14564420103895,0.000678536637051974,28.1698604751401,0,0.986118383237273,0
M25126_20260312_cell#149,0,0,0,0,0.231516543384669,0.227520116445242,0.982738050244698,1,0,1,0.99829252684846,0
M25126_20260312_cell#150,1,1,1,1,0.0135472370527392,0.0168013491720732,1.24020485554846,0,37.7048468421989,0,1.13644688846405,1
M25126_20260312_cell#151,0,0,0,0,0.0312887434670513,0.0292325312688798,0.934282685390135,1,0,1,0.945236301561269,0
M25126_20260312_cell#152,1,0,0,0,0.0292033045610808,0.0285995444571467,0.97932562382893,1,0,0,0.939079612720774,0
M25126_20260312_cell#153,0,0,0,0,0.00782991848873538,0.00678647594842269,0.866736474739315,1,0,0.70509096230668,0.9123880321527,0
M25126_20260312_cell#154,1,0,0,0,0.164761185006198,0.162666972441785,0.987289405788545,1,0,0,0.979778288187312,0
M25126_20260312_cell#155,1,1,0,0,0.0359076810692686,0.0348915711097063,0.971702155936996,1.4432899320127e-15,34.7286922680746,0,NaN,0
M25126_20260312_cell#156,1,0,1,0,0.0132815834776223,0.0135052673507802,1.01684165698577,0.999997800558761,0,0,0.836973071437292,0
M25126_20260312_cell#157,0,0,0,0,0.0993127051201091,0.0963760880271629,0.970430600099004,1,0,1,0.991865846452683,0
M25126_20260312_cell#158,1,0,0,0,0.078552215658643,0.0783483199792135,0.997404329365889,1,0,0,0.980700290307001,0
M25126_20260312_cell#159,1,1,1,1,0.0788903612681338,0.0912806847792624,1.15705750755807,0,119.76830873575,0,0.993625507846971,0
M25126_20260312_cell#160,0,0,0,0,0.135242875121182,0.131418987960082,0.971725777364062,1,0,1,1.03197883629896,1
M25126_20260312_cell#161,1,0,0,0,0.0742078384570804,0.0704592129028169,0.949484776376668,1,0,0,0.98460014463583,0
M25126_20260312_cell#162,1,0,0,0,0.0115463412842306,0.0113194384764728,0.980348510218759,1,0,0,0.982103244018308,0
M25126_20260312_cell#163,1,1,1,1,0.0563295390701131,0.060203614880728,1.06877520879042,0,85.2213356522347,0,0.989356571707305,0
M25126_20260312_cell#164,1,1,1,1,0.0378913666600761,0.0445311179842727,1.17523124419771,0,92.2273004937795,0,0.998600505503112,0
M25126_20260312_cell#165,1,1,1,1,0.0172859013739448,0.0183478950840225,1.06143698769903,1.0325074129014e-14,26.8271114689834,0,1.05816112680968,1
M25126_20260312_cell#166,0,0,0,0,0.199609963536452,0.19297285279674,0.966749601963133,1,0,1,0.992786505203283,0
M25126_20260312_cell#167,1,1,1,1,0.0868517292575835,0.0980028250614355,1.12839232907822,0,127.388702970711,0,0.997191001647486,0
M25126_20260312_cell#168,1,0,0,0,0.018052198325208,0.0166939507484162,0.924759990316796,1,0,0,0.978796108709665,0
M25126_20260312_cell#169,1,0,0,0,0.0123769881675421,0.0114875893505312,0.928140933402257,1,0,0,0.957003861351964,0
M25126_20260312_cell#170,0,0,0,0,0.194144961116198,0.190768262539916,0.982607333423086,1,0,1,1.01006379206906,0
M25126_20260312_cell#171,1,1,1,1,0.0472195118119351,0.050344775596227,1.06618585547303,0,31.4726048133321,0,0.997161936716687,0
M25126_20260312_cell#172,1,0,0,0,0.0548148915391642,0.0523181377662695,0.954451177357327,1,0,0,0.967590497201338,0
M25126_20260312_cell#173,0,0,0,0,0.0110253587887718,0.0106968755331081,0.970206569966838,1,0,0.999999705788151,0.982777346158056,0
M25126_20260312_cell#174,0,0,0,0,0.0168896963434582,0.0165193057868423,0.978070028668136,1,0,0.998235404186327,1.01382661528206,0
M25126_20260312_cell#175,1,0,0,0,0.0223800752349783,0.0226087215478392,1.01021651225299,1,0,0,0.984986239941967,0
M25126_20260312_cell#176,1,1,1,1,0.0697824303738024,0.0789164497664067,1.1308928242206,0,45.572150786699,0,0.990579885980913,0
M25126_20260312_cell#177,1,0,1,0,0.00370065237291527,0.00420381239767859,1.13596522290121,0.999988071593257,0,1.49173583152695e-07,0.562055321233462,0
M25126_20260312_cell#178,1,0,0,0,0.0217245817503543,0.019215047564943,0.884484119682976,1,0,0,0.683832824061347,0
M25126_20260312_cell#179,1,0,0,0,0.018866205888694,0.0179143577682152,0.949547453998198,1,0,0,0.952598622645753,0
M25126_20260312_cell#180,1,1,1,1,0.0127912867244557,0.0143969891108658,1.12553095095118,0,26.8770289447159,0,1.00302082157726,0
M25126_20260312_cell#181,1,1,1,1,0.0216823909054245,0.027617314033641,1.27372088041876,0,91.0287098990337,0,1.0123420223818,0
M25126_20260312_cell#182,1,1,1,1,0.019658130035152,0.021251654388257,1.08106184821525,2.22140809524873e-07,21.4879159982202,0,0.916787805396355,0
M25126_20260312_cell#183,1,1,1,1,0.0197813274214052,0.0211060702132179,1.06696935769736,8.64863736182997e-14,17.6150859944093,0,0.943249292634669,0
M25126_20260312_cell#184,1,0,0,0,0.0105915537410563,0.0103698390256743,0.979066837519545,1,0,0,0.856869905318611,0
M25126_20260312_cell#185,1,0,0,0,0.0380954122512414,0.0384193678385967,1.00850379529217,0.999999999973076,0,0,0.954710759291815,0
M25126_20260312_cell#186,1,1,1,1,0.0124231845307426,0.0152041341965973,1.22385159449036,0,39.256826682104,0,1.0007057578509,0
M25126_20260312_cell#187,1,0,0,0,0.0108824826312244,0.0104257432400301,0.958029853419303,1,0,0,0.985377064198364,0
M25126_20260312_cell#188,1,0,0,0,0.00799537225919089,0.00721345463631889,0.902203725164496,1,0,0,0.941277958619171,0
M25126_20260312_cell#189,1,0,0,0,0.0106746499782055,0.00906543179788392,0.849248623270357,1,0,0,1.03587459534523,0
M25126_20260312_cell#190,1,0,0,0,0.0150333638780887,0.0144747202063366,0.962839742569765,1,0,0,0.96035554883466,0
M25126_20260312_cell#191,1,0,0,0,0.0847697236329322,0.0801198268210231,0.945146726771884,1,0,0,1.02391467877172,1
M25126_20260312_cell#192,1,1,1,1,0.00685289117638419,0.0088947270095295,1.29795246715455,0,24.8154895538047,0,0.992165516381371,0
M25126_20260312_cell#193,1,1,1,1,0.0366246191739437,0.0401992476250561,1.09760179168377,0,57.6381462730011,0,0.977893268864344,0
M25126_20260312_cell#194,1,0,0,0,0.0326403111354327,0.031914511292325,0.977763697162808,1,0,0,0.927112694517508,0
M25126_20260312_cell#195,1,1,1,1,0.0990419140817064,0.107529404256774,1.08569594250839,0,47.8326863009182,0,1.00344139260982,0
M25126_20260312_cell#196,1,0,0,0,0.0118767869214453,0.00986269576139862,0.830417841679894,1,0,0,0.946677171319355,0
M25126_20260312_cell#197,1,0,0,0,0.0557738182892274,0.0529841521575286,0.949982514784404,1,0,0,0.998675047706557,0
M25126_20260312_cell#198,0,0,0,0,0.0132292776702151,0.0115416058570597,0.872429027855765,1,0,0.999999999999999,0.95868539187441,0
M25126_20260312_cell#199,1,0,0,0,0.0722788176716797,0.0723790456535603,1.00138668540949,0.999999999997816,0,0,0.992402319376331,0
M25126_20260312_cell#200,1,0,0,0,0.0221354218406234,0.0220112679021508,0.994391164561192,1,0,0,0.940888289287002,0
M25126_20260312_cell#201,0,0,0,0,0.0370170821169871,0.0354581697048136,0.957886674934379,1,0,1,0.985671419197584,0
M25126_20260312_cell#202,0,0,0,0,0.0560942097786687,0.0533105186205388,0.950374714803658,1,0,1,1.24150021834643,1
M25126_20260312_cell#203,1,1,1,1,0.171239092540512,0.180656945176511,1.05499826293328,1.11022302462516e-16,29.1338945847715,0,0.998331394722957,0
M25126_20260312_cell#204,1,0,0,0,0.0354264535632101,0.0354237339530498,0.999923232220931,1,0,0,0.920589990154269,0
M25126_20260312_cell#205,1,0,0,0,0.0170996527521971,0.0160775399215483,0.940226106023266,1,0,0,1.02651730500471,1
M25126_20260312_cell#206,1,0,0,0,0.0144254584082604,0.0144991372174544,1.00510755409698,1,0,0,1.02980040654454,0
M25126_20260312_cell#207,1,1,1,1,0.0847087600130849,0.0868017777907337,1.02470839824979,1.08801856413265e-12,28.6300869678443,0,1.05493333140154,1
M25126_20260312_cell#208,1,0,0,0,0.0243247244224965,0.0201504889350558,0.82839536370738,1,0,0,1.00173737790649,0
M25126_20260312_cell#209,1,0,0,0,0.0453744477567997,0.0446973762183435,0.985078131593244,1,0,0,0.970378053533152,0
M25126_20260312_cell#210,1,1,1,1,0.0133735943650187,0.0155810752572261,1.16506264747954,0,16.3901123366202,0,0.967817264592379,0
M25126_20260312_cell#211,1,1,1,1,0.0138661364091872,0.0166310077934544,1.1993973881892,0,78.8591545346609,0,0.935247748018434,0
M25126_20260312_cell#212,0,0,0,0,0.00912405366797336,0.00658459871435226,0.721674702272421,1,0,1,0.910629790186569,0
M25126_20260312_cell#213,1,0,0,0,0.00525689297023466,0.00522811636488869,0.994525929002377,1,0,3.4586122854563e-10,0.963900700654109,0
M25126_20260312_cell#214,1,1,1,1,0.0473835821232256,0.0508381362407018,1.07290614096022,0,37.3337425657356,0,0.998403899421562,0
M25126_20260312_cell#215,0,0,0,0,0.0491946950782484,0.0469860783188489,0.955104574672402,1,0,1,0.982372214981626,0
M25126_20260312_cell#216,1,1,0,0,0.0419506956866741,0.0403597727125268,0.962076362546411,0,113.290453338673,0,NaN,0
M25126_20260312_cell#217,0,0,0,0,0.170750428741819,0.16915425105093,0.990651984286949,1,0,1,0.99334628768669,0
M25126_20260312_cell#218,1,1,1,1,0.0457381159919354,0.0499024079161062,1.09104642449429,0,53.0606806702881,0,0.997761332619123,0
M25126_20260312_cell#219,1,0,0,0,0.0470154355016372,0.0468521904632226,0.996527841618975,1,0,0,0.987090517296216,0
M25126_20260312_cell#220,1,0,0,0,0.0250289593574736,0.0228115175747628,0.91140495491481,1,0,0,1.04603294771519,1
M25126_20260312_cell#221,1,0,0,0,0.0160722715008447,0.0151983697859747,0.945626745116639,1,0,0,0.976295810970477,0
M25126_20260312_cell#222,1,1,1,1,0.0395209829518481,0.0416967592169655,1.0550536981271,0,37.009342945012,0,1.01403966821409,0
M25126_20260312_cell#223,1,0,0,0,0.0371369880606615,0.0365125360838576,0.983185174420073,1,0,0,0.977081276631106,0
M25126_20260312_cell#224,1,0,0,0,0.00854371181079343,0.00826982461361955,0.967942832899878,1,0,0,0.986083198440998,0
M25126_20260312_cell#225,0,0,0,0,0.213333987317878,0.208321159437982,0.976502441345992,1,0,1,0.995647166494958,0
M25126_20260312_cell#226,1,1,1,1,0.00921985399439865,0.0107015151895325,1.16070332524073,2.22044604925031e-16,17.8068035252159,0,0.92238186630914,0
M25126_20260312_cell#227,1,0,0,0,0.0488486274471417,0.0458170609104105,0.937939575886516,1,0,0,0.960348836853307,0
M25126_20260312_cell#228,1,1,1,1,0.0565807014085261,0.0600593427299964,1.06148105687757,0,47.4107473374618,0,0.980157089936371,0
M25126_20260312_cell#229,0,0,0,0,0.0809636683666067,0.0761875745505419,0.941009419256568,1,0,1,0.972013680131333,0
M25126_20260312_cell#230,1,0,0,0,0.0267721058150857,0.0258135237949439,0.964194747071345,1,0,0,1.09581284589986,1
M25126_20260312_cell#231,1,1,1,1,0.0177246577107144,0.0195522506856962,1.10311019850483,0,21.0537297084567,0,0.939848631222251,0
M25126_20260312_cell#232,1,0,0,0,0.0110843320429795,0.0112181560719845,1.01207326057051,0.999999999986438,0,0,0.976883879375896,0
M25126_20260312_cell#233,1,0,0,0,0.0690876704630357,0.0691950559051043,1.00155433583661,1,0,0,0.983742858865031,0
M25126_20260312_cell#234,1,0,0,0,0.0667797767457241,0.0634754474807468,0.950519013000611,1,0,0,0.952496906903861,0
M25126_20260312_cell#235,0,0,0,0,0.0181781279142269,0.0173979986419558,0.95708417962773,1,0,1,0.926711352447872,0
M25126_20260312_cell#236,1,0,0,0,0.0182094789912157,0.0178533938097101,0.980445064810624,1,0,0,1.00533066769676,0
M25126_20260312_cell#237,1,0,0,0,0.00876186360784908,0.00878205001645158,1.00230389441173,1,0,0,0.97410834051048,0
M25126_20260312_cell#238,1,1,1,1,0.0532940514743824,0.0572914607055307,1.07500666810948,0,57.1331718290649,0,0.984077948552217,0
M25126_20260312_cell#239,1,0,0,0,0.0344841234300578,0.0334714584301026,0.970633877296921,1,0,0,1.02404415372695,1
M25126_20260312_cell#240,1,0,1,0,0.00539985166364159,0.00578332064627016,1.07101472531376,0.978285380699942,0,0,0.967693999464475,0
M25126_20260312_cell#241,1,1,1,1,0.0487289185806803,0.0507202827356927,1.04086616762724,2.22044604925031e-16,46.4473585590835,0,0.993884851252421,0
M25126_20260312_cell#242,1,1,1,1,0.0395431846128898,0.0440299498682416,1.11346494469971,0,49.2496033881222,0,0.993160949271875,0
M25126_20260312_cell#243,0,0,0,0,0.241272678990201,0.24280635255452,1.006356598562,1,0,1,1.00810894473965,0
M25126_20260312_cell#244,1,0,1,0,0.0249711106279032,0.0256592032524009,1.02755554747848,1,0,0,1.0245974353225,1
M25126_20260312_cell#245,1,0,1,0,0.00809833328431161,0.00861863417503067,1.06424789798748,0.783672768451377,0,0,1.05389919628572,0
M25126_20260312_cell#246,1,0,0,0,0.0153191762604752,0.0141723152172359,0.925135593210822,1,0,0,0.931502371279882,0
M25126_20260312_cell#247,1,0,0,0,0.0082863102508543,0.00798010106138101,0.96304637646874,1,0,1.08097340734137e-06,0.98332471181481,0
M25126_20260312_cell#248,1,0,0,0,0.0207974320774325,0.0185047767342055,0.889762575750167,1,0,0,1.11399477329266,1
M25126_20260312_cell#249,1,1,1,1,0.0426075624362223,0.0439852253975493,1.03233376618034,2.77088574307527e-10,35.1361855828329,0,1.32738766152917,1
M25126_20260312_cell#250,0,0,0,0,0.0143331359002824,0.00932013019589326,0.650250598385075,1,0,0.747168268083398,0.863727506530052,0
M25126_20260312_cell#251,1,1,1,1,0.0116502484180354,0.0136279426192604,1.16975553913197,0,44.6176048461006,0,0.985585098907998,0
M25126_20260312_cell#252,1,1,1,1,0.0395875140109629,0.0472622431308343,1.1938674178365,0,78.5414143122927,0,0.970999270434538,0
M25126_20260312_cell#253,1,0,0,0,0.00572715493532389,0.00536315482432856,0.93644311789956,1,0,2.30593322214645e-13,0.993165010810594,0
M25126_20260312_cell#254,1,1,1,1,0.0141303786352236,0.0205696677636382,1.45570534906708,0,32.6711707161152,0,1.41244959576501,1
M25126_20260312_cell#255,1,1,1,1,0.018555691265827,0.0204942877180485,1.10447449380621,7.88258347483861e-15,37.1209626068291,0,1.04073075538773,1
M25126_20260312_cell#256,0,0,0,0,0.132825983297032,0.129826847139445,0.977420561224981,1,0,0.958722232236438,0.994167037911028,0
M25126_20260312_cell#257,1,1,1,1,0.0153153157261422,0.0178677410474505,1.1666583547443,0,61.8990043786085,0,0.84471464622214,0
M25126_20260312_cell#258,1,1,1,1,0.0348665314769808,0.0381492286390705,1.09415037926147,0,37.373350410305,0,0.970117519673346,0
M25126_20260312_cell#259,1,0,0,0,0.0759684162619373,0.073926574616632,0.973122492928309,1,0,1.85085422099718e-07,1.01155776466851,0
M25126_20260312_cell#260,1,1,1,1,0.0329480111496021,0.036239358266151,1.09989516822743,6.35424132422457e-07,66.902436955199,0,0.994636099855964,0
M25126_20260312_cell#261,1,0,1,0,0.00478739353231368,0.00489290439232707,1.02203931206015,1,0,0,1.14604781050153,1
M25126_20260312_cell#262,1,0,0,0,0.0310794840862414,0.0300182706896977,0.965854858027919,1,0,0,0.984869652028078,0
M25126_20260312_cell#263,1,1,1,1,0.0136319942153819,0.0153823105965708,1.12839767634393,0.000454160349684485,33.7095332293421,0,0.972341566355524,0
M25126_20260312_cell#264,1,0,0,0,0.0168130993525634,0.0154085029368398,0.916458209978437,0.921664659768679,0,0,0.946372091587203,0
M25126_20260312_cell#265,0,0,0,0,0.0177588901418567,0.0156566500951343,0.881623230397289,1,0,1,0.948159298997785,0
M25126_20260312_cell#266,0,0,0,0,0.105670774132769,0.0998757884481111,0.945159995919239,1,0,1,0.996981372509547,0
M25126_20260312_cell#267,1,0,0,0,0.0328442823632585,0.0328200239915396,0.999261412642524,0.999687426045698,0,0,0.95604855920824,0
M25126_20260312_cell#268,1,0,0,0,0.0330360693577261,0.032304348843479,0.977850860333179,1,0,0,0.972636733298322,0
M25126_20260312_cell#269,1,0,0,0,0.0157781198462145,0.0151011795930249,0.957096266235294,1,0,0,0.942179849720483,0
M25126_20260312_cell#270,1,0,0,0,0.254652731538429,0.250148007721603,0.982310325950122,1,0,0,1.00935796263093,0
M25126_20260312_cell#271,1,0,0,0,0.00336606152063297,0.00311916187807143,0.926650288163742,1,0,0,0.770088719840815,0
M25126_20260312_cell#272,0,0,0,0,0.0283795596962604,0.0269161054199655,0.948432805443148,1,0,0.48090943212922,0.976719875128831,0
M25126_20260312_cell#273,1,0,0,0,0.0143306045226056,0.0129097163176681,0.900849388265782,1,0,0,0.911878740073178,0
M25126_20260312_cell#274,1,0,0,0,0.0165689371410409,0.0168092495520961,1.01450379158359,1,0,0,1.08940496609759,1
M25126_20260312_cell#275,1,0,0,0,0.00905770673914825,0.00848202777606039,0.936443188141683,1,0,0,0.956539587064066,0
M25126_20260312_cell#276,1,0,0,0,0.103076007216732,0.102962453513174,0.99889834980395,1,0,0,0.988988720360511,0
M25126_20260312_cell#277,0,0,1,0,0.00734190486492622,0.00775345007408339,1.05605428246874,1,0,0.196180021782297,0.876945455403464,0
M25126_20260312_cell#278,0,0,0,0,0.091914883763154,0.0911301867457597,0.991462786164031,1,0,0.999999999999997,0.994500092052316,0
M25126_20260312_cell#279,1,1,1,1,0.0865790784478017,0.0967732963217909,1.11774458745406,0,35.9382411319033,0,1.02243392453956,1
M25126_20260312_cell#280,0,0,0,0,0.00233194724528743,0.00209739809907976,0.899419188542251,1,0,1,0.963374442492836,0
M25126_20260312_cell#281,1,0,0,0,0.0402354668408257,0.0406319699450207,1.00985456701083,0.99999785848705,0,0,0.992198445484617,0
M25126_20260312_cell#282,1,0,0,0,0.092782005536058,0.0927359446309666,0.999503557776906,1,0,0,0.962419662657969,0
M25126_20260312_cell#283,1,0,0,0,0.0369547488156325,0.0339849994181135,0.919638219912275,1,0,0,0.967475368053593,0
M25126_20260312_cell#284,1,0,0,0,0.0366905501296173,0.0360229326800072,0.98180410358385,1,0,0,0.951407532055841,0
M25126_20260312_cell#285,1,0,0,0,0.0311863870475057,0.0313425243789214,1.00500658608443,1,0,0,0.970692663364382,0
M25126_20260312_cell#286,1,0,0,0,0.0277993120619167,0.0267606724689323,0.962637939001112,1,0,0,1.01876606065847,1
M25126_20260312_cell#287,1,0,1,0,0.00421218225523569,0.0049476155130011,1.17459673233542,0.226494723864595,0,0.0389598854959132,1.17255948382597,1
M25126_20260312_cell#288,1,0,0,0,0.0206030787974296,0.017760733853986,0.862042708694673,1,0,0,1.00518098555502,0
M25126_20260312_cell#289,1,0,0,0,0.0454643123615244,0.0433554651052198,0.953615327126574,1,0,0,1.00128666798857,0
M25126_20260312_cell#290,1,1,1,1,0.178380297695299,0.184360447832188,1.03352472338119,1.09035003248437e-12,26.4669905748311,0,0.995518082223513,0
M25126_20260312_cell#291,1,1,1,1,0.0204345599841412,0.0223954184521013,1.09595794915486,0,19.5688456515037,0,0.899403867051685,0
M25126_20260312_cell#292,1,1,1,1,0.010923544814498,0.0118277703054863,1.08277766112958,5.62448836394225e-08,23.6004133005089,0,0.936797594478719,0
M25126_20260312_cell#293,1,1,1,1,0.00674828201442738,0.00799011202043748,1.18402165223017,0,29.6659794131833,0,0.844154272845401,0
M25126_20260312_cell#294,1,1,1,1,0.383176637193354,0.391080797499547,1.02062798077693,0,84.1060609157461,0,0.999960905630306,0
M25126_20260312_cell#295,1,1,1,1,0.0591926076861795,0.0613579241146025,1.03658085887858,5.02931030155196e-14,31.7579277618014,0,0.998235413161482,0
M25126_20260312_cell#296,0,0,0,0,0.0105269344854696,0.0101767878042107,0.966738020290506,1,0,0.999999120010097,0.890785080611587,0
M25126_20260312_cell#297,1,1,1,1,0.0888533741303191,0.102533658663221,1.15396471621705,0,253.117548673121,0,0.999189176117188,0
M25126_20260312_cell#298,1,1,1,1,0.077396381921626,0.0828907978013174,1.0709906037372,0,19.9971293179258,0,0.990412328489526,0
M25126_20260312_cell#299,1,0,0,0,0.0862673155462144,0.0833928541064413,0.966679600245203,1,0,0,1.02499558580545,1
M25126_20260312_cell#300,1,0,1,0,0.0343736529405845,0.0352695527418963,1.02606356103206,0.999991284976339,0,0,1.04031060612438,1
M25126_20260312_cell#301,1,1,1,1,0.0278209469778002,0.0295144310486042,1.06087082773118,0,25.2517517450992,0,1.02463343587239,1
M25126_20260312_cell#302,1,0,0,0,0.0643475755627723,0.0589722619460812,0.916464395594091,1,0,0,0.999100889059186,0
M25126_20260312_cell#303,0,0,0,0,0.00127207994737135,0.000168149989218701,0.132185079692647,1,0,1,0.305556655040653,0
M25126_20260312_cell#304,1,0,0,0,0.0394209895632466,0.038711302435146,0.981997226960477,1,0,0,0.98754523908461,0
M25126_20260312_cell#305,1,0,0,0,0.00773103420215577,0.00615180729887387,0.795728894480698,1,0,0,0.907462017931245,0
M25126_20260312_cell#306,1,1,1,1,0.0199348281770213,0.0214450317906826,1.0757570419093,0,36.6641644937232,0,0.978780709102654,0
M25126_20260312_cell#307,0,0,0,0,0.0837674728210467,0.0778700017455728,0.929597123121134,1,0,1,1.02735977960313,1
M25126_20260312_cell#308,0,0,0,0,0.00887903283267589,0.0085049639322656,0.957870535286944,1,0,1,0.791346857863818,0
M25126_20260312_cell#309,1,1,1,1,0.0730675945446032,0.0748188362113399,1.02396741917743,7.04066804857462e-11,68.9906265572976,0,0.97120588944279,0
M25126_20260312_cell#310,1,0,0,0,0.0128581266177109,0.0124000305469248,0.96437303159271,1,0,0,1.00891873934277,0
M25126_20260312_cell#311,1,1,1,1,0.067305488184744,0.0706260216869009,1.0493352561836,0,92.4324552161837,0,0.992696449290478,0
M25126_20260312_cell#312,1,1,1,1,0.0331106501933481,0.0364033679336416,1.09944587983219,0,36.0579139989055,0,0.949683500636703,0
M25126_20260312_cell#313,1,1,1,1,0.051065126175061,0.0583854083899135,1.14335188734788,0,80.3637371905624,0,0.988247705514156,0
M25126_20260312_cell#314,0,0,0,0,0.0297161963658415,0.0276000678191956,0.928788714390165,1,0,1,0.961968507018163,0
M25126_20260312_cell#315,1,0,0,0,0.0282019137089147,0.0253503441106504,0.898887372406826,1,0,0,1.05488701567208,1
M25126_20260312_cell#316,1,1,1,1,0.0264421757737218,0.0274360412132771,1.03758637141135,7.04057384504075e-07,27.8842708642859,0,0.967559221835025,0
M25126_20260312_cell#317,1,0,0,0,0.0479541550649642,0.0479028179305005,0.998929453883733,1,0,0,0.994753395677814,0
M25126_20260312_cell#318,1,0,0,0,0.0516274454348442,0.0514885307116623,0.99730928536146,1,0,0,0.996760217630252,0
M25126_20260312_cell#319,0,1,1,0,0.0158057250282242,0.0185359836709733,1.17273858920573,0,35.1928031347726,1,NaN,0
M25126_20260312_cell#320,1,0,0,0,0.0324741474325316,0.0316777919500339,0.975477247427289,1,0,0,0.932812332991329,0
M25126_20260312_cell#321,1,0,0,0,0.0420839711121686,0.0424517686338901,1.00873961064038,0.999999999997715,0,0,0.993585256974888,0
M25126_20260312_cell#322,1,0,0,0,0.0295493442973001,0.0253260063582139,0.857075070885006,1,0,2.33435493157685e-12,0.956109645297412,0
M25126_20260312_cell#323,1,1,1,1,0.0720645577182453,0.0757090328565253,1.05057236530236,0,44.6317681594963,0,0.967394687608628,0
M25126_20260312_cell#324,1,1,1,1,0.0181677714038419,0.0224116684955618,1.23359480903764,0,23.2043199260506,1.03139718987677e-13,0.965993999522106,0
M25126_20260312_cell#325,1,0,0,0,0.015668603503345,0.0146324833479581,0.933872846092138,1,0,0,1.03556587019868,1
M25126_20260312_cell#326,0,0,0,0,0.040987975694777,0.039624407671881,0.96673248678954,1,0,0.0799843476731246,0.960703159187204,0
M25126_20260312_cell#327,0,0,0,0,0.11249726356314,0.107038374712567,0.951475363242859,1,0,0.987929003229912,0.995969523839252,0
M25126_20260312_cell#328,1,0,0,0,0.0157305393842067,0.0145965980462867,0.927914656311247,1,0,0.000399675079993056,0.90203469835312,0
M25126_20260312_cell#329,1,1,1,1,0.0171746088587411,0.0194337821513246,1.13154146980376,0,54.5886356405592,0,0.985656098795662,0
M25126_20260312_cell#330,1,0,0,0,0.116377006668279,0.114433638795729,0.983301101066389,1,0,3.5989211610854e-10,0.987195279835647,0
M25126_20260312_cell#331,1,1,1,1,0.056202229924532,0.0575133489124294,1.02332859371697,5.84140707787784e-05,124.494698707346,0,1.00250542304871,0
M25126_20260312_cell#332,1,1,1,1,0.0853509972676661,0.0893624751595766,1.04699977762803,2.0486945473408e-12,30.9387724723947,0,0.995626666938842,0
M25126_20260312_cell#333,1,1,1,1,0.0109353370318043,0.0179054178998185,1.63739058501283,0,46.451397501893,0,1.24033979211687,1
M25126_20260312_cell#334,1,0,1,0,0.00526305840858619,0.00538044076468039,1.02230306923873,0.999999999999956,0,0,0.710504501861551,0
M25126_20260312_cell#335,1,1,1,1,0.0429112050899887,0.0479728205295925,1.11795556496233,0,30.2634042051293,0,0.962314551884261,0
M25126_20260312_cell#336,1,1,1,1,0.0249436465590542,0.0284962418418421,1.14242485654121,0,37.6322834739394,0,1.01763794319161,1
M25126_20260312_cell#337,1,0,0,0,0.100831197531936,0.0985867939151088,0.97774098025449,1,0,0,1.01827488452267,1
M25126_20260312_cell#338,1,1,1,1,0.0150785376641904,0.0182870455274431,1.21278640772125,0,30.9758870884719,0,1.15411474721972,1
M25126_20260312_cell#339,1,0,1,0,0.0310557753688351,0.0316460499780345,1.01900691907347,0.158194532049553,0,0,0.917614134298482,0
M25126_20260312_cell#340,0,0,0,0,0.00508418637889259,0.00444162447669655,0.873615588747163,1,0,1,1.05811305780009,0
M25126_20260312_cell#341,1,1,1,1,0.0100157547727527,0.0138950087278333,1.38731518922907,0,51.098231457605,0,1.35468343767938,1
M25126_20260312_cell#342,1,0,0,0,0.0228312195809229,0.0212125515808923,0.929102867488379,1,0,0,0.972523626957651,0
M25126_20260312_cell#343,1,1,1,1,0.0697299041131733,0.0756067005463516,1.08427942800036,0,30.461227683772,0,0.993868996803318,0
M25126_20260312_cell#344,1,1,1,1,0.0217225723478941,0.0239926174499397,1.10450167069029,0,42.2729594349664,0,0.998497449909303,0
M25126_20260312_cell#345,1,1,1,1,0.0533684123552013,0.0591745511863302,1.10879354612398,0,15.393743298687,0,0.982559166824329,0
M25126_20260312_cell#346,0,1,1,0,0.00526394726917303,0.00686538270384925,1.30422710425969,0.0217917217797601,18.9182963978145,0,NaN,0
M25126_20260312_cell#347,1,1,1,1,0.059811009606962,0.0692063921686121,1.1570845003853,0,93.0979208897644,0,0.994546570167981,0
M25126_20260312_cell#348,1,1,1,1,0.0177001848116355,0.0264537837269688,1.4945484472896,0,43.9439581310805,0,0.889135086916982,0
M25126_20260312_cell#349,1,0,0,0,0.0423187462073008,0.0403334726058572,0.953087608226422,1,0,0,1.02864594260276,1
M25126_20260312_cell#350,1,0,0,0,0.021416726480546,0.0207613180375862,0.969397356614928,1,0,0,0.951873013884681,0
M25126_20260312_cell#351,1,0,0,0,0.0522383040917697,0.0526899228085807,1.00864535563822,1,0,0,1.00559514520372,0
M25126_20260312_cell#352,1,0,0,0,0.0869672143820441,0.0867625854428245,0.997647056529595,0.999842049422469,0,0,0.993904469993182,0
M25126_20260312_cell#353,1,0,0,0,0.0183213476511708,0.0151335401782785,0.826005841186659,1,0,0,1.00795372292929,0
M25126_20260312_cell#354,1,0,0,0,0.0248280843880898,0.0247881830815877,0.998392896291216,1,0,0,1.0242066008857,1
M25126_20260312_cell#355,1,0,0,0,0.0457266315919812,0.0446825982517422,0.977167936847942,1,0,0,0.960763497716066,0
M25126_20260312_cell#356,1,1,1,1,0.0232833163370844,0.0246281959183197,1.05776151308366,3.21195285468701e-06,38.7691299304254,0,0.972631100266107,0
M25126_20260312_cell#357,1,0,0,0,0.0691187552038597,0.0665663934054744,0.963072804322686,1,0,0,1.02438146039646,1
M25126_20260312_cell#358,1,0,0,0,0.0142036154809447,0.0133037902627673,0.936648156986183,1,0,1.80476744660041e-11,0.959888398314798,0
M25126_20260312_cell#359,1,1,1,1,0.0638913016988822,0.0700180850226798,1.09589385661092,0,38.3712916810702,0,1.01641284351571,1
M25126_20260312_cell#360,1,1,1,1,0.0068107094121433,0.0124366495054313,1.82604318476092,0,30.8295996572615,4.98157071149308e-13,1.14559117709556,1
M25126_20260312_cell#361,0,0,0,0,0.192651010269026,0.192145010014961,0.997373487668929,1,0,1,0.994589756914256,0
M25126_20260312_cell#362,1,1,1,1,0.101906724583554,0.108290335840674,1.06264170773034,0,106.281982349955,0,1.00909327449354,0
M25126_20260312_cell#363,1,1,1,1,0.0888668651386444,0.0929088398144301,1.04548348441773,0,45.4650056473098,0,0.992864605708633,0
M25126_20260312_cell#364,1,1,1,1,0.0209557755410424,0.0232019950588862,1.10718856543603,3.39728245535298e-14,25.6259130380922,0,0.968300058945548,0
M25126_20260312_cell#365,1,0,0,0,0.014116435356232,0.0132665363475718,0.939793652773325,1,0,0,1.0446201386695,1
M25126_20260312_cell#366,1,0,0,0,0.0264158804345202,0.0259259685995475,0.981453889595424,1,0,0,0.968337612515964,0
M25126_20260312_cell#367,1,0,0,0,0.0765657226032005,0.0695349741004942,0.908173680549677,1,0,0,1.01075884667424,0
M25126_20260312_cell#368,1,0,0,0,0.0557974940052921,0.0558037140818147,1.00011147591184,1,0,0,0.991630724570991,0
M25126_20260312_cell#369,1,1,1,1,0.082535233012807,0.092799647998886,1.12436403959126,0,62.0709570509515,0,1.03499250651082,1
M25126_20260312_cell#370,1,1,1,1,0.12065504841788,0.15222224502196,1.26163179260225,0,86.9776100536424,0,0.999763659922381,0
M25126_20260312_cell#371,1,0,1,0,0.0753265889105988,0.0769007210014964,1.02089742962828,1,0,0,1.01434099688886,0
M25126_20260312_cell#372,1,1,1,1,0.0157170365139561,0.0181186909727356,1.15280580767545,0,26.4534385170699,0,1.11509716929538,1
M25126_20260312_cell#373,1,0,0,0,0.0628285213587103,0.0600865984498957,0.956358627427185,1,0,0,0.962895246289882,0
M25126_20260312_cell#374,1,0,0,0,0.0259074692046509,0.0222624868737564,0.859307665210302,1,0,0,0.955509949971256,0
M25126_20260312_cell#375,1,1,1,1,0.0427110952198856,0.0512354968947564,1.19958283979808,0,47.7976124466456,0,0.991046408415958,0
M25126_20260312_cell#376,1,0,0,0,0.0428390484662057,0.0427444547285716,0.997791880515071,1,0,0,0.988487503966011,0
M25126_20260312_cell#377,1,0,0,0,0.0247068704850667,0.0236058459753444,0.955436504579251,1,0,0,1.01068457592397,0
M25126_20260312_cell#378,0,0,0,0,0.0528190155054603,0.0486927227627405,0.921878651026861,1,0,1,0.965257841559395,0
M25126_20260312_cell#379,1,0,0,0,0.0246183719306794,0.0246602265755647,1.00170013862018,0.0747313660491131,0,0,0.936862330015088,0
M25126_20260312_cell#380,1,0,0,0,0.0125003903905491,0.0108482844616776,0.867835653347232,1,0,3.94461507902122e-09,0.906016336830401,0
M25126_20260312_cell#381,1,0,1,0,0.0126842652947584,0.0129187879875314,1.01848926109026,0.999973925590147,0,0,0.9521555469309,0
M25126_20260312_cell#382,0,0,0,0,0.109915755114265,0.106289806912523,0.967011569924868,1,0,1,0.983404348728807,0
M25126_20260312_cell#383,1,1,1,1,0.0237040021540579,0.0302472549154754,1.27604000028735,0,35.5547627244111,0,1.06428463948389,1
M25126_20260312_cell#384,1,1,1,1,0.0132048115461631,0.0161862345705029,1.22578308019898,0,36.5694923955124,0,0.994217503480126,0
M25126_20260312_cell#385,1,0,0,0,0.0143965266312348,0.0137154790161718,0.952693616140343,1,0,0,0.962100048338581,0
M25126_20260312_cell#386,1,0,0,0,0.017308743503744,0.0168916249398542,0.975901279962957,1,0,0,0.963516275783584,0
M25126_20260312_cell#387,1,0,0,0,0.0146237879708368,0.0144437603717184,0.987689400347065,1,0,0,0.920594773607487,0
M25126_20260312_cell#388,1,1,1,1,0.0116406490974128,0.0154282915270732,1.32538068951002,0,24.6929003991978,0,0.987550314576461,0
M25126_20260312_cell#389,1,0,0,0,0.014550534355119,0.013835416795672,0.9508528317934,1,0,0,0.977818895647616,0
M25126_20260312_cell#390,1,0,0,0,0.029072987186497,0.0292492465129177,1.00606264933459,0.999327044622138,0,0,0.977400741960583,0
M25126_20260312_cell#391,1,0,0,0,0.0778644699194377,0.0756494883895447,0.971553373031567,1,0,0,0.990698470103753,0
M25126_20260312_cell#392,1,1,1,1,0.0363125968526452,0.0384882189904419,1.05991370285704,0,25.1079312394154,0,0.961764425530288,0
M25126_20260312_cell#393,1,1,1,1,0.0214952168790551,0.0313180791696307,1.45697898029338,0,53.0939286993905,0,1.03543310261863,1
M25126_20260312_cell#394,1,1,1,1,0.0196430549535625,0.0218364454107572,1.11166238970364,0,22.4906502065227,0,0.944871678919777,0
M25126_20260312_cell#395,1,0,0,0,0.0287132977253339,0.028205810002418,0.982325690076757,1,0,0,0.986171976161187,0
M25126_20260312_cell#396,1,0,0,0,0.0156845241334733,0.0138294466329349,0.881725611516681,1,0,0,0.946206958468061,0
M25126_20260312_cell#397,1,1,1,1,0.0110926588472557,0.0134470131003626,1.21224435777987,0,33.1222219960092,0,1.0951405392466,1
M25126_20260312_cell#398,1,1,1,1,0.0154651758556272,0.0177289325857597,1.14637769083685,0,25.2576063887221,7.40041361524391e-12,1.10398302798148,1
M25126_20260312_cell#399,1,1,1,1,0.011112990359108,0.0128940167901173,1.16026527275349,4.46864767411626e-13,15.9653221554318,0,0.963066871990913,0
M25126_20260312_cell#400,1,1,1,1,0.0160557146278096,0.016990276913595,1.05820745494359,3.36299921244176e-09,17.8240527629772,0,0.913364554612226,0
M25126_20260312_cell#401,1,1,1,1,0.0524400821377574,0.0667572771786418,1.27302007276178,0,37.1958517146793,0,0.980360363223464,0
M25126_20260312_cell#402,1,0,0,0,0.0119769727043732,0.0102149501574294,0.852882477865177,1,0,0,0.990400776472035,0
M25126_20260312_cell#403,1,1,1,1,0.0401831258225444,0.0507475415745992,1.26290676834622,0,37.2060076617058,0,0.966585661989092,0
M25126_20260312_cell#404,1,1,1,1,0.00861395087250071,0.0101244078971649,1.17535008581093,0.000100836838899721,16.5484134156437,0,1.04176790439827,0
M25126_20260312_cell#405,1,0,1,0,0.0361376075591236,0.0369231103932415,1.02173643711285,0.87485751405822,0,0,0.980246410403457,0
M25126_20260312_cell#406,1,1,1,1,0.00791303848396673,0.0108282913639399,1.36841131076008,0,26.198354504938,0,1.1316384809805,1
M25126_20260312_cell#407,1,0,0,0,0.0195599917192909,0.0193731360145047,0.990447045813323,1,0,0,0.998781197101091,0
M25126_20260312_cell#408,0,0,0,0,0.0595672251120892,0.057888838341042,0.97182365356303,1,0,1,0.993433364063473,0
M25126_20260312_cell#409,0,0,0,0,0.0129830492140125,0.0095118197516524,0.732633728399208,1,0,1,0.915016444475064,0
M25126_20260312_cell#410,1,0,0,0,0.0595974107485789,0.0573414750571398,0.962147085534369,1,0,0,0.987297309847962,0
M25126_20260312_cell#411,1,0,0,0,0.0162280028129321,0.0156757171287049,0.965967119269473,1,0,0,0.941127202852345,0
M25126_20260312_cell#412,1,0,0,0,0.00944063920781408,0.00874718034261814,0.926545348261804,1,0,0,1.13491909656267,1
M25126_20260312_cell#413,1,1,1,1,0.0788257484304376,0.0814008827470215,1.03266869478387,0,31.0636668827926,0,0.999228158618247,0
M25126_20260312_cell#414,1,1,1,1,0.081991922772129,0.0845901125154962,1.0316883621645,7.2296724162868e-11,16.9215514785483,0,0.992097066160585,0
M25126_20260312_cell#415,0,0,0,0,0.0631272425982733,0.0623418417232134,0.987558447942071,1,0,1,0.982301829470968,0
M25126_20260312_cell#416,1,0,0,0,0.0172509696580188,0.0158817516729864,0.92062950592485,1,0,1.1840008407038e-07,0.96507834683136,0
M25126_20260312_cell#417,1,0,0,0,0.00790632406814244,0.00735029874323477,0.929673345019071,1,0,0,1.03776519340051,0
M25126_20260312_cell#418,0,0,0,0,0.00512578621902599,0.00408275603571685,0.796513132085456,1,0,0.831173435724614,0.999494795635385,0
M25126_20260312_cell#419,0,0,0,0,0.0265994199943312,0.0267526922897104,1.00576224201174,1,0,0.196763691179334,0.964349712096798,0
M25126_20260312_cell#420,1,0,0,0,0.00589195934693293,0.00533649206784274,0.905724522797439,1,0,5.55111512312578e-16,0.988289443771206,0
M25126_20260312_cell#421,1,1,1,1,0.0483261724811479,0.0528214643727443,1.09301982054031,0,58.3358860608771,0,0.954155129614817,0
M25126_20260312_cell#422,1,0,0,0,0.0448343909963449,0.0422418006489461,0.942174070177286,1,0,0,0.952785741984601,0
M25126_20260312_cell#423,1,1,1,1,0.154505176948807,0.161210208794251,1.04339681024194,0,41.301049145554,0,1.00600176982219,0
M25126_20260312_cell#424,1,1,1,1,0.103942242570496,0.107952671071714,1.03858324009603,0,63.916220408689,0,0.989902061836243,0
M25126_20260312_cell#425,1,0,0,0,0.038539090235049,0.0352893005116034,0.915675494579005,1,0,0,0.964714772224077,0
M25126_20260312_cell#426,1,0,0,0,0.0170096548866666,0.0160438257766553,0.943218770959993,1,0,0,0.8948556154675,0
M25126_20260312_cell#427,0,1,1,0,0.0126392632000534,0.0196722215812853,1.55643737058994,0,39.3132339794855,1,NaN,0
M25126_20260312_cell#428,0,0,0,0,0.00549476992022442,0.00511440838445806,0.930777531855088,1,0,0.999999999999832,0.906040870808784,0
M25126_20260312_cell#429,0,0,0,0,0.0262858882704037,0.0257104827811248,0.978109718668827,1,0,0.999999407327861,0.961460368111385,0
M25126_20260312_cell#430,1,1,1,1,0.160853464894002,0.169404586593719,1.05316094188802,0,65.5919847467537,0,0.998722670865066,0
M25126_20260312_cell#431,1,1,1,1,0.0540920786310098,0.0563610652082226,1.04194674404529,2.2897905853636e-06,31.8519546436736,0,0.994628112947973,0
M25126_20260312_cell#432,1,0,0,0,0.0486802177713726,0.0481464199402417,0.989034604700459,1,0,0,1.00931329588922,0
M25126_20260312_cell#433,1,1,1,1,0.0281447331597481,0.0290209318864611,1.03113188964129,0,84.2897745458333,0,0.992484288186965,0
M25126_20260312_cell#434,1,0,0,0,0.0384869026058485,0.0386061663513864,1.0030988138162,0.998215745923446,0,0,0.999668483562137,0
M25126_20260312_cell#435,1,0,0,0,0.13132110137269,0.132178899897271,1.0065320692228,1,0,0,1.01698956592951,1
M25126_20260312_cell#436,1,0,0,0,0.0530044038343168,0.0530285919265107,1.00045634118006,1,0,0,0.94962915151015,0
M25126_20260312_cell#437,0,0,0,0,0.1796605665251,0.180032633746749,1.00207094538799,1,0,1,1.00882445263089,0
M25126_20260312_cell#438,0,0,0,0,0.0350164653383869,0.0348450715863254,0.995105338291424,1,0,1,0.990022259050965,0
M25126_20260312_cell#439,1,0,0,0,0.00477638012089566,0.00423647057098982,0.886962608452402,1,0,0.00116477200258402,0.977529545210562,0
M25126_20260312_cell#440,1,0,0,0,0.0219909997987601,0.0216936777618956,0.986479830858746,1,0,0,0.986374771768006,0
M25126_20260312_cell#441,0,0,0,0,0.0521267664526342,0.0504583916488188,0.967993894166995,1,0,1,0.963777824856638,0
M25126_20260312_cell#442,1,1,1,1,0.0186524268884736,0.0201360239043782,1.07953908758229,0,32.8724175998908,0,0.996369499855432,0
M25126_20260312_cell#443,0,0,0,0,0.0188095811618813,0.018288753689965,0.972310522630256,1,0,1,0.946283198090124,0
M25126_20260312_cell#444,1,1,1,1,0.145550943408037,0.148740499737511,1.02191367678417,0.000295547647429228,25.9396595074515,0,1.01746026527003,1
M25126_20260312_cell#445,0,0,0,0,0.105602560513915,0.101875104040035,0.964702972581913,1,0,1,0.956299306731391,0
M25126_20260312_cell#446,1,0,0,0,0.0568866959242109,0.0489911407314878,0.861205593602375,1,0,0,0.964121654587311,0
M25126_20260312_cell#447,1,1,1,1,0.0227873349194088,0.0309256889339117,1.35714373985749,0,49.7372710175022,0,0.999001211642784,0
M25126_20260312_cell#448,1,1,1,1,0.054180331298724,0.0566855112214405,1.04623781107768,0,33.803108955728,0,0.996728656242355,0
M25126_20260312_cell#449,1,0,0,0,0.0311937097282025,0.0294680131946124,0.944678060140123,1,0,0,1.0384567563719,1
M25126_20260312_cell#450,1,1,1,1,0.0736553136014998,0.0767100049868103,1.04147279043352,7.48981382400205e-05,30.0300614599782,0,1.00827251321306,0
M25126_20260312_cell#451,1,0,0,0,0.0623009627503388,0.0611285782828265,0.981181920539326,1,0,0,1.01517736150406,1
M25126_20260312_cell#452,1,0,0,0,0.0329199188734638,0.0327671564502138,0.995359574735368,1,0,0,0.992191163740944,0
M25126_20260312_cell#453,1,1,1,1,0.0283338616980719,0.0315420471485825,1.11322796322991,0,33.4200926791757,0,1.02654620078605,1
M25126_20260312_cell#454,1,1,1,1,0.0513568009387156,0.0525596588073554,1.02342158870205,6.66133814775094e-16,31.0636729146998,0,0.988689290556449,0
M25126_20260312_cell#455,1,1,1,1,0.0638101237973913,0.0718934031996748,1.12667706817102,0,77.3834193699691,0,0.987369127045605,0
M25126_20260312_cell#456,1,0,0,0,0.0392249433796834,0.0370690600257977,0.945037948607916,1,0,0,0.963246722629754,0
M25126_20260312_cell#457,1,0,1,0,0.0200558092628448,0.0207982136350158,1.0370169242458,0.999620586552166,0,0,0.953051496252908,0
M25126_20260312_cell#458,1,1,1,1,0.102135231029411,0.105398519168508,1.03195066096397,0,119.785985686965,0,1.00716555844431,0
M25126_20260312_cell#459,1,1,1,1,0.1002245733698,0.103104434142272,1.02873407863604,0,122.846665676877,0,0.991259067301999,0
M25126_20260312_cell#460,1,1,1,1,0.0162037882485598,0.0190370764392556,1.17485344459174,0,108.910860860778,0,0.985491943438596,0
M25126_20260312_cell#461,1,1,1,1,0.0603095349293266,0.0664084681092711,1.10112717975842,0,55.5375827159508,0,0.98121761975066,0
M25126_20260312_cell#462,1,1,1,1,0.038035871806625,0.0426463870361083,1.12121492187489,0,35.8433252510819,0,0.977823013592,0
M25126_20260312_cell#463,1,1,1,1,0.00895070885890805,0.010147213319233,1.13367706169262,0,29.3196670371779,0,1.0409213611512,1
M25126_20260312_cell#464,1,1,1,1,0.0185403158461427,0.0199583582491523,1.07648426352481,4.59632332194815e-14,25.2215772965273,0,0.990929535569221,0
M25126_20260312_cell#465,0,0,0,0,0.256016744925799,0.248160643580629,0.969314111280309,1,0,1,1.02254897892127,1
M25126_20260312_cell#466,1,1,1,1,0.044679874117554,0.0454481220213318,1.01719449570866,0.00256117494174735,39.6521343427187,0,0.964138469700285,0
M25126_20260312_cell#467,1,0,0,0,0.0607021703588732,0.0560096722373831,0.922696369936234,1,0,0,0.976930625257341,0
M25126_20260312_cell#468,1,0,1,0,0.0233493436544032,0.023719496640149,1.01585282187047,0.981386029624246,0,0,0.926075615030506,0
M25126_20260312_cell#469,1,1,1,1,0.046120364810154,0.0525507240893661,1.13942559443494,0,54.5261079409083,0,0.970336112983669,0
M25126_20260312_cell#470,0,0,0,0,0.161484464785311,0.159847288959709,0.989861713151301,1,0,1,0.974958208197114,0
M25126_20260312_cell#471,1,0,0,0,0.0506637383198891,0.0479746898463162,0.94692360724362,1,0,0,1.06573622760593,1
M25126_20260312_cell#472,1,0,0,0,0.0249200850623094,0.0248887976758311,0.998744491184518,1,0,2.22044604925031e-16,0.957744842608239,0
M25126_20260312_cell#473,1,1,1,1,0.0254440714663908,0.0278563117351867,1.09480559241402,0,29.177472992451,8.74315630861044e-06,1.00016877401343,0
M25126_20260312_cell#474,1,0,1,0,0.00795797806243744,0.00809625744508954,1.01737619550685,0.999999999999998,0,0,0.997222877959197,0
M25126_20260312_cell#475,1,0,0,0,0.0107149571257449,0.0103807377419633,0.968808145486783,1,0,3.89854815097124e-12,0.925684132857463,0
M25126_20260312_cell#476,1,1,1,1,0.0137109837742125,0.0159832195156563,1.16572375686983,0,33.9574534955758,3.95810251019313e-07,1.2021313597356,1
M25126_20260312_cell#477,0,0,1,0,0.00559682689335323,0.00635089184259927,1.1347307972204,0.406058543452848,0,1,0.750391565654036,0
M25126_20260312_cell#478,1,1,1,1,0.00945466899130841,0.0113299441259333,1.1983438168326,0,23.3429839932468,0,0.964628969445767,0
M25126_20260312_cell#479,1,0,1,0,0.0152335469961182,0.0156806261668875,1.02934833042385,0.847754674316834,0,0,0.974183248398987,0
M25126_20260312_cell#480,1,0,0,0,0.0591693222631258,0.0589569972051999,0.996411568532395,1,0,0,1.03932901995489,1
M25126_20260312_cell#481,1,1,1,1,0.0187336272665865,0.0212089976677586,1.13213513677553,0,22.0134752686257,0,0.953555249420141,0
M25126_20260312_cell#482,0,0,0,0,0.236772104321938,0.230823296167282,0.974875384194049,1,0,1,1.00079364131632,0
M25126_20260312_cell#483,1,1,1,1,0.0174652912297384,0.0202410718840488,1.15893125501303,0,42.5014896937154,0,0.921529225724325,0
M25126_20260312_cell#484,1,0,1,0,0.0307695713426496,0.031683782867842,1.02971154570246,0.451516415458855,0,0,0.995150215792786,0
M25126_20260312_cell#485,0,0,0,0,0.0516036977980594,0.051933620951087,1.00639340138605,1,0,1,1.018942102065,1
M25126_20260312_cell#486,1,1,1,1,0.0309703684428607,0.0326815574513298,1.05525245886649,0,22.6581850467143,0,1.08774836858263,1
M25126_20260312_cell#487,0,0,0,0,0.213486325227227,0.208622785861674,0.977218496967537,1,0,1,1.0137879510581,0
M25126_20260312_cell#488,1,1,1,1,0.101229221009542,0.104997999048672,1.03723013969232,0,58.1666736723655,0,0.984741048860047,0
M25126_20260312_cell#489,1,0,0,0,0.00601947063943166,0.00558352293972913,0.927577070175112,1,0,0,0.804412566572623,0
M25126_20260312_cell#490,1,1,1,1,0.0265435427570534,0.0308326342415511,1.16158700154515,0,38.3213353049192,0,0.981728638454945,0
M25126_20260312_cell#491,1,1,1,1,0.051525416734072,0.0596826550707635,1.15831484447359,0,56.8910645651571,0,0.989395850269378,0
M25126_20260312_cell#492,1,1,1,1,0.028647414859478,0.0311376956701906,1.08692863991142,0,19.2151899958799,0,1.01600310378752,1
M25126_20260312_cell#493,1,0,0,0,0.0774493545887267,0.0760867927037292,0.982407059526409,1,0,0,0.988640492956837,0
M25126_20260312_cell#494,1,0,0,0,0.0889294548421261,0.0878577533599102,0.987948858068246,1,0,0,0.974317336117471,0
M25126_20260312_cell#495,1,1,1,1,0.0185367345621419,0.0199243359168982,1.07485683900282,0,44.4087030909856,0,0.985586412238338,0
M25126_20260312_cell#496,1,0,0,0,0.0262602837620329,0.0261779052479502,0.99686299985068,0.432448407585009,0,0,0.935777643325101,0
M25126_20260312_cell#497,0,0,0,0,0.00607430234553923,0.00596208931638172,0.981526597990315,1,0,0.948615343947497,0.957730071463148,0
M25126_20260312_cell#498,1,0,0,0,0.00884028519889491,0.00865654720339309,0.979215829425413,1,0,0,0.993625444472755,0
M25126_20260312_cell#499,0,0,0,0,0.0277212085738455,0.0273477433666486,0.986527816555973,1,0,1,0.989314020218251,0
M25126_20260312_cell#500,0,0,0,0,0.0598211686691787,0.0558748874479867,0.934032027307664,1,0,1,0.963302842376379,0
M25126_20260312_cell#501,1,1,1,1,0.0644552364767461,0.0705510569862361,1.09457448056512,0,33.857858975273,0,1.01473382462385,0
M25126_20260312_cell#502,1,1,1,1,0.0942798965021173,0.0986447417826979,1.0462966702608,0,71.0276874189575,0,0.987641345752181,0
M25126_20260312_cell#503,1,1,1,1,0.0295617178327495,0.0494612289434447,1.67315137852543,0,74.2525835618988,0,0.968164502626555,0
M25126_20260312_cell#504,1,1,1,1,0.0481269317213345,0.0500846154424215,1.04067750947479,5.37059285932173e-11,29.5878464760344,0,0.972039603247222,0
M25126_20260312_cell#505,1,1,1,1,0.117152364491762,0.124452491764802,1.0623131022981,0,20.2008212540966,0.00185283408113235,1.01118674373386,0
M25126_20260312_cell#506,1,1,1,1,0.0256983827452645,0.0280899306148662,1.0930621935749,0,30.0640646954158,0,1.04596199533508,1
M25126_20260312_cell#507,1,1,1,1,0.0288129774849542,0.0300964684512094,1.04454558599247,0,24.7882929994344,0,1.00742799593171,0
M25126_20260312_cell#508,1,1,1,1,0.02757991626732,0.0295548374494173,1.07160722182603,0,26.4998940971611,0,0.953814224817351,0
M25126_20260312_cell#509,1,1,1,1,0.169375584708186,0.189120345902063,1.11657383340046,0,75.9029088181861,0,0.995594082212303,0
M25126_20260312_cell#510,1,1,1,1,0.133442130871249,0.143228044535069,1.07333451287032,0,68.1974308141975,0,1.00023967866643,0
M25126_20260312_cell#511,1,1,1,1,0.0892304230436719,0.115934369155294,1.29926952266664,0,197.856709062869,0,0.974988485204895,0
M25126_20260312_cell#512,0,0,1,0,0.00137724152784658,0.00180865342074383,1.3132434537984,0.955534030766068,NaN,1,0.413877272480228,0
M25126_20260312_cell#513,1,1,1,1,0.113556656737167,0.118649391528821,1.04484752314821,0,27.5854961495183,0,1.00567433383732,0
M25126_20260312_cell#514,1,1,1,1,0.0196334331497649,0.0222712377158878,1.13435269043379,0,25.3363022368328,0,1.04811041783655,1
M25126_20260312_cell#515,1,1,1,1,0.0146948807561454,0.0170699285846549,1.16162416476338,0,29.5844400981992,0,0.965437518557936,0
M25126_20260312_cell#516,1,0,0,0,0.00900664302557443,0.00902473924176662,1.00200920766381,1,0,0,0.844483454629173,0
M25126_20260312_cell#517,1,1,1,1,0.070262826320754,0.084152370196255,1.19767983445605,0,28.8134018068593,0,0.994114102138308,0
M25126_20260312_cell#518,1,0,0,0,0.0300057581656245,0.0297498908041999,0.99147272466797,1,0,0,0.973379846127376,0
M25126_20260312_cell#519,1,1,1,1,0.0333361035044734,0.0347932805494878,1.04371167868551,0,59.9725595803932,0,1.00744961094277,0
M25126_20260312_cell#520,1,0,0,0,0.0165832407945001,0.014678911724608,0.885165445434305,1,0,0,0.932051856990464,0
M25126_20260312_cell#521,1,0,0,0,0.0402648890766528,0.0382073948710037,0.948901033808087,1,0,0.0287924534006246,0.97753393399207,0
M25126_20260312_cell#522,1,0,0,0,0.0185641500356449,0.0164316501051233,0.885128059920496,1,0,0,0.973039256069336,0
M25126_20260312_cell#523,1,1,1,1,0.0704804195242223,0.0733349632200122,1.04050123020066,1.25555989143322e-05,17.5902175657098,3.33066907387547e-16,0.980423529601898,0
M25126_20260312_cell#524,1,0,0,0,0.0513776800908637,0.0493393921110543,0.960327364407957,1,0,0,0.988876766025404,0
M25126_20260312_cell#525,1,0,0,0,0.00664264379472372,0.00354112773753797,0.533090113961958,1,0,0,0.834909183622508,0
M25126_20260312_cell#526,1,1,1,1,0.220623226667589,0.242064913985727,1.09718689932155,0,21.0991312317315,0,0.985868320144635,0
M25126_20260312_cell#527,0,0,0,0,0.103448449298401,0.104480946539055,1.00998078992635,1,0,1,1.04282763830612,1
M25126_20260312_cell#528,1,0,0,0,0.086065899309792,0.0856932115409692,0.995669739446034,1,0,0,0.962342530351011,0
M25126_20260312_cell#529,1,0,0,0,0.0236048748882539,0.0227327144773038,0.963051682541047,1,0,0,0.995838710167912,0
M25126_20260312_cell#530,1,1,1,1,0.0325949108941495,0.0338718469676823,1.03917593386524,0.00747967457720855,42.183693320802,0,0.928959112835393,0
M25126_20260312_cell#531,1,1,1,1,0.0978758354051563,0.101225728526195,1.03422594665141,5.66225863973813e-08,14.4017567662595,0,1.00080423453331,0
M25126_20260312_cell#532,1,0,0,0,0.0300339060305602,0.0290227783271665,0.966333792801881,1,0,0,0.972164255410266,0
M25126_20260313_cell#1,1,0,0,0,0.00838797545469008,0.00636322000918129,0.758612139908365,1,0,0,0.853644084044034,0
M25126_20260313_cell#2,1,1,1,1,0.0949351365399212,0.10105143681899,1.064426096617,0,107.447510099415,0,0.988358145829823,0
M25126_20260313_cell#3,1,0,0,0,0.0342376410845387,0.0345834005446688,1.01009881081691,1,0,0,0.97540823289675,0
M25126_20260313_cell#4,1,1,1,1,0.0255088743689184,0.0268993180740389,1.05450823446819,5.61981136326661e-06,10.4952206075002,0,0.981140203347856,0
M25126_20260313_cell#5,0,0,0,0,0.00648961871345671,0.00607702290524166,0.936422180341734,1,0,1,0.919751052219712,0
M25126_20260313_cell#6,1,0,0,0,0.270636372252648,0.270367975866505,0.999008276737126,1,0,0,0.983960635948722,0
M25126_20260313_cell#7,1,0,0,0,0.0400152874055604,0.0380299638946825,0.950385874009692,1,0,0,0.979459697094773,0
M25126_20260313_cell#8,1,0,0,0,0.00855407951237023,0.00764908783285914,0.894203499254086,1,0,0,0.893928339784206,0
M25126_20260313_cell#9,0,0,0,0,0.00839374810211328,0.00672567870035974,0.801272401618346,1,0,0.154764119179998,0.966476386569615,0
M25126_20260313_cell#10,0,0,0,0,0.125281511277288,0.123540182826713,0.986100674929427,1,0,1,0.985439046823437,0
M25126_20260313_cell#11,1,0,0,0,0.051877494596663,0.051261029621967,0.988116909278506,1,0,0,0.997324331859223,0
M25126_20260313_cell#12,0,0,0,0,0.0110509422085205,0.0110764706673974,1.00231007079715,1,0,0.99999999999858,0.885319285503457,0
M25126_20260313_cell#13,1,1,1,1,0.0828031964513284,0.0884440952343063,1.06812416699751,0,29.2317563499694,4.75156580748148e-11,0.984524742288156,0
M25126_20260313_cell#14,1,1,1,1,0.100398748961293,0.107915264579394,1.07486662628633,0,34.2415890837784,0,0.973739402872527,0
M25126_20260313_cell#15,1,1,1,1,0.100040008358174,0.106589267276499,1.06546639715259,0,19.7934107467168,0,0.953336365423675,0
M25126_20260313_cell#16,1,0,0,0,0.0189569824322883,0.0186500975567613,0.983811512374234,1,0,0,0.943489645966884,0
M25126_20260313_cell#17,1,0,0,0,0.0272121353492072,0.0267062623998633,0.981410023768729,1,0,0,0.960208957410077,0
M25126_20260313_cell#18,1,0,0,0,0.0100231936598842,0.00844406778144749,0.842452821723195,1,0,0.0379283884915171,0.887888076416495,0
M25126_20260313_cell#19,0,0,0,0,0.0603295110470728,0.0606930672919295,1.00602617588883,1,0,1,0.98293021545793,0
M25126_20260313_cell#20,0,0,0,0,0.158080298428141,0.158187662772172,1.00067917599536,1,0,1,1.00806068443296,0
M25126_20260313_cell#21,0,0,0,0,0.048348937813778,0.042953813187818,0.888412757965024,1,0,1,0.969291621662757,0
M25126_20260313_cell#22,1,0,0,0,0.0190790629621135,0.0176191100317844,0.923478792788292,1,0,0,0.918921249724071,0
M25126_20260313_cell#23,0,0,0,0,0.328102255782623,0.322563872092448,0.983119946319892,1,0,1,0.995223719044501,0
M25126_20260313_cell#24,1,0,1,0,0.00534097253867134,0.00579935737513362,1.08582422642006,0.86579346327855,0,0,0.927560218184279,0
M25126_20260313_cell#25,1,0,0,0,0.0411167761446307,0.0402397203750548,0.978669150361139,1,0,0,0.975029691637024,0
M25126_20260313_cell#26,1,0,0,0,0.00905405423496299,0.00884674648892714,0.977103324029659,1,0,2.92654789291191e-13,0.970919620395061,0
M25126_20260313_cell#27,1,0,0,0,0.0190829630408006,0.0184035838945731,0.964398655241592,1,0,0,0.948027177212265,0
M25126_20260313_cell#28,0,0,0,0,0.0128300989740157,0.0129359234627517,1.00824814282028,1,0,1,0.921375472514362,0
M25126_20260313_cell#29,1,1,1,1,0.0436108872277367,0.0501930615361224,1.15092961246153,0,43.5137304201694,0,0.966859314136072,0
M25126_20260313_cell#30,1,0,0,0,0.0398999441634943,0.0395334600804027,0.990814922407162,1,0,0,0.916205478511125,0
M25126_20260313_cell#31,1,0,0,0,0.0310371528383186,0.0281023762177423,0.905443110846398,1,0,0,0.93511928388471,0
M25126_20260313_cell#32,1,0,0,0,0.017763411715861,0.0176432772108814,0.993236968950489,1,0,0,0.916859877716674,0
M25126_20260313_cell#33,1,0,0,0,0.0630707027116492,0.0621526674720281,0.985444347372849,1,0,0,0.997767665585582,0
M25126_20260313_cell#34,1,0,0,0,0.0746841065172681,0.0730440665099959,0.978040307586823,1,0,1.18555619954552e-06,1.00626477808637,0
M25126_20260313_cell#35,1,0,0,0,0.0111602960467228,0.0107109855610642,0.959740271783335,1,0,0,0.789588843688907,0
M25126_20260313_cell#36,0,0,0,0,0.00399366080987181,0.00368526701148818,0.922779171024909,1,0,1,0.963443008778958,0
M25126_20260313_cell#37,1,1,1,1,0.0878509275591282,0.0980633874674553,1.11624760480137,0,61.6020209982874,0,0.964877663003927,0
M25126_20260313_cell#38,1,0,1,0,0.0384345319422538,0.0391712403964958,1.01916787891027,0.368454613273791,0,0,0.989749705978459,0
M25126_20260313_cell#39,1,0,0,0,0.0423306639072653,0.0378975227435245,0.895273526220789,1,0,0,0.9735138364636,0
M25126_20260313_cell#40,1,0,0,0,0.00765171219847347,0.00689210849002061,0.90072761641448,1,0,1.95976320341851e-05,0.684162359535164,0
M25126_20260313_cell#41,1,1,1,1,0.0756184021049079,0.0803886991288854,1.06308381149551,0,28.8563713958004,0,1.0187388091776,1
M25126_20260313_cell#42,0,0,0,0,0.0272311086579954,0.0261783554054617,0.961340051712343,1,0,1,0.989492410814299,0
M25126_20260313_cell#43,1,1,1,1,0.0230404819020923,0.0258828955319453,1.12336606681802,0.000475642595498593,23.06402994303,0,0.988805194302216,0
M25126_20260313_cell#44,1,1,1,1,0.14154139415568,0.157820851838645,1.11501552446954,0,113.629836922863,0,0.988572010972517,0
M25126_20260313_cell#45,1,0,0,0,0.0344352024568706,0.0335283327557769,0.973664458565924,1,0,0,0.967230308681533,0
M25126_20260313_cell#46,1,1,1,1,0.0282874010585252,0.0307318990982682,1.08641649456185,3.60308449742774e-11,32.466798153829,0,0.960999686645796,0
M25126_20260313_cell#47,1,1,1,1,0.018891523375891,0.0202468130757241,1.07174062529879,0,64.2758396718169,0,0.925140832649259,0
M25126_20260313_cell#48,1,0,1,0,0.0100739222670203,0.0102823195130412,1.0206868030641,1,0,0,0.958903561360343,0
M25126_20260313_cell#49,1,1,1,1,0.0246330203684815,0.0341535263079561,1.38649364946153,0,33.6952947768343,0,1.03097495538408,1
M25126_20260313_cell#50,1,0,0,0,0.0212870397750303,0.0208309148819386,0.978572648056649,1,0,0,0.983657730767626,0
M25126_20260313_cell#51,0,0,0,0,0.00957279223097842,0.00873945287399025,0.912947096637968,1,0,0.999997798055785,1.0098197389401,0
M25126_20260313_cell#52,1,0,0,0,0.154879251401712,0.146729558119661,0.947380341728841,1,0,0.00153606668347406,0.990878673964573,0
M25126_20260313_cell#53,1,0,0,0,0.0237350661646643,0.0226828707713255,0.955669161145831,1,0,0,0.942618677983141,0
M25126_20260313_cell#54,1,0,0,0,0.0386113166006395,0.0340718375284519,0.882431383546441,1,0,0,0.967441175157116,0
M25126_20260313_cell#55,1,0,0,0,0.0146974619554876,0.0140503636569273,0.955972105896916,1,0,0,0.986131670138435,0
M25126_20260313_cell#56,0,0,0,0,0.0179844751510559,0.0146839934162381,0.816481620559051,1,0,1,0.920602222885365,0
M25126_20260313_cell#57,1,0,0,0,0.0514412604201791,0.050866665049852,0.988830068205294,1,0,0,0.98984844552745,0
M25126_20260313_cell#58,1,0,0,0,0.0553338025576473,0.0538988421127795,0.974067199821071,1,0,0,0.965076893171503,0
M25126_20260313_cell#59,1,0,0,0,0.125177644733153,0.123420311920347,0.985961288722504,1,0,0,0.950212772623901,0
M25126_20260313_cell#60,1,0,1,0,0.00320053784456179,0.00353454879091191,1.10436088013071,0.99999979738347,0,0,0.794536897110747,0
M25126_20260313_cell#61,1,1,1,1,0.0474068526868871,0.0521452784862698,1.09995233876163,0,41.316826130458,0,0.910285356115225,0
M25126_20260313_cell#62,1,1,1,1,0.0109798564408258,0.0119930238140366,1.09227510201714,2.14615868410206e-08,36.00374709512,0,0.980247066995737,0
M25126_20260313_cell#63,1,1,1,1,0.0194884693614053,0.0225079190205658,1.15493518773414,0,52.6347742205426,0,1.12140328437308,1
M25126_20260313_cell#64,1,0,0,0,0.00743337355865586,0.00701394218624853,0.943574560178142,1,0,0.000860504168011422,0.918634324068207,0
M25126_20260313_cell#65,1,0,0,0,0.0101492837571551,0.00979431243225185,0.965024987634915,1,0,0,0.848055384141174,0
M25126_20260313_cell#66,1,1,1,1,0.0242329941402227,0.0253417012240877,1.04575196434454,3.96312183070791e-08,21.756069419069,0,0.984084088738285,0
M25126_20260313_cell#67,1,1,1,1,0.0277732614106557,0.0333254577126518,1.19991157033743,0,54.5580922048069,0,0.947305649621821,0
M25126_20260313_cell#68,1,1,1,1,0.0962908273286655,0.10222708296809,1.06164923289279,0,94.2626038907398,0,0.98019153093145,0
M25126_20260313_cell#69,1,0,0,0,0.0539752685332096,0.0484413639937103,0.897473330103129,1,0,7.33541425268491e-07,0.958213667497215,0
M25126_20260313_cell#70,1,1,1,1,0.011005521404182,0.0122177198854579,1.11014457532337,0,23.5707206338228,0,0.946493516684497,0
M25126_20260313_cell#71,1,0,0,0,0.0141758785837981,0.0131282079027545,0.926094832510699,1,0,0,0.976459550065007,0
M25126_20260313_cell#72,1,0,0,0,0.0704865791306831,0.0667031797169506,0.946324542056183,1,0,0,0.984538684623261,0
M25126_20260313_cell#73,0,0,0,0,0.000624722075475625,0.000624722075475625,1,1,NaN,1,1,0
M25126_20260313_cell#74,1,0,0,0,0.0850027101136181,0.0857950408067254,1.00932124037043,0.99972614550969,0,0,0.980712194533125,0
M25126_20260313_cell#75,1,0,0,0,0.0107176077957031,0.00964872364676129,0.900268402304254,1,0,0,0.909339613490201,0
M25126_20260313_cell#76,0,0,1,0,0.00599501416664551,0.00626956771090286,1.04579698006135,0.999300165185892,0,1,0.86587468225048,0
M25126_20260313_cell#77,1,1,1,1,0.00839061403229505,0.0128371932253283,1.52994681627811,0,25.3090774802322,0,0.774099246784899,0
M25126_20260313_cell#78,1,0,0,0,0.0179617089481408,0.0173952243244905,0.9684615408653,1,0,0,0.983597318894289,0
M25126_20260313_cell#79,1,0,0,0,0.0278078331303394,0.0265336532489138,0.954179102145308,1,0,0,1.04428848179004,1
M25126_20260313_cell#80,1,0,0,0,0.0181536987019685,0.0169840705331741,0.935570806368645,1,0,2.67725719371725e-08,0.977473029358613,0
M25126_20260313_cell#81,1,1,1,1,0.0575433008574393,0.0590538363404703,1.02625041421891,0,25.0487471735348,0,0.99210596803764,0
M25126_20260313_cell#82,1,0,0,0,0.0683498176825915,0.0667311882934705,0.976318453450195,1,0,0,0.963499289312257,0
M25126_20260313_cell#83,1,0,1,0,0.020358771854311,0.0207655681086589,1.01998137496991,0.999999999649172,0,0,0.968335147541872,0
M25126_20260313_cell#84,1,1,1,1,0.0340880716380862,0.0431263608760139,1.26514521953273,0,52.44753102854,0,1.10152829876091,1
M25126_20260313_cell#85,1,1,1,1,0.0128961974227311,0.0149532975937686,1.15951214948149,0,29.3148612025433,0,0.921259866451746,0
M25126_20260313_cell#86,1,0,1,0,0.00888852341841546,0.00910396643489627,1.02423833592365,0.999874659959962,0,0.0454806516444676,0.97871512970301,0
M25126_20260313_cell#87,1,1,1,1,0.0988023122019779,0.123964642899075,1.25467350041018,0,36.4364246430951,0,0.989423555903343,0
M25126_20260313_cell#88,0,0,0,0,0.173898464230796,0.170285183420488,0.979221893498083,1,0,1,0.997854931985647,0
M25126_20260313_cell#89,1,0,0,0,0.0325729411127752,0.0323349004241152,0.99269207260604,1,0,0,0.989112611972491,0
M25126_20260313_cell#90,1,0,1,0,0.00962962914378143,0.0101477934838257,1.0538093764887,0.999999569713114,0,0,0.869446727575902,0
M25126_20260313_cell#91,0,0,0,0,0.00202174283278523,0.00192704686321732,0.953161219106462,0.999999999987292,NaN,1,0.918506840253117,0
M25126_20260313_cell#92,1,0,0,0,0.0236389642542031,0.0238142205776336,1.00741387488664,1,0,0,0.993375088595155,0
M25126_20260313_cell#93,1,0,0,0,0.00481562643437297,0.00413740731181083,0.859162845830159,1,0,0,0.728937209078687,0
M25126_20260313_cell#94,1,0,0,0,0.0129947434925549,0.0128016345815641,0.985139459574452,1,0,0,0.963763822001732,0
M25126_20260313_cell#95,0,0,0,0,0.0091745002645101,0.00723982050415353,0.789124235154199,1,0,1,0.983092282796231,0
M25126_20260313_cell#96,1,1,1,1,0.0727265367435187,0.0749981326227521,1.03123475942825,0,139.352529849257,0,0.967702261470173,0
M25126_20260313_cell#97,1,1,1,1,0.0163272873828188,0.0184272996882536,1.12861979189787,0.0214485612443274,23.6874275265361,0,0.972843015450454,0
M25126_20260313_cell#98,1,1,1,1,0.0690359549590034,0.0790119670910682,1.14450458660257,0,152.003363776534,0,0.999810100712271,0
M25126_20260313_cell#99,0,0,0,0,0.0105170980056459,0.00870597041250164,0.827792077988438,1,0,1,1.0206073911382,0
M25126_20260313_cell#100,1,0,0,0,0.060954452756129,0.0607852972413149,0.997224886662657,0.231987161675868,0,0,0.952414116132897,0
M25126_20260313_cell#101,0,0,0,0,0.0167355362028596,0.0141594745364121,0.846072355542018,1,0,0.0986814736142105,0.916168009774285,0
M25126_20260313_cell#102,1,0,0,0,0.0178279068545098,0.0162176123395135,0.909675626637629,1,0,0,0.931600445551684,0
M25126_20260313_cell#103,0,0,0,0,7.24398755382476e-05,6.38475905030317e-05,0.881387357841618,1,NaN,1,1,0
M25126_20260313_cell#104,1,0,0,0,0.045085741366809,0.0433926034341052,0.962446266128158,1,0,0,0.985910039570741,0
M25126_20260313_cell#105,0,0,0,0,0.00935212438593052,0.00754842550959247,0.807134849590799,1,0,1,0.903042400010806,0
M25126_20260313_cell#106,1,0,0,0,0.0251926633888509,0.0255526245160168,1.01428833155153,1,0,0,0.848538648167782,0
M25126_20260313_cell#107,1,0,1,0,0.0142360193317303,0.0148354415415577,1.04210602668201,0.817384907646377,0,0,0.949185285851183,0
M25126_20260313_cell#108,0,0,1,0,0.000759207629967251,0.000900129838136536,1.18561748144623,0.987116988246186,NaN,1,0.609215471106151,0
M25126_20260313_cell#109,1,0,0,0,0.0555867626747385,0.0551830451692735,0.992737164640666,1,0,0,0.978655008098164,0
M25126_20260313_cell#110,1,1,1,1,0.0399843962648496,0.0415870766128812,1.04008264467508,0.00133285102515557,50.3472126614936,0,0.908642750906652,0
M25126_20260313_cell#111,1,0,0,0,0.0221817166283575,0.0223559236534963,1.00785363135133,1,0,0,0.946258012953492,0
M25126_20260313_cell#112,1,0,1,0,0.00505606497729145,0.00532557681739704,1.05330466307614,1,0,0,0.796962737152658,0
M25126_20260313_cell#113,1,0,0,0,0.0239275900309239,0.0233430941040342,0.97557230267928,1,0,0,0.935658152101614,0
M25126_20260313_cell#114,0,0,1,0,0.00722039166706287,0.00828819683491237,1.14788743008506,1,0,1,0.880462263782354,0
M25126_20260313_cell#115,1,1,1,1,0.0166324837799474,0.0174155174457465,1.0470785768475,0,25.7684273647991,0,0.952367953001835,0
M25126_20260313_cell#116,1,0,1,0,0.0177469297652476,0.018090733614087,1.01937258181483,0.970197626575261,0,0,0.920613421804389,0
M25126_20260313_cell#117,1,1,1,1,0.0215543979678885,0.0249199769671794,1.15614349351371,0,75.6328335971856,0,0.972404071134026,0
M25126_20260313_cell#118,1,0,0,0,0.102306037556378,0.0994617722062182,0.972198460441861,1,0,0,1.06386326145026,1
M25126_20260313_cell#119,1,0,0,0,0.0294697700386759,0.0293443060530772,0.995742620813327,1,0,0,0.965490659698915,0
M25126_20260313_cell#120,1,0,0,0,0.147691978107759,0.149841594549891,1.01455472714005,0.999999439661642,0,0,0.984606102425999,0
M25126_20260313_cell#121,1,0,0,0,0.0489715545286281,0.0466963680855198,0.953540653038116,1,0,0,0.9730005287975,0
M25126_20260313_cell#122,0,0,0,0,0.0186637153903542,0.0174947701811427,0.937368032850755,1,0,1,0.985523300335482,0
M25126_20260313_cell#123,1,1,1,1,0.0694863796465732,0.0792988389361081,1.14121413922331,0,121.619473964603,0,0.973056461193553,0
M25126_20260313_cell#124,1,0,0,0,0.0142419877779836,0.0143130923477064,1.0049926015126,1,0,0,0.856205491460732,0
M25126_20260313_cell#125,0,0,0,0,0.00699914994673578,0.00585705072017543,0.836823152061059,1,0,0.99511338285398,0.999837876671723,0
M25126_20260313_cell#126,1,0,0,0,0.129646522828714,0.128242731843266,0.989172166327192,1,0,0,1.00380619768556,0
M25126_20260313_cell#127,1,1,1,1,0.016996570028509,0.0209583280913534,1.23309162120353,0,46.7204667110333,0,0.786096263764252,0
M25126_20260313_cell#128,0,0,1,0,0.0743773940503048,0.0760220897028156,1.02211284320339,0.391830042909026,0,1,0.972644378989448,0
M25126_20260313_cell#129,1,0,0,0,0.00890688416706366,0.00849619558142703,0.953890880589275,1,0,0,0.84187025361472,0
M25126_20260313_cell#130,1,0,0,0,0.0373775118779962,0.0375826940160976,1.00548945416086,0.999779040298144,0,0,0.902600519289692,0
M25126_20260313_cell#131,1,0,0,0,0.0138224959539125,0.0138535781459194,1.00224866710835,1,0,0,0.928206237103701,0
M25126_20260313_cell#132,0,0,0,0,0.133778410804167,0.130589400503486,0.976161995934089,1,0,1,0.982271895552685,0
M25126_20260313_cell#133,1,0,0,0,0.0972811081554729,0.0934854250162889,0.960982320091195,1,0,0,0.997031390530137,0
M25126_20260313_cell#134,1,0,0,0,0.106905647181827,0.105587878251431,0.987673533015945,1,0,0,0.95547848144456,0
M25126_20260313_cell#135,0,0,1,0,0.00235954222416697,0.00266197043289765,1.12817240803455,1,NaN,1.84174753226074e-09,1.37185386099477,0
M25126_20260313_cell#136,1,0,0,0,0.042625645736766,0.0425494312372259,0.998212003637183,1,0,0,0.974489839261368,0
M25126_20260313_cell#137,1,1,1,1,0.0119478325549512,0.0149622816058476,1.25230091207189,4.32922808712988e-10,23.6753039494079,0,0.897298229857372,0
M25126_20260313_cell#138,1,0,0,0,0.0131063751513376,0.0126061809625928,0.961835810209226,1,0,0,0.954887404443475,0
M25126_20260313_cell#139,1,0,0,0,0.0184383320580584,0.0183635323261622,0.995943248464089,1,0,0,0.96052785319325,0
M25126_20260313_cell#140,1,1,1,1,0.00865901603827064,0.0111800052454638,1.29114037854313,2.03709604740254e-10,31.8797925148933,0,0.843530597555248,0
M25126_20260313_cell#141,0,0,0,0,0.0100445147116338,0.00963017164963602,0.958749320012658,1,0,1,0.932336949737763,0
M25126_20260313_cell#142,1,1,1,1,0.0655602231966997,0.0746733586683951,1.13900403365549,0,116.233507274729,0,0.977384159868043,0
M25126_20260313_cell#143,1,1,1,1,0.0339737460212343,0.0362217253292097,1.0661681319031,0,38.6347768579308,0,0.970493426546722,0
M25126_20260313_cell#144,0,0,0,0,0.036370887542778,0.0321870473654396,0.884967333491174,1,0,0.415548620657387,0.979251082365408,0
M25126_20260313_cell#145,1,0,0,0,0.0451191673812716,0.0450261244510378,0.997937840265366,0.99649154724383,0,0,0.994381287118157,0
M25126_20260313_cell#146,1,1,1,1,0.00968652368820946,0.0116499350352872,1.20269514743123,0,11.1032826018233,0,0.8295916216097,0
M25126_20260313_cell#147,1,1,1,1,0.027217727811957,0.029001523954807,1.06553802562705,4.28382518347092e-08,62.8948340796034,0,0.951476439611536,0
M25126_20260313_cell#148,1,0,0,0,0.0116172784000102,0.0104635258666367,0.900686503874047,1,0,0,0.853643306406134,0
M25126_20260313_cell#149,1,1,1,1,0.244460909663306,0.256852726592822,1.0506903821416,0,42.4472618178415,0,0.99679174366946,0
M25126_20260313_cell#150,1,0,0,0,0.01457836333641,0.0135418208958394,0.928898572723747,1,0,0,0.92727547095895,0
M25126_20260313_cell#151,0,0,0,0,0.0199644849360025,0.0177690311638649,0.890032035428147,1,0,1,0.929457097344992,0
M25126_20260313_cell#152,1,0,0,0,0.0116766344024854,0.0106324840159046,0.910577795742359,0.674735778864681,0,0,1.05539327465441,1
M25126_20260313_cell#153,0,0,0,0,0.00829506395997677,0.00748798479000843,0.90270368331547,1,0,1,0.915727877644105,0
M25126_20260313_cell#154,1,1,1,1,0.0751260400573562,0.0800813594562118,1.0659600771593,0,47.9927727945053,0,0.989541339863845,0
M25126_20260313_cell#155,1,1,1,1,0.0297813922857066,0.0304471096078793,1.02235346540505,5.97960195460878e-05,27.1262662941056,0,0.970089294000478,0
M25126_20260313_cell#156,0,0,0,0,0.0130056866003119,0.01116690824181,0.858617356006573,1,0,0.215002014724498,0.919205490878435,0
M25126_20260313_cell#157,1,1,1,1,0.0356588382930413,0.0434415941248049,1.21825601181412,0,79.0621694335267,0,0.983927010980734,0
M25126_20260313_cell#158,0,0,0,0,0.00690630991641444,0.00643788564078096,0.93217444897453,1,0,0.624856864805328,0.825875160981837,0
M25126_20260313_cell#159,1,1,1,1,0.132707784246735,0.138563673607027,1.04412619345226,0,45.4115640275016,0,1.02010866402189,1
M25126_20260313_cell#160,1,0,0,0,0.0532059641614925,0.0511468631017132,0.961299431516183,1,0,0,0.98296935279296,0
M25126_20260313_cell#161,1,0,1,0,0.0125315163964163,0.0130756491678945,1.04342114348059,0.969733596716667,0,0,0.921288639506976,0
M25126_20260313_cell#162,1,0,0,0,0.00766375435958754,0.00680816076460287,0.888358426583141,1,0,0.0165410979875324,0.923266674300259,0
M25126_20260313_cell#163,1,0,0,0,0.0214240333744842,0.0191051985234363,0.89176478534571,1,0,0,0.955469187288598,0
M25126_20260313_cell#164,1,1,1,1,0.181792755973628,0.184702585005064,1.01600629802795,3.40063843751182e-09,44.4613187505534,0,1.00246947869562,0
M25126_20260313_cell#165,0,0,0,0,0.0101955100270917,0.00755288805145657,0.740805318359444,1,0,1,0.909120992636081,0
M25126_20260313_cell#166,1,0,0,0,0.070298539649994,0.0680471561301109,0.967973964593113,1,0,0,0.990178394653842,0
M25126_20260313_cell#167,1,1,1,1,0.0229627929296991,0.0297845611547305,1.29707920312291,0,41.5049590887096,0,0.983658631683373,0
M25126_20260313_cell#168,1,1,0,0,-0.000676695181249748,0.00811798674028852,-11.996519208687,0.0110267219475487,23.0872305599464,0,NaN,0
M25126_20260313_cell#169,0,0,0,0,0.240111551304361,0.234369147776152,0.976084434517979,1,0,1,0.988339198916199,0
M25126_20260313_cell#170,1,1,1,1,0.055594092414665,0.0621062357782984,1.11713732666163,0,20.5587149590572,0,0.941876725294438,0
M25126_20260313_cell#171,1,0,0,0,0.0613082274333435,0.0617438381443962,1.00710525698246,0.100318439880286,0,0,0.952418247961211,0
M25126_20260313_cell#172,1,0,0,0,0.0262771779409809,0.025967513747159,0.988215469921563,1,0,0,0.986488403219404,0
M25126_20260313_cell#173,1,1,1,1,0.0344622907246432,0.0352819186882293,1.02378332798986,0.00218332456484516,16.7350820483318,0,0.982200921104454,0
M25126_20260313_cell#174,1,1,1,1,0.0232377810417209,0.0243480876933422,1.0477802355409,7.6250894487373e-11,58.6896912028659,0,1.03503611071996,1
M25126_20260313_cell#175,1,0,1,0,0.0349114776956927,0.0354945221181104,1.01670065150206,0.954796423358098,0,0,0.946130140848905,0
M25126_20260313_cell#176,1,0,1,0,0.00632604053574763,0.00669738527293822,1.05870097339594,0.999995802391289,0,0,0.869256924218393,0
M25126_20260313_cell#177,1,0,0,0,0.0158728123396168,0.0144724832281472,0.911778134743366,1,0,0,0.829109574371688,0
M25126_20260313_cell#178,1,1,1,1,0.0392721507050074,0.0501494196073601,1.27697156145222,0,52.6323783636215,0,0.962719248841532,0
M25126_20260313_cell#179,0,0,0,0,0.00794638595022028,0.00747865069184272,0.941138618070194,1,0,1,0.88172321628044,0
M25126_20260313_cell#180,1,1,1,1,0.0890460826148043,0.0946484873215647,1.06291579081581,0,22.6118263413259,0,0.991889817019223,0
M25126_20260313_cell#181,1,0,0,0,0.0974319106213995,0.0965341367039089,0.990785627503712,1,0,0,0.971499306591066,0
M25126_20260313_cell#182,1,1,1,1,0.0144282730351751,0.0155025412896329,1.07445577525729,0.000966410900931525,23.0245655632271,0,0.965087770408853,0
M25126_20260313_cell#183,1,1,1,1,0.0131459634950274,0.0142592156360052,1.08468395195216,7.38353933549263e-10,30.5091437907977,0,0.843937832863228,0
M25126_20260313_cell#184,0,0,0,0,0.0363355404627573,0.0334284740871134,0.91999385894305,1,0,1,0.954788307895094,0
M25126_20260313_cell#185,1,1,1,1,0.077423968663023,0.0884039064768701,1.14181574522014,0,50.4628826243023,0,0.986708604201992,0
M25126_20260313_cell#186,1,0,1,0,0.0167103159588377,0.0169653532518736,1.01526226635476,1,0,2.59755883469381e-10,0.912315262072026,0
M25126_20260313_cell#187,1,1,1,1,0.10908216983811,0.113069003664062,1.03654890466397,0,53.9248110107143,0,0.969916084492995,0
M25126_20260313_cell#188,1,0,0,0,0.0354216049499893,0.0342114041124941,0.965834387255918,1,0,0,0.978197800178874,0
M25126_20260313_cell#189,1,1,1,1,0.0308013770959216,0.0353858358959013,1.14883941018945,0,83.4519609521787,0,0.987099737448556,0
M25126_20260313_cell#190,0,0,0,0,0.17147836218979,0.168871118486803,0.984795494488679,1,0,1,0.982144028541656,0
M25126_20260313_cell#191,1,1,1,1,0.0405227055421969,0.0424992024388064,1.04877504772112,0.00675456901154325,39.2625866841558,0,0.955606744550866,0
M25126_20260313_cell#192,1,0,0,0,0.00754866588118985,0.0069201641280023,0.916740022266228,1,0,0,0.881390190940651,0
M25126_20260313_cell#193,1,1,1,1,0.0450946353265089,0.0574799132508645,1.27465080568187,0,40.2407803038282,0,0.960411284210542,0
M25126_20260313_cell#194,1,0,0,0,0.00786109600341244,0.00752429807265103,0.957156364632209,1,0,0,1.07316634059068,1
M25126_20260313_cell#195,1,0,0,0,0.0145170172740744,0.014423809590108,0.993579419090939,0.999999999833917,0,0,0.978649894269631,0
M25126_20260313_cell#196,0,0,0,0,0.0734885621218232,0.0701242778499691,0.954220300755415,1,0,1,0.975408097314429,0
M25126_20260313_cell#197,1,0,0,0,0.0634121705565965,0.063133637085402,0.995607570774668,1,0,0,0.968484252914597,0
M25126_20260313_cell#198,0,0,0,0,0.0100218927878866,0.00889892326962406,0.887948360451448,1,0,0.87991592190906,0.994430758018377,0
M25126_20260313_cell#199,1,0,0,0,0.00916902192247314,0.0087624743236858,0.95566074525453,1,0,0,0.913555580935446,0
M25126_20260313_cell#200,0,0,0,0,0.00158784022767,0.00156282797139676,0.984247624013194,1,NaN,1,0.815172485739723,0
M25126_20260313_cell#201,0,0,0,0,0.0157506310951895,0.0148928465127886,0.945539669031873,1,0,0.977243857279334,0.92794577826706,0
M25126_20260313_cell#202,0,0,0,0,0.287082827531358,0.2833289128552,0.986923931645656,1,0,1,0.986824284041335,0
M25126_20260313_cell#203,1,1,1,1,0.0607378549051352,0.0655906465686023,1.07989731726691,0,26.5277927136354,0,1.00549174908363,0
M25126_20260313_cell#204,1,1,1,1,0.00981547063857676,0.0159844277727299,1.62849325939685,0,21.6877973064148,0,0.773727404805552,0
M25126_20260313_cell#205,1,0,0,0,0.0264888479818899,0.0262590544297769,0.99132489445105,1,0,0,1.03033434152381,1
M25126_20260313_cell#206,1,1,1,1,0.028931190343604,0.0317141044148238,1.09619079056783,0.000210185124105644,19.4626123346615,0,0.937803886209027,0
M25126_20260313_cell#207,1,0,0,0,0.017507949641983,0.0175795951341024,1.00409216919082,1,0,0,0.965945220566881,0
M25126_20260313_cell#208,1,1,1,1,0.0578875400647244,0.0814773773109656,1.40751148208864,0,49.8386995818636,0,0.986393045225614,0
M25126_20260313_cell#209,0,0,0,0,0.10545224933379,0.103491155522323,0.981403015830795,1,0,1,0.996100322124653,0
M25126_20260313_cell#210,1,0,0,0,0.0104947252924633,0.0100423652104818,0.956896434220504,1,0,0,0.95020449755811,0
M25126_20260313_cell#211,1,1,1,1,0.0142568298714924,0.0189901867243806,1.33200626615829,0,16.8130376921343,0,0.94329985116441,0
M25126_20260313_cell#212,1,1,1,1,0.0172696475471086,0.0193516151653294,1.12055646257641,4.05231403988182e-14,27.190243239504,0,0.88889915159344,0
M25126_20260313_cell#213,1,0,1,0,0.0076890577724857,0.00802568855111085,1.04378049802536,0.999999994376847,0,0,0.794434398881125,0
M25126_20260313_cell#214,1,0,0,0,0.0840582053130456,0.0789999277957896,0.939824107611883,1,0,9.78106484694763e-14,0.954349492287259,0
M25126_20260313_cell#215,1,0,0,0,0.119976467917548,0.119314116516262,0.994479322380615,1,0,0,0.98107770276665,0
M25126_20260313_cell#216,1,0,0,0,0.0133385417030117,0.0131967575454649,0.98937034042374,1,0,0,0.907272891826029,0
M25126_20260313_cell#217,1,1,1,1,0.0276176700675205,0.030024193109459,1.08713707695309,2.88303303452864e-09,41.69360637838,0,0.940794160792346,0
M25126_20260313_cell#218,1,0,1,0,0.00959946784230677,0.00996082254063988,1.03764320108877,0.99999350678911,0,0,0.862619725089183,0
M25126_20260313_cell#219,1,1,1,1,0.0350727852917232,0.0377235020779828,1.07557759568315,3.08419956240868e-13,23.9257039586271,0,0.963819655374465,0
M25126_20260313_cell#220,1,0,0,0,0.00998084690425327,0.00956662980197107,0.95849880213014,1,0,0,0.913886497206226,0
M25126_20260313_cell#221,1,0,0,0,0.00887609796308983,0.00840552670471396,0.946984445154539,1,0,0,0.884549769702409,0
M25126_20260313_cell#222,1,0,0,0,0.0348264489031086,0.0343108138901101,0.985194154751949,1,0,0,0.947567977434972,0
M25126_20260313_cell#223,0,0,0,0,0.0822229271456189,0.0795359602112292,0.96732095258989,1,0,1,0.9714476975913,0
M25126_20260313_cell#224,1,1,1,1,0.0327315361116896,0.035340165789994,1.07969774682749,0,54.3693522324705,0,0.967639177156681,0
M25126_20260313_cell#225,1,1,1,1,0.0142749045488637,0.0154890717217012,1.08505606245431,0.0395482775702707,50.4214540963626,0,0.9472973357567,0
M25126_20260313_cell#226,1,1,1,1,0.0724607393728952,0.0759033138019825,1.04750951286008,0,68.6391697263933,0,0.963896037622126,0
M25126_20260313_cell#227,0,0,0,0,0.00828493272121189,0.00834862579322709,1.00768782006547,0.99999999885134,0,1,0.925734033769068,0
M25126_20260313_cell#228,1,0,0,0,0.0370571459602875,0.0334425894102614,0.902459931644502,1,0,3.27046727591762e-05,0.932348545943092,0
M25126_20260313_cell#229,1,0,0,0,0.00846201640635217,0.00745731267699559,0.881268992978745,1,0,5.95652045254358e-06,0.874155206051978,0
M25126_20260313_cell#230,1,1,1,1,0.0190092720402111,0.0199787310796653,1.0509992722185,4.32321766385968e-07,45.1799412729948,0,0.975359695418697,0
M25126_20260313_cell#231,1,0,0,0,0.0393612878122459,0.0382907091898267,0.972801229788877,1,0,0,0.983687191874552,0
M25126_20260313_cell#232,1,0,0,0,0.0292342083725014,0.0282278556346928,0.965576193307999,1,0,0,0.95420817499083,0
M25126_20260313_cell#233,0,0,1,0,0.00907632251261988,0.00979389709937912,1.07906005827377,0.973709333552575,0,1,0.918148178967575,0
M25126_20260313_cell#234,1,0,0,0,0.0495225887952898,0.0483372735138463,0.976065159147006,1,0,0,0.951413619965696,0
M25126_20260313_cell#235,1,1,1,1,0.0253098183864974,0.0277376255330503,1.09592353091905,5.55111512312578e-15,38.6530871714583,0,1.00157329714897,0
M25126_20260313_cell#236,1,1,1,1,0.0233459239118503,0.0267060044767771,1.14392579096949,0,39.0942997383143,0,0.83154857463505,0
M25126_20260313_cell#237,1,0,0,0,0.00926327310471882,0.00895995657041443,0.967256008661789,1,0,0,0.99090006680053,0
M25126_20260313_cell#238,1,0,0,0,0.0386430400882234,0.0364006812345822,0.941972504013095,1,0,0,1.00625301961873,0
M25126_20260313_cell#239,1,1,1,1,0.24238727158723,0.258636183860194,1.06703698658168,0,176.703666871294,0,0.996306769809461,0
M25126_20260313_cell#240,1,0,0,0,0.0165355800100218,0.015952289391508,0.964725118915678,1,0,0,0.916822597549273,0
M25126_20260313_cell#241,1,0,0,0,0.0240669016021628,0.0222595320797936,0.924902276485528,1,0,0,0.92347844792915,0
M25126_20260313_cell#242,0,0,0,0,0.0121183565304986,0.0113613454607415,0.937531870113583,1,0,1,0.830722499666184,0
M25126_20260313_cell#243,1,1,1,1,0.030387438419378,0.0323673571483502,1.06515582859099,0,14.8601161857609,0,0.960201955887786,0
M25126_20260313_cell#244,0,0,0,0,0.0550747079210298,0.0520152492060297,0.944448934356821,1,0,1,0.979565610137869,0
M25126_20260313_cell#245,1,0,0,0,0.0181374511378366,0.0179712066691492,0.990834187922877,1,0,0,1.00433934839069,0
M25126_20260313_cell#246,0,0,1,0,0.0119989678972339,0.0122146465132325,1.01797476398351,0.501258977909459,0,1,0.995310774700708,0
M25126_20260313_cell#247,1,0,0,0,0.0262824463837592,0.0262242986443445,0.997787582686726,1,0,0,0.935253264857502,0
M25126_20260313_cell#248,1,0,0,0,0.0164618998253788,0.0156378665558686,0.949943003040282,1,0,0,0.960107935090141,0
M25126_20260313_cell#249,1,0,0,0,0.0117271558512525,0.010267536604711,0.875535102879557,1,0,0,0.888459919584793,0
M25126_20260313_cell#250,1,1,1,1,0.0134565329948515,0.0165804371772497,1.23214777414015,3.62209359983101e-06,52.401698735463,0,0.989864718801622,0
M25126_20260313_cell#251,0,0,0,0,0.118169088188584,0.113951922022762,0.964312442192222,1,0,1,0.994794011421459,0
M25126_20260313_cell#252,1,1,1,1,0.137312879087692,0.149871724379122,1.09146152476644,0,153.99177830007,0,0.992396320649193,0
M25126_20260313_cell#253,0,0,0,0,0.00258122076552085,0.00240807626110597,0.932921466180777,0.843066105077655,NaN,1,0.9516031500797,0
M25126_20260313_cell#254,1,0,0,0,0.0197777226812936,0.0199315194823554,1.00777626441325,1,0,0,1.040799088216,1
M25126_20260313_cell#255,1,1,1,1,0.0505905190344346,0.0548687908654259,1.08456667202958,0,80.0669237988597,0,0.982118767069895,0
M25126_20260313_cell#256,1,1,1,1,0.0533873141951234,0.0554647965902188,1.03891340904513,0,56.1288035810617,0,0.964193263353168,0
M25126_20260313_cell#257,0,0,0,0,0.0132841345875251,0.012215186576635,0.919531979757725,1,0,0.579382824837476,0.886185307908167,0
M25126_20260313_cell#258,1,0,0,0,0.00818453989938652,0.00823419224018059,1.00606660134894,1,0,0,0.859595826779686,0
M25126_20260313_cell#259,1,0,0,0,0.0265954814889369,0.0252960063388146,0.951139250828649,1,0,0,0.959666320327708,0
M25126_20260313_cell#260,1,0,0,0,0.147930468735518,0.147795188587848,0.999085515317929,1,0,0,0.994813604068953,0
M25126_20260313_cell#261,1,0,0,0,0.0418854737977633,0.0411157875487989,0.981624029068391,1,0,0,0.983569825893057,0
M25126_20260313_cell#262,0,0,0,0,0.150721007851231,0.147872498593157,0.981100781512256,1,0,1,0.972720183220056,0
M25126_20260313_cell#263,0,0,0,0,0.00742395934797478,0.00652209173040156,0.878519321658294,1,0,0.977281805330313,0.872661261441538,0
M25126_20260313_cell#264,1,0,0,0,0.0223690125912207,0.0195379354804627,0.873437546730644,1,0,2.66055187880809e-08,0.919318847447626,0
M25126_20260313_cell#265,1,1,1,1,0.0479374876797566,0.051910446109534,1.08287790249498,0,40.8433599418729,0,0.986147215655375,0
M25126_20260313_cell#266,1,1,1,1,0.0874745916247754,0.0891359149440079,1.01899206716344,0,102.392854660801,0,0.983568052680454,0
M25126_20260313_cell#267,1,1,1,1,0.0419024627031816,0.0454052516278445,1.08359386772742,0,98.4320809589931,0,0.974060672553248,0
M25126_20260313_cell#268,1,1,1,1,0.0175303490815145,0.0207828793635066,1.1855371086376,0,40.0965413998004,0,0.998531114875465,0
M25126_20260313_cell#269,1,1,1,1,0.0657181892610356,0.0684188354477747,1.04109434871999,0,29.8170726979738,0,0.986173404118036,0
M25126_20260313_cell#270,1,1,1,1,0.0484422634337993,0.0628855220503878,1.29815408267053,0,46.6020653537072,0,0.988490153749838,0
M25126_20260313_cell#271,1,0,1,0,0.00916882947595364,0.0101347494183637,1.10534822846726,0.999905809140348,0,0,0.697576934185836,0
M25126_20260313_cell#272,1,0,0,0,0.02070694644674,0.0196149102480476,0.947262325640277,1,0,0,0.969719160238697,0
M25126_20260313_cell#273,1,0,0,0,0.0483404870642175,0.0452437031442183,0.935938090241307,1,0,1.11591291762636e-10,0.999404445949035,0
M25126_20260313_cell#274,1,1,1,1,0.128450831761157,0.133639232737805,1.04039211662168,0,76.1627926010565,0,0.988974829273963,0
M25126_20260313_cell#275,1,0,0,0,0.0116124226661828,0.0114918261550782,0.989614870680197,1,0,0,0.925439942139454,0
M25126_20260313_cell#276,1,0,0,0,0.0174349760713469,0.0170706413122931,0.979103225747899,1,0,0,0.887123463915933,0
M25126_20260313_cell#277,0,0,0,0,0.0251479798478566,0.0232297903527782,0.923723913145974,1,0,0.625556707707936,0.981732261407196,0
M25126_20260313_cell#278,1,0,0,0,0.0420570788507495,0.0405681085019077,0.964596439183857,1,0,0,0.98138958350509,0
M25126_20260313_cell#279,1,0,0,0,0.0148881151320086,0.0150657777709741,1.01193318545633,0.91781094797705,0,0,0.898530560880689,0
M25126_20260313_cell#280,1,0,0,0,0.00759502811059537,0.0073023035548816,0.961458397328983,1,0,0,0.937989308437,0
M25126_20260313_cell#281,1,1,1,1,0.0198595672340925,0.023024674809949,1.15937444852388,0,19.8824143185173,0,1.0024194580623,0
M25126_20260313_cell#282,1,1,1,1,0.026547051427339,0.0272478141452914,1.02639700758747,0.0268093939925871,16.0091117063417,0,1.00257484450733,0
M25126_20260313_cell#283,1,0,0,0,0.136180975903158,0.131546694907749,0.965969688756643,1,0,2.77989109509491e-09,0.985200531020808,0
M25126_20260313_cell#284,1,0,0,0,0.0189540499571483,0.0179122953022432,0.945037885978973,1,0,0,0.974933288758142,0
M25126_20260313_cell#285,1,0,0,0,0.0229941093468009,0.0232231448897488,1.00996061815196,1,0,0,0.928705972728836,0
M25126_20260313_cell#286,0,0,0,0,0.0135816845346319,0.0126096239643169,0.928428571004106,1,0,0.705162747849352,0.933851399726801,0
M25126_20260313_cell#287,1,0,0,0,0.0988355129058236,0.099387259936136,1.00558247753354,0.689798144651328,0,0,0.956331439705823,0
M25126_20260313_cell#288,1,0,0,0,0.0191993630365823,0.0178265866278734,0.928498856649919,1,0,0,1.0312006191826,1
M25126_20260313_cell#289,1,0,0,0,0.0672108369747171,0.065653133512213,0.976823626477229,1,0,0,0.967975917455066,0
M25126_20260313_cell#290,0,0,0,0,0.0130796286025989,0.0123972499580794,0.947828897497603,1,0,1,0.946843453941282,0
M25126_20260313_cell#291,0,0,1,0,0.00209269288332183,0.00229443592718667,1.09640355996462,0.802290521560231,NaN,1,0.752998187682582,0
M25126_20260313_cell#292,1,0,0,0,0.0108197663464595,0.0103273420093169,0.954488449992847,1,0,0,0.945246410379714,0
M25126_20260313_cell#293,0,0,0,0,0.0675861714248693,0.0661874995994397,0.979305354986939,1,0,1,1.00479759889002,0
M25126_20260313_cell#294,1,1,1,1,0.0382504768861002,0.0507766321503539,1.32747710052226,0,107.241396230968,0,1.00064243060429,0
M25126_20260313_cell#295,1,1,1,1,0.0514193066674832,0.0575747327108562,1.11971040533819,0,48.6423371287499,0,0.94717909428351,0
M25126_20260313_cell#296,1,1,1,1,0.0318133735054099,0.034730142175174,1.09168372757664,0,62.4178494284198,0,1.12099142041211,1
M25126_20260313_cell#297,1,1,1,1,0.0224161554092396,0.0254564502455952,1.13562962875884,0,43.4568733079943,0,0.959082516578925,0
M25126_20260313_cell#298,0,0,0,0,0.00624429822160975,0.00588139713022104,0.941882805960035,1,0,0.923608713297293,0.97793963480976,0
M25126_20260313_cell#299,1,1,1,1,0.0201277669880803,0.0210155977739392,1.04410975079276,2.16089556989152e-05,37.8804590436277,0,0.943560166227162,0
M25126_20260313_cell#300,1,0,0,0,0.0390398085344093,0.0382846201427421,0.980655940179585,1,0,0,0.946975115351528,0
M25126_20260313_cell#301,1,0,0,0,0.049830985010909,0.0489403664372558,0.982127213149443,1,0,0,0.987316446808518,0
M25126_20260313_cell#302,1,1,1,1,0.00631264216646887,0.00857892816470794,1.35900751832204,0,24.574879274258,0,0.837942885637546,0
M25126_20260313_cell#303,1,0,1,0,0.00569616040771948,0.00632561848534069,1.11050567971509,0.999994942611977,0,0,0.978260403115384,0
M25126_20260313_cell#304,1,0,0,0,0.0581287401542204,0.0568032973391491,0.977198149976159,0.999996855785149,0,0,0.967758294585605,0
M25126_20260313_cell#305,1,0,0,0,0.00828950163801417,0.0061626476337926,0.743428001212015,1,0,0,0.866453046780262,0
M25126_20260313_cell#306,1,0,0,0,0.010465199731405,0.0104805088190761,1.00146285671216,1,0,0,0.946459740619217,0
M25126_20260313_cell#307,1,0,1,0,0.0125495600986147,0.0132016863599586,1.05196407333958,0.998229952248427,0,0,0.950401432639733,0
M25126_20260313_cell#308,1,0,0,0,0.0850039615206022,0.0850649114049237,1.00071702404489,1,0,0,0.972771684081617,0
M25126_20260313_cell#309,1,1,1,1,0.0463270134626945,0.0505666068935987,1.09151449907985,0,22.8520460813313,0,1.01414203659366,0
M25126_20260313_cell#310,1,1,1,1,0.00518774661514339,0.00823764278523924,1.58790384271911,0,26.4645790933874,2.017666922427e-09,1.15966213554732,1
M25126_20260313_cell#311,0,0,0,0,0.0416772048429088,0.0383610806753138,0.920433143727026,1,0,0.999986870247347,1.05215299499607,1
M25126_20260313_cell#312,0,0,0,0,0.0971852869532657,0.0961156262159508,0.988993593877751,1,0,1,0.978884988239724,0
M25126_20260313_cell#313,1,0,0,0,0.00825317831698291,0.00657631807532712,0.796822487379772,1,0,0.00614336549919137,0.859842044786914,0
M25126_20260313_cell#314,1,0,0,0,0.0189663886447544,0.0179090717876094,0.944253127100323,1,0,3.71664338194577e-08,0.866818132109283,0
M25126_20260313_cell#315,1,0,1,0,0.0128304111026686,0.013480954389386,1.05070323012348,0.999999999991925,0,0,0.964870360319845,0
M25126_20260313_cell#316,0,0,0,0,0.0737217961455998,0.0716817896673941,0.972328312861821,1,0,1,0.963437557660147,0
M25126_20260313_cell#317,1,1,1,1,0.0751456018345917,0.0800287761810425,1.06498283635015,0,86.0668599801908,0,0.995939923629506,0
M25126_20260313_cell#318,1,0,0,0,0.0523333027972997,0.052269585335997,0.998782468181885,0.824755813702154,0,0,0.955892088220186,0
M25126_20260313_cell#319,1,0,0,0,0.00866728700579637,0.00827812461872714,0.955099861489647,1,0,8.88178419700125e-16,0.919306029726056,0
M25126_20260313_cell#320,1,1,1,1,0.0471910579754375,0.0604725691791841,1.28144126818813,0,36.3025822727928,0,0.987970469204278,0
M25126_20260313_cell#321,1,0,0,0,0.030812689680066,0.0286706123498716,0.930480676875793,1,0,0,0.883620721961485,0
M25126_20260313_cell#322,1,0,0,0,0.0207210255792607,0.0205238893930155,0.990486176203437,1,0,0,0.939163076671034,0
M25126_20260313_cell#323,0,0,1,0,0.000989060684247983,0.00128538059268054,1.29959729787243,1,NaN,1,0.517850510232833,0
M25126_20260313_cell#324,1,1,1,1,0.0744480581313035,0.078433071559223,1.05352743278933,0,35.9693439391927,0,0.992109510357345,0
M25126_20260313_cell#325,0,0,0,0,0.108532560289697,0.108138407933034,0.996368349225237,1,0,1,1.00136961051911,0
M25126_20260313_cell#326,1,1,1,1,0.0397583263434365,0.0410045390192027,1.03134469658006,1.97003524604611e-11,49.1655507383888,0,0.962850504924397,0
M25126_20260313_cell#327,1,1,1,1,0.00395546865128874,0.00592937475813649,1.49903217061387,2.19123796885157e-09,17.4275644548097,0,0.843174101439269,0
M25126_20260313_cell#328,1,0,0,0,0.0120120323203184,0.0116632085367482,0.970960469113937,1,0,0,0.944046475536092,0
M25126_20260313_cell#329,1,0,0,0,0.0449238164358449,0.0440528633052354,0.980612663844949,1,0,1.92960999401137e-08,0.95341619347156,0
M25126_20260313_cell#330,1,0,0,0,0.0174214176849075,0.0175300844653033,1.00623753946787,1,0,0,0.944710752636048,0
M25126_20260313_cell#331,0,0,0,0,0.0477402936260689,0.0453994436564161,0.950966996810121,1,0,1,0.94383968039169,0
M25126_20260313_cell#332,1,0,0,0,0.0859373247263569,0.08614324941494,1.00239621944526,1,0,0,0.989991760399676,0
M25126_20260313_cell#333,0,0,0,0,0.00306235177960135,0.00243006549095472,0.793529178176606,1,0,1,0.886047042032245,0
M25126_20260313_cell#334,1,0,0,0,0.0118695430360107,0.011957277982281,1.00739160269305,0.168856871933199,0,0,0.883023235898256,0
M25126_20260313_cell#335,1,0,0,0,0.0496933676865135,0.0465952214510137,0.937654733825968,1,0,0,0.957612098486779,0
M25126_20260313_cell#336,0,0,0,0,0.00662556153284451,0.00656136765268605,0.990311178933253,0.99998593197288,0,1,1.10448412984492,0
M25126_20260313_cell#337,1,1,1,1,0.115622194459589,0.118172590392361,1.02205801355606,0,125.459948167176,0,0.985982089502554,0
M25126_20260313_cell#338,0,0,0,0,0.00119169121379201,0.000683038158093555,0.573167067264092,0.317585340521871,NaN,1,0.965173106774641,0
M25126_20260313_cell#339,1,0,0,0,0.0714254501690786,0.069746315192212,0.976491083039844,1,0,0,0.987934887538666,0
M25126_20260313_cell#340,1,0,0,0,0.045383927895762,0.0431800089925226,0.951438339398447,1,0,0,0.958137005994808,0
M25126_20260313_cell#341,1,1,1,1,0.0564157988257779,0.0577123867578249,1.02298270979112,0.00228397371743305,27.9903798297686,0,0.988174449863978,0
M25126_20260313_cell#342,0,0,0,0,0.0113235206173996,0.0111383929185348,0.983651047662657,1,0,0.122199947154533,0.980808386336441,0
M25126_20260313_cell#343,1,0,0,0,0.0259544204689196,0.0257489999100613,0.992085334399806,1,0,0,0.961619478364623,0
M25126_20260313_cell#344,1,1,1,1,0.129688618013321,0.136944897223283,1.0559515501138,0,71.1910493665374,0,0.996603362986193,0
M25126_20260313_cell#345,1,0,0,0,0.0441151469477858,0.0445657927123806,1.01021521621878,1,0,0,0.967480786117822,0
M25126_20260313_cell#346,1,0,0,0,0.00937605324326287,0.00951630984811669,1.01495902393202,1,0,0,0.947234159772538,0
M25126_20260313_cell#347,0,0,0,0,0.0141680701532616,0.0143285247305043,1.01132508348046,1,0,0.999999999999981,1.00360481634868,0
M25126_20260313_cell#348,1,0,0,0,0.0362146905404014,0.0287530159136205,0.793960005858492,1,0,0,0.991452217300424,0
M25126_20260313_cell#349,1,1,1,1,0.0671627833209704,0.0702123268809839,1.04540525882377,0,72.9054794686391,0,0.974678417388011,0
M25126_20260313_cell#350,1,0,0,0,0.00821643023052547,0.00802618581641655,0.976845855344559,1,0,0,0.797382163208415,0
M25126_20260313_cell#351,0,0,0,0,0.142309769087203,0.134836956042315,0.947489107087867,1,0,0.99946024754914,0.98359653473597,0
M25126_20260313_cell#352,1,0,0,0,0.0652712482668801,0.0620312398129115,0.950360862707561,1,0,0,0.95154899146685,0
M25126_20260313_cell#353,1,0,0,0,0.021449895536527,0.0200054181567901,0.932658069253666,1,0,0,0.94515592577912,0
M25126_20260313_cell#354,1,1,1,1,0.0288387491562534,0.0327418482433064,1.13534217680196,0,24.5805402193369,0,0.995956992675571,0
M25126_20260313_cell#355,1,1,1,1,0.100577493759554,0.107906491852603,1.07286916604395,0,62.7287205445281,0,0.972121721332648,0
M25126_20260313_cell#356,1,0,0,0,0.0229801564809649,0.0231230865327321,1.00621971620975,0.999999962778932,0,0,0.933496683314189,0
M25126_20260313_cell#357,0,0,0,0,0.0544516129463094,0.049019330202658,0.900236513673016,1,0,1,0.96070061368771,0
M25126_20260313_cell#358,1,0,1,0,0.0529518861248587,0.0543352975996614,1.02612582055228,1,0,0,1.00377723884109,0
M25126_20260313_cell#359,1,0,0,0,0.0658885151809762,0.065546118105804,0.994803387597494,1,0,0,0.988818830925625,0
M25126_20260313_cell#360,0,0,0,0,0.0280267026561286,0.0280494404523314,1.00081129044975,1,0,0.999999999993835,0.961922518199387,0
M25126_20260313_cell#361,0,0,0,0,0.0467840745685368,0.0440593265789321,0.941759070479999,1,0,1,0.955291689465962,0
M25126_20260313_cell#362,1,0,0,0,0.0250297124032715,0.0223395210958677,0.892520087164395,1,0,0,0.958116861375569,0
M25126_20260313_cell#363,1,0,0,0,0.0268163897927699,0.0257563678673823,0.960471117343568,1,0,2.03725925018716e-13,0.960141793932642,0
M25126_20260313_cell#364,0,0,0,0,0.127274349795639,0.123293388409968,0.968721416435736,1,0,1,0.999483186928103,0
M25126_20260313_cell#365,0,0,0,0,0.0425611285351988,0.0410314797605529,0.96405995735332,1,0,0.990156344472094,0.954915351026319,0
M25126_20260313_cell#366,1,0,0,0,0.0545206623871836,0.0529321352189096,0.970863758826096,1,0,0,0.976355807163638,0
M25126_20260313_cell#367,1,0,1,0,0.0252272975519965,0.0259531841092093,1.02877385323246,0.452854902632166,0,0,0.975650316785865,0
M25126_20260313_cell#368,1,0,0,0,0.0140897026931292,0.0139587078336682,0.990702794635623,1,0,1.31709088080356e-11,0.959174498105505,0
M25126_20260313_cell#369,0,0,1,0,0.00187429218012717,0.00200909851667003,1.07192386436447,0.99999999540638,NaN,1,0.760420645600588,0
M25126_20260313_cell#370,1,0,0,0,0.0431960229497099,0.0437635563214423,1.01313855612108,0.969157217570416,0,0,0.940590090173094,0
M25126_20260313_cell#371,1,1,1,1,0.0147332126497743,0.0215569181110893,1.46315122326152,0,49.749256952303,0,0.963009115306156,0
M25126_20260313_cell#372,1,1,1,1,0.0560497436767685,0.0614923665679839,1.0971034394484,0,26.7806158843121,0,0.96675661839813,0
M25126_20260313_cell#373,1,0,0,0,0.0253457246967506,0.0251723930142393,0.993161304930709,1,0,0,0.947550862438909,0
M25126_20260313_cell#374,1,1,1,1,0.0380608356834366,0.0397637245431906,1.04474123673787,3.8147722855042e-06,49.364072350972,0,0.986494658256861,0
M25126_20260313_cell#375,1,0,0,0,0.020707740844288,0.0196949006250087,0.951088811334112,1,0,0,0.959516357875409,0
M25126_20260313_cell#376,1,1,1,1,0.0543416300336969,0.0576742149745349,1.06132655459123,0,67.1379754911265,0,0.96881167779788,0
M25126_20260313_cell#377,1,0,1,0,0.0357843493734642,0.0364031654091756,1.0172929240449,0.999999997028846,0,0,0.990908721051104,0
M25126_20260313_cell#378,1,0,0,0,0.0672509605161723,0.0648007387691944,0.963565996259806,1,0,0,0.978747474215504,0
M25126_20260313_cell#379,1,0,0,0,0.018962282258077,0.0176055381999702,0.928450381676557,0.99999713607547,0,0,0.98091658095744,0
M25126_20260313_cell#380,1,0,0,0,0.00530332424548393,0.00494617375723544,0.932655355072318,1,0,0,0.608670934048635,0
M25126_20260313_cell#381,1,0,0,0,0.0104618045195484,0.00943426591343857,0.901781895829749,1,0,7.63865326880442e-07,0.959926980573396,0
M25126_20260313_cell#382,1,0,0,0,0.0200559012172199,0.0189065630346263,0.942693266677699,1,0,0,0.949618545456203,0
M25126_20260313_cell#383,1,0,1,0,0.0247687076909663,0.0254645081134511,1.02809191465159,0.968840434060156,0,0,0.981030312173804,0
M25126_20260313_cell#384,0,0,0,0,0.1171149473266,0.115963889000488,0.990171550665499,1,0,0.914945695044086,0.957417928667313,0
M25126_20260313_cell#385,1,1,1,1,0.0100158271876348,0.0110995957968042,1.10820560188053,0.0138274087572545,34.3071078977588,0,1.47226444306605,1
M25126_20260313_cell#386,0,0,0,0,0.0264576543473902,0.0233641055747309,0.883075471013382,1,0,0.999999999999811,0.916270528893208,0
M25126_20260313_cell#387,1,0,0,0,0.0122399434985674,0.0118745732817561,0.970149354296117,1,0,0,1.18527720013237,1
M25126_20260313_cell#388,1,1,1,1,0.0275010777725231,0.0333637484030355,1.21317966804814,0,36.4331207734745,0,1.01441853433814,0
M25126_20260313_cell#389,1,0,0,0,0.00779478523316969,0.00701007727736212,0.899329111407926,1,0,0,0.969220260031273,0
M25126_20260313_cell#390,0,0,0,0,0.00464176860086219,0.0025521535930337,0.549823529022892,1,0,1,0.84443339915405,0
M25126_20260313_cell#391,1,0,0,0,0.0204749547687143,0.0180345134791648,0.880808464921325,1,0,0,1.00899271220832,0
M25126_20260313_cell#392,1,1,1,1,0.0149969294595729,0.0164213959641434,1.09498387709367,0.0386233039946687,26.2125850023108,0,0.956327456403841,0
M25126_20260313_cell#393,1,0,0,0,0.0183779808013561,0.0173769813277918,0.945532673889264,1,0,0,0.98474593099341,0
M25126_20260313_cell#394,1,0,0,0,0.0482581546629206,0.0471533892366759,0.977107176311207,1,0,0,0.979914930000072,0
M25126_20260313_cell#395,1,1,1,1,0.10272614276135,0.108930959739343,1.06040153763398,0,66.6251987626802,0,0.981032401589516,0
M25126_20260313_cell#396,1,1,1,1,0.139123634158519,0.14147265036471,1.01688437928177,1.2406103921947e-09,35.346557562695,0,0.996795729240478,0
M25126_20260313_cell#397,0,0,0,0,0.0149267966132677,0.0140900474928893,0.943943155249084,1,0,1,0.946876274085405,0
M25126_20260313_cell#398,1,0,0,0,0.079894406791405,0.0757972712354499,0.948718117819534,1,0,0,0.995161609064633,0
M25126_20260313_cell#399,1,0,0,0,0.0134036760218236,0.0135513852121996,1.01102005077827,0.999999995249819,0,0,0.984605224841749,0
M25126_20260313_cell#400,1,1,1,1,0.0762869043818502,0.0804788666803374,1.05494995939938,0,43.2137098319696,0,0.997444744308907,0
M25126_20260313_cell#401,0,0,0,0,0.0662545532610669,0.062968239966806,0.950398680052801,1,0,1,0.991369889059777,0
M25126_20260313_cell#402,1,0,0,0,0.0952158222003985,0.0940293803425164,0.987539446381243,1,0,0,0.983528103404104,0
M25126_20260313_cell#403,1,0,0,0,0.0141364395987533,0.0142125666500904,1.00538516440475,1,0,0,0.96607631896817,0
M25126_20260313_cell#404,0,0,0,0,0.0021651113286631,0.00190233806186945,0.878632907548499,0.160003254996825,NaN,1,0.605576413403332,0
M25126_20260313_cell#405,0,0,0,0,0.00818835309569133,0.00752050777547924,0.918439604105067,1,0,1,0.904887981343199,0
M25126_20260313_cell#406,1,1,1,1,0.0188472910328144,0.0220857727708265,1.17182743835036,0,18.0326038135549,0,0.966332457250803,0
M25126_20260313_cell#407,1,1,1,1,0.0301087942680565,0.0373134204105457,1.23928643831921,0,27.2047202695032,0,0.972681299164137,0
M25126_20260313_cell#408,1,1,1,1,0.0313290593813378,0.0496939950421353,1.58619492648213,0,79.4729537126043,0,1.01821495691013,1
M25126_20260313_cell#409,1,1,1,1,0.0382392998136757,0.045973743323378,1.20226425555355,0,54.3824950254194,0,1.05393690700874,1
M25126_20260313_cell#410,1,0,0,0,0.0324457022569431,0.0299078592928205,0.921781845126206,1,0,0.0328305554128218,1.01559592400288,0
M25126_20260313_cell#411,1,0,1,0,0.0136851657454071,0.0140539352690863,1.02694666111757,0.163556457650371,0,0,0.926031747038515,0
M25126_20260313_cell#412,1,0,0,0,0.0181882794468769,0.0177725614663269,0.977143633527058,1,0,0,0.99205253701467,0
M25126_20260313_cell#413,1,0,0,0,0.00539106235341983,0.00493575575509034,0.915544178775698,1,0,0,0.815487980600844,0
M25126_20260313_cell#414,1,1,1,1,0.169676192051493,0.186847303134329,1.10119929540631,0,74.1090903068371,0,0.997698585982276,0
M25126_20260313_cell#415,1,1,1,1,0.0204310472755471,0.0236241960123788,1.15628903862669,0,84.1010309428472,0,0.865036042614278,0
M25126_20260313_cell#416,1,1,1,1,0.0934457525424551,0.099352892070782,1.06321463916343,0,65.0740464482422,0,1.00584432739612,0
M25126_20260313_cell#417,0,0,1,0,0.0144871653681951,0.0148177058471883,1.0228160906977,0.990449876448018,0,0.376373395204212,0.918293003439969,0
M25126_20260313_cell#418,1,0,0,0,0.0371990476656221,0.0343637800711488,0.923781177949522,1,0,0,0.969047229056614,0
M25126_20260313_cell#419,1,0,0,0,0.00914202034540731,0.00907175947577788,0.992314513972316,0.999982321025939,0,1.60504642909842e-09,0.937321133688842,0
M25126_20260313_cell#420,1,1,1,1,0.0208147077839282,0.0229907185847781,1.10454198172938,0,21.2863421982654,0,0.991403325990159,0
M25126_20260313_cell#421,1,1,1,1,0.017134696893837,0.0185892370742437,1.08488858539014,0,16.4701632376845,0,0.946690911136658,0
M25126_20260313_cell#422,1,0,0,0,0.0333778062283135,0.0327539668416746,0.981309754680353,1,0,0,1.01372801841695,0
M25126_20260313_cell#423,0,0,0,0,0.0908762903778455,0.0870530802532174,0.957929509350216,1,0,1,1.01203834543345,0
M25126_20260313_cell#424,1,1,1,1,0.0632959155095742,0.0648587795975225,1.02469138925263,0,31.7315169454893,0,0.965992783099606,0
M25131_20260318_cell#1,0,0,0,0,0.000777396390803811,4.53055400784533e-08,5.82785572642141e-05,1,NaN,1,0.292000565037049,0
M25131_20260318_cell#2,0,0,0,0,0.00391696719249166,0.00385973662991096,0.985389062565956,1,0,1,0.792104995314905,0
M25131_20260318_cell#3,1,0,0,0,0.0060080185925649,0.00572294779264087,0.952551611561786,1,0,0,0.783508318255527,0
M25131_20260318_cell#4,1,1,0,0,0.159752052031388,0.161753873509504,1.01253080290776,0,26.9053767960921,0,NaN,0
M25131_20260318_cell#5,1,0,0,0,0.0491208178606315,0.0458541508316067,0.933497299692908,1,0,0,1.02238368063112,1
M25131_20260318_cell#6,1,1,1,1,0.0303871627888318,0.0343425103530781,1.13016508292442,0,38.3946507786718,0,0.960739158946614,0
M25131_20260318_cell#7,0,0,0,0,0.00594593584914798,0.00535535580100331,0.900675005057564,1,0,1,0.983665464625273,0
M25131_20260318_cell#8,1,1,1,1,0.382544731317244,0.390130357153964,1.01982938259429,0,34.1455080933039,0,0.994370211701171,0
M25131_20260318_cell#9,1,1,1,1,0.0316157568250584,0.0376790328885065,1.19178019672274,0,24.0461996270127,0,0.949683141022087,0
M25131_20260318_cell#10,1,0,0,0,0.0434395057911017,0.0438124577351316,1.0085855475848,0.999998145731549,0,0,0.945372285840151,0
M25131_20260318_cell#11,1,1,1,1,0.0454982912880332,0.0647617777542418,1.42338922893298,0,141.406683764377,0,0.992621926350618,0
M25131_20260318_cell#12,1,1,1,1,0.0181602494488803,0.0199018087956761,1.09589952779548,2.85216295026203e-13,19.5520873870777,0,0.990636411159577,0
M25131_20260318_cell#13,1,1,1,1,0.149178087967821,0.158948816910098,1.06549707852794,0,37.2811339183704,0,0.984749335273938,0
M25131_20260318_cell#14,1,1,1,1,0.0323390263580198,0.0400081352370629,1.23714717920508,0,29.0881128089568,0,0.943441262221734,0
M25131_20260318_cell#15,1,1,1,1,0.0131450817525249,0.0182593803132957,1.38906555752598,0,44.3496397509138,0,0.970503434016692,0
M25131_20260318_cell#16,1,0,0,0,0.0329312655716111,0.0333270456706368,1.01201836893165,1,0,0,0.944718731723269,0
M25131_20260318_cell#17,1,1,1,1,0.029453908853895,0.0318044448825902,1.0798038739223,5.8375797610366e-05,29.3336800624081,0,0.968043091724509,0
M25131_20260318_cell#18,1,1,1,1,0.0102485410691319,0.0140130430396421,1.36732076742597,0,52.7722249835924,0,0.752082235144553,0
M25131_20260318_cell#19,1,0,0,0,0.0670114377589862,0.0623793300467771,0.930875864373049,0.0916250343164601,0,0,0.969098632598486,0
M25131_20260318_cell#20,1,0,0,0,0.0429749833112498,0.041872002578906,0.974334353445692,0.999997185560799,0,0.0152237270901568,0.958851303906331,0
M25131_20260318_cell#21,1,1,1,1,0.076114587962261,0.080792552892138,1.06145950539989,0,45.3684971629432,0,0.845461645483686,0
M25131_20260318_cell#22,1,1,1,1,0.0863751342743456,0.0947831116579372,1.09734256802295,0,48.2957295507906,0,1.00718321883138,0
M25131_20260318_cell#23,1,1,1,1,0.0388328029074645,0.040246948625336,1.03641626697,0,15.9412561752029,0,0.966580377212305,0
M25131_20260318_cell#24,1,1,0,0,0.0859750234064253,0.0869680716032814,1.01155042659496,0.0278101050017109,18.8403910015438,0,NaN,0
M25131_20260318_cell#25,1,0,1,0,0.0140370897890851,0.0146688948233841,1.04500968817555,0.999757277158608,0,0,0.875946387620275,0
M25131_20260318_cell#26,1,1,1,1,0.0469722408081796,0.0553510820960381,1.17837857304009,0,25.8338648403829,0,0.790200781057123,0
M25131_20260318_cell#27,1,0,0,0,0.0246030483841787,0.024473096341881,0.994718051183396,0.999063752790769,0,0,0.905754378058081,0
M25131_20260318_cell#28,1,1,1,1,0.022854041002524,0.0254470302251751,1.11345867552984,0,28.4130051297492,0,0.927125208453846,0
M25131_20260318_cell#29,1,0,0,0,0.0410742787973294,0.0389833331322084,0.949093551333228,1,0,0,0.955529130163614,0
M25131_20260318_cell#30,1,1,1,1,0.0440939201467146,0.0501023986537936,1.13626546442428,0,30.7689979690704,0,0.945447691102272,0
M25131_20260318_cell#31,1,0,0,0,0.00926731598890486,0.00934140282599956,1.00799442224517,1,0,5.55111512312578e-16,1.02612613584359,0
M25131_20260318_cell#32,1,1,1,1,0.0911098757491359,0.100742306636239,1.10572323590503,0,121.67714955301,0,0.987676674662526,0
M25131_20260318_cell#33,1,0,0,0,0.00523073349975392,0.00504292967222609,0.964096081833138,1,0,0,0.343029634793695,0
M25131_20260318_cell#34,1,1,1,1,0.00666980461976608,0.00812654167759112,1.21840775567968,0,95.0152520771632,0,0.813562747358805,0
M25131_20260318_cell#35,1,0,1,0,0.022549200745238,0.0231841586270281,1.02815877551333,1,0,0,0.855541647039747,0
M25131_20260318_cell#36,0,1,1,0,0.0184051397936544,0.0204020644889927,1.10849820852905,0,54.0518368553568,0,NaN,0
M25131_20260318_cell#37,0,0,0,0,0.0139539584776264,0.00556275248293398,0.398650497050942,1,0,1,0.83008828405888,0
M25131_20260318_cell#38,1,0,0,0,0.0384771748529725,0.037445794560158,0.973195009853098,1,0,0,0.98040877025375,0
M25131_20260318_cell#39,1,1,1,1,0.0111178991294899,0.0167254285832503,1.50436952057665,0,74.8520562280072,0,0.866181265412017,0
M25131_20260318_cell#40,1,0,1,0,0.0195091724904847,0.0199185795741685,1.02098536387863,0.403555896541853,0,0,0.9576824046932,0
M25131_20260318_cell#41,1,1,1,1,0.0354695727581852,0.0388005845286485,1.09391180979745,0,34.151057841208,0,0.997171255633916,0
M25131_20260318_cell#42,1,0,0,0,0.0291510263883223,0.0286133807062359,0.981556543672792,1,0,0,0.946959449695913,0
M25131_20260318_cell#43,1,0,0,0,0.0441666174357604,0.0426393103874833,0.965419424512222,1,0,0,0.97480654376803,0
M25131_20260318_cell#44,1,1,1,1,0.0694075952604749,0.0914463811279883,1.31752700529107,0,142.424477064391,0,0.995302327715429,0
M25131_20260318_cell#45,0,0,0,0,0.0612284240068296,0.0595545175364557,0.972661284403023,1,0,1,0.9584352266731,0
M25131_20260318_cell#46,1,1,1,1,0.00945180805544365,0.0149940042967289,1.58636360459026,0,50.9298561879744,0,0.931681651927136,0
M25131_20260318_cell#47,1,0,0,0,0.042478945035074,0.0393343552447719,0.925972978196477,1,0,0,0.922932521838272,0
M25131_20260318_cell#48,1,1,1,1,0.0118088299595523,0.0181836156334845,1.53983211679456,0,118.104270134813,0,1.09561674972427,1
M25131_20260318_cell#49,1,0,0,0,0.0123828288738562,0.0120501215044784,0.973131553963392,0.999999385717276,0,0,0.993459997209122,0
M25131_20260318_cell#50,1,1,1,1,0.0302374437071649,0.0317899070467225,1.05134241355164,0,26.6655079142592,0,1.00602455640778,0
M25131_20260318_cell#51,1,1,1,1,0.0507326255882169,0.0611742212759702,1.20581618961543,0,121.770975248036,0,0.97798400995005,0
M25131_20260318_cell#52,1,0,0,0,0.0625014956678812,0.0603420359424955,0.965449471211689,1,0,0,0.958935712616726,0
M25131_20260318_cell#53,1,1,1,1,0.0358412805580639,0.0386800442517479,1.07920374633616,9.42891786870348e-09,45.0958440119515,0,0.982389991316067,0
M25131_20260318_cell#54,1,0,0,0,0.0211332154158288,0.0196778531014527,0.931133891093258,1,0,0,0.924522663917857,0
M25131_20260318_cell#55,1,1,1,1,0.0983461373384976,0.10844071703017,1.10264337741022,0,94.8293546605749,0,0.974006232865481,0
M25131_20260318_cell#56,1,1,1,1,0.00978856304419203,0.0117519158194386,1.2005761996304,1.19126930542279e-13,13.9518193639017,0,0.627036778970364,0
M25131_20260318_cell#57,1,0,0,0,0.0227653032129259,0.0225904933828046,0.992321216700422,1,0,0,0.912992639392135,0
M25131_20260318_cell#58,1,0,0,0,0.0299514147585353,0.0256945562375379,0.857874542644621,1,0,0,0.959410210515014,0
M25131_20260318_cell#59,1,0,0,0,0.0741112187931977,0.072360678045623,0.976379544472754,1,0,0,0.924736361917704,0
M25131_20260318_cell#60,1,1,1,1,0.0130419204307982,0.0157352471393726,1.20651304559519,1.01996855406128e-10,50.148465070263,0,0.94290143574694,0
M25131_20260318_cell#61,0,0,0,0,0.00907387775300557,0.00515036484333187,0.567603507951813,1,0,1,0.919889029800426,0
M25131_20260318_cell#62,1,0,0,0,0.0363633703506148,0.0361684386406118,0.99463933875976,1,0,0,0.908544088389381,0
M25131_20260318_cell#63,1,1,1,1,0.0254150699273374,0.0287242530020237,1.13020554671489,0,56.498975945135,0,0.986713095768913,0
M25131_20260318_cell#64,1,1,1,1,0.0251861350154551,0.0324573122084736,1.28869761829501,0,85.5482977578503,0,0.975118460641373,0
M25131_20260318_cell#65,1,1,1,1,0.0195021593791913,0.023071082201627,1.18300141810161,1.67170174714126e-06,111.67258582435,0,0.957199333585078,0
M25131_20260318_cell#66,0,0,0,0,0.0600437735513535,0.0556643962916398,0.9270635904326,1,0,1,0.950062181720099,0
M25131_20260318_cell#67,1,1,1,1,0.0259412245011231,0.0310486242099504,1.19688352446918,0,57.2424869616402,0,0.915050511108348,0
M25131_20260318_cell#68,1,1,1,1,0.0515437743403508,0.0547137371932243,1.0615004022007,0,43.0208617900446,0,0.889550165707503,0
M25131_20260318_cell#69,1,0,0,0,0.092722777378597,0.0899799406495207,0.970418954148914,1,0,0,0.991126806471437,0
M25131_20260318_cell#70,1,1,1,1,0.0531250125838107,0.0551149272832373,1.03745720899901,2.01383354436757e-12,23.8947289530793,0,0.943383950034352,0
M25131_20260318_cell#71,1,1,1,1,0.0474961180869412,0.0511776051506713,1.07751132538856,0,21.0814666412724,0.00374768835761274,0.970671144405142,0
M25131_20260318_cell#72,1,1,1,1,0.0364151946238292,0.0450828472638179,1.23802296622402,0,61.4367314055334,0,0.923816481019733,0
M25131_20260318_cell#73,0,0,0,0,0.0901020203134566,0.0895160919720366,0.993497056565639,1,0,0.935860615944276,0.981341578692169,0
M25131_20260318_cell#74,1,0,0,0,0.0495200246792428,0.0426522703430424,0.861313592214765,1,0,0,0.928961749047236,0
M25131_20260318_cell#75,1,0,1,0,0.0110027652267793,0.0116642787954504,1.06012248330638,1,0,0,1.1464795705671,1
M25131_20260318_cell#76,0,0,0,0,0.00297389667496739,0.00274355164424874,0.922544373293946,1,0,0.999999999999996,1.91436542922307,1
M25131_20260318_cell#77,1,0,0,0,0.00756271711075674,0.00719207895941974,0.950991403498377,0.884057191848978,0,1.23453155148612e-05,1.05458246876326,0
M25131_20260318_cell#78,1,1,1,1,0.0142486464298515,0.0150571598719572,1.05674317529641,0.000300673663504614,33.7590397468475,0,0.887592575577572,0
M25131_20260318_cell#79,1,1,1,1,0.0281816818352895,0.0309032931722061,1.09657377273732,8.88178419700125e-16,31.3578821172756,0,0.994513735312781,0
M25131_20260318_cell#80,1,1,1,1,0.030805212799671,0.0332918357062047,1.08072084821178,0,55.083032915469,0,1.04466298972324,1
M25131_20260318_cell#81,1,1,1,1,0.0212635892895597,0.0221300898834343,1.04075043879351,5.27550692019929e-08,46.8003855123352,0,0.956983493036329,0
M25131_20260318_cell#82,1,1,1,1,0.0697138498812797,0.0811171364569317,1.16357275627542,0,32.30311679965,0,1.0002385421284,0
M25131_20260318_cell#83,1,0,0,0,0.0392619436069955,0.0376133660676453,0.958010801608496,1,0,0,0.932614758436671,0
M25131_20260318_cell#84,1,0,0,0,0.037008739419095,0.0358293045915019,0.968130910533402,1,0,0,0.96336344472798,0
M25131_20260318_cell#85,1,0,0,0,0.080370730425481,0.0801107715146956,0.996765502697198,0.999979313404281,0,0,0.98378275710309,0
M25131_20260318_cell#86,1,0,0,0,0.00931487440004467,0.00945045625881719,1.0145554145928,1,0,9.34895166060379e-07,0.879526402915072,0
M25131_20260318_cell#87,0,0,0,0,0.00680064998353032,0.00485966469757118,0.714588268671409,1,0,1,1.06328175168957,0
M25131_20260318_cell#88,1,1,1,1,0.0232380043929526,0.0268693595941816,1.15626794538047,0,23.2787860351502,0,0.997955779132114,0
M25131_20260318_cell#89,1,1,1,1,0.177115916453909,0.204963343146346,1.15722712701365,0,102.243848921241,0,1.00072455567379,0
M25131_20260318_cell#90,1,0,1,0,0.0114882689690328,0.0120227185183694,1.04652132978234,0.997825613030354,0,0,0.895204113478058,0
M25131_20260318_cell#91,1,0,0,0,0.0184043402390046,0.0180190436123333,0.979064904165663,1,0,0,0.991189662060551,0
M25131_20260318_cell#92,1,1,1,1,0.0432380193598548,0.0475700576994661,1.10019048984546,0,46.5332523870193,0,0.950273331981327,0
M25131_20260318_cell#93,1,1,1,1,0.0213753444078587,0.02381941425709,1.11434060675685,4.77395900588817e-14,36.9937724366097,0,0.949100658156413,0
M25131_20260318_cell#94,1,1,1,1,0.0126384629335465,0.0183071448641128,1.44852621401609,0,33.554587097555,0,1.03033785356419,1
M25131_20260318_cell#95,1,1,1,1,0.0115408827162196,0.0147598954459852,1.27892257541458,0,86.2000515598852,0,0.717191949026404,0
M25131_20260318_cell#96,1,1,1,1,0.136092152514205,0.139074831295816,1.02191661110878,6.48320064300378e-10,132.734928309926,0,0.925799646790682,0
M25131_20260318_cell#97,0,0,0,0,0.00280822062345426,0.00229771144279888,0.818209019479591,1,0,1,0.194765178549196,0
M25131_20260318_cell#98,0,0,0,0,0.00753045409530526,0.00633484648022031,0.841230342824833,1,0,1,0.920596174656754,0
M25131_20260318_cell#99,1,1,1,1,0.0203777036796978,0.0235389185177676,1.15513106323257,0,39.5930815378008,0,0.941457997615277,0
M25131_20260318_cell#100,0,0,0,0,0.000918275598302197,0.000855275230896188,0.931392745791687,1,0,1,1.01381703298497,0
M25131_20260318_cell#101,1,0,0,0,0.00875411612144688,0.00781587014027061,0.892822305740537,0.999692308356565,0,0,0.616945380105815,0
M25131_20260318_cell#102,1,1,1,1,0.036670891221972,0.0466539521244659,1.27223393186889,0,188.115613805386,0,0.968146679601018,0
M25131_20260318_cell#103,1,0,0,0,0.0718089516501072,0.0695477586574477,0.968510987269702,1,0,0.00374945795471182,0.969537931668062,0
M25131_20260318_cell#104,1,1,1,1,0.0256074476240142,0.0369984555547178,1.44483183556417,0,104.298338839012,0,1.03665465377419,1
M25131_20260318_cell#105,1,1,1,1,0.0567826642713778,0.0612306788471861,1.07833402382372,0,24.520782961424,0,0.980426462185594,0
M25131_20260318_cell#106,1,1,1,1,0.0632257833865739,0.0690868792591599,1.09270103996577,0,38.0616319406829,0,0.987067386532916,0
M25131_20260318_cell#107,1,0,1,0,0.00931527869021626,0.00952138851608134,1.02212599673283,1,0,0,0.875208163671709,0
M25131_20260318_cell#108,1,0,0,0,0.0147395638040325,0.0140760551453398,0.954984511922174,0.999994992058391,0,0,1.04102758963315,1
M25131_20260318_cell#109,1,1,1,1,0.119999080935313,0.122343629287822,1.01953805257703,0,28.8616986793469,0,0.975314481231019,0
M25131_20260318_cell#110,1,1,1,1,0.01458445702235,0.0187273470237626,1.28406199799306,0,37.5582782456806,0,0.947345070352979,0
M25131_20260318_cell#111,1,0,0,0,0.02954726938535,0.0292302364409665,0.989270313264864,1,0,0,0.857682037919793,0
M25131_20260318_cell#112,1,1,1,1,0.00847875765372216,0.0250665144717465,2.95639001555167,0,206.732116509706,0,0.91142265938572,0
M25131_20260318_cell#113,0,0,0,0,0.00652581379159757,0.00555154407358546,0.850705253149186,1,0,1,0.8168866596671,0
M25131_20260318_cell#114,1,1,1,1,0.0204402105621534,0.0270787658848143,1.32477920432741,0,61.9757894516573,0,0.921941164046231,0
M25131_20260318_cell#115,1,0,0,0,0.011470183798349,0.0102621206826269,0.894677963582762,1,0,0,0.890577849816274,0
M25131_20260318_cell#116,1,1,1,1,0.192942287858642,0.202289218831046,1.04844418025794,0,314.763622537024,0,0.993153741057548,0
M25131_20260318_cell#117,0,0,1,0,0.00671922821597051,0.00701902813413427,1.04461820740828,0.999999999999975,0,0.996003057335452,63.1340249871946,1
M25131_20260318_cell#118,1,0,0,0,0.0134233857428768,0.0134775308577052,1.00403364068243,1,0,0.00262533383104602,0.8759605226327,0
M25131_20260318_cell#119,1,0,0,0,0.0290437994172141,0.0286446690743096,0.986257640153377,1,0,0,0.888444342931322,0
M25131_20260318_cell#120,1,1,1,1,0.0393266993681597,0.0420197053026338,1.06847780204648,0,29.3923770418158,0,1.01663670434911,1
M25131_20260318_cell#121,1,0,1,0,0.0094419909333126,0.0098755798838694,1.04592134790418,0.999976147823872,0,0,0.921806072247631,0
M25131_20260318_cell#122,1,1,1,1,0.0436490371016824,0.0645554485600856,1.47896615473328,0,52.6923067681989,0,1.0078080653904,0
M25131_20260318_cell#123,0,0,0,0,0.000537784395280215,8.04246480043638e-05,0.149548125066846,0.994353359469387,NaN,1,0.900364872921435,0
M25131_20260318_cell#124,1,1,1,1,0.0201863613812424,0.0214673580516468,1.06345852262383,0,69.3897540180952,0,1.0193526129029,1
M25131_20260318_cell#125,1,1,1,1,0.0495155681365548,0.0523600689446736,1.05744659538742,0,34.1611889300109,0,0.929924864003923,0
M25131_20260318_cell#126,1,1,1,1,0.344946932315718,0.367983268758522,1.06678226209508,0,141.407554619279,0,1.0133401376616,0
M25131_20260318_cell#127,1,1,1,1,0.0119367995418687,0.0214194679541613,1.79440627104709,0,48.0170672997351,0,0.960517022037732,0
M25131_20260318_cell#128,1,1,1,1,0.228661719044366,0.243545172516297,1.06508939727268,0,158.710334009124,0,0.990410352662098,0
M25131_20260318_cell#129,0,0,0,0,0.0421301336939125,0.039098874893561,0.928050102513928,1,0,1,1.07704479640836,1
M25131_20260318_cell#130,1,1,1,1,0.154505964192076,0.183345354533063,1.18665551515627,0,126.147829589796,0,0.991293820917047,0
M25131_20260318_cell#131,1,0,0,0,0.0772762492301735,0.0742161486420917,0.960400503148554,1,0,0,0.979171145130703,0
M25131_20260318_cell#132,1,0,0,0,0.0259609430847887,0.0218626421269132,0.842135898357373,1,0,7.74935671188359e-14,0.912967046183812,0
M25131_20260318_cell#133,1,1,1,1,0.195585238048333,0.221094336786057,1.13042445837052,0,37.3642089971874,0,1.01286933306827,0
M25131_20260318_cell#134,1,1,1,1,0.019419818539719,0.0319864791840536,1.64710494686819,6.84158285579883e-11,18.8809808584514,0,0.943603576303992,0
M25131_20260318_cell#135,1,0,0,0,0.0112279360862776,0.0108878024963446,0.969706490371934,1,0,0,0.942953598693006,0
M25131_20260318_cell#136,1,0,0,0,0.0473356535858305,0.0442326275563021,0.934446325455253,1,0,0,0.947192403538786,0
M25131_20260318_cell#137,1,1,1,1,0.0443993220461317,0.0500179112311839,1.12654673373648,0,21.5096623662256,0,0.977254598243405,0
M25131_20260318_cell#138,0,0,0,0,0.00601763764691842,0.00562875868122005,0.935376805896993,1,0,1,0.902665573475483,0
M25131_20260318_cell#139,1,0,0,0,0.0107970072453606,0.0102782712548387,0.951955576324657,1,0,0.0196561360831776,1.00122877313452,0
M25131_20260318_cell#140,0,0,0,0,0.00841205316581474,0.00281630289999017,0.334793758964242,1,0,1,1.11933304937216,1
M25131_20260318_cell#141,1,0,0,0,0.00857831000679362,0.00827967562831453,0.965187271357343,1,0,0,0.902103765327234,0
M25131_20260318_cell#142,1,0,1,0,0.0100551430983013,0.0107000666300266,1.06413867265939,0.780680463615589,0,0,0.983151808211358,0
M25131_20260318_cell#143,1,1,1,1,0.0115688547812871,0.0173167661427912,1.49684359170983,0,42.0915089829343,0,0.995261891075356,0
M25131_20260318_cell#144,1,0,0,0,0.013206821501686,0.0128534247047778,0.97324134373565,1,0,0,0.893765133234023,0
M25131_20260318_cell#145,1,1,1,1,0.0369758890772614,0.0421856550741305,1.14089630099179,0,97.7503118444396,0,0.953298673815312,0
M25131_20260318_cell#146,1,1,1,1,0.0443005898622169,0.0505468966553564,1.1409982759274,0,39.3728316601816,0,0.930167675128364,0
M25131_20260318_cell#147,1,1,1,1,0.286867664321486,0.298022270622408,1.03888415352531,0,123.060126432922,0,0.997412252597972,0
M25131_20260318_cell#148,0,0,0,0,0.0083904893312708,-0.00035895001671745,-0.042780581983421,1,0,1,1.12278056018147,1
M25131_20260318_cell#149,1,1,1,1,0.0219373054278445,0.0234143216466857,1.06732897181467,7.13725351042527e-08,13.6105563222429,0,0.79487186326454,0
M25131_20260318_cell#150,1,0,1,0,0.0199704846069932,0.0207593533604872,1.03950173313359,1,0,0,0.954262013534666,0
M25131_20260318_cell#151,1,0,0,0,0.0358215418950768,0.0341998236354713,0.954727848835886,1,0,0,1.0088636573607,0
M25131_20260318_cell#152,1,1,1,1,0.00865641700845485,0.0106153275717783,1.22629577126543,0,33.458634896686,0,0.897315486022996,0
M25131_20260318_cell#153,0,0,0,0,0.0583909754450831,0.052929558296787,0.906468129592515,1,0,0.895358654572684,0.962782297947987,0
M25131_20260318_cell#154,1,1,1,1,0.171899864475753,0.224850364526646,1.30803107502369,0,93.8558125992065,0,0.996787618440503,0
M25131_20260318_cell#155,1,1,1,1,0.031566504032157,0.0342154554093518,1.08391652666055,0,80.4363672289124,0,0.944471484820182,0
M25131_20260318_cell#156,1,1,1,1,0.0246757012930553,0.0320582018294836,1.29918098167715,0,53.4303309876445,0,0.973717401248256,0
M25131_20260318_cell#157,0,0,0,0,0.00175593183408147,0.00152150939138156,0.866496843356941,1,NaN,0.999999999995116,0.628076780533758,0
M25131_20260318_cell#158,1,0,0,0,0.0927700121946916,0.0891103556969069,0.960551298731056,1,0,0,0.991409133795535,0
M25131_20260318_cell#159,1,1,1,1,0.0291221532026291,0.0360775487145865,1.23883520780769,0,109.167578722952,0,0.740737017969441,0
M25131_20260318_cell#160,1,0,0,0,0.0138115729183287,0.0133496679265547,0.96655666993866,1,0,0,0.844287746722613,0
M25131_20260318_cell#161,1,0,0,0,0.0281073064299576,0.0275765224808776,0.981115801672324,0.999999803503255,0,0,1.0026035400255,0
M25131_20260318_cell#162,0,0,1,0,0.0134729302077905,0.0137792265511476,1.02273420396552,0.969028961430187,0,1,0.875112764961818,0
M25131_20260318_cell#163,1,1,1,1,0.0324582673465349,0.0356194584706322,1.09739247909777,0,33.941706229246,0,0.993195362201536,0
M25131_20260318_cell#164,1,0,0,0,0.00767234476170623,0.00684745376799266,0.892485150324485,1,0,3.68371999570627e-13,1.01272065780734,0
M25131_20260318_cell#165,1,0,0,0,0.0736024054408667,0.0708051462352617,0.961995002896306,1,0,6.03389127551424e-09,0.978944931318706,0
M25131_20260318_cell#166,1,1,1,1,0.00639053456924717,0.00750032725303534,1.17366194827093,0.00763245380968769,11.8254807602122,0,0.876624994064034,0
M25131_20260318_cell#167,1,0,0,0,0.0221775221951524,0.0214929473908056,0.969132042871027,1,0,1.2744829636091e-09,0.79364491754917,0
M25131_20260318_cell#168,1,1,1,1,0.0165898452898538,0.0238067426507747,1.4350189670144,0,39.7823450289999,0,0.928101965510468,0
M25131_20260318_cell#169,1,0,0,0,0.0220443379953457,0.0219054190222146,0.99369820163525,1,0,0,0.941100882281563,0
M25131_20260318_cell#170,1,0,0,0,0.00936268317398976,0.008375575888467,0.894570042884179,1,0,0,0.810178996667589,0
M25131_20260318_cell#171,1,1,1,1,0.0363851133692685,0.049416945216134,1.35816383790279,0,43.0875252885471,0,0.938808754912227,0
M25131_20260318_cell#172,1,1,1,1,0.0139310408860116,0.0182555407887058,1.31042188003601,0,33.0851234832095,0,0.686039564361263,0
M25131_20260318_cell#173,1,0,0,0,0.0113047969912582,0.00826724885904604,0.731304495378288,1,0,0,1.05582714490683,1
M25131_20260318_cell#174,1,1,1,1,0.0305655324619007,0.034713679187926,1.13571321655188,0,37.4168503229677,0,1.04952742833362,1
M25131_20260318_cell#175,1,1,1,1,0.0842757720775605,0.100506494861525,1.19259061511803,0,36.5051872800993,0,0.957905666943655,0
M25131_20260318_cell#176,1,1,1,1,0.0286101110527039,0.0332753014703474,1.16306089861202,0,50.3625237407445,0,1.011518054546,0
M25131_20260318_cell#177,1,0,0,0,0.0413550403639319,0.0401997178520424,0.972063320414574,1,0,0,0.905855181360346,0
M25131_20260318_cell#178,1,1,1,1,0.0354583640376598,0.0437115952410636,1.2327583752775,0,86.8706626259443,0,1.07663471235795,1
M25131_20260318_cell#179,1,1,1,1,0.0384425291856499,0.041793180431483,1.08716001045748,0,13.9953693728294,0,0.953580958853215,0
M25131_20260318_cell#180,1,1,1,1,0.0363353289551624,0.0519074941547065,1.42856816347418,0,135.771009894262,0,1.19359494913147,1
M25131_20260318_cell#181,1,1,1,1,0.010124825942326,0.0109009224000984,1.07665281973175,1.02722879202766e-07,27.0748406802812,0,0.890198564085098,0
M25131_20260318_cell#182,1,1,1,1,0.0590677645395682,0.0641605365828969,1.08621914309821,0,26.1893122104544,0,0.956810250272991,0
M25131_20260318_cell#183,1,1,1,1,0.0405966552791058,0.0451254963378707,1.11155699965006,0,45.0545527403178,0,1.00447273674477,0
M25131_20260318_cell#184,1,0,0,0,0.134338067985888,0.132061231325456,0.98305144108019,1,0,0,0.982425217169101,0
M25131_20260318_cell#185,1,0,0,0,0.0203479217927096,0.0205742469158145,1.0111227635633,0.770096038593362,0,0,0.872017272440017,0
M25131_20260318_cell#186,1,1,1,1,0.0609571092226667,0.0886406291011525,1.45414751833723,0,47.6413065917083,0,0.978138476231287,0
M25131_20260318_cell#187,1,0,0,0,0.0188187088414052,0.0175972938311174,0.935095706056068,1,0,0,1.01473076755969,0
M25131_20260318_cell#188,0,0,0,0,0.00969335968076235,0.00803921951288138,0.829353266322737,1,0,1,0.991671660580294,0
M25131_20260318_cell#189,1,1,1,1,0.0281451919944956,0.0342293912011666,1.21617188498344,0,28.9544093875961,0,1.04108354598901,1
M25131_20260318_cell#190,1,0,1,0,0.0299374722162918,0.0306462557444138,1.02367546341258,0.0852948838899354,0,0,0.914812618947044,0
M25131_20260318_cell#191,1,1,1,1,0.035809905161699,0.0381632214584167,1.06571690950007,0,63.0951891595737,0,0.956943039176133,0
M25131_20260318_cell#192,1,1,1,1,0.0199273847071748,0.0210653033490696,1.05710326059421,0.00127795191591196,19.7962826169356,0,0.96895000868374,0
M25131_20260318_cell#193,1,1,1,1,0.0129061879338623,0.014476371695911,1.12166131239488,1.99840144432528e-15,25.7464535916658,0,0.944884815009645,0
M25131_20260318_cell#194,1,1,1,1,0.0121100594407902,0.0157426499777801,1.29996471567715,0,27.7095582751662,0,1.02251541835713,0
M25131_20260318_cell#195,1,0,0,0,0.0517874200324054,0.0496864226513345,0.959430352395308,1,0,0.000119515036166251,0.913270884642611,0
M25131_20260318_cell#196,1,1,1,1,0.0569877376968752,0.0624405805544141,1.09568449420721,0,72.8120941791108,0,0.988860774320205,0
M25131_20260318_cell#197,1,1,1,1,0.0134735222534344,0.0144982110269041,1.07605203407064,0,78.4519773598724,0,0.84813098154652,0
M25131_20260318_cell#198,1,0,0,0,0.0310659967435703,0.0274964633761229,0.885098379526928,1,0,0,1.00682369765354,0
M25131_20260318_cell#199,1,0,0,0,0.00568250127297,0.00540234658030799,0.950698701292927,1,0,3.9542689678207e-08,0.961895739163623,0
M25131_20260318_cell#200,1,1,1,1,0.0209674909151288,0.040172510057953,1.91594264762347,0,224.653867304962,0,0.999407459903086,0
M25131_20260318_cell#201,1,1,1,1,0.0113867437893608,0.0166844795386175,1.46525467220985,0,87.8025408308168,0,1.03940702338046,1
M25131_20260318_cell#202,1,1,1,1,0.0123790027959287,0.0146061889921703,1.17991644666032,8.54871728961371e-15,21.2163234490018,0,0.842584222916087,0
M25131_20260318_cell#203,1,1,1,1,0.0219147884943004,0.0254820029496751,1.16277658606208,0,23.208346720208,0,0.847631816395266,0
M25131_20260318_cell#204,1,1,1,1,0.0945220191988314,0.108514347032049,1.1480324685382,0,184.339674693833,0,1.003330295381,0
M25131_20260318_cell#205,1,1,1,1,0.0215513393461205,0.0259721154711876,1.20512767462236,0,139.833924904047,0,0.959107319239608,0
M25131_20260318_cell#206,1,1,1,1,0.131051134291775,0.136775193860505,1.04367806199972,0,55.8602160649796,0,0.987562512238435,0
M25131_20260318_cell#207,1,1,1,1,0.0310309737308915,0.0376220013661589,1.21240157310004,0,61.0278657902114,0,0.923991950579633,0
M25131_20260318_cell#208,0,0,0,0,0.0289155809072793,0.0266935892895636,0.923155905985747,1,0,1,1.0036825393848,0
M25131_20260318_cell#209,1,0,0,0,0.0249688331627783,0.0250179509239749,1.00196716285765,1,0,0,0.880171087050115,0
M25131_20260318_cell#210,1,1,1,1,0.0289376759643014,0.0358375268283304,1.23843832077396,0,43.5731043833243,0,0.986652907310117,0
M25131_20260318_cell#211,0,0,0,0,0.010617235928083,0.00885527474601503,0.834047091540319,1,0,0.219192657253312,0.853089237210154,0
M25131_20260318_cell#212,1,0,0,0,0.0666974368858584,0.0633990578172459,0.950547139101356,1,0,1.11022302462516e-16,0.989759503891403,0
M25131_20260318_cell#213,1,0,0,0,0.0206293668627893,0.0189926242428932,0.920659580549296,1,0,0,0.868548839713272,0
M25131_20260318_cell#214,0,0,0,0,0.00470537742544954,0.00300571644371034,0.638783283877209,1,0,1,1.37747072271144,1
M25131_20260318_cell#215,1,1,1,1,0.0241435848812841,0.0502605420011532,2.08173484792288,0,161.470637629719,0,0.98499187697297,0
M25131_20260318_cell#216,1,0,0,0,0.0594633383397817,0.0565881880687819,0.951648354241891,1,0,0,0.981726158439361,0
M25131_20260318_cell#217,1,1,1,1,0.0108165921076545,0.01301410137956,1.20316096327146,0,41.2693316656844,0,0.985516652560788,0
M25131_20260318_cell#218,1,1,1,1,0.0109283722779861,0.0135571488680726,1.24054603221944,0,70.6854185225637,0,0.966854441832538,0
M25131_20260318_cell#219,1,1,1,1,0.0224678457814683,0.0252754265754025,1.12495994592637,0,109.917394786276,0,0.960585398470181,0
M25131_20260318_cell#220,1,1,1,1,0.0306031774259887,0.0368232670219978,1.20324979688962,0,54.0424588470764,0,0.876787157679748,0
M25131_20260318_cell#221,1,1,1,1,0.0359764433498366,0.0453469083274077,1.26046112692276,0,40.104448853296,0,0.913627089022879,0
M25131_20260318_cell#222,1,1,1,1,0.101711167140845,0.11835217548181,1.16361043540008,0,106.436963079207,0,0.984535425520785,0
M25131_20260318_cell#223,1,0,0,0,0.0762583414404725,0.0741465486677726,0.972307386538843,1,0,0,0.993929198635922,0
M25131_20260318_cell#224,1,1,1,1,0.0430606369894537,0.0549555885789909,1.27623724174007,0,59.8036690351231,0,0.933143221238054,0
M25131_20260318_cell#225,1,0,0,0,0.0369170717979271,0.0359847684680646,0.974746010870913,1,0,0,0.956925123276734,0
M25131_20260318_cell#226,1,1,1,1,0.0401229750314972,0.0432181323193977,1.07714176940944,0,22.5075529134629,0,0.980138579202456,0
M25131_20260318_cell#227,1,0,1,0,0.00834454889892981,0.0104600207809445,1.25351542757284,1,0,0,0.966656419948855,0
M25131_20260318_cell#228,1,0,1,0,0.0210717880071769,0.0215221254485313,1.02137158181361,1,0,0,0.942927856333363,0
M25131_20260318_cell#229,1,1,1,1,0.174210860047874,0.209659550632181,1.20348151989242,0,133.143302540123,0,0.96105307239647,0
M25131_20260318_cell#230,0,0,0,0,-0.000892084375876179,-0.000110942953956588,0.124363745130749,0.968478421820027,NaN,1,1.22741971166275,0
M25131_20260318_cell#231,1,1,1,1,0.12482282625184,0.153845274849445,1.23250914491433,0,50.4352017162159,0,1.00804319901774,0
M25131_20260318_cell#232,1,1,1,1,0.0150749125369056,0.0174488260694788,1.15747444814433,0,70.9412647407739,0,0.822332871550486,0
M25131_20260318_cell#233,1,1,1,1,0.106182861350947,0.127543298527265,1.20116652447065,0,29.9380474698682,0,0.999948163399758,0
M25131_20260318_cell#234,1,0,0,0,0.0680576718065543,0.0655745440367454,0.963514359161934,1,0,0,0.978512460072275,0
M25131_20260318_cell#235,1,0,0,0,0.0545799146078632,0.0535262582802041,0.980695163500544,1,0,0,0.981597451790383,0
M25131_20260318_cell#236,1,1,1,1,0.0155148233109381,0.0210173138338114,1.35466021188872,0,148.195963292094,0,0.975717391072207,0
M25131_20260318_cell#237,1,1,1,1,0.0151949445246203,0.0199533836037685,1.31315935845887,0,42.293492659654,0,0.958642310807413,0
M25131_20260318_cell#238,1,1,1,1,0.0681212504257435,0.0723881247711848,1.06263646540212,0,24.833778796403,0,0.934442752055205,0
M25131_20260318_cell#239,1,0,0,0,0.00932531528420901,0.00905135271800303,0.970621629633275,1,0,0,0.959878173677157,0
M25131_20260318_cell#240,1,1,1,1,0.0205307768741375,0.0232361022897603,1.13176926680406,0,23.6889283986624,0,0.805304014700793,0
M25131_20260318_cell#241,1,1,1,1,0.00383864382674507,0.00644764908376011,1.67966849094913,0,33.2473590720848,0,0.907024912671689,0
M25131_20260318_cell#242,1,0,0,0,0.0401967592082893,0.0387459699262509,0.963907804743144,1,0,0,0.955382720040765,0
M25131_20260318_cell#243,1,0,1,0,0.0054959878584393,0.00599186784001705,1.09022581460334,0.999990604602805,0,0,0.710201834803412,0
M25131_20260318_cell#244,1,1,1,1,0.257883411695217,0.272969338594849,1.05849902015978,0,240.917496207124,0,1.00080966918578,0
M25131_20260318_cell#245,1,1,1,1,0.0112840965943727,0.0175498784360938,1.55527545243151,0,77.9510846001653,0,1.06903612924061,1
M25131_20260318_cell#246,1,0,0,0,0.0405318238744053,0.0409484174925043,1.01027818583713,1,0,0,0.944896000047365,0
M25131_20260318_cell#247,1,1,1,1,0.0407065133971106,0.051587675032125,1.26730763032598,0,61.4515155488011,0,0.975217707342878,0
M25131_20260318_cell#248,0,0,0,0,0.0340309722280258,0.029479553166811,0.866256566791045,1,0,1,0.927538378125376,0
M25131_20260318_cell#249,0,0,0,0,0.00644251552476591,0.00467725141247683,0.725997693679873,1,0,0.287798562777387,0.480164413343167,0
M25131_20260318_cell#250,1,1,1,1,0.00762698188250901,0.0143830642263377,1.88581334634116,0,126.118898922467,0,1.06776732255931,1
M25131_20260318_cell#251,1,0,0,0,0.0349447196291638,0.0321839997224031,0.920997508749314,1,0,0,1.01206007429209,0
M25131_20260318_cell#252,1,1,1,1,0.0456699243303833,0.0620566732530864,1.35880832217191,0,178.114301010394,0,0.963575890280984,0
M25131_20260318_cell#253,1,0,0,0,0.0237092259803344,0.0204382258877287,0.862036825018291,1,0,0,0.968323945845451,0
M25131_20260318_cell#254,1,1,1,1,0.0137573259942514,0.0195607025246905,1.42183899202971,0,45.0404358670349,0,1.00855941617823,0
M25131_20260318_cell#255,1,0,1,0,0.00315237234083386,0.00428581319582538,1.35955170660192,0.310573632325176,0,0,0.503046109561527,0
M25131_20260318_cell#256,1,0,0,0,0.0243252856836923,0.0242697415562292,0.997716609449717,0.847586436860917,0,0,0.901364136902259,0
M25131_20260318_cell#257,1,0,0,0,0.025071512852194,0.0242633465050095,0.967765553201797,1,0,0,0.973650817777648,0
M25131_20260318_cell#258,1,1,1,1,0.0974684220414287,0.112120239453742,1.15032373670814,0,98.766846858932,0,0.968215645297684,0
M25131_20260318_cell#259,1,1,1,1,0.0586150737027938,0.0601669136184367,1.02647509962218,0,27.8601107132361,0,0.952092607899749,0
M25131_20260318_cell#260,1,1,1,1,0.0308236098518543,0.0338690887246908,1.09880344604262,0,54.3796061563661,0,0.985627311892034,0
M25131_20260318_cell#261,1,0,1,0,0.046801677994519,0.0476086724904832,1.01724285390064,0.0967786059267955,0,0,0.94995186773248,0
M25131_20260318_cell#262,1,0,0,0,0.0223771505085075,0.0222866734974051,0.995956723307196,1,0,0,0.867805401910603,0
M25131_20260318_cell#263,1,0,0,0,0.0386075999518517,0.0370032096919043,0.95844366751758,1,0,0,0.952900770902722,0
M25131_20260318_cell#264,1,0,0,0,0.0626476021810119,0.0620387772224497,0.990281751617514,1,0,0,0.992016092329198,0
M25131_20260318_cell#265,1,0,0,0,0.0428618051292671,0.0430120295920749,1.00350485618501,1,0,0,0.945433483922083,0
M25131_20260318_cell#266,1,1,1,1,0.0217231025728979,0.0304845248851626,1.40332278885409,0,90.783695739571,0,0.974133202188533,0
M25131_20260318_cell#267,1,1,1,1,0.0297768577308265,0.0319934176095869,1.07443901229597,4.1909808956575e-12,33.7431851881926,0,0.965068621155783,0
M25131_20260318_cell#268,1,1,1,1,0.0213022974773629,0.0247621839147147,1.16241846406607,0,27.4437491727808,0,1.07466835095913,1
M25131_20260318_cell#269,1,1,1,1,0.0325394239813788,0.0664513966742664,2.04218110044893,0,143.58142209657,0,1.02318039606871,1
M25131_20260318_cell#270,1,1,1,1,0.0284175056889468,0.0293004310714741,1.03106977059112,1.97530880541308e-12,23.5470699065589,0,0.819691904634909,0
M25131_20260318_cell#271,1,0,0,0,0.0430947898152746,0.0404123439656932,0.937754752695636,1,0,0,0.993735820275794,0
M25131_20260318_cell#272,1,1,1,1,0.0340924085017573,0.041259018384867,1.21021131090636,0,57.7846348426303,0,0.965996206708193,0
M25131_20260318_cell#273,1,1,1,1,0.0258752953723184,0.0317435743722804,1.22679080240529,0,44.2988884539142,0,0.953909455062978,0
M25131_20260318_cell#274,1,1,1,1,0.0625468730334955,0.0732380840066111,1.17093118256112,0,79.3451219313505,0,0.998493746671519,0
M25131_20260318_cell#275,1,1,1,1,0.0847904328215874,0.109567077140486,1.29221037674183,0,136.687588697129,0,0.989653540655275,0
M25131_20260318_cell#276,1,0,1,0,0.0109558184072547,0.0111213030230135,1.01510472423029,0.999942663330843,0,3.28626015289046e-14,0.998979515428523,0
M25131_20260318_cell#277,1,0,0,0,0.0554103867029825,0.0525718269990349,0.948772064718423,1,0,0,0.981098803529739,0
M25131_20260318_cell#278,1,0,0,0,0.0398970792972662,0.0353281578565803,0.88548230794932,1,0,0,0.939952919040949,0
M25131_20260318_cell#279,1,0,0,0,0.0211530624783386,0.016471663056123,0.778689283076173,1,0,0,0.896739066033042,0
M25131_20260318_cell#280,1,0,0,0,0.04061875734487,0.0408441568161462,1.00554914738928,0.99999925828544,0,0,0.956486982114593,0
M25131_20260318_cell#281,1,1,1,1,0.0145760135415665,0.0370512903431851,2.54193577945888,0,170.148555801731,0,0.995416393686629,0
M25131_20260318_cell#282,1,0,0,0,0.0364827172149343,0.0353467221093729,0.968862102598642,1,0,0,0.910285618965625,0
M25131_20260318_cell#283,1,1,1,1,0.00795195119901493,0.0123342239287564,1.55109401706141,0,57.4820272277259,0,0.933321772098203,0
M25131_20260318_cell#284,1,1,1,1,0.0182983791839734,0.0225659600568417,1.23322179685762,0,44.2477731285668,0,0.970449488698912,0
M25131_20260318_cell#285,1,0,0,0,0.0285211373352878,0.0287762684367938,1.00894533406949,0.999999999993736,0,0,0.956805278744775,0
M25131_20260318_cell#286,1,1,1,1,0.029029324116311,0.0329143742207722,1.1338319173018,0,104.987218523661,0,0.915566051763739,0
M25131_20260318_cell#287,1,0,0,0,0.0310051431037401,0.0298768005550286,0.963607890957438,1,0,0,0.930569401237575,0
M25131_20260318_cell#288,1,1,1,1,0.115448188567778,0.131839857695541,1.14198290446228,0,70.9955284004904,0,1.00416984312551,0
M25131_20260318_cell#289,1,0,0,0,0.0509956159571081,0.0421512835474619,0.82656680885892,1,0,0,0.93009677333208,0
M25131_20260318_cell#290,1,1,1,1,0.00834179509696222,0.0131723704980149,1.57908104249789,0,58.4074012172515,0,1.10863331385728,1
M25131_20260318_cell#291,1,1,0,0,0.0365392974023562,0.0370346306657537,1.01355617919915,5.61772850460329e-14,24.5056487316642,0,NaN,0
M25131_20260318_cell#292,1,1,1,1,0.0200767394479997,0.0338496896644913,1.68601528909436,0,83.5472188937991,0,0.978936980120695,0
M25131_20260318_cell#293,1,1,1,1,0.0570824547949607,0.0610663609676285,1.06979213117197,0,21.159921834772,0,0.977235529281145,0
M25131_20260318_cell#294,1,0,0,0,0.023964899952179,0.020735383750964,0.865239737797389,1,0,0,0.879492152029098,0
M25131_20260318_cell#295,1,0,1,0,0.00799817465076332,0.00869620569625122,1.08727379383011,0.999966603962849,0,0,0.686058210299494,0
M25131_20260318_cell#296,1,1,1,1,0.0349035149777775,0.0410143411389325,1.17507767240766,0,21.8380996379204,0,0.846348183448175,0
M25131_20260318_cell#297,1,1,1,1,0.0553836085051019,0.0604042055813667,1.09065131745257,0,60.2748921921333,0,0.953433186551979,0
M25131_20260318_cell#298,1,1,1,1,0.0344982378229305,0.0402977780649225,1.16811120242603,0,59.2972540790772,0,0.909878369005855,0
M25131_20260318_cell#299,1,1,0,0,0.216116722722541,0.219237651215994,1.01444093938746,0,33.5921850113287,0,NaN,0
M25131_20260318_cell#300,1,1,1,1,0.0150669900549453,0.0189172176661482,1.25554059551126,0,44.726677952937,0,0.722858593514766,0
M25131_20260318_cell#301,1,1,1,1,0.0322640039330063,0.0511430870860374,1.58514383993481,0,127.368152354943,0,0.984579650634702,0
M25131_20260318_cell#302,1,1,0,0,0.0573369065871088,0.057776957797771,1.00767483348607,2.46580533769247e-12,27.7789872792901,0,NaN,0
M25131_20260318_cell#303,1,1,1,1,0.0379906580797431,0.0477991162086745,1.25818079034965,0,50.4119230424679,0,0.997632603973841,0
M25131_20260318_cell#304,1,1,1,1,0.0209359789910142,0.0289215447637037,1.38142786521313,0,72.1682233274674,0,0.8805624159978,0
M25131_20260318_cell#305,1,1,1,1,0.0136573011245948,0.0161884546381497,1.18533336055662,8.45089568324298e-08,33.3339691597878,0,0.945837021203988,0
M25131_20260318_cell#306,1,1,1,1,0.032766418961327,0.058310372202632,1.77957720285069,0,112.707825998982,0,0.994882585057843,0
M25131_20260318_cell#307,1,1,1,1,0.0287316725236883,0.0304746542368776,1.06066412290312,2.94166857761624e-07,28.2256103526457,0,0.903021298150756,0
M25131_20260318_cell#308,1,1,1,1,0.0258171443397015,0.0290470681831582,1.12510771140903,0,34.2126656685259,0,0.915825890815146,0
M25131_20260318_cell#309,1,1,1,1,0.102730943336996,0.111899755313773,1.08925073282643,0,109.939324161258,0,0.985414884110816,0
M25131_20260318_cell#310,1,1,1,1,0.0615070069229188,0.0804864890894952,1.30857430910858,0,125.393629631166,0,0.982980555771728,0
M25131_20260318_cell#311,1,1,1,1,0.0320887054822664,0.0345131914605751,1.07555574280329,1.66533453693773e-15,20.2258980050181,0,0.961951186882927,0
M25131_20260318_cell#312,1,1,1,1,0.247282834429556,0.268372908104486,1.08528725305006,0,139.283892574713,0,0.985354033926855,0
M25131_20260318_cell#313,1,1,1,1,0.0958855730073521,0.104301415517643,1.08776964298525,0,57.3997122170931,0,0.98222450750537,0
M25131_20260318_cell#314,1,1,1,1,0.016680938963685,0.0208182352336858,1.24802538268426,0,64.8719340615601,0,0.991102222901094,0
M25131_20260318_cell#315,1,0,0,0,0.0116374772718683,0.010600775527477,0.910916969359213,1,0,0,1.01915098956213,0
M25131_20260318_cell#316,1,0,0,0,0.0781659221040352,0.0765858271485841,0.979785373051084,0.892397452043292,0,0,1.00828640587491,0
M25131_20260318_cell#317,1,1,1,1,0.175265488432299,0.202010266177899,1.15259580185937,0,164.763980977131,0,0.996438767205886,0
M25131_20260318_cell#318,1,1,1,1,0.0334022163565295,0.0348282382568453,1.04269243349287,0,81.9832842883273,0,0.949845128680135,0
M25131_20260318_cell#319,1,1,1,1,0.222220233946887,0.235146596903562,1.05816915375836,0,117.41648648661,0,0.990351532814723,0
M25131_20260318_cell#320,1,1,1,1,0.0228563935276205,0.0256118444717552,1.12055493097828,0,95.421270786873,0,0.970186370788592,0
M25131_20260318_cell#321,1,1,1,1,0.0111116873935506,0.016345565402563,1.47102459092309,0,40.9122753737889,0,0.988749099011288,0
M25131_20260318_cell#322,1,1,1,1,0.0818474363964459,0.0992493731478232,1.21261431655705,0,209.876548134689,0,0.979798300328288,0
M25131_20260318_cell#323,1,1,1,1,0.0218185464250012,0.037685604151959,1.72722799300582,0,65.9764357427951,0,0.899041522762999,0
M25131_20260318_cell#324,1,1,1,1,0.0252292680179543,0.028119096265642,1.11454269087915,0,30.1832299994517,0,0.93186033550266,0
M25131_20260318_cell#325,1,1,1,1,0.0126775781177209,0.0139724926264776,1.10214210448813,2.22044604925031e-16,81.441782802642,0,1.00795391953532,0
M25131_20260318_cell#326,1,1,1,1,0.0370125142076604,0.0458163872363038,1.23786206414536,0,50.9393148435199,0,0.929821388078543,0
M25131_20260318_cell#327,1,1,1,1,0.114132741389763,0.123888789418649,1.08547983611091,0,147.865235427711,0,1.01258611784925,0
M25131_20260318_cell#328,1,1,1,1,0.083204039459666,0.0882676126352311,1.0608572998192,0,34.7144381322807,0,0.955240347064969,0
M25131_20260318_cell#329,1,1,1,1,0.0140656335519683,0.0250531992676999,1.78116393940847,0,63.1774363740529,0,1.00445218658772,0
M25131_20260318_cell#330,1,1,1,1,0.0172220967728545,0.0213340439263031,1.23875996097814,0,77.6853716257076,0,1.00765057635682,0
M25131_20260318_cell#331,1,1,1,1,0.0263303168265784,0.0389231965479136,1.47826540805706,0,133.492739739724,0,0.986191510038523,0
M25131_20260318_cell#332,1,0,0,0,0.0388577793041269,0.0362306559614038,0.932391315464492,1,0,0,0.930761847670256,0
M25131_20260318_cell#333,1,0,1,0,0.00339402614830244,0.00358163097248978,1.05527500849726,0.999999962126886,0,0,0.777442477196713,0
M25131_20260318_cell#334,1,1,1,1,0.00560043218948623,0.00710183386496299,1.26808675200021,8.5042869606422e-06,26.0087556504603,0,0.977140785487176,0
M25131_20260318_cell#335,1,0,0,0,0.0317164601022297,0.0220055734383239,0.693821863076609,1,0,1.23234755733392e-12,0.720006557295995,0
M25131_20260318_cell#336,1,0,0,0,0.0283565579212488,0.0284675475853167,1.00391407392872,0.825400404380361,0,0,0.905623297484907,0
M25131_20260318_cell#337,1,0,0,0,0.0102274750609234,0.0101980533507316,0.997123267471542,1,0,3.79356546176268e-11,1.06640161437362,1
M25131_20260318_cell#338,1,1,1,1,0.112547153636855,0.124680280713039,1.10780483276666,0,111.67865596142,0,0.953822727246911,0
M25131_20260318_cell#339,1,1,1,1,0.0649403522104436,0.100083142294875,1.54115490428122,0,200.219980355148,0,1.00521482032753,0
M25131_20260318_cell#340,1,1,1,1,0.0065162107333583,0.00878342442595888,1.34793437250181,0,26.0475812372738,0,1.0575691685363,1
M25131_20260318_cell#341,1,1,1,1,0.139751731439922,0.157784968858692,1.12903766724724,0,386.777235543473,0,0.976720332166606,0
M25131_20260318_cell#342,1,1,1,1,0.0345820705612824,0.0419824337437867,1.21399421903874,0,40.1758855382581,0,0.924948808145685,0
M25131_20260318_cell#343,1,0,1,0,0.0235488197496513,0.0239536186596618,1.01718977487254,0.992023731367716,0,0,0.990726142882075,0
M25131_20260318_cell#344,1,1,1,1,0.015998002238663,0.0217686247930203,1.3607089477967,0,60.0262935503484,0,0.875271588064168,0
M25131_20260318_cell#345,1,0,1,0,0.0176836436539215,0.0181236229906749,1.02488058147767,1,0,0,0.834315343847299,0
M25131_20260318_cell#346,1,0,0,0,0.0445895158866639,0.0432758702931112,0.970539137565619,1,0,0,0.984153135900449,0
M25131_20260318_cell#347,1,1,1,1,0.0678188131721071,0.0706868995004997,1.04229042347164,0,33.6961661509274,0,0.98950193456759,0
M25131_20260318_cell#348,1,1,1,1,0.0653482073154479,0.0706482459354921,1.08110457559241,0,47.0676848805834,0,0.800303900260095,0
M25131_20260318_cell#349,1,0,0,0,0.0345352327363812,0.0325561062164978,0.942692538515934,1,0,0,0.947599122809548,0
M25131_20260318_cell#350,1,1,1,1,0.0359073598944001,0.0393569188029713,1.09606829682594,0,24.6028584268672,0,0.792742056563771,0
M25131_20260318_cell#351,0,1,1,0,0.00255764066758266,0.00395364932006177,1.54581891435068,2.47131572362891e-05,28.1767600454691,0.916337059583146,NaN,0
M25131_20260318_cell#352,1,0,0,0,0.0597624694223568,0.0601513611614223,1.00650729032492,0.971672197867733,0,0,0.973477832681667,0
M25131_20260318_cell#353,1,0,0,0,0.00473882690407457,0.00447765104648197,0.944885968008659,1,0,9.99200722162641e-16,1.03054928808909,0
M25131_20260318_cell#354,1,0,0,0,0.0776152246086177,0.0782903558045982,1.00869843770194,0.99999999999994,0,0,0.977133511494767,0
M25131_20260318_cell#355,1,1,1,1,0.0605225426757736,0.0685419907693011,1.13250348942689,0,100.4844975738,0,0.970740301981554,0
M25131_20260318_cell#356,1,1,1,1,0.016385452000102,0.0181684920031685,1.10881848136111,1.11022302462516e-16,29.6970982177171,0,0.892130497036304,0
M25131_20260318_cell#357,1,0,0,0,0.0133099355148612,0.012187944103322,0.915702716193745,1,0,0,0.690769436205638,0
M25131_20260318_cell#358,1,1,1,1,0.030501974613294,0.0345442357499466,1.13252457219248,0,90.5350026084317,0,0.97360661832633,0
M25131_20260318_cell#359,1,0,0,0,0.0578453251819441,0.0576482127382026,0.996592422237726,1,0,0,0.925533301318336,0
M25131_20260318_cell#360,1,0,0,0,0.0605748662091795,0.0609204335574566,1.00570479754893,0.999999863674672,0,0,1.02563034913726,1
M25131_20260318_cell#361,1,1,1,1,0.0272951111090161,0.0338912121274852,1.24165869822344,0,80.7204921146382,0,1.04252999990784,1
M25131_20260318_cell#362,1,1,1,1,0.0333447273856157,0.0483442979514593,1.44983335423261,0,96.098218931451,0,0.98389702335463,0
M25131_20260318_cell#363,1,1,1,1,0.148803004488016,0.171920648070406,1.15535737105532,0,98.4348412902957,0,0.973003923880754,0
M25131_20260318_cell#364,1,1,1,1,0.0220225311573243,0.0235587307641459,1.06975581489009,0,30.0871938473083,0,0.944299612873115,0
M25131_20260318_cell#365,1,1,1,1,0.0708736056231898,0.0788640383026133,1.11274200894908,0,220.992123983777,0,0.98658420108888,0
M25131_20260318_cell#366,1,0,0,0,0.0424572757910696,0.0402029606466665,0.946903914525828,1,0,0,0.941006716439452,0
M25131_20260318_cell#367,1,1,1,1,0.055779758554436,0.066987931157017,1.20093619787979,0,27.0264169417273,0,1.00061174843576,0
M25131_20260318_cell#368,1,1,1,1,0.0539410471554106,0.0960088856516248,1.77988546227165,0,77.5032940436301,0,0.980257912900955,0
M25131_20260318_cell#369,1,1,1,1,0.0502482804088566,0.0643862549662795,1.2813623559331,0,263.893082642298,0,0.987010178367641,0
M25131_20260318_cell#370,1,1,1,1,0.119573744513207,0.143300069696268,1.1984242049093,0,141.781172714759,0,0.998324730398691,0
M25131_20260318_cell#371,1,0,0,0,0.0194067367747432,0.0196639163665884,1.01325207812268,1,0,0,0.944305152813693,0
M25131_20260318_cell#372,1,0,0,0,0.00868895425674644,0.00718168310771035,0.826530200931166,1,0,0.0138092816475155,0.842508066444847,0
M25131_20260318_cell#373,1,0,0,0,0.0189266829210904,0.0185114472987763,0.978060834851767,0.911682010507293,0,1.00399688562902e-11,0.992504264234244,0
M25131_20260318_cell#374,1,1,1,1,0.0436338160879518,0.0460356918791993,1.05504620055248,0,20.6691894995137,0,0.95510394819041,0
M25131_20260318_cell#375,1,1,1,1,0.023848884139095,0.0315502836663218,1.32292494199349,0,36.1945407123796,0,0.842510767529432,0
M25131_20260318_cell#376,1,1,1,1,0.10138632855636,0.104344159989402,1.02917386865821,0,160.744261358086,0,0.98839432332952,0
M25131_20260318_cell#377,1,0,0,0,0.0142873634078183,0.0134467666328239,0.941165017575294,1,0,4.83704789440154e-05,0.926874542765682,0
M25131_20260318_cell#378,1,1,1,1,0.0462387243569029,0.04916630476603,1.0633144717949,0,17.3354852981091,0,1.01740661725728,1
M25131_20260318_cell#379,1,0,1,0,0.0164374719019134,0.0169170499195337,1.02917589885367,0.118817127706192,0,0,0.801577881661234,0
M25131_20260318_cell#380,1,1,1,1,0.022790108059059,0.0295211485761072,1.29534921465073,0,68.2202992753897,0,0.958544389387466,0
M25131_20260318_cell#381,0,1,1,0,0.00425240020195844,0.00520005840240082,1.22285254337208,0.00323598581278406,17.1911184510853,0.913163549159862,NaN,0
M25131_20260318_cell#382,1,1,1,1,0.0836799053952004,0.0885712531646237,1.0584530748012,0,40.4249157688663,0,0.961891799478761,0
M25131_20260318_cell#383,1,0,0,0,0.0083244264739341,0.00815296807052836,0.979402977016781,1,0,0,1.05921932426183,0
M25131_20260318_cell#384,1,1,1,1,0.202225955300988,0.216200867122173,1.06910543110248,0,152.275735138885,0,1.03532759980959,1
M25131_20260318_cell#385,1,1,1,1,0.0234769108486936,0.0250120075042447,1.06538750627988,0,28.9504760750703,0,0.950386356628537,0
M25131_20260318_cell#386,1,0,0,0,0.0446619432465746,0.0427935097846368,0.958164976126938,1,0,0,0.975086709608477,0
M25131_20260318_cell#387,1,1,1,1,0.0202354940632369,0.0275558039088597,1.36175592366297,0,62.4478303624644,0,0.971589724634978,0
M25131_20260318_cell#388,1,1,1,1,0.0321767175234926,0.0569681941749715,1.77047873616625,0,227.676776286917,0,0.980554344837011,0
M25131_20260318_cell#389,1,0,0,0,0.0612527099673197,0.0621025230116013,1.01387388484093,0.999999999999957,0,0,0.995380283409349,0
M25131_20260318_cell#390,1,0,0,0,0.0298313495085657,0.0288127727916219,0.965855493173338,1,0,0,0.964966147613034,0
M25131_20260318_cell#391,1,0,0,0,0.0412646963953984,0.0400133591384655,0.96967535529784,1,0,0,0.893204181740029,0
M25131_20260318_cell#392,1,1,1,1,0.107181056235094,0.120633952015707,1.12551561118324,0,108.527301809619,0,0.989950704791936,0
M25131_20260318_cell#393,1,1,1,1,0.00640755862386405,0.00979530543431568,1.52871101293314,0,34.5385324962902,0,0.849363465981218,0
M25131_20260318_cell#394,1,0,0,0,0.0128125858690719,0.0115978025861375,0.905188281635887,1,0,0,0.989911739108111,0
M25131_20260318_cell#395,1,0,0,0,0.02514818961117,0.0240887363697534,0.957871590050917,1,0,0,0.898098238707086,0
M25131_20260318_cell#396,1,1,1,1,0.0195326210397767,0.026087896307304,1.33560653504606,0,47.6997131408526,0,0.865929141728452,0
M25131_20260318_cell#397,1,1,1,1,0.167604208097337,0.186344826536417,1.11181472501094,0,24.2301836061842,0,0.974106216118365,0
M25131_20260318_cell#398,1,1,1,1,0.0127103604685187,0.0143842936826487,1.13169832738229,5.37920950893778e-07,20.9662508104892,0,0.990078237360304,0
M25131_20260318_cell#399,1,1,1,1,0.0328445732631279,0.0356559957779749,1.08559777873574,1.83442150358815e-12,49.7960667065005,0,0.933239120394581,0
M25131_20260318_cell#400,1,0,0,0,0.0270795436873934,0.0268614148568169,0.991944885294428,0.997915590376029,0,0,0.949574309236493,0
M25131_20260318_cell#401,1,0,0,0,0.0224104900243345,0.0225205368809356,1.0049105064852,1,0,0,0.959972645445798,0
M25131_20260318_cell#402,1,0,1,0,0.00442813972129434,0.00455883377295133,1.02951443718646,0.999999999999993,0,0,0.678637659158213,0
M25131_20260318_cell#403,1,1,1,1,0.260510029214446,0.295051909223832,1.13259328292866,0,341.786105879933,0,1.00969694072197,0
M25131_20260318_cell#404,1,0,0,0,0.011602453141612,0.0111166570670793,0.958129882654697,1,0,0,0.984181190787715,0
M25131_20260318_cell#405,1,0,0,0,0.0209465415346007,0.0184584434535187,0.881216759484042,1,0,0,1.01854962076586,0
M25131_20260318_cell#406,1,1,1,1,0.0253625432956283,0.027343878308789,1.07812051772829,3.3526402396844e-05,19.854546219324,0,0.984113755501035,0
M25131_20260318_cell#407,1,0,1,0,0.0125910458115953,0.0129109591426778,1.0254080031055,0.936921769537981,0,0,0.828144815845631,0
M25131_20260318_cell#408,1,1,1,1,0.0646706643775497,0.0676352334003319,1.04584101696366,0,41.5720744621953,0,0.987335507950007,0
M25131_20260318_cell#409,1,1,1,1,0.121436449513256,0.143072144969032,1.17816475648371,0,108.789468470547,0,0.999017343040945,0
M25131_20260318_cell#410,1,0,0,0,0.0552136765368481,0.0546869548054022,0.990460303234934,1,0,0,0.984765786772428,0
M25131_20260318_cell#411,1,1,1,1,0.0441032367423192,0.0470069830739809,1.0658397556766,0,35.2979172400014,0,0.957328862853907,0
M25131_20260318_cell#412,1,1,1,1,0.0324283852847622,0.0333757873206228,1.02921520845214,0.00156676337695039,20.1675808737298,0,0.942230275987995,0
M25131_20260318_cell#413,1,1,1,1,0.0560863486165174,0.062092979294238,1.107096126346,0,37.0392958486741,0,0.968384527111894,0
M25131_20260318_cell#414,1,1,1,1,0.0448270805610975,0.0588489432918587,1.31279892768502,0,69.9484691358182,0,1.01448953317851,0
M25131_20260318_cell#415,1,1,1,1,0.14013112115876,0.20208166601563,1.44208983946317,0,241.503287671184,0,1.0004212919767,0
M25131_20260318_cell#416,1,0,0,0,0.0412878652790153,0.0416312601931387,1.00831709054956,0.999999999999957,0,0,0.94108963929976,0
M25131_20260318_cell#417,1,1,1,1,0.234319798889495,0.290755167482783,1.24084763157339,0,58.3450989213928,0,0.983469034391453,0
M25131_20260318_cell#418,1,0,0,0,0.00848090387326569,0.00820055957190101,0.966944053894018,1,0,0,0.88736826379159,0
M25131_20260318_cell#419,1,0,0,0,0.00469340205309311,0.00476309062191793,1.01484819924577,0.999999999251757,0,0,0.918960768473231,0
M25131_20260318_cell#420,1,1,1,1,0.132190669316504,0.142566518445327,1.0784915393989,0,41.1623301740231,0,0.995387362308233,0
M25131_20260321_cell#1,1,0,0,0,0.0322732744833134,0.03186772517904,0.987433896598155,1,0,0,0.96342676063766,0
M25131_20260321_cell#2,1,1,1,1,0.0835545768153545,0.0915476832669476,1.09566329884306,0,112.857865469712,0,0.973191091740916,0
M25131_20260321_cell#3,1,1,1,1,0.0268397882511859,0.0459807039714399,1.71315449813239,0,121.3083132588,0,0.977278053160872,0
M25131_20260321_cell#4,1,1,1,1,0.222383417861704,0.247351638988257,1.11227555258675,0,210.855660914142,0,1.0023005536545,0
M25131_20260321_cell#5,1,1,1,1,0.116437015424658,0.16510043513102,1.41793771103528,0,204.063948231967,0,1.00096800984525,0
M25131_20260321_cell#6,1,1,1,1,0.0249467629947338,0.0314044107340001,1.25885714072922,0,55.7251692635282,0,0.97128613178088,0
M25131_20260321_cell#7,1,1,1,1,0.0518199192408955,0.0536464619771278,1.03524788851448,0,23.4128622106104,0,0.993474593272558,0
M25131_20260321_cell#8,1,1,1,1,0.0955601016426724,0.109781668109253,1.14882326642723,0,67.9657490070318,0,0.980460629577985,0
M25131_20260321_cell#9,1,1,1,1,0.022273232565387,0.0291200171829741,1.30739968244336,0,80.4928119198628,0,0.994308511842428,0
M25131_20260321_cell#10,1,1,1,1,0.0655167675975367,0.0762158621712093,1.16330315072007,0,277.270896063582,0,0.982746287462338,0
M25131_20260321_cell#11,1,1,1,1,0.0190018722771267,0.0213841639018859,1.12537141551187,0,20.9612838369863,0,0.939535064671291,0
M25131_20260321_cell#12,1,0,0,0,0.0167673173236581,0.0165525243940885,0.987189785615467,1,0,0,0.931636409302896,0
M25131_20260321_cell#13,1,1,1,1,0.0690530278813821,0.0797393290159834,1.15475499717345,0,134.10453343981,0,0.990769195031935,0
M25131_20260321_cell#14,1,1,1,1,0.125141946525994,0.16224870204009,1.29651732727674,0,366.1119584114,0,1.00179067237837,0
M25131_20260321_cell#15,1,1,1,1,0.022841617490607,0.0380290485505645,1.66490173325961,0,90.0881441607118,0,0.978464840733309,0
M25131_20260321_cell#16,0,0,0,0,0.0609661633404224,0.0587225581495706,0.963199173641221,1,0,1,0.970529358928785,0
M25131_20260321_cell#17,1,1,1,1,0.00167353163689292,0.00888223679451672,5.30748065869105,0,62.7038761013377,0,0.817147370033826,0
M25131_20260321_cell#18,1,0,0,0,0.0454845814421733,0.0453738687020845,0.997565928132602,0.999999987923573,0,0,0.996097896635656,0
M25131_20260321_cell#19,1,1,1,1,0.128453308650001,0.150668512990497,1.17294380794057,0,322.080064913897,0,0.993332200237436,0
M25131_20260321_cell#20,1,1,1,1,0.0663959601087528,0.0723050287492938,1.08899741235555,0,115.077109926772,0,0.957211839537958,0
M25131_20260321_cell#21,1,0,0,0,0.0148791458069771,0.0144220311988164,0.969278168646866,0.999940825659051,0,0,0.839598358308725,0
M25131_20260321_cell#22,1,1,1,1,0.00551088193043264,0.00782153042258585,1.41928833194432,0,41.9789256664249,0,0.473828088898667,0
M25131_20260321_cell#23,1,1,1,1,0.0443216074604973,0.0576193490438722,1.30002841379855,0,33.4233861034103,0,0.982690345341612,0
M25131_20260321_cell#24,1,0,1,0,0.0117642620017583,0.0119705335697653,1.01753374482617,1,0,0,0.99805744461481,0
M25131_20260321_cell#25,1,1,1,1,0.0226364866481843,0.0260716571835465,1.1517536969739,0,39.9154369390624,0,0.959458504280696,0
M25131_20260321_cell#26,1,1,1,1,0.0163323260553461,0.0179039658923286,1.09622878159894,0,94.2849653512637,0,0.975992406672999,0
M25131_20260321_cell#27,1,0,0,0,0.0322974254602293,0.0304571470000173,0.943020893028205,1,0,0,1.00334541083028,0
M25131_20260321_cell#28,1,0,0,0,0.0237980493368022,0.0234742026624371,0.986391881545338,1,0,0,1.02928119668036,1
M25131_20260321_cell#29,1,0,1,0,0.0182319978212557,0.0185579798677336,1.0178796668184,1,0,0,0.929416079233896,0
M25131_20260321_cell#30,1,1,1,1,0.0169985020298543,0.0243240033677974,1.43094981693548,0,33.4769739713816,0,0.945989284074882,0
M25131_20260321_cell#31,1,0,0,0,0.0192984423931218,0.0189225678491854,0.980523063142634,1,0,6.58362253602718e-14,1.09274779848867,1
M25131_20260321_cell#32,1,1,1,1,0.0402376361227354,0.0551644856805699,1.37096735783145,0,124.572423435239,0,1.04155341444133,1
M25131_20260321_cell#33,1,0,0,0,0.0452007644622045,0.0430218290073958,0.951794278686798,1,0,0,0.958724402961742,0
M25131_20260321_cell#34,1,0,0,0,0.0078947942101861,0.00734032790338536,0.92976811148727,0.809913106056575,0,0,0.999181118816574,0
M25131_20260321_cell#35,1,1,1,1,0.159269138092279,0.174227858355162,1.09392102225238,0,91.0538078570955,0,0.98721727591296,0
M25131_20260321_cell#36,1,1,1,1,0.022728992194718,0.0249442952261515,1.09746595944312,0,22.5930004030206,0,1.00929700339847,0
M25131_20260321_cell#37,1,1,1,1,0.00998540204757496,0.0156192969649429,1.5642131273759,0,24.4938745565001,0,0.983533808378272,0
M25131_20260321_cell#38,1,1,1,1,0.0225731695813412,0.0305759436807969,1.35452593711389,0,65.1566030395542,0,0.888384550152907,0
M25131_20260321_cell#39,1,0,0,0,0.101643179837331,0.0931576461162434,0.916516447688198,1,0,0,1.02095556169484,1
M25131_20260321_cell#40,1,1,1,1,0.0185593139271385,0.020919496304071,1.12716969960195,0,22.8538678420178,0,0.866389480040991,0
M25131_20260321_cell#41,1,0,1,0,0.00625322812995006,0.0064478749727406,1.03112741751069,1,0,1.11022302462516e-16,1.06042326401931,0
M25131_20260321_cell#42,1,1,0,0,0.0269852295394959,0.0268979447336587,0.996765459945063,0.000304574164327387,10.3395567079338,0,NaN,0
M25131_20260321_cell#43,1,1,1,1,0.0463200966464506,0.047801464605654,1.03198110682951,0,31.7811587710499,0,0.99806679846155,0
M25131_20260321_cell#44,1,1,1,1,0.0108148716778054,0.0119546675251708,1.10539152764101,2.67448678403781e-06,44.435747268073,0,0.967586908516276,0
M25131_20260321_cell#45,1,1,1,1,0.0179292578039636,0.0213944447929396,1.19326996280962,0,23.2436022986991,0,0.93400656780183,0
M25131_20260321_cell#46,1,1,1,1,0.110859810459425,0.118396680147194,1.06798559059893,0,89.0409414559366,0,0.983389403505372,0
M25131_20260321_cell#47,1,1,1,1,0.0676926646649064,0.0818119211355911,1.20857882520326,0,35.1166143324192,0,1.01024799233107,0
M25131_20260321_cell#48,1,1,1,1,0.032465556321101,0.0368219262084222,1.13418435970216,0,38.4172250707595,0,0.976323683631145,0
M25131_20260321_cell#49,1,1,1,1,0.056815349575574,0.0880344059704631,1.54948278287653,0,207.065642905162,0,0.993793608950731,0
M25131_20260321_cell#50,1,1,1,1,0.0165374006184975,0.0213697795057379,1.29220909614025,0,52.1577975763531,0,0.984108174471082,0
M25131_20260321_cell#51,1,1,1,1,0.113976302296058,0.124514391084778,1.09245859513276,0,43.4394946644388,0,0.99684528081105,0
M25131_20260321_cell#52,1,1,1,1,0.0942058509093553,0.0973361696928592,1.03322849646054,0,39.9962251788433,0,0.966818893699334,0
M25131_20260321_cell#53,1,1,1,1,0.0275366841535964,0.0327860637578054,1.19063223352996,0,62.705591152701,0,0.921626552698282,0
M25131_20260321_cell#54,1,0,0,0,0.0261434518407311,0.0249687366562561,0.9550665615378,1,0,0,1.08744253405255,1
M25131_20260321_cell#55,1,0,0,0,0.0214599801213269,0.0199005093060802,0.927331208769532,1,0,0,0.99239791756454,0
M25131_20260321_cell#56,1,1,1,1,0.0207115075383545,0.02630106723436,1.26987700850141,0,117.779052822374,0,0.853184215552824,0
M25131_20260321_cell#57,1,0,0,0,0.00614815549802951,0.00533562362162091,0.867841358815824,1,0,0,0.860674975798485,0
M25131_20260321_cell#58,1,1,1,1,0.00597083238961528,0.00840579888973816,1.40781022497933,0,29.4787515239799,0,0.940893182136284,0
M25131_20260321_cell#59,1,0,1,0,0.0172585956293074,0.0181123252703266,1.04946692415514,1,0,0,1.03447442637085,1
M25131_20260321_cell#60,1,1,1,1,0.00963815262021158,0.0136341197364221,1.41459886283922,1.30224497851827e-10,66.2383961788212,0,1.15673721448144,1
M25131_20260321_cell#61,1,1,1,1,0.206045200611758,0.230034200182499,1.1164259080023,0,269.99238763234,0,0.996195573304307,0
M25131_20260321_cell#62,1,1,1,1,0.0600516957580032,0.063044914967584,1.04984404140131,0,26.6770517664848,0,1.00433398149141,0
M25131_20260321_cell#63,1,1,1,1,0.0275911635433779,0.0337800534390228,1.22430695559159,0,34.5256462153859,0,1.06400436044812,1
M25131_20260321_cell#64,1,1,1,1,0.118707561799442,0.123628865022926,1.04145736926009,0,120.645722903661,0,0.992826132611283,0
M25131_20260321_cell#65,1,0,0,0,0.090288206494375,0.0839782247656296,0.930112890999351,1,0,0.00812235932548711,0.981120528726154,0
M25131_20260321_cell#66,0,0,0,0,0.0583334795310368,0.0539883137387769,0.925511630247463,1,0,1,0.983501605515852,0
M25131_20260321_cell#67,1,1,1,1,0.0145752648128199,0.0226044366169117,1.55087656431667,0,49.6870743722376,0,0.921281959224859,0
M25131_20260321_cell#68,0,1,1,0,0.0486185736156885,0.056754535356349,1.16734266630223,0,42.0844451614671,1,NaN,0
M25131_20260321_cell#69,0,1,1,0,0.0284320257003021,0.0399058869253359,1.4035541240001,0,76.9905734156554,1,NaN,0
M25131_20260321_cell#70,1,0,0,0,0.0151406509699095,0.0143861321274056,0.950166023640369,1,0,0,0.98672933741722,0
M25131_20260321_cell#71,1,0,0,0,0.122401133065557,0.121128179473627,0.98960014862568,1,0,0,0.994651727200983,0
M25131_20260321_cell#72,1,0,0,0,0.102308579035528,0.0998303189532873,0.975776615161666,1,0,0,0.980528985972234,0
M25131_20260321_cell#73,1,0,1,0,0.00749339001042335,0.00830355881256782,1.10811779461866,0.999999999999971,0,0,0.964905097071269,0
M25131_20260321_cell#74,1,1,1,1,0.144749394738048,0.153349249221189,1.05941202378569,0,41.5077880300399,0,0.985711494437648,0
M25131_20260321_cell#75,1,1,1,1,0.164537493218403,0.19443858027982,1.1817281063212,0,33.3936514521113,0,0.949962315987453,0
M25131_20260321_cell#76,1,1,1,1,0.0241624763523187,0.0297778795664842,1.23240180899863,0,71.5891514792909,0,0.911935936775745,0
M25131_20260321_cell#77,0,1,1,0,0.0110193929295203,0.0140439461168531,1.27447548215022,1.6085126564036e-09,40.9312447502291,1,NaN,0
M25131_20260321_cell#78,1,1,1,1,0.198484389786103,0.209127413040448,1.05362146245261,0,126.712975437101,0,0.99174304537814,0
M25131_20260321_cell#79,1,1,1,1,0.00625877468938998,0.00819007971034902,1.30857557857659,0,25.3872968938364,0,0.989210400456627,0
M25131_20260321_cell#80,1,0,0,0,0.0121073567067672,0.0112792467191177,0.931602743050712,1,0,0,0.840027471850084,0
M25131_20260321_cell#81,1,1,1,1,0.00594984851463827,0.00971909301967213,1.63350260023604,0.0133010407214771,27.2664376668238,0,1.43557179298516,1
M25131_20260321_cell#82,1,0,0,0,0.0218999118764035,0.0203451873018069,0.929007724625971,1,0,0,1.02446439749908,1
M25131_20260321_cell#83,0,0,0,0,0.0682976747864834,0.0661955983061725,0.969221844127452,1,0,1,0.989445785640756,0
M25131_20260321_cell#84,1,1,1,1,0.0239016262537579,0.026347348384693,1.10232450733559,0,48.5210936723436,0,0.833016807742527,0
M25131_20260321_cell#85,0,0,1,0,0.00552819437170352,0.00658371281321642,1.19093367029851,0.868083229322994,0,0.102087917398379,0.886178863887487,0
M25131_20260321_cell#86,1,1,1,1,0.0204461309359843,0.0258395427471452,1.2637864262949,0,35.2893458871645,0,1.02678317395893,1
M25131_20260321_cell#87,1,0,0,0,0.0189313752992881,0.0177958608939301,0.940019444577771,1,0,0,0.99426924374573,0
M25131_20260321_cell#88,1,1,1,1,0.00949168613718836,0.0119573573563753,1.25977167634383,0,16.3559585606852,0.0351145162017561,1.03005917764207,0
M25131_20260321_cell#89,1,1,1,1,0.0124061463702551,0.013088495396076,1.05500088467898,4.15334433512271e-13,16.2786843760031,0,0.700103351289473,0
M25131_20260321_cell#90,1,0,0,0,0.0132112112902324,0.0117964615527487,0.892912942923732,1,0,0,0.991338573318055,0
M25131_20260321_cell#91,0,0,0,0,0.0155715410004891,0.0152277850942268,0.977924092018157,1,0,0.999999975891923,0.955669304218494,0
M25131_20260321_cell#92,1,1,1,1,0.0535198436660427,0.0619480020984802,1.15747726179897,0,40.1177872414756,0,1.01296075854833,0
M25131_20260321_cell#93,1,1,1,1,0.058289131993183,0.0608107931265754,1.04326125723895,0,36.0354313979499,0,1.00100438220616,0
M25131_20260321_cell#94,1,0,0,0,0.0998516775945875,0.0991387190850517,0.992859824424478,1,0,5.75213210396441e-11,0.989244223041411,0
M25131_20260321_cell#95,1,1,1,1,0.0449828486237564,0.0514321333338094,1.14337208307984,0,35.3697221003197,0,0.964976169906684,0
M25131_20260321_cell#96,1,1,1,1,0.0520721856262694,0.0572087291046601,1.09864274788188,0,32.8019220380572,0,0.99768012437538,0
M25131_20260321_cell#97,1,1,1,1,0.0373013777269516,0.0425189452308163,1.13987599981045,0,29.8977614612183,0,0.928804902892698,0
M25131_20260321_cell#98,1,1,1,1,0.0572631121116319,0.0616138169579301,1.07597744317173,3.10862446895044e-15,60.0945167634066,0,0.994786739830342,0
M25131_20260321_cell#99,1,1,1,1,0.129914933716677,0.132601614243714,1.02068030556746,0,48.1525974866421,0,0.933948734316219,0
M25131_20260321_cell#100,1,0,0,0,0.0183587300719262,0.0155458679064338,0.846783401985209,0.999993045987597,0,0,1.16904377573085,1
M25131_20260321_cell#101,1,1,1,1,0.040838249737419,0.0506982097332994,1.2414393383477,0,57.4076518291595,0,1.02675269687284,1
M25131_20260321_cell#102,1,0,0,0,0.0150203699100435,0.014043527625355,0.934965497485166,1,0,0,0.847527669290832,0
M25131_20260321_cell#103,1,0,0,0,0.0958073108503314,0.0929726015232445,0.970412390224424,1,0,0,0.979022329410656,0
M25131_20260321_cell#104,1,0,0,0,0.0834446489023734,0.0827588839863187,0.991781798772298,1,0,0,0.981166831762238,0
M25131_20260321_cell#105,1,0,0,0,0.0284757862356366,0.0249754001720285,0.877074998574493,1,0,4.77395900588817e-15,1.01774006534005,1
M25131_20260321_cell#106,1,1,1,1,0.11873826926803,0.211811662853634,1.78385337902735,0,311.416186948006,0,0.992946130833701,0
M25131_20260321_cell#107,1,1,1,1,0.0638323872432537,0.0684547996764241,1.07241484507786,0,24.3089135425978,0,0.99461063711799,0
M25131_20260321_cell#108,0,0,0,0,0.00607775234044214,0.00383280449741441,0.630628607867161,0.973498185287875,0,0.999999999999981,0.887528409716293,0
M25131_20260321_cell#109,1,1,1,1,0.0409393755456907,0.0454627164588388,1.11048876180585,0,41.047090128376,0,0.851835209026227,0
M25131_20260321_cell#110,1,1,1,1,0.0200286067207676,0.0246033706389434,1.22841149072203,0,32.7314950200708,0,0.974634964117414,0
M25131_20260321_cell#111,1,0,0,0,0.0353199466660394,0.0330252908752795,0.935032297402472,1,0,0,0.920813947330557,0
M25131_20260321_cell#112,1,0,0,0,0.0850874026264951,0.0780186734112146,0.916923904161115,1,0,3.88578058618805e-15,1.06866980333584,1
M25131_20260321_cell#113,1,0,0,0,0.0496866757000213,0.0470597982785407,0.947131149659919,1,0,0,1.03497508986855,1
M25131_20260321_cell#114,0,1,1,0,0.00430514904154097,0.00527477049820492,1.22522366759151,2.57332089981244e-06,16.1876180899389,0.999338808636242,NaN,0
M25131_20260321_cell#115,1,1,1,1,0.021105611686723,0.023634259456117,1.11980926243349,0,32.0257429559651,0,0.975496844124323,0
M25131_20260321_cell#116,0,0,0,0,0.0185604652837509,0.00986492402335472,0.531501978670285,1,0,1,0.921893542929587,0
M25131_20260321_cell#117,1,1,1,1,0.049432169944046,0.0583623149437261,1.18065452133274,0,30.8878287544402,0,0.921257617931661,0
M25131_20260321_cell#118,1,0,0,0,0.0296744428262612,0.0290226757569011,0.978036080637602,1,0,0,0.996165236768168,0
M25131_20260321_cell#119,1,1,1,1,0.0295628930032089,0.0345332885166554,1.16812953701476,0.0319987940362144,50.5952760650558,0,0.915183021545762,0
M25131_20260321_cell#120,1,0,0,0,0.0144831837639042,0.0144976735053747,1.00100045278073,0.999999999996015,0,0.00239697014475992,1.15623354071213,1
M25131_20260321_cell#121,1,0,0,0,0.0640387806686183,0.0637332344825334,0.995228731982484,1,0,0,0.966492546045483,0
M25131_20260321_cell#122,1,1,1,1,0.0492726563512934,0.0526022854479518,1.0675755955376,0,13.6359946553702,0,0.881433180517227,0
M25131_20260321_cell#123,1,0,0,0,0.100196142350732,0.0965716338477314,0.96382586776332,1,0,0,1.03779823261387,1
M25131_20260321_cell#124,1,1,1,1,0.0138584184743296,0.0146481293459727,1.0569841986736,0.0115885426995596,20.6197436399083,0,0.84694109602216,0
M25131_20260321_cell#125,1,1,1,1,0.0141798685279636,0.0187422905592296,1.3217534790445,0,51.3619326707259,0,0.865778337408329,0
M25131_20260321_cell#126,1,1,1,1,0.0359097287908812,0.0393828069508002,1.09671691424194,0,25.2001214563612,0,1.06198915944477,1
M25131_20260321_cell#127,1,0,0,0,0.017701468817795,0.0178431439096393,1.00800357830769,1,0,0,1.05874040647623,1
M25131_20260321_cell#128,1,0,0,0,0.0623068394368344,0.0612300923938223,0.982718638070164,1,0,0.0225876907499548,0.955466393497282,0
M25131_20260321_cell#129,1,1,1,1,0.00546037923726856,0.0111406597979964,2.04027217046727,0,61.8143986431222,0,1.00221813216636,0
M25131_20260321_cell#130,1,1,1,1,0.0412100195980533,0.0427504626981125,1.03738030496186,5.37574729134738e-05,27.3368613211853,0,0.885828361601729,0
M25131_20260321_cell#131,1,0,0,0,0.0639446185742118,0.0628312540944086,0.982588613324654,1,0,0,0.974665828667263,0
M25131_20260321_cell#132,1,1,1,1,0.0158586680525228,0.0178871849571023,1.12791218643717,0,16.8768848080785,0,0.963202319828921,0
M25131_20260321_cell#133,1,1,1,1,0.0476268749273075,0.0518450927133662,1.08856801527492,0,17.613422903129,0,0.994548310619976,0
M25131_20260321_cell#134,1,0,0,0,0.0372538319612688,0.0353780953817242,0.949649835176829,0.963377453116944,0,0,0.861939917813177,0
M25131_20260321_cell#135,1,1,1,1,0.0565373495534353,0.0616660018871741,1.09071264171823,0,53.8694000230067,0,0.979959963639282,0
M25131_20260321_cell#136,1,0,0,0,0.024078630609311,0.0231954660289061,0.963321644210807,1,0,0,0.91618373603299,0
M25131_20260321_cell#137,1,1,1,1,0.0238609033011225,0.0267952628014231,1.12297772063653,0,17.9814373467084,0,1.10523362230913,1
M25131_20260321_cell#138,1,1,1,1,0.0787565350845062,0.0950980353002873,1.2074938949288,0,83.2345197889613,0,1.0054905052473,0
M25131_20260321_cell#139,1,1,1,1,0.0431162392690538,0.0561606093416378,1.30253960674039,0,68.9998155218784,0,0.996099480411874,0
M25131_20260321_cell#140,0,0,0,0,0.0123473360141233,0.0123072998105233,0.996757502707125,1,0,0.420971746206871,1.02466343650666,0
M25131_20260321_cell#141,1,0,1,0,0.00278228230860169,0.00303534720528112,1.09095586594396,0.999999999991979,0,6.9218675770033e-06,0.685934872645444,0
M25131_20260321_cell#142,1,1,1,1,0.0653174344669588,0.0670672874160161,1.02678998284819,0,24.8370432499618,0,1.02878295154239,1
M25131_20260321_cell#143,1,1,1,1,0.0599872526049199,0.0853401611333143,1.42263826775616,0,182.341867328783,0,1.03859669840666,1
M25131_20260321_cell#144,1,1,1,1,0.0284624319109144,0.0406023003778613,1.42652252994206,0,54.9686783463301,0,0.967627090787865,0
M25131_20260321_cell#145,1,1,1,1,0.0180425892173403,0.0240549346084939,1.33323074192563,0,36.1115240253787,0,0.942902949208318,0
M25131_20260321_cell#146,1,1,1,1,0.00213395408472074,0.00412176437802035,1.9315150253384,0.00025684986163832,52.1403530044408,0,0.850065141525636,0
M25131_20260321_cell#147,0,0,1,0,0.000839585533520901,0.00100129569374422,1.19260713026483,0.98506670596619,NaN,1,-1100.79636250583,0
M25131_20260321_cell#148,1,1,1,1,0.0424680633286239,0.0470207633149441,1.10720291036327,0,15.4847837108713,0,0.984771604223119,0
M25131_20260321_cell#149,1,1,1,1,0.0588545946934303,0.0680838983827233,1.15681534699827,0,93.7239386229579,0,1.00163497403684,0
M25131_20260321_cell#150,1,1,1,1,0.0620138494919041,0.0982582966037394,1.58445730121248,0,188.129711278869,0,0.992872092812588,0
M25131_20260321_cell#151,1,1,1,1,0.106785383761738,0.108630064027277,1.01727465127302,0,59.5470500489708,0,0.993958754950405,0
M25131_20260321_cell#152,1,1,1,1,0.0446493167800514,0.0456563480986022,1.02255423803037,0,30.5273019417096,0,1.00643969770074,0
M25131_20260321_cell#153,0,0,1,0,0.0130725829617465,0.0142111189806572,1.08709342463095,0.92772939926822,0,1,0.92156249797624,0
M25131_20260321_cell#154,1,1,1,1,0.0841859241280265,0.0932445090728923,1.10760213228865,0,28.0939216139723,0,0.987610814759051,0
M25131_20260321_cell#155,1,0,0,0,0.0772276088449091,0.0769980641233818,0.997027685759528,1,0,0,0.99324072015775,0
M25131_20260321_cell#156,0,0,0,0,0.00712981422585086,0.00655206141306329,0.918966638612716,1,0,0.226617653569952,0.997901036722324,0
M25131_20260321_cell#157,1,0,1,0,0.00687068608229415,0.00736296184276178,1.07164870503053,0.451467745558649,0,0,1.19571332042364,1
M25131_20260321_cell#158,1,1,1,1,0.0246249042572082,0.0261154299382704,1.06052919700696,9.42579347906758e-14,23.8410318992675,0,0.963739626410304,0
M25131_20260321_cell#159,1,1,1,1,0.121345600796896,0.131802827284161,1.08617721959915,0,79.1955934795307,0,1.02206188087781,1
M25131_20260321_cell#160,1,0,0,0,0.0233091981084422,0.0235457987811715,1.01015052820044,0.0694293024172761,0,0,0.97630898223979,0
M25131_20260321_cell#161,1,1,1,1,0.379891849767722,0.43431667084715,1.14326398713925,0,126.401413679011,0,1.00725996605926,0
M25131_20260321_cell#162,1,1,1,1,0.0749323869700355,0.0778295277072097,1.03866339848927,0,16.4695588130794,0,1.02279359709209,1
M25131_20260321_cell#163,1,1,1,1,0.041118307468542,0.0498437385125993,1.21220306917382,0,23.7247812670669,0,0.967591232853475,0
M25131_20260321_cell#164,1,0,0,0,0.0224694141069945,0.0216737791192616,0.964590310012346,1,0,0,1.03908319676187,1
M25131_20260321_cell#165,0,0,0,0,0.0522088498426819,0.0495126068978377,0.948356591785327,1,0,0.982961580758299,0.983706151503336,0
M25131_20260321_cell#166,1,1,1,1,0.036818683493121,0.0403117809228785,1.09487295846442,0,43.5960732175004,0,1.00989078596226,0
M25131_20260321_cell#167,1,0,0,0,0.0727771740794112,0.0686274522475047,0.942980448411221,1,0,0,0.98905030424081,0
M25131_20260321_cell#168,1,1,1,1,0.0300275678230276,0.0340180443713817,1.13289376521844,0,25.5699393053908,0,0.932385596802756,0
M25131_20260321_cell#169,1,0,0,0,0.0711124091173597,0.069128429859457,0.972100800935762,1,0,0,0.978327446714102,0
M25131_20260321_cell#170,1,0,0,0,0.0269645218872691,0.0253145079712064,0.938807966892163,1,0,0,1.01017130952604,0
M25131_20260321_cell#171,1,1,1,1,0.0260343489414211,0.0291707320911205,1.12047096536796,0,22.5582000033425,0,0.894746290470602,0
M25131_20260321_cell#172,1,1,1,1,0.0269227365073985,0.0290151436216325,1.07771896120809,0,21.0648160090692,0,0.964678109906197,0
M25131_20260321_cell#173,0,0,1,0,0.000390237619523946,0.000632129521215496,1.61985797777938,1,NaN,1,-3565.46093342013,0
M25131_20260321_cell#174,0,1,1,0,0.0275871466671698,0.0289458443958716,1.04925111484323,0,13.9344230645798,1,NaN,0
M25131_20260321_cell#175,1,0,0,0,0.0204891278802995,0.0206604083251968,1.00835957713271,1,0,3.74643494005511e-08,0.987656977354481,0
M25131_20260321_cell#176,0,0,0,0,0.0057014293017542,0.00548086025802924,0.961313377391683,0.999999999602974,0,1,0.926109225896097,0
M25131_20260321_cell#177,1,0,0,0,0.0164092722841559,0.0161683463777325,0.985317697076913,1,0,0,0.916431043622183,0
M25131_20260321_cell#178,0,0,0,0,0.0173868928772015,0.0172816580453461,0.993947461884157,1,0,1,1.06501410585884,1
M25131_20260321_cell#179,1,1,1,1,0.0156744276439303,0.0185848823690245,1.18568172256173,0,21.8788330698221,0,0.987837510620818,0
M25131_20260321_cell#180,0,1,1,0,0.00527233695865972,0.00723103376378667,1.37150448093228,0,17.5672271075173,0.311729669187073,NaN,0
M25131_20260321_cell#181,1,0,0,0,0.0176089531407805,0.0171436638551505,0.973576550411026,1,0,0,0.922827853748559,0
M25131_20260321_cell#182,1,1,1,1,0.0259097741035496,0.0308246044664448,1.18969020506519,0,43.3900555119751,0,0.845742531809366,0
M25131_20260321_cell#183,1,1,1,1,0.0422618865642874,0.0477623291917258,1.13015137455048,0,47.1903921419953,0,0.961555563861905,0
M25131_20260321_cell#184,1,1,1,1,0.0300162374663655,0.0344156433828457,1.14656753436902,0,48.1531088254674,0,1.00967323312474,0
M25131_20260321_cell#185,1,0,0,0,0.0204232844189917,0.0194784408711184,0.953736944142309,1,0,0,0.935363819862604,0
M25131_20260321_cell#186,1,1,1,1,0.0145857715666782,0.0165388867902835,1.13390551296355,0,32.9858316393499,0,0.84112627102102,0
M25131_20260321_cell#187,1,1,1,1,0.0509866209966888,0.0522690452594769,1.02515217203492,0.00637964322203999,49.0584571887873,0,0.919976586979694,0
M25131_20260321_cell#188,1,1,1,1,0.0120696123949057,0.0220850237709783,1.82980389497014,0,50.0503812516766,0,0.977053143922994,0
M25131_20260321_cell#189,1,0,0,0,0.0100092246949554,0.00916297915468577,0.915453437597804,1,0,0,1.26637445219305,1
M25131_20260321_cell#190,1,1,1,1,0.0946511464017682,0.0992974964034339,1.04908920999164,0,31.534568309376,0,0.989322025955305,0
M25131_20260321_cell#191,1,0,0,0,0.0769676669051692,0.0750111675172977,0.97458024302228,1,0,0,0.993190087391601,0
M25131_20260321_cell#192,0,0,0,0,0.0293342019923783,0.028773926744444,0.980900273064191,1,0,1,0.963318884026512,0
M25131_20260321_cell#193,0,0,0,0,0.00544974250435977,0.00540069319143324,0.990999700832233,0.250690058566095,0,1,1.46213864368486,1
M25131_20260321_cell#194,1,1,1,1,0.046338048152488,0.0501010315670828,1.08120720584112,0,27.9857863582511,0,0.970523423674957,0
M25131_20260321_cell#195,1,0,0,0,0.0157397513598506,0.0152166894652944,0.966768096738146,1,0,0,0.846477900163845,0
M25131_20260321_cell#196,1,1,1,1,0.0628747748220673,0.0653546152596071,1.03944094343968,0,36.6206925471276,0,0.943294529285152,0
M25131_20260321_cell#197,1,1,1,1,0.0443435645212889,0.0532084648658518,1.19991402225473,0,46.7589908631051,0,0.956266913002506,0
M25131_20260321_cell#198,1,1,1,1,0.0147713844563384,0.0154880791983572,1.0485191313067,1.11022302462516e-16,20.3410809243531,0,0.862021461020748,0
M25131_20260321_cell#199,1,1,1,1,0.0112925962110185,0.0148862453034359,1.31823054904868,2.66792472003452e-07,15.3095409242029,0,1.15309749025682,1
M25131_20260321_cell#200,0,0,0,0,0.0198374570600211,0.0201307238328298,1.01478348620599,1,0,0.998498563809826,1.00124445471784,0
M25131_20260321_cell#201,1,1,1,1,0.0107447829999442,0.0138190005940137,1.2861125807832,3.33066907387547e-16,10.8473784031794,0,0.94752230906748,0
M25131_20260321_cell#202,1,1,1,1,0.0538253164666724,0.0565002506537492,1.04969658076666,0,21.6113542291105,0,0.982319959792272,0
M25131_20260321_cell#203,1,1,1,1,0.0508338618903245,0.0538869734641844,1.06006058678853,0,19.1651798308507,0,1.02215777238275,1
M25131_20260321_cell#204,1,1,1,1,0.00709687356426271,0.0107584016034267,1.51593536308751,0,22.2492467994378,0,0.83336162306868,0
M25131_20260321_cell#205,1,0,0,0,0.0673937191585191,0.0651830377731725,0.967197516134302,0.449109793920022,0,0,1.01488951027826,0
M25131_20260321_cell#206,1,1,1,1,0.00954782596041583,0.0173001385472184,1.81194531812192,0,39.5144446844263,0,1.16095407195237,1
M25131_20260321_cell#207,1,1,1,1,0.0737073606791458,0.077707546042319,1.05427117897473,0,14.5925584616633,0,1.03056063705494,1
M25131_20260321_cell#208,1,1,1,1,0.017993386411415,0.0190691397286158,1.05978603985953,0.000355939293171126,24.1552502360638,0,0.849211037113207,0
M25131_20260321_cell#209,1,1,1,1,0.00592154318724972,0.0112213804437758,1.89500947454672,0,16.0948691427879,0,1.0064242015807,0
M25131_20260321_cell#210,1,0,0,0,0.0330137347210401,0.0313470427884876,0.949515195822717,1,0,0,1.01420756010635,0
M25131_20260321_cell#211,1,1,1,1,0.0343113390567541,0.0372687179231245,1.08619246428939,0,22.4769013236518,0,1.00795941233555,0
M25131_20260321_cell#212,1,0,0,0,0.0787333396932861,0.0748202563702767,0.950299538438822,1,0,0,0.945113833264367,0
M25131_20260321_cell#213,1,1,1,1,0.0238221071137587,0.0334933005514459,1.40597556679197,0,94.0295526354661,0,1.07408036183867,1
M25131_20260321_cell#214,1,1,1,1,0.019945384516289,0.0369276884317361,1.85144028692844,0,97.88869757784,0,0.790343698204343,0
M25131_20260321_cell#215,1,0,0,0,0.0248012307491785,0.0237749231013588,0.958618680734073,1,0,0,1.01920319437772,1
M25131_20260321_cell#216,1,1,1,1,0.0450933640515603,0.0479571309739841,1.06350750232671,0,23.7150108587866,0,1.00098712783347,0
M25131_20260321_cell#217,1,1,1,1,0.0176709215188698,0.0226205924386703,1.28010259196246,0,26.6947600920054,0,0.944792073350202,0
M25131_20260321_cell#218,1,1,1,1,0.0404498884158801,0.0483701269745529,1.19580371835002,0,26.5602593945991,0,1.04631941455974,1
M25131_20260321_cell#219,1,1,1,1,0.0140848459912981,0.0172356259174985,1.22369999133444,0,25.4972485563756,0,0.937925373087891,0
M25131_20260321_cell#220,1,1,1,1,0.0247063008876964,0.0311345605350774,1.26018705416893,0,17.960902985557,0,1.00854527068367,0
M25131_20260321_cell#221,0,0,0,0,0.053435048550422,0.0476742820354776,0.892191236440845,1,0,1,0.923055638561242,0
M25131_20260321_cell#222,1,1,1,1,0.0251795137593118,0.0328315372649427,1.30389877972926,0,66.0152180748203,0,1.0223596739645,1
M25131_20260321_cell#223,1,1,1,1,0.0600084195109338,0.0639027449937617,1.06489631812613,0,19.1969058474807,0,0.924862108288357,0
M25131_20260321_cell#224,1,0,1,0,0.0087621945128371,0.00926449404244865,1.05732576797692,1,0,0,0.968726265285609,0
M25131_20260321_cell#225,1,1,1,1,0.0261367140721288,0.0337809710207738,1.29247199657728,0,26.8815397889648,0,1.30811525644799,1
M25131_20260321_cell#226,1,1,1,1,0.0152701632410405,0.0202694988909484,1.32739241689778,0,30.3763716815669,0,0.9270070053508,0
M25131_20260321_cell#227,1,1,1,1,0.0193451987565077,0.0210258266604365,1.08687571138877,0,21.3865027924,0,0.882119011608505,0
M25131_20260321_cell#228,0,0,0,0,0.0163964919107838,0.016331256989476,0.996021409844084,0.999999999986209,0,1,1.1842440359358,1
M25131_20260321_cell#229,1,1,1,1,0.0482751171945087,0.0517913389568991,1.07283714606477,0,30.1569291736914,0,0.951702767684478,0
M25131_20260321_cell#230,1,1,1,1,0.0331045419044682,0.0631108935898607,1.90641192897288,0,264.663894889111,0,0.964372984164532,0
M25131_20260321_cell#231,1,0,0,0,0.0351614021289916,0.0353315091458352,1.00483789060003,1,0,0,0.992041719590206,0
M25131_20260321_cell#232,0,0,0,0,0.0209767792329418,0.0197228609256325,0.940223506507605,1,0,1,1.0621324025713,1
M25131_20260321_cell#233,1,1,1,1,0.0436880939792546,0.0477401750472716,1.09275023693964,0,20.7082219351765,0,0.867696182523153,0
M25131_20260321_cell#234,1,1,1,1,0.0115042638532424,0.0153768166617943,1.33661891433935,0,21.9061803063582,0,0.962210504694226,0
M25131_20260321_cell#235,1,0,0,0,0.0637313431246048,0.0642815928869706,1.00863389559027,1,0,0,0.99397296390947,0
M25131_20260321_cell#236,0,0,0,0,0.0027238658080111,0.0024505750987956,0.899668071601863,1,0,1,0.751733744344348,0
M25131_20260321_cell#237,1,1,1,1,0.0250201302067253,0.0316126695236207,1.26348940882503,0,55.2533511698724,0,0.863955243912186,0
M25131_20260321_cell#238,1,0,0,0,0.0197738403665754,0.019542234987268,0.988287283855142,1,0,0,0.973464639962218,0
M25131_20260321_cell#239,1,1,1,1,0.0649420398387138,0.0705155036024082,1.08582212350484,0,34.7312921605404,0,0.891571802604996,0
M25131_20260321_cell#240,1,1,1,1,0.0334632625163832,0.0358941061806094,1.07264215983233,0,37.1679769039947,0,1.00704113909272,0
M25131_20260321_cell#241,0,1,1,0,0.00253159427759149,0.00432504746966692,1.70842836387736,0,17.1100562381514,0,NaN,0
M25131_20260321_cell#242,1,0,1,0,0.0080951809214439,0.00836586416041042,1.03343757744184,0.999176081381813,0,0.049364033939957,0.782747311009064,0
M25131_20260321_cell#243,1,1,1,1,0.0450635434850075,0.0497302528886615,1.10355842090417,0,38.0909373991641,0,0.966992314153729,0
M25131_20260321_cell#244,1,1,1,1,0.0185255185132937,0.0208657310952274,1.12632372909046,0,16.3891858816495,0,0.937613158733258,0
M25131_20260321_cell#245,1,1,0,0,0.0327463332218455,0.0332116024563818,1.01420828498215,0,22.4108660806635,0,NaN,0
M25131_20260321_cell#246,1,1,1,1,0.0722449782093161,0.0795097758802689,1.10055782216315,0,38.3729246995461,0,1.02162151539938,1
M25131_20260321_cell#247,1,1,1,1,0.0263547354594813,0.038075902079885,1.44474613066878,0,48.3203506554453,0,0.928268619088898,0
M25131_20260321_cell#248,1,1,1,1,0.0776916036683295,0.0861839756758587,1.10930874903527,0,49.4280911920383,0,0.992086002249418,0
M25131_20260321_cell#249,0,0,1,0,0.0136512564087034,0.0143478825687672,1.05103018646838,0.112545202953752,0,0.999999798230258,1.01017360201555,0
M25131_20260321_cell#250,1,1,1,1,0.0739706667235091,0.0754532718457245,1.02004314937105,0,74.1533997468587,0,0.951433501035861,0
M25131_20260321_cell#251,1,1,1,1,0.132408729164195,0.15022941037971,1.13458841670035,0,227.536515808583,0,0.991432908912024,0
M25131_20260321_cell#252,1,1,1,1,0.0319276667788251,0.0355757565716853,1.11426108328341,0,25.5124442131997,0,1.00859089827177,0
M25131_20260321_cell#253,0,0,0,0,0.0160816679825152,0.0117091959507537,0.728108300922794,1,0,1,0.964199398086601,0
M25131_20260321_cell#254,0,0,0,0,0.0136400031052299,0.013474659638457,0.987878047717642,1,0,1,0.944450517478553,0
M25131_20260321_cell#255,1,1,1,1,0.0387721933174388,0.0590383170726458,1.52269737719717,0,61.8024884165397,0,0.888984737099313,0
M25131_20260321_cell#256,1,1,1,1,0.0266689533762915,0.0311877760179144,1.16944131919478,0,18.989654320064,0,0.996907516263089,0
M25131_20260321_cell#257,1,1,1,1,0.037179004828353,0.0386257657718761,1.03891338539593,0.00206148688751262,23.6866360732313,0,0.841869451588854,0
M25131_20260321_cell#258,1,0,0,0,0.0884059966174318,0.0871529935247413,0.985826718315131,1,0,0,0.985758872153532,0
M25131_20260321_cell#259,1,0,0,0,0.0178659365130187,0.0180333147233237,1.009368566276,1,0,1.1554179835116e-10,0.994956786900959,0
M25131_20260321_cell#260,1,0,0,0,0.0570333455981143,0.0548574703655048,0.961849069000058,1,0,1.24867227668801e-10,0.961983150801679,0
M25131_20260321_cell#261,1,1,1,1,0.04786887596169,0.0529900329712208,1.10698302198759,0,23.6958401448142,0,0.961703280378133,0
M25131_20260321_cell#262,1,0,0,0,0.0233471616861931,0.0224125556456503,0.959969179418695,1,0,0,1.02934683880701,1
M25131_20260321_cell#263,1,1,1,1,0.0151054792725644,0.0217996824516712,1.44316390485307,0,46.1329861555836,0,0.839085486991429,0
M25131_20260321_cell#264,1,0,0,0,0.0435797190166315,0.0413747955575804,0.94940482617133,1,0,0,1.03721403947219,1
M25131_20260321_cell#265,1,1,1,1,0.0509822207456082,0.0533215433667847,1.04588506712662,0,25.1353387474345,0,0.963035741534362,0
M25131_20260321_cell#266,1,1,1,1,0.0130255288949779,0.023892912635183,1.83431420158264,0,75.8804611079258,0,0.933310177034658,0
M25131_20260321_cell#267,1,1,1,1,0.0319982444372352,0.034131486222168,1.06666746324528,3.21964677141295e-15,21.6665331364456,1.90358839802229e-12,0.97451865122466,0
M25131_20260321_cell#268,1,1,0,0,0.0628992361509776,0.0628394960397581,0.999050225171636,0,39.0495257177825,0,NaN,0
M25131_20260321_cell#269,1,1,1,1,0.0320042686379055,0.0407987435822202,1.27479068632422,0,27.1194232398286,0,0.924502074304929,0
M25131_20260321_cell#270,1,0,0,0,0.0274448556436759,0.0257793548488954,0.939314645469295,1,0,0,0.799699236897418,0
M25131_20260321_cell#271,1,1,1,1,0.0200854324978795,0.0247033410066693,1.22991332196991,0,18.436216845662,0,0.939546142797364,0
M25131_20260321_cell#272,1,1,1,1,0.00304424604395483,0.00396538951438015,1.30258509237599,9.02522622910906e-05,13.0040429941578,0,0.97186681518209,0
M25131_20260321_cell#273,1,1,1,1,0.0318223907670264,0.0341075290423563,1.0718091325086,0,22.9887206364492,0,0.943280932898856,0
M25131_20260321_cell#274,1,1,1,1,0.0184918571293555,0.0229321194635894,1.24011987023116,0,18.5310990837764,0,1.03179538403749,1
M25131_20260321_cell#275,1,1,1,1,0.0601301132452291,0.0645420952917081,1.07337391879649,0,52.4949871895902,0,1.00052677965986,0
M25131_20260321_cell#276,1,0,0,0,0.0332945466712249,0.0314279363659094,0.943936455307596,1,0,0,0.94918288942033,0
M25131_20260321_cell#277,0,0,0,0,0.0140759734073421,0.0138662447450063,0.985100237385612,1,0,1,1.11037956970321,1
M25131_20260321_cell#278,1,1,1,1,0.0769484173744767,0.101481814352706,1.31882913015398,0,80.1833072494988,0,1.01129346940812,0
M25131_20260321_cell#279,0,0,1,0,0.00228791879436513,0.00235776145359541,1.03052672122905,1,0,0.999999991531321,0.948044061771625,0
M25131_20260321_cell#280,0,0,0,0,0.0245641069101341,0.023583575896918,0.96008277374776,1,0,1,1.02915756417709,1
M25131_20260321_cell#281,1,1,1,1,0.0507329902372122,0.0565890120971989,1.11542828113631,0,23.0566710301911,0,0.90833683478263,0
M25131_20260321_cell#282,1,0,0,0,0.0544945358671822,0.0513350352312575,0.942021698402475,1,0,9.61663867204976e-07,0.965946912915552,0
M25131_20260321_cell#283,1,0,0,0,0.0300137496199425,0.0293702136097626,0.978558626685141,1,0,0,0.982048057727184,0
M25131_20260321_cell#284,0,0,0,0,0.0522205810945523,0.049749185120976,0.952673908988077,1,0,0.999998114992336,1.0028392078185,0
M25131_20260321_cell#285,1,1,1,1,0.0198079138619326,0.0209193545440693,1.05611094080295,3.91606468364003e-08,25.7064895946777,0,0.921767521970517,0
M25131_20260321_cell#286,1,0,0,0,0.0336203630467564,0.0314972189940613,0.936849460853759,1,0,0,1.02304730701979,1
M25131_20260321_cell#287,1,1,1,1,0.00906248681732879,0.0133668408748124,1.4749638972443,0,45.1530366798371,0,1.0379949566998,1
M25131_20260321_cell#288,0,0,0,0,0.0147647333675093,0.0136078244311759,0.921643763721517,1,0,1,0.995480628065795,0
M25131_20260321_cell#289,1,1,0,0,0.0671223697416243,0.0669084824373465,0.996813472094308,0,28.2437791813846,0,NaN,0
M25131_20260321_cell#290,1,1,1,1,0.0453284942414147,0.0821607070275162,1.8125620187147,0,142.345712830681,0,1.00208394719244,0
M25131_20260321_cell#291,1,1,1,1,0.11896744860161,0.154272392734393,1.29676137924929,0,268.747653865618,0,1.00093284303878,0
M25131_20260321_cell#292,1,0,0,0,0.0451101886071341,0.0403989460063523,0.895561451941332,0.450627713107973,0,0,0.987268660679311,0
M25131_20260321_cell#293,1,0,0,0,0.037776769596289,0.0368594238778929,0.975716671165917,1,0,3.74019071269771e-09,0.912197259816473,0
M25131_20260321_cell#294,1,1,1,1,0.0129388342068404,0.0197592218718563,1.52712536199051,0,26.5581912100519,0,0.94113617161517,0
M25131_20260321_cell#295,1,1,1,1,0.138615756400613,0.15677421401827,1.13099851048085,0,96.5542442250365,0,1.00344905600232,0
M25131_20260321_cell#296,1,0,0,0,0.0609938186341438,0.0592063687058102,0.970694572526191,1,0,0,1.00437014363485,0
M25131_20260321_cell#297,1,0,0,0,0.0325174505353902,0.0319671994091896,0.98307828205653,1,0,0,0.961505018368533,0
M25131_20260321_cell#298,1,1,1,1,0.25720545156185,0.269093456693449,1.04621988009745,0,75.1928107894179,0,1.00138367450869,0
M25131_20260321_cell#299,1,1,1,1,0.041243101235032,0.0506574812712692,1.2282655705881,0,49.4349862810466,0,0.868722562344498,0
M25131_20260321_cell#300,0,0,0,0,0.0154099136582803,0.0113567756391615,0.736978538037369,1,0,1,1.11444439128454,1
M25131_20260321_cell#301,0,0,0,0,0.0131313933001311,0.0121599148727739,0.926018632969625,1,0,0.999999999999998,1.07135244010603,1
M25131_20260321_cell#302,1,0,0,0,0.0187833881476136,0.0178482277263141,0.950213432531433,1,0,0,0.956768914739044,0
M25131_20260321_cell#303,1,1,1,1,0.161925395442021,0.167061694852769,1.03172015974843,0,174.821938211606,0,1.0003958797992,0
M25131_20260321_cell#304,1,0,0,0,0.0184717586387876,0.0172779226933819,0.93536966518722,1,0,4.76335859644905e-10,0.882948461481831,0
M25131_20260321_cell#305,1,1,0,0,0.0764783069397864,0.077204236921249,1.0094919724365,0,26.4413017164796,0,NaN,0
M25131_20260321_cell#306,1,1,1,1,0.0485302163190851,0.062006316359267,1.27768473051051,0,83.6937865662062,0,0.991550920782132,0
M25131_20260321_cell#307,1,1,1,1,0.0498660025449988,0.0534106553967052,1.07108355734968,0,40.3286842928936,0,1.0172622878891,1
M25131_20260321_cell#308,1,1,1,1,0.115763833834846,0.130796601895881,1.12985720637484,0,55.7811473170812,0,0.982078194471075,0
M25131_20260321_cell#309,1,1,1,1,0.027141148040212,0.0343098455620078,1.26412653993761,0,184.061678155511,0,0.969457941352283,0
M25131_20260321_cell#310,1,1,1,1,0.0606172342838966,0.0641826542234855,1.05881858487457,0,27.1469649127966,0,0.970856044434247,0
M25131_20260321_cell#311,1,1,1,1,0.030691391811258,0.0474266005742381,1.54527369973627,0,111.397161625318,0,0.98204218253099,0
M25131_20260321_cell#312,1,0,0,0,0.0360953303653699,0.0306372424021623,0.848786867776001,1,0,2.73114864057789e-14,1.02819892488208,1
M25131_20260321_cell#313,0,0,0,0,0.017564604662465,0.0176513174071067,1.00493678886078,1,0,1,0.946081312358187,0
M25131_20260321_cell#314,1,1,1,1,0.017248364702317,0.0215297479173389,1.24821965959746,0,31.0505730894192,0,1.03215742038476,1
M25131_20260321_cell#315,1,1,1,1,0.0250672453313592,0.0352135062328143,1.40476170266551,0,32.7984457178221,0,0.924744110234784,0
M25131_20260321_cell#316,1,1,1,1,0.0395113878932757,0.0415611406063339,1.0518775174032,0,16.4975485949979,0,0.852738987435446,0
M25131_20260321_cell#317,1,1,1,1,0.0258213354572937,0.0286052109858121,1.10781299569585,0,15.2527758194111,0,0.846171200656367,0
M25131_20260321_cell#318,1,0,0,0,0.00543233465417756,0.005001783125413,0.920742819400227,1,0,1.1481593453766e-11,-28.9637403066473,0
M25131_20260321_cell#319,1,1,1,1,0.116701869652669,0.124098463575493,1.06338025213168,0,119.929546182728,0,0.977124481748359,0
M25131_20260321_cell#320,1,0,0,0,0.0496325221592601,0.0495837946761696,0.999018234799065,1,0,0,0.983241876559432,0
M25131_20260321_cell#321,1,0,0,0,0.0695904231481603,0.0663721961237359,0.953754742695375,1,0,0,0.952845680782865,0
M25131_20260321_cell#322,1,1,1,1,0.0784578816370896,0.0801424735293178,1.02147128952602,0,48.9091703409733,0,1.01052002269832,0
M25131_20260321_cell#323,1,0,1,0,0.005169488457483,0.00563337217098071,1.0897349355382,1,0,0,1.11342923987776,1
M25131_20260321_cell#324,1,0,1,0,0.0100941736955103,0.0109158124150182,1.08139732327703,0.0710087501929219,0,0,0.88427907232514,0
M25131_20260321_cell#325,1,1,1,1,0.0544939935298249,0.0570929977793149,1.04769340767928,0,16.6433760621898,0,0.929930270562967,0
M25131_20260321_cell#326,0,0,0,0,0.0245377360427725,0.0241668454858695,0.984884890918363,1,0,1,1.00578222528118,0
M25131_20260321_cell#327,0,0,0,0,0.033806979502522,0.0303793708226709,0.898612395124048,1,0,1,1.00083695977901,0
M25131_20260321_cell#328,1,1,1,1,0.0643323421857463,0.0670368995825995,1.04204039997556,0,52.9178436006718,0,0.979966344900571,0
M25131_20260321_cell#329,1,1,1,1,0.0763816053221532,0.0824830258034485,1.07988075735724,0,24.9470810270731,0,0.946192110416819,0
M25131_20260321_cell#330,0,0,0,0,0.00352727803794706,0.00354730062565839,1.00567649827882,1,0,1,0.951968111457389,0
M25131_20260321_cell#331,1,0,0,0,0.0145297221923199,0.0142824499967986,0.982981629500667,1,0,0,0.965673836772027,0
M25131_20260321_cell#332,1,1,1,1,0.0213880735217516,0.0269858276687915,1.26172315806503,0,19.4092258953466,0,0.990971116230022,0
M25131_20260321_cell#333,0,0,0,0,0.00157970515418884,0.0015110634000191,0.956547743110337,0.192053162463426,NaN,1,0.736321351025253,0
M25131_20260321_cell#334,1,0,0,0,0.0684307282450286,0.0681251066705251,0.995533854712036,1,0,3.16386916665579e-11,1.00227333379975,0
M25131_20260321_cell#335,1,0,0,0,0.0243782486020026,0.0238409905300303,0.9779615803931,1,0,0,0.973289459441029,0
M25131_20260321_cell#336,1,1,1,1,0.0277499632495122,0.0438531499629781,1.5802957852115,0,40.8498777664488,0,1.04934800540194,1
M25131_20260321_cell#337,1,0,0,0,0.0333481015182482,0.0329454199864114,0.987924903862475,0.998208027494281,0,0,0.922440751432046,0
M25131_20260321_cell#338,1,1,1,1,0.0720229811997355,0.081074695133075,1.12567813470866,0,220.083092820619,0,0.986224485073945,0
M25131_20260321_cell#339,0,0,0,0,0.00813674415984221,0.00823769345582057,1.01240659580727,1,0,0.999999999963949,0.889569061541194,0
M25131_20260321_cell#340,1,1,1,1,0.024192252119143,0.0307767211377331,1.27217263552656,0,26.6346206648629,0,1.09007644501585,1
M25131_20260321_cell#341,1,0,0,0,0.018846828184907,0.0179869656019681,0.954376270929901,1,0,0,0.916943000293132,0
M25131_20260321_cell#342,1,1,1,1,0.173793759806329,0.178708821004743,1.02828099929417,0,88.8806766856616,0,0.995263419562576,0
M25131_20260321_cell#343,0,0,0,0,0.0204814677436504,0.019753937052607,0.964478586195616,1,0,1,1.00381469683194,0
M25131_20260321_cell#344,1,1,1,1,0.0168827354536798,0.0215482406388654,1.27634770431522,0,58.0484768743496,0,0.991050501461857,0
M25131_20260321_cell#345,1,0,0,0,0.0087786915821369,0.00885920949766811,1.00917197224414,1,0,0.00539861799307706,1.04837212315729,0
M25131_20260321_cell#346,1,0,1,0,0.0106362914099957,0.010991910903122,1.03343453835724,0.168060398855665,0,0,1.01084094218327,0
M25131_20260321_cell#347,0,0,0,0,0.0599848700959282,0.057890854755361,0.96509094147877,0.976269200503738,0,1,1.00166142308918,0
M25131_20260321_cell#348,1,0,1,0,0.0160802127379208,0.0166817074901213,1.03740589518334,1,0,0,0.95035996242306,0
M25131_20260321_cell#349,1,1,1,1,0.0791380804195829,0.0870270162777102,1.09968571156011,0,50.3098309271905,0,0.973958606921543,0
M25131_20260321_cell#350,1,1,1,1,0.0542991948601407,0.0652494658391729,1.20166543918813,0,29.4142786740874,0,0.950959716223421,0
M25131_20260321_cell#351,1,1,1,1,0.00658198829324096,0.0113114099182612,1.7185399630499,0,35.016893433918,0,1.0827797931792,1
M25131_20260321_cell#352,1,1,1,1,0.195536004686097,0.203384722607039,1.04013950235682,0,119.103785133884,0,0.990379264831016,0
M25131_20260321_cell#353,1,0,1,0,0.0167862592100199,0.0170664648692327,1.01669256120181,0.999973827423856,0,0,0.913038444914895,0
M25131_20260321_cell#354,1,1,1,1,0.00303767868277215,0.00953655300486261,3.13942124917559,0,18.4181568216226,0,1.02395781006,0
M25131_20260321_cell#355,1,1,1,1,0.00789207289887298,0.0106507741259801,1.34955343956606,6.0507154842071e-14,25.8675934782873,0,1.12875388448427,1
M25131_20260321_cell#356,1,1,1,1,0.0679368607093744,0.0736943966307623,1.08474833634156,0,29.5108401494197,1.11022302462516e-16,1.02445658025776,1
M25131_20260321_cell#357,0,0,0,0,0.0259242638197525,0.0247701692310409,0.955482068970757,1,0,0.999990249448561,0.97693316426529,0
M25131_20260321_cell#358,1,1,1,1,0.0262495179710335,0.0299430410524789,1.14070822502422,0,58.013349708775,0,0.85054141950434,0
M25131_20260321_cell#359,1,0,1,0,0.00698629595240335,0.00728575192619195,1.04286333929005,1,0,0,1.0218915909266,0
M25131_20260321_cell#360,1,1,1,1,0.0103384273815306,0.0154147441543624,1.49101440533407,0,27.3150545003912,0,0.962205911798336,0
M25131_20260321_cell#361,1,1,1,1,0.0119990290386399,0.0144344880942071,1.20297134440832,0,25.334917374109,0,1.04883296574019,1
M25131_20260321_cell#362,1,0,1,0,0.0094536502329533,0.00974928943963446,1.03127249257124,0.864336667994882,0,0,0.556188772758269,0
M25131_20260321_cell#363,1,0,0,0,0.00984622622772153,0.00899695678144089,0.913746705931907,1,0,0,0.963040083924838,0
M25131_20260321_cell#364,1,1,1,1,0.040028076474894,0.0412163650852636,1.02968637803805,0.000166226314878948,51.5342643036472,0,1.00964211319062,0
M25131_20260321_cell#365,1,1,1,1,0.0201896733697228,0.023212511256215,1.14972198069461,0,31.8721032061962,0,1.32665692230825,1
M25131_20260321_cell#366,1,0,0,0,0.0256496433634542,0.025610453527396,0.998472109904106,1,0,0,1.05166981512239,1
M25131_20260321_cell#367,1,0,0,0,0.0208113312540923,0.0201918560939291,0.970233756187924,1,0,2.77184941666064e-11,0.992729714724753,0
M25131_20260321_cell#368,1,1,1,1,0.0104525623151385,0.012004015870437,1.14842806084509,2.7511159117477e-07,25.6176162113402,0,0.82950707087716,0
M25131_20260321_cell#369,1,1,1,1,0.0140348359222113,0.0172147559836398,1.22657336922593,0,39.5861768977012,0,0.995041510656159,0
M25131_20260321_cell#370,1,1,1,1,0.0361816540998606,0.0401207016041885,1.10886864081604,0,36.5434611419333,0,0.970676388331962,0
M25131_20260321_cell#371,1,1,1,1,0.0456815309527881,0.0481749464231317,1.05458257239497,0,36.651248834232,0,0.958743744855598,0
M25131_20260321_cell#372,1,1,1,1,0.00925333854666815,0.0110471108017378,1.19385135927136,1.43819556264191e-09,22.1979843037973,0,0.654808846809165,0
M25131_20260321_cell#373,1,1,1,1,0.160756080039212,0.164308265733758,1.02209674242915,0,46.0852663636492,0,0.973959315091764,0
M25131_20260321_cell#374,1,0,0,0,0.00381089741382992,0.00347306168649919,0.911350086175319,1,0,0,0.958799430642359,0
M25131_20260321_cell#375,1,1,1,1,0.0751200699262365,0.107112540382407,1.42588446053877,0,104.65937647972,0,0.988183882964227,0
M25131_20260321_cell#376,1,0,0,0,0.0761481893724284,0.065146199918487,0.855518699201993,1,0,0,1.00325650426648,0
M25131_20260321_cell#377,1,1,1,1,0.0516210195053852,0.0683688322243953,1.32443785263216,0,97.7304611758269,0,1.00265396305066,0
M25131_20260321_cell#378,1,1,1,1,0.149386353756571,0.161722823500176,1.0825809682972,0,72.9531897432182,0,0.975540971959886,0
M25131_20260321_cell#379,1,1,1,1,0.0197769913514862,0.0249792546289173,1.26304624323154,0,23.4934258834961,0,0.986230675391092,0
M25131_20260321_cell#380,1,1,1,1,0.0342586350537601,0.0409150276776801,1.19429824374131,0,54.4296885900811,0,0.954126611649473,0
M25131_20260321_cell#381,0,0,0,0,0.0213936828913533,0.0204944526085653,0.957967485665995,1,0,0.999999024755985,0.997003219607966,0
M25131_20260321_cell#382,1,1,1,1,0.0065167828706921,0.00951199807786443,1.45961562117448,0,40.4293362275234,0,0.940631534383671,0
M25131_20260321_cell#383,1,1,1,1,0.0217352746274586,0.0255774135676366,1.17676974439164,0,83.9073386533165,0,0.990528679465255,0
M25131_20260321_cell#384,1,1,1,1,0.0561138376906678,0.0612169041714627,1.09094132019496,0,35.740355405835,0,0.994023799114669,0
M25131_20260321_cell#385,0,0,0,0,0.0327984911541714,0.0258856395506104,0.789232633566382,1,0,1,0.891943348409864,0
M25131_20260321_cell#386,0,0,0,0,0.0104583083253748,0.010234165983666,0.97856801169603,0.980748720581132,0,0.839406515633471,0.841562443367692,0
M25131_20260321_cell#387,1,1,1,1,0.0311760376566541,0.0375427334463347,1.20421760647706,0,33.0172950952244,0,0.933897535187287,0
M25131_20260321_cell#388,1,1,1,1,0.020570822413264,0.0226199640135859,1.09961398524351,5.54001289287953e-14,41.2044865472303,0,0.925838853144624,0
M25131_20260321_cell#389,1,1,1,1,0.0329006765752168,0.0344728096884614,1.04778421834732,5.96005294672963e-07,16.2701181553526,0,0.902427936953897,0
M25131_20260321_cell#390,1,0,0,0,0.0110862282453482,0.0110673809963238,0.99829994037582,0.405517741821434,0,0.00314120056645328,0.840847382458332,0
M25131_20260321_cell#391,1,1,1,1,0.0543555394555901,0.0600300927397652,1.10439696378713,0,41.967438538236,0,0.990838610144308,0
M25131_20260321_cell#392,1,1,1,1,0.0223045746316512,0.0241322987619337,1.08194391332121,2.17803359155999e-05,27.6576739515581,0,0.995114309754143,0
M25131_20260321_cell#393,1,1,1,1,0.0155481581631552,0.0191007190432122,1.22848757021752,0,25.3511148724076,0,0.977433913382171,0
M25131_20260321_cell#394,1,1,1,1,0.0240127479164093,0.0319374611355506,1.33002108907852,0,35.6686058179702,0,1.02586268813079,1
M25131_20260321_cell#395,1,1,1,1,0.0234217583185997,0.032519477245641,1.38843022813606,0,78.6905328024256,0,0.954416408443749,0
M25131_20260321_cell#396,1,0,0,0,0.0369134649819692,0.033832449979948,0.916534115572022,1,0,0,0.991146559113641,0
M25131_20260321_cell#397,1,1,1,1,0.0324122405061245,0.0458554801819156,1.41475811193154,0,28.6830134859573,0,0.978100833280626,0
M25131_20260321_cell#398,1,0,0,0,0.0524458004215103,0.0532190469188248,1.01474372573399,1,0,0,0.944781438932517,0
M25131_20260321_cell#399,1,1,1,1,0.0568156011956341,0.0743514740024154,1.30864537975053,0,98.0074373759555,0,0.984580688730457,0
M25131_20260321_cell#400,1,0,1,0,0.00527796106259135,0.00594314271035539,1.12603004074408,0.112877395276847,0,2.0181810667097e-09,0.589630810721048,0
M25131_20260321_cell#401,1,1,1,1,0.0191692314040086,0.0212537205525589,1.10874140463005,9.04670182100276e-08,15.1654149006986,0,0.90614646659291,0
M25131_20260321_cell#402,1,1,1,1,0.0523366682819276,0.0535362251975554,1.02292000914475,0,13.2760833171043,0,0.969754557304107,0
M25131_20260321_cell#403,1,1,1,1,0.0223347559902545,0.0248585736265957,1.11299956164475,0,35.8318677548683,0,0.987213256161058,0
M25131_20260321_cell#404,1,1,1,1,0.0241585923243191,0.0327486192573196,1.35556818947408,0,64.4887938979366,0,0.936395569165707,0
M25131_20260321_cell#405,1,1,1,1,0.0255559986824051,0.0297621699598467,1.164586456969,0,41.1812954192313,0,0.945594471998608,0
M25131_20260321_cell#406,1,1,1,1,0.00447194846819494,0.00726235892817592,1.62398090671812,2.33146835171283e-15,20.3632219876039,0,1.04418015966032,0
M25131_20260321_cell#407,1,0,0,0,0.0380337496355196,0.0374279057411403,0.984070887036247,1,0,0,0.894903161233616,0
M25131_20260321_cell#408,1,1,1,1,0.0356356474280715,0.0457705938231143,1.28440472185891,0,55.5094757006869,0,0.970641115554793,0
M25131_20260321_cell#409,1,1,1,1,0.0246104298995132,0.0269720230836737,1.09595903825342,0,46.4358802618494,0,1.02526801443877,1
M25131_20260321_cell#410,1,1,1,1,0.0459546095457506,0.0530333093622511,1.15403677425337,2.22044604925031e-16,77.5097799339114,0,0.973684411612807,0
M25131_20260321_cell#411,1,1,1,1,0.0114598289722831,0.0175724199841906,1.53339286534655,0,33.3310360987496,0,0.773314196932556,0
M25131_20260321_cell#412,1,0,0,0,0.0109859565194532,0.00979192139460885,0.891312593243017,0.999999988324709,0,0,1.04224958952511,1
M25131_20260321_cell#413,1,1,1,1,0.0178336842816597,0.01831574717829,1.027031032344,3.86357612569554e-14,16.7155864978207,0,0.935999564000608,0
M25131_20260321_cell#414,1,1,1,1,0.0287578720088556,0.0374083656914119,1.30080437383867,0,51.0426136403237,0,0.999711594070075,0
M25131_20260321_cell#415,1,1,1,1,0.015998336814102,0.0171378981936292,1.07122999051519,0,23.54575265713,0,0.934120992863638,0
M25131_20260321_cell#416,1,0,0,0,0.0291997987538842,0.0293332134392796,1.00456902756488,1,0,0,1.00825668791924,0
M25131_20260321_cell#417,1,1,0,0,0.0595887199547376,0.0603687457717849,1.01309015897035,8.14404099713784e-12,37.8154212463271,0,NaN,0
M25131_20260321_cell#418,0,0,0,0,0.00141242297581377,0.000832516715501041,0.589424506509025,1,NaN,0.999999999999963,1.23243560689331,0
M25131_20260321_cell#419,1,1,1,1,0.0163508654487132,0.0237146198566317,1.45035869391843,0,21.8927855918379,0,1.09917725328571,1
M25131_20260321_cell#420,0,1,1,0,0.0394142190194941,0.0406641864965136,1.03171361777843,0.000148627804805068,39.9246359415473,1,NaN,0
M25131_20260321_cell#421,1,0,0,0,0.0128014827083755,0.0119009195970588,0.929651655840815,1,0,0,0.961231211616561,0
M25131_20260321_cell#422,1,0,0,0,0.0164535513781584,0.016372664803318,0.995083944311994,1,0,7.45794142642531e-06,0.97959688644989,0
M25131_20260321_cell#423,1,1,1,1,0.0219142218477408,0.0307660329891455,1.40392997766048,0,71.0315811030085,0,1.06726852048816,1
M25131_20260321_cell#424,1,0,1,0,0.0249533204641045,0.0257476852117015,1.03183402981337,0.898135607871723,0,0,0.949689071103661,0
M25131_20260321_cell#425,1,1,1,1,0.113545825846163,0.133303169363508,1.17400325701196,0,36.5873502447242,0,0.983066558549838,0
M25131_20260321_cell#426,1,1,1,1,0.0713759345387801,0.0885048385871078,1.23998150299554,0,217.674136019238,0,0.991921604178329,0
M25131_20260321_cell#427,1,1,1,1,0.1287838341126,0.133474423393478,1.03642219004581,0,46.2913496326489,0,0.987679869172365,0
M25131_20260321_cell#428,1,0,0,0,0.014325441065854,0.0142202768989845,0.992658922933958,1,0,0,0.891097510259185,0
M25131_20260321_cell#429,1,0,0,0,0.0716655979339597,0.0699742729535057,0.976399764612128,1,0,0,0.967469409388105,0
M25131_20260321_cell#430,1,0,0,0,0.0200974441168502,0.0183454617111728,0.912825611282157,1,0,0,1.00268799113842,0
M25131_20260321_cell#431,1,1,1,1,0.0221440981555975,0.0325003601370812,1.46767594275976,0,89.4809555083987,0,1.03289041303776,1
M25131_20260321_cell#432,1,1,1,1,0.00326459738478897,0.00751663631700496,2.30246962520643,0,31.6256955858471,0,1.00811836489824,0
M25131_20260321_cell#433,1,1,1,1,0.0143459919333242,0.0175291377598705,1.2218839827417,0,124.925849867378,0,0.93232985355362,0
M25131_20260321_cell#434,0,0,0,0,0.0138731820986295,0.0140014252992354,1.00924396434028,0.999999999999677,0,1,0.99340586244786,0
M25131_20260321_cell#435,1,0,0,0,0.0137906397223248,0.013593138436253,0.985678598669208,1,0,0,0.94703544244342,0
M25131_20260321_cell#436,1,0,0,0,0.0304789670604489,0.0300664260099039,0.98646472993239,1,0,0,0.971757221920217,0
M25131_20260321_cell#437,1,1,1,1,0.013714219728527,0.016917164027232,1.23354914549332,6.61274239810439e-08,106.284192355989,0,0.977327351086008,0
M25131_20260321_cell#438,1,1,1,1,0.0192378809129413,0.0236540099997458,1.22955382179509,0,35.7293922856947,0,0.72672371864655,0
M25131_20260321_cell#439,1,1,1,1,0.0264442490177116,0.0288742337340246,1.09189085742936,0,23.3970432322645,0,0.977881525466944,0
M25131_20260321_cell#440,1,0,0,0,0.0220362050650621,0.0211721152225927,0.960787720030823,1,0,0,0.899883096977991,0
M25131_20260321_cell#441,1,0,0,0,0.0599014549216458,0.0590142229155813,0.985188473181076,1,0,0,0.947938095054464,0
M25131_20260321_cell#442,1,1,1,1,0.0281221415786095,0.0429767389279204,1.5282171454755,0,56.9955161347022,0,1.18663469854662,1
M25131_20260321_cell#443,1,1,1,1,0.0205254925241508,0.0226988134805114,1.1058839856731,2.72554325134733e-05,28.7375748439955,0,0.90776975329218,0
M25131_20260321_cell#444,1,1,0,0,0.0793949320398196,0.0799110671193712,1.00650085674603,2.91026525101046e-09,18.8479680543449,0,NaN,0
M25131_20260321_cell#445,0,1,1,0,1.52432498147226e-07,0.00501110910734909,32874.2831630899,0,33.2560765267061,0,NaN,0
M25131_20260321_cell#446,1,1,1,1,0.0131052398181094,0.0266547708534486,2.03390179984466,0,36.3331176298794,0,1.29898472510197,1
M25131_20260321_cell#447,0,0,0,0,0.0238364942032167,0.0230459951358061,0.966836605220919,1,0,0.0538508815805858,0.995301451567887,0
M25131_20260321_cell#448,1,1,1,1,0.0269218329094901,0.0328111241568026,1.2187552113228,0,45.3093563115597,0,0.97546634302456,0
M25131_20260321_cell#449,1,0,0,0,0.0334719323441126,0.0299466152657662,0.894678411688219,1,0,0,0.970905593649941,0
M25131_20260321_cell#450,1,1,1,1,0.0301782592629602,0.0392306950768371,1.2999654729916,0,30.1688136145048,0,0.939992525249986,0
M25131_20260321_cell#451,1,1,1,1,0.0389078237823799,0.0475864838019459,1.22305693754829,0,32.4520385712193,0.0108342138189969,1.07788964264057,1
M25131_20260321_cell#452,1,1,1,1,0.0176323760338998,0.0212863022470393,1.2072282377664,0,47.2327893605506,0,0.937301856308506,0
M25131_20260321_cell#453,1,1,1,1,0.0459645866685147,0.0513643924245793,1.11747752231531,0,29.2420130678576,0,1.03063869548705,1
M25131_20260321_cell#454,1,1,1,1,0.0204983626615004,0.0235885698866864,1.15075385659899,0,39.5316749551907,0,0.934759156845932,0
M25131_20260321_cell#455,1,0,0,0,0.0518183713732522,0.0498275803975514,0.961581367323164,1,0,0,0.98633437625408,0
M25131_20260321_cell#456,0,1,1,0,0.0358733711184693,0.0384434065278817,1.07164187053748,0,12.952392144012,1,NaN,0
M25131_20260321_cell#457,1,1,1,1,0.0334280348209423,0.0434682213832283,1.30035228262943,0,25.576982376443,1.88737914186277e-15,1.0233179194051,1
M25131_20260321_cell#458,0,1,1,0,0.0087678760589081,0.012258355870306,1.3980986715536,0,24.89424604687,1,NaN,0
M25131_20260321_cell#459,0,0,1,0,0.0180057703448691,0.018308901184399,1.01683520525498,1,0,0.703830412929357,0.989419610458844,0
M25131_20260321_cell#460,1,1,1,1,0.00322854411727423,0.0095548523354071,2.959492572607,0,52.3186328735763,0,0.717646452685215,0
M25131_20260321_cell#461,1,1,0,0,-0.000623963147191265,0.00455866398838261,-7.30598274738368,0,58.020436038883,0,NaN,0
M25131_20260321_cell#462,1,1,1,1,0.0516239185551654,0.0568850653292871,1.10191296827844,0,75.9137171113216,0,0.993536226756808,0
M25131_20260321_cell#463,0,0,0,0,0.0188043293661438,0.0185453353075915,0.986226892035903,1,0,0.999716344495805,0.859329201601635,0
M25131_20260321_cell#464,1,1,1,1,0.0286258114194186,0.0354492724494291,1.2383674275651,0,70.055665376424,0,0.951833265000183,0
M25131_20260321_cell#465,1,0,0,0,0.0102803007041617,0.0102030010227051,0.992480795680879,1,0,0,0.843143853438765,0
M25131_20260321_cell#466,1,1,1,1,0.039146721377196,0.0428788929134007,1.09533803610892,0,30.8934249749408,0,0.970786233149382,0
M25131_20260321_cell#467,1,1,1,1,0.0788311756834935,0.0898579246307683,1.13987802226301,0,38.9635365770762,0,1.00001497191972,0
M25131_20260321_cell#468,1,1,1,1,0.0265637549149938,0.0347974078856416,1.30995817409836,0,71.783344103781,0,0.932478506906765,0
M25131_20260321_cell#469,1,1,1,1,0.0804687788681439,0.0876034236746048,1.0886635153014,0,62.5260565913691,0,0.979254378155611,0
M25131_20260321_cell#470,1,1,1,1,0.0659909672017219,0.0864346275619463,1.30979482840026,0,137.887817933182,0,0.993060903674168,0
M25131_20260321_cell#471,1,1,1,1,0.0214528902255192,0.0246172645046601,1.14750340144736,0,19.8040670425149,0,0.927248429686688,0
M25131_20260321_cell#472,1,1,1,1,0.0233854283808342,0.0247449505954095,1.0581354419699,0,21.7762007793887,0,0.967468378694348,0
M25131_20260321_cell#473,1,1,1,1,0.0583148506890305,0.0601614899871775,1.03166670713082,0.00714615355410297,13.6612760166882,0,0.974674305870307,0
M25131_20260321_cell#474,1,1,1,1,0.0284172624545828,0.0400760051261508,1.41026973270917,0,89.8270178408368,0,1.11800061599192,1
M25131_20260321_cell#475,1,0,0,0,0.0169246951647129,0.0167595253302057,0.990240897522835,1,0,0,1.00416412875601,0
M25131_20260321_cell#476,1,0,0,0,0.0268937073053434,0.0252083867028856,0.937334017087228,1,0,0,0.979488405749379,0
M25131_20260321_cell#477,1,0,1,0,0.00905032310264004,0.00965748859914017,1.06708771494832,1,0,0,0.992367623860042,0
M25131_20260321_cell#478,1,1,1,1,0.0442929236506803,0.0516118899206103,1.16524008050703,0,146.226959362013,0,0.873293321487106,0
M25131_20260321_cell#479,1,1,1,1,0.0149518673429778,0.023651193856944,1.58182207709673,0,30.7187433960212,0,0.921289887020829,0
M25131_20260321_cell#480,1,0,0,0,0.00882776484174622,0.00865587778452645,0.980528813317849,1,0,0,1.02455602999975,0
M25131_20260321_cell#481,1,0,0,0,0.0128082326544807,0.0126353921346468,0.986505513719451,1,0,0.00230398490928163,0.905206195035934,0
M25131_20260321_cell#482,1,1,1,1,0.0300047383523253,0.0375141936252448,1.25027564595768,0,41.2449904053402,0,0.9785760490229,0
M25131_20260321_cell#483,1,1,1,1,0.0254875185988587,0.0290124271604903,1.1382994012524,0,26.8656010567407,0,1.04320661750946,1
M25131_20260321_cell#484,1,1,1,1,0.0126511936236014,0.0167074177763337,1.32061987772957,0,36.6929763996492,0,0.978754084770188,0
M25131_20260321_cell#485,1,1,1,1,0.00729341589840261,0.00943731096751603,1.29394937831298,0,15.0716417835829,0,0.896911264127729,0
M25131_20260321_cell#486,1,1,1,1,0.102747582027896,0.112088187023915,1.09090827065383,0,79.3583648505416,0,0.988062904987019,0
M25131_20260321_cell#487,1,1,1,1,0.00630321726759409,0.00992269958368236,1.57422775741789,0,47.8069307776871,0,0.924209343990175,0
M25131_20260321_cell#488,1,0,1,0,0.00875460202076938,0.00902140522193687,1.03047576583545,1,0,0,0.874594384531418,0
M25131_20260321_cell#489,1,1,1,1,0.0264269789393144,0.0313981872872293,1.18811111021545,0,20.8468976793205,0,0.936753408867163,0
M25131_20260321_cell#490,1,1,1,1,0.0368699554635804,0.0471866977298417,1.27981434033605,0,61.7224819318989,0,0.985720746602546,0
M25131_20260321_cell#491,1,1,1,1,0.0131035771270812,0.0229878017281399,1.75431498629721,0,52.3875107671631,0,0.957633316762645,0
M25131_20260321_cell#492,1,1,1,1,0.0385593982442428,0.0400579819672708,1.03886429226763,2.9756086483701e-11,43.7869086437,0,1.00920123558651,0
M25131_20260321_cell#493,1,1,1,1,0.0165970940265496,0.0187672827599002,1.13075715121449,0.00143350043118384,24.9044025791668,0,0.90493647306399,0
M25131_20260321_cell#494,1,1,1,1,0.0167038109571622,0.0185916880406644,1.11302074049711,0,86.6747237003095,0,0.821645890658576,0
M25131_20260321_cell#495,1,0,0,0,0.0401222113588507,0.0360627229188476,0.89882191677584,1,0,0,0.963979016741991,0
M25131_20260321_cell#496,1,0,0,0,0.00714830907202888,0.00658902199413792,0.921759527707128,1,0,2.87343958627062e-08,1.01769453375315,0
M25131_20260321_cell#497,1,1,1,1,0.0524943096226808,0.058035063686229,1.10554961296518,0,33.3492934944936,0,1.00860436272426,0
M25131_20260321_cell#498,1,1,1,1,0.047733612787019,0.0583833393577447,1.22310749069515,0,113.053900447293,0,0.990352955173813,0
M25131_20260321_cell#499,1,0,0,0,0.0395026049962747,0.0400344300766429,1.01346303820769,1,0,0,0.942041783762657,0
M25131_20260321_cell#500,1,1,1,1,0.0118952406959236,0.0156229245717004,1.31337607796825,0,43.0248157113592,0,0.918389692700147,0
M25131_20260321_cell#501,1,1,1,1,0.0205800602842203,0.0268463789175836,1.3044849503268,0,52.0351322956583,0,0.928303931717429,0
M25131_20260321_cell#502,1,1,1,1,0.0735376416049748,0.0792282810977971,1.07738403583013,0,94.255208533878,0,1.00616917978082,0
M25131_20260321_cell#503,0,0,1,0,0.000996475388201936,0.00180151821722728,1.8078903288098,0.999999999999888,NaN,0.914935939818532,1.24324714232883,0
M25131_20260321_cell#504,1,0,0,0,0.00379349723769072,0.0033656499017811,0.887215593131666,1,0,0.0113232718212019,0.981792243553689,0
M25131_20260321_cell#505,1,1,1,1,0.0438968750478232,0.0516328797314565,1.17623133025313,0,59.970782350104,0,0.996005835670222,0
M25131_20260321_cell#506,1,0,0,0,0.0190796110588993,0.0155372745416482,0.814339165179217,1,0,0,0.966370951521745,0
M25131_20260321_cell#507,1,1,1,1,0.00604278437269007,0.00777363971619366,1.28643341161172,0,18.037525584427,0,1.11884987967715,1
M25131_20260321_cell#508,1,0,0,0,0.0247114845005527,0.024369104841661,0.986144917401296,1,0,0,1.06478972990415,1
M25131_20260321_cell#509,1,1,1,1,0.0099737286388292,0.0110064086231974,1.10354001214228,1.96193545554113e-06,30.7865641890842,0,1.04225078617749,1
M25131_20260321_cell#510,1,1,1,1,0.0207380679930503,0.0282300113158363,1.36126525022951,0,25.0886733957862,0,1.06295774214751,1
M25131_20260321_cell#511,1,0,0,0,0.0300764675580527,0.03025173068733,1.00582725112047,1,0,0,0.900210227737598,0
M25131_20260321_cell#512,1,0,0,0,0.0238988501078106,0.0239929185714221,1.00393610835614,1,0,0,0.928264217414854,0
M25131_20260321_cell#513,1,1,1,1,0.0308418697031118,0.0407425917729526,1.32101562470585,0,104.115641472044,0,1.02344441177102,1
M25131_20260321_cell#514,1,1,1,1,0.00839736838216624,0.0119650787426977,1.42486052750863,0,46.3338274364875,0,0.862296106655098,0
M25131_20260321_cell#515,1,0,0,0,0.0222321727858091,0.0212293484900381,0.954893104446762,1,0,0,1.09801567885486,1
M25131_20260321_cell#516,1,1,1,1,0.0137312988929718,0.0176191481691241,1.28313776478511,0,18.1234522267573,0,1.01217260989113,0
M25131_20260321_cell#517,1,1,1,1,0.027904493334603,0.0342349212863681,1.2268605229938,0,108.472662891446,0,0.993631604853247,0
M25131_20260321_cell#518,1,1,1,1,0.0406997017018301,0.0454946470566124,1.11781278865163,0,62.654014687473,0,0.962501369854897,0
M25131_20260321_cell#519,1,1,1,1,0.0135998133167916,0.0212950443175878,1.5658335759135,0,38.5994654958882,0,1.04774595233664,1
M25131_20260321_cell#520,1,1,1,1,0.0213684172520073,0.0226593274605378,1.06041206483878,0,36.0668219457319,0,0.994473714294658,0
M25131_20260321_cell#521,0,1,1,0,0.0414562134064591,0.0489089981480563,1.17977485470094,0,22.2040601920764,1,NaN,0
M25131_20260321_cell#522,1,1,0,0,-0.00194592729728143,0.00607350346986226,-3.1211358607011,9.14479603153495e-12,32.1994026529671,0,NaN,0
M25131_20260321_cell#523,1,1,1,1,0.0156194969796907,0.0171716145317228,1.09937052096173,0,13.843517595489,0,0.873985833500642,0
M25131_20260321_cell#524,1,1,1,1,0.0351375026362173,0.0450127847094968,1.28104678284964,0,69.1231269721969,0,0.952694776056318,0
M25131_20260321_cell#525,1,1,1,1,0.0254606086498124,0.0361797187947857,1.42100761581959,0,77.5813645709345,0,0.945563500840384,0
M25131_20260321_cell#526,1,1,1,1,0.0653802195995474,0.070537905954512,1.07888756548319,0,77.3203660839255,0,0.968108528757438,0
M25131_20260321_cell#527,1,1,1,1,0.0228982960504041,0.0357978903840158,1.56334297998492,0,77.7711028101484,0,0.956783094671945,0
M25131_20260321_cell#528,1,0,0,0,0.0581918104314579,0.0566247231773499,0.973070312772726,1,0,0,1.03622724908493,1
M25131_20260321_cell#529,1,1,1,1,0.0513473722645149,0.0564300368722718,1.09898587568559,0,54.0373447525927,0,0.962827859300393,0
M25131_20260321_cell#530,1,0,0,0,0.0840912540511759,0.0838004147841979,0.996541385067216,1,0,0,0.97125266190197,0
M25131_20260321_cell#531,1,1,1,1,0.232295932480449,0.244879018118393,1.05416834252577,0,98.6173254804048,0,0.998157241047464,0
M25131_20260321_cell#532,1,0,0,0,0.0522152042357166,0.0508832514336286,0.974491092746183,0.991513858911715,0,0,1.02359895659151,1
M25131_20260321_cell#533,1,0,0,0,0.0284138158622879,0.023917030899032,0.841739490920534,1,0,1.68660618804495e-09,0.967353350644866,0
M25131_20260321_cell#534,1,1,1,1,0.0400591656142582,0.0508568149909283,1.26954254316338,0,33.3587437217403,3.5527136788005e-14,1.03468857262436,1
M25131_20260321_cell#535,1,0,0,0,0.0111468722487834,0.0105878314380873,0.949847742198972,1,0,5.54104950811762e-09,0.959448517519722,0
M25131_20260321_cell#536,0,0,0,0,0.0348125590569869,0.0330304022548409,0.948807072780008,1,0,0.543570174764311,0.996431839336615,0
M25131_20260321_cell#537,1,1,1,1,0.0765499537877158,0.105967687316894,1.38429459553637,0,230.321835262416,0,0.983447453581212,0
M25131_20260321_cell#538,1,1,1,1,0.0123798011355426,0.0161525392808906,1.30474949508813,1.32874156122398e-10,32.6049249396887,0,0.946397745254776,0
M25131_20260321_cell#539,1,1,1,1,0.0134464750202267,0.0256024190330782,1.90402458596517,2.20598539435457e-10,76.8503242151718,0,1.06970907749147,1
M25131_20260321_cell#540,1,1,1,1,0.0173489820686243,0.0181337338557729,1.04523330441201,0,12.0171327140921,0,0.877851885468137,0
M25131_20260321_cell#541,1,0,0,0,0.0412522969979435,0.0404692735508121,0.981018670374394,1,0,0,0.992677910522583,0
M25131_20260321_cell#542,1,1,1,1,0.011222706599719,0.0141284502350987,1.25891647523357,0,42.0800098365652,0,1.09252209583814,1
M25131_20260321_cell#543,1,1,1,1,0.0498878136520695,0.0538071564943575,1.07856313106088,0,107.228669791084,0,0.998099953361459,0
M25131_20260321_cell#544,1,1,1,1,0.0169790868926333,0.0182604145394927,1.07546505032702,0,39.6866898540485,0,0.93643454850928,0
M25131_20260321_cell#545,1,0,0,0,0.0354048235176869,0.0349175247730372,0.98623637413681,1,0,0,0.978493465708455,0
M25131_20260321_cell#546,1,1,1,1,0.0963658827974073,0.113542783040037,1.17824669627882,0,66.5154184138713,0,0.973280647148761,0
M25131_20260321_cell#547,1,1,1,1,0.0495486321836404,0.059175709584381,1.19429552293311,0,35.4974739662605,0,1.00382635343554,0
M25131_20260321_cell#548,1,0,1,0,0.0227339506873386,0.0234496794530023,1.031482815086,1,0,0,1.07202274630393,1
M25131_20260321_cell#549,1,0,0,0,0.0446146053046257,0.0425536549135314,0.953805477443491,1,0,0,1.00675753295023,0
M25131_20260321_cell#550,1,1,1,1,0.0399131110873208,0.0444410867902133,1.11344582217573,0,40.4544911852441,0,0.946745344059855,0
M25131_20260321_cell#551,1,1,1,1,0.130005531930072,0.142303178622745,1.0945932569953,0,96.6346713132079,0,0.980950198582615,0
M25131_20260321_cell#552,1,1,1,1,0.0422415622617505,0.0454518103500666,1.07599738069401,0,25.3940158226463,0,0.951868465917551,0
M25131_20260321_cell#553,1,1,1,1,0.00868459598320966,0.0139532620363443,1.60666795131527,0,67.4971954476959,0,0.915480083608945,0
M25131_20260321_cell#554,1,1,1,1,0.0333752836760396,0.0443237463962,1.3280410385851,0,116.431178489112,0,0.992450844820095,0
M25131_20260321_cell#555,1,1,1,1,0.0172136052248812,0.0190964532677155,1.10938138863047,0,19.9664907184667,0,0.967043203121328,0
M25131_20260321_cell#556,1,1,1,1,0.00900498338236804,0.016861759442285,1.87249201095704,0,35.268905962762,0,1.04156548477596,1
M25131_20260321_cell#557,1,1,1,1,0.0249694920348762,0.0303372670296927,1.21497333575385,0,100.620559857287,0,0.839914490164702,0
M25131_20260321_cell#558,1,1,1,1,0.204381258162316,0.215028022059949,1.05209266247484,0,113.679806349848,0,0.992096035041104,0
M25131_20260321_cell#559,1,1,1,1,0.0231411868499264,0.0263976393689289,1.14072106759783,0,37.2770015729348,0,1.00766234299054,0
M25131_20260321_cell#560,1,1,1,1,0.0381411146408671,0.0416613278040996,1.0922944490841,0,34.2712715378006,0,0.944478019079666,0
M25131_20260321_cell#561,1,1,1,1,0.033140439221933,0.037582465095523,1.13403642129915,0,15.2864561823647,0,0.996267293183666,0
M25131_20260321_cell#562,1,1,1,1,0.0281997108005845,0.0492040200626082,1.7448413003437,0,145.124709325271,0,1.09637283640986,1
M25131_20260321_cell#563,1,1,1,1,0.0379845605339079,0.0396618120869511,1.04415613948056,0,26.335810787977,0,0.937216599823557,0
M25131_20260321_cell#564,1,1,1,1,0.0648952697119244,0.0792593122222306,1.22134190325534,0,145.688679186482,0,0.956510530877828,0
M25131_20260321_cell#565,1,1,1,1,0.0248220625459161,0.0274153622049882,1.1044755911913,0,43.2925873997247,0,0.929838622572878,0
M25131_20260321_cell#566,1,1,1,1,0.0334238313764433,0.038424168999455,1.14960396271434,0,52.7013682568907,0,0.957483113583208,0
M25131_20260321_cell#567,1,1,1,1,0.0167233866985812,0.020843821450302,1.24638757842456,0,24.7522354276231,0,0.981162317280479,0
M25131_20260321_cell#568,1,1,1,1,0.0480688042502632,0.0515080479502976,1.07154835144491,0,26.5010051657505,0,0.96880026286156,0
M25131_20260321_cell#569,1,0,0,0,0.020425923113507,0.020445213536722,1.00094440888217,1,0,0,0.977677192274484,0
M25131_20260321_cell#570,1,1,1,1,0.0284858068866202,0.036305102928878,1.27449796571957,0,48.7231920832847,0,1.00948787923495,0
M25131_20260321_cell#571,1,0,0,0,0.0443117889545484,0.0433123385633052,0.977445045329396,1,0,0,1.0102863152905,0
M25131_20260321_cell#572,1,1,1,1,0.138641903247447,0.14962695322233,1.07923326005758,0,73.1466516217913,0,1.00973101367533,0
M25131_20260321_cell#573,1,1,1,1,0.0708581405231987,0.0762860586057451,1.07660260405464,0,25.8284488486082,0,1.00637554515776,0
M25131_20260321_cell#574,1,1,0,0,0.0351091740334133,0.035316757364128,1.00591250966249,0.000396056317725546,36.3703401983523,0,NaN,0
M25131_20260321_cell#575,1,1,1,1,0.0401066216902976,0.0437421198281151,1.09064583314673,0,78.5513745482225,0,1.00001692490747,0
M25131_20260321_cell#576,1,1,1,1,0.0125930982432581,0.0248749400075282,1.97528356620623,0,36.2906379790323,0,1.04557542009037,1
M25131_20260321_cell#577,1,1,1,1,0.00589937586870596,0.0112502868083782,1.90703000770927,0,34.2067526854136,0,0.923172606998804,0
M25131_20260321_cell#578,1,0,0,0,0.0151035614577119,0.0105388450416274,0.697772182483904,1,0,0,0.989919240620251,0
M25131_20260321_cell#579,1,1,1,1,0.0227730896639011,0.0237472843807682,1.0427783287751,2.77689093941547e-10,23.6028211725986,0,0.973050464577959,0
M25131_20260321_cell#580,1,1,1,1,0.042633235594312,0.0469099225271184,1.10031344966407,0,28.721063782491,0,0.985395265167705,0
M25131_20260321_cell#581,1,1,1,1,0.0217057903990298,0.0299901708324887,1.38166684009946,0,78.3454748255171,0,1.05495402586065,1
M25131_20260321_cell#582,1,1,1,1,0.0810061627618619,0.0904794857747435,1.11694570746094,0,83.5173925143028,0,0.994432490326277,0
M25131_20260321_cell#583,1,1,1,1,0.0268863110096875,0.0343136080243214,1.27624827414805,0,83.3824147838977,0,0.914924061311015,0
M25131_20260321_cell#584,1,1,1,1,0.03231733229823,0.0384455656120423,1.18962683111526,0,44.9266843182123,0,0.974868652252715,0
M25131_20260321_cell#585,1,1,1,1,0.0224907294803752,0.0239105579668465,1.06312949909919,0.0336738463588829,23.7958755544977,0,0.895057957555298,0
M25131_20260321_cell#586,1,1,1,1,0.0915410738239043,0.142582916211933,1.55758404676591,0,202.299669393813,0,0.951160641190784,0
M25131_20260321_cell#587,1,1,1,1,0.034874201391522,0.0412922738057253,1.18403496447559,0,59.4722220205615,0,0.974841469351613,0
M25131_20260321_cell#588,0,0,1,0,0.000740611790248934,0.00226499240628116,3.05827214217026,0.999967764581535,NaN,1,0.596973890483254,0
M25131_20260321_cell#589,1,1,1,1,0.0242968010262241,0.0324955571814831,1.33744179517336,0,75.0550231411322,0,0.8966030133033,0
M25131_20260321_cell#590,1,1,1,1,0.0147888661735386,0.0226990951536847,1.53487731157509,0,94.1526932115913,0,0.952252234136576,0
M25131_20260321_cell#591,1,1,1,1,0.0769454435659051,0.0811129755861726,1.05416216772729,0,77.3051891710119,0,0.977358277668668,0
M25131_20260321_cell#592,1,0,0,0,0.023855989937584,0.0226865296784434,0.950978338681384,1,0,0,0.903803277812808,0
M25131_20260321_cell#593,1,1,1,1,0.0447215210731559,0.048975305554772,1.09511716908416,0,66.7064466182054,0,0.990211762348166,0
M25131_20260321_cell#594,0,0,0,0,0.0207431203051173,0.018333569811448,0.883838571139422,1,0,1,1.03031840570835,1
M25131_20260322_cell#1,1,0,0,0,0.0218448708574634,0.0217420737609502,0.99529422274071,1,0,0,0.981716280284808,0
M25131_20260322_cell#2,1,0,0,0,0.0191585681917121,0.0193520276353563,1.01009780280595,0.880497861578463,0,0,0.996395626931854,0
M25131_20260322_cell#3,1,1,1,1,0.0267893747447579,0.0425463987877318,1.58818185168944,0,69.3820655563193,0,0.942421767300067,0
M25131_20260322_cell#4,1,1,1,1,0.0206891459780282,0.0258556724776066,1.24972159339323,0,71.7062578005876,0,1.01166191810832,0
M25131_20260322_cell#5,1,0,1,0,0.00601354567204128,0.00614223122232847,1.02139928044207,1,0,0,0.751542369456431,0
M25131_20260322_cell#6,1,1,1,1,0.0166757639148983,0.0234089892526097,1.40377312680086,0,27.6416481901235,0,0.981388995627933,0
M25131_20260322_cell#7,1,1,1,1,0.00741532014902517,0.00946839862292671,1.27686983604766,0,25.2467155678533,0,0.763329627947698,0
M25131_20260322_cell#8,1,1,1,1,0.0220702150158309,0.0249686630427621,1.13132849067633,0,17.1639862058677,0,0.942748910698116,0
M25131_20260322_cell#9,0,0,0,0,0.049952417122261,0.0474765292802449,0.950435074323705,1,0,1,0.948496518233608,0
M25131_20260322_cell#10,1,0,0,0,0.0476513518912839,0.0402078559989506,0.843792555784868,1,0,0,0.988720966734463,0
M25131_20260322_cell#11,1,0,0,0,0.0530918956879591,0.0538044782515092,1.01342168243037,0.217165670964232,0,0,1.00327274772988,0
M25131_20260322_cell#12,0,0,0,0,0.0194798319655581,0.0173067672647579,0.888445408325782,1,0,1,0.995920670301664,0
M25131_20260322_cell#13,1,1,1,1,0.0273477042334844,0.0386878198409776,1.41466426251636,0,56.264684152743,0,1.00041909234967,0
M25131_20260322_cell#14,1,0,0,0,0.031443135932252,0.0311750757775179,0.991474763989454,1,0,0,1.01158943022757,0
M25131_20260322_cell#15,1,1,1,1,0.0813589543036881,0.0855808333647994,1.05189200251213,0,74.9501593118886,0,0.969083999878599,0
M25131_20260322_cell#16,1,1,1,1,0.0122158193015394,0.0138750479830641,1.13582622995378,0,35.4803365054486,0,1.012262801063,0
M25131_20260322_cell#17,1,1,1,1,0.0300699462601157,0.0411301676963688,1.36781646832948,0,76.3447836638387,0,0.96326427655638,0
M25131_20260322_cell#18,1,0,0,0,0.054610132998273,0.054281667604428,0.993985266546496,1,0,0,0.954683090827823,0
M25131_20260322_cell#19,0,1,1,0,0.00428744612914104,0.0251094644435027,5.85650844049981,0,40.0532132243951,0,NaN,0
M25131_20260322_cell#20,1,1,1,1,0.00811908998068217,0.00912816625798697,1.12428440622111,4.64195790700339e-05,17.4585772788292,0,0.893241126006037,0
M25131_20260322_cell#21,1,0,0,0,0.010810897446797,0.00976028966548691,0.902819559016223,1,0,0,0.907152847938037,0
M25131_20260322_cell#22,1,1,1,1,0.0750383213166969,0.0817533154617425,1.08948753153346,0,164.074668293185,0,0.976042592027628,0
M25131_20260322_cell#23,1,1,1,1,0.0465174006486949,0.0481412415587564,1.03490824696601,5.83089132533132e-13,34.4062765455932,0,0.953789915014202,0
M25131_20260322_cell#24,1,1,1,1,0.0371242901274466,0.0413311425384988,1.11331805663112,0,18.7063376486599,0,0.94345773219582,0
M25131_20260322_cell#25,1,0,0,0,0.0385086817277217,0.0382132912719687,0.992329250379392,1,0,0,0.908805894659909,0
M25131_20260322_cell#26,1,1,1,1,0.0196057137638182,0.0216482678721608,1.1041815734407,0,23.469624456454,0,0.940624949119971,0
M25131_20260322_cell#27,1,0,0,0,0.0370726325365458,0.0360525518733769,0.972484266873592,1,0,0,0.953867430478116,0
M25131_20260322_cell#28,1,1,1,1,0.0779633080367561,0.0794520089329199,1.01909489134891,6.68771704681603e-10,64.7517834257827,0,0.997806248799925,0
M25131_20260322_cell#29,1,0,0,0,0.0588598582504217,0.0583690595440844,0.99166157172433,1,0,0,0.955187427180918,0
M25131_20260322_cell#30,0,0,0,0,0.0262905965325555,0.0228492045908517,0.869101793204183,1,0,1,0.982135771322338,0
M25131_20260322_cell#31,1,1,1,1,0.0404329301279522,0.0433276877152568,1.07159405905395,0,86.4660014643683,0,1.05157782930789,1
M25131_20260322_cell#32,1,0,0,0,0.00871892535886776,0.00880592807907665,1.00997860592079,1,0,0,0.938480161854631,0
M25131_20260322_cell#33,1,1,1,1,0.0718667268632658,0.106559413422288,1.48273642161314,0,100.229271093236,0,0.97234721714018,0
M25131_20260322_cell#34,1,0,0,0,0.0266580745806521,0.0264383239307792,0.991756694610178,1,0,0,0.94542904094429,0
M25131_20260322_cell#35,1,1,1,1,0.0397203062228292,0.0433589805307925,1.09160740824984,0,49.3263587569643,0,0.993495469251445,0
M25131_20260322_cell#36,1,1,1,1,0.122325788598026,0.130856739219849,1.06973959227728,0,141.394834468741,0,0.989221465715929,0
M25131_20260322_cell#37,0,0,0,0,0.0106478118574363,0.0101607694999532,0.954258925307455,1,0,1,0.817297484338476,0
M25131_20260322_cell#38,1,1,1,1,0.0413985301207213,0.0483455706987993,1.16780887045554,0,26.8090689378069,0,0.966110636360235,0
M25131_20260322_cell#39,1,1,1,1,0.0402498922603759,0.0429888329828125,1.06804839885579,0,55.9123024309595,0,1.00337229312331,0
M25131_20260322_cell#40,1,1,1,1,0.0159718558299097,0.0189589975517539,1.18702533717154,0,14.5982676608595,0,0.955847290177935,0
M25131_20260322_cell#41,1,1,1,1,0.0104968714335908,0.0163282541512728,1.55553530921805,0,83.9912425186348,0,0.92916505914688,0
M25131_20260322_cell#42,1,1,1,1,0.0561634219392273,0.0656618279050084,1.16912085549308,0,84.9826731979097,0,0.944295715983072,0
M25131_20260322_cell#43,1,1,1,1,0.0143877297920556,0.0233068678364676,1.61991281274526,0,132.824970863125,0,0.964725957471847,0
M25131_20260322_cell#44,1,1,1,1,0.0262554242082544,0.0305923838714083,1.16518337806138,0,94.5445928704132,0,0.977796154475037,0
M25131_20260322_cell#45,1,0,0,0,0.00757393167637288,0.00766768651992257,1.01237862282837,0.999999807236505,0,0,0.961568463726841,0
M25131_20260322_cell#46,1,0,0,0,0.0237937494134259,0.0232948027577903,0.979030347551949,1,0,0,0.938873163634327,0
M25131_20260322_cell#47,1,1,1,1,0.0192521076271644,0.0204229725876657,1.06081749505957,0,16.9460170764636,0,1.04763223330412,1
M25131_20260322_cell#48,1,1,1,1,0.0137186907848776,0.0158275213536193,1.15371952045645,0,25.2890771577191,0,0.929788833817811,0
M25131_20260322_cell#49,1,0,0,0,0.0274651486417618,0.0258396301862817,0.94081523181679,1,0,0,1.01073769763655,0
M25131_20260322_cell#50,1,0,0,0,0.00439710274127944,0.00396058926337445,0.900727023317635,1,0,0,0.876845909306932,0
M25131_20260322_cell#51,1,1,1,1,0.03675737439869,0.0379330726955691,1.03198537208145,0,21.2693985174267,0,0.974366816524161,0
M25131_20260322_cell#52,1,0,0,0,0.0249579722854587,0.0252847129347494,1.01309163443062,1,0,0,0.944326611360171,0
M25131_20260322_cell#53,1,1,1,1,0.0652840344892498,0.0777376505896683,1.19076051591862,0,207.916947645264,0,0.98647900300444,0
M25131_20260322_cell#54,0,1,1,0,0.0017136473677417,0.00354501520351469,2.06869585321186,3.88968079967356e-10,19.7501645008705,0,NaN,0
M25131_20260322_cell#55,1,1,1,1,0.0713493855400705,0.0763677214075143,1.07033467533684,0,123.931411634731,0,0.985608228557603,0
M25131_20260322_cell#56,1,0,1,0,0.00515485041682588,0.00565433900959797,1.09689681608252,1,0,0,0.885247080492536,0
M25131_20260322_cell#57,1,1,1,1,0.0245273535121424,0.0269159997170155,1.09738703377397,0.049652081678988,82.5011068675048,0,1.0526355824377,1
M25131_20260322_cell#58,0,0,0,0,0.00396486723655348,0.00352972487335048,0.890250458025109,1,0,1,0.905536929228162,0
M25131_20260322_cell#59,1,0,0,0,0.0492373946340599,0.0480023632693693,0.974916801064118,1,0,0,0.987755185571698,0
M25131_20260322_cell#60,1,1,1,1,0.0290326942021287,0.032413268586517,1.11644025734754,0,40.3286816290057,0,0.989562582555064,0
M25131_20260322_cell#61,1,0,0,0,0.00601152026568035,0.00500837142785039,0.833128926877794,1,0,0,0.914540430342194,0
M25131_20260322_cell#62,1,0,0,0,0.0311263286772463,0.0301383973527937,0.968260589461202,1,0,0,0.959599932145518,0
M25131_20260322_cell#63,0,0,0,0,0.0150458957645324,0.00991840709667281,0.659210142878525,1,0,1,0.96383168373579,0
M25131_20260322_cell#64,1,1,1,1,0.0157991013953899,0.018646376346022,1.18021752499562,0,51.575212985738,0,0.991876534014295,0
M25131_20260322_cell#65,1,1,1,1,0.0101770569722278,0.013756388520431,1.35170595565798,0,25.3237457584744,0,0.914782218105678,0
M25131_20260322_cell#66,1,0,0,0,0.019335752001005,0.0163045972245748,0.843235744010751,1,0,0,0.988537673254149,0
M25131_20260322_cell#67,1,1,1,1,0.0245721199435831,0.0257931119498421,1.04969013699519,1.25729824451692e-06,13.3101182361934,0,0.898213001703354,0
M25131_20260322_cell#68,1,0,0,0,0.0121182942090026,0.0113239018237064,0.934446847749742,1,0,0,1.00844060497283,0
M25131_20260322_cell#69,1,0,0,0,0.00899755146565079,0.00805648477226193,0.895408578991575,1,0,3.90562464591682e-08,0.811032718507759,0
M25131_20260322_cell#70,0,0,0,0,0.0582392378891887,0.0565470534149363,0.970944254499483,1,0,1,0.941272400068325,0
M25131_20260322_cell#71,0,0,0,0,0.0128398459679412,0.00927613369897839,0.722448985925472,1,0,1,0.953923641269879,0
M25131_20260322_cell#72,0,0,0,0,0.000667739946999719,0.000667739946999719,1,1,NaN,1,1,0
M25131_20260322_cell#73,1,0,0,0,0.050840235037615,0.049091380607434,0.965600976689289,1,0,0,0.998071384663241,0
M25131_20260322_cell#74,0,0,0,0,0.0544074896320274,0.0518661748376057,0.953291085260334,1,0,1,0.920143486144979,0
M25131_20260322_cell#75,0,0,0,0,0.0572213974412444,0.0550964206418776,0.962863947851873,1,0,1,0.973246260118303,0
M25131_20260322_cell#76,1,1,1,1,0.0104514804389059,0.0129704874308726,1.24101915577335,0,46.1930284326963,0,1.03450922622529,1
M25131_20260322_cell#77,1,0,0,0,0.0420805877944757,0.0424965035943784,1.0098837925443,1,0,0,0.988195714589447,0
M25131_20260322_cell#78,1,1,1,1,0.0166405156576851,0.0195101985214198,1.17245155875981,0,27.7371597440182,0,0.901251581243991,0
M25131_20260322_cell#79,0,0,0,0,6.2339088776471e-07,6.2339088776471e-07,1,1,NaN,1,1,0
M25131_20260322_cell#80,0,0,0,0,0.0149300963041846,0.014205073593765,0.951438845694763,1,0,0.999910198566734,0.951782710470068,0
M25131_20260322_cell#81,1,1,1,1,0.0309670224731539,0.0347476200377452,1.12208463270464,0,152.735197346588,0,0.925646470658773,0
M25131_20260322_cell#82,1,0,0,0,0.0273509212045018,0.0267240570057198,0.977080691575433,1,0,0,0.943715657848413,0
M25131_20260322_cell#83,1,1,1,1,0.0245064473114098,0.0276106568596194,1.12666909686107,0,45.1076152430362,0,0.928894458632128,0
M25131_20260322_cell#84,0,0,0,0,0.0086557464381551,0.00805004287843977,0.930022954803141,1,0,1,0.866870748271859,0
M25131_20260322_cell#85,1,0,0,0,0.0155936916412327,0.014425280744413,0.925071565880512,0.999999998519276,0,0,0.941009543560033,0
M25131_20260322_cell#86,1,1,1,1,0.0126361637586327,0.0173352251353808,1.37187404868331,0,58.6433792107094,0,0.79550434132668,0
M25131_20260322_cell#87,1,1,1,1,0.132643773882271,0.157686336525479,1.18879561332019,0,59.4991155601765,0,0.986216221470201,0
M25131_20260322_cell#88,1,1,1,1,0.00642391245072887,0.00914288521612795,1.42325806683287,0,28.3894342295811,0,1.03591481891821,0
M25131_20260322_cell#89,1,0,0,0,0.0240154554754001,0.0236227214425115,0.983646613186624,0.999999999059793,0,0,0.963665829445372,0
M25131_20260322_cell#90,1,0,1,0,0.00281254337649587,0.00359685233985127,1.27886110838673,1,0,0,0.671686817396764,0
M25131_20260322_cell#91,1,0,0,0,0.0307956232013641,0.0286658664056206,0.930842224499968,1,0,0,0.945922261840484,0
M25131_20260322_cell#92,1,0,0,0,0.0287943662150642,0.0275490259076994,0.95675055675602,1,0,0,0.9573693837204,0
M25131_20260322_cell#93,1,0,0,0,0.00790762633551628,0.00790645688010338,0.999852110435765,1,0,0,0.996669764319887,0
M25131_20260322_cell#94,1,1,1,1,0.0624163256376669,0.0687197059230312,1.10098928799423,0,109.976995462317,0,0.985673761898298,0
M25131_20260322_cell#95,1,1,1,1,0.069669002142824,0.0760166002367213,1.09111079387766,0,51.0252189171645,0,0.999233510651295,0
M25131_20260322_cell#96,1,1,1,1,0.0688250620089812,0.085338583705128,1.23993471584511,0,78.7674773185389,0,0.935681492747315,0
M25131_20260322_cell#97,1,1,1,1,0.102636119725795,0.113042953563836,1.10139543336054,0,105.842956856115,0,0.986745018326712,0
M25131_20260322_cell#98,1,1,1,1,0.0223512765695745,0.0258270063575704,1.15550475504953,0,57.7485975568357,0,0.994756410060804,0
M25131_20260322_cell#99,1,1,1,1,0.0126624093717262,0.0152436048149065,1.20384710108519,0,39.1482107077358,0,0.957740832571624,0
M25131_20260322_cell#100,1,1,1,1,0.0216516952987231,0.0247311722250029,1.14222798186438,0,22.2757849929952,0,0.949817484660645,0
M25131_20260322_cell#101,1,0,0,0,0.00444399621395003,0.00443812105919579,0.998677956849785,0.339672046922599,0,3.77475828372553e-15,0.869704548091466,0
M25131_20260322_cell#102,1,0,0,0,0.00944348416472519,0.00920439103894882,0.974681682988418,1,0,4.14566458939447e-09,0.940741357367021,0
M25131_20260322_cell#103,1,1,1,1,0.00495241053129104,0.00682699204046384,1.37851900550824,1.11295121459909e-05,28.6901309212855,0,0.703123387091414,0
M25131_20260322_cell#104,1,1,1,1,0.000930632731759328,0.00631832871434281,6.78928270919317,3.33066907387547e-16,30.3259162068264,2.98743229015797e-05,1.03376259365233,0
M25131_20260322_cell#105,1,0,0,0,0.0275531760690999,0.0276019581263114,1.00177046947652,1,0,0,0.732906663428778,0
M25131_20260322_cell#106,1,1,1,1,0.0136659019055766,0.0152945285426368,1.11917447149211,0,31.6374203979366,0,0.913574637445778,0
M25131_20260322_cell#107,0,0,0,0,-3.59161105999167e-07,-3.59161105999167e-07,1,1,NaN,3.33066907387547e-16,-5.50649436692322e-05,0
M25131_20260322_cell#108,1,0,1,0,0.00462093305574939,0.0052230887132921,1.13031040490697,1,0,0,0.887558091033429,0
M25131_20260322_cell#109,1,0,0,0,0.0302090199299901,0.0302692928724262,1.0019951968841,1,0,0,0.940088232316175,0
M25131_20260322_cell#110,1,0,0,0,0.0170167593188183,0.0164357860694408,0.965858760854953,1,0,0,0.977560906216117,0
M25131_20260322_cell#111,1,1,1,1,0.0476548618266416,0.0509062981613986,1.06822884822508,0,17.2549931485122,0,0.936967976064081,0
M25131_20260322_cell#112,0,0,0,0,0.0116401047019821,0.0114211951307613,0.981193504970494,1,0,1,0.984589703537553,0
M25131_20260322_cell#113,1,0,0,0,0.00771927859907487,0.00777764454984982,1.00756106286693,1,0,0,0.892721803482695,0
M25131_20260322_cell#114,0,1,1,0,0.000954212856635669,0.00630532685449533,6.60788293790805,0,33.3514195170769,0,NaN,0
M25131_20260322_cell#115,1,1,1,1,0.0258387164478018,0.0294552261088717,1.13996475670051,0,71.220116548861,0,1.02362606424075,1
M25131_20260322_cell#116,1,0,0,0,0.0744387571465384,0.0730262850739853,0.981025044926898,1,0,0,0.930247999297105,0
M25131_20260322_cell#117,1,1,1,1,0.0575494349655903,0.0602798000130988,1.04744382024152,0,20.8243773307166,0,0.996731963522298,0
M25131_20260322_cell#118,1,1,1,1,0.047286074597006,0.0495860607316924,1.04863981953012,0,27.7087424762757,0,0.996643772446671,0
M25131_20260322_cell#119,1,1,1,1,0.0226372901232015,0.0289404455202066,1.27844125170021,0,111.06671510236,0,0.900183478147494,0
M25131_20260322_cell#120,1,1,1,1,0.0336783591664116,0.0466351384934194,1.38472121705769,0,111.96183722458,0,0.967456437711807,0
M25131_20260322_cell#121,1,1,1,1,0.0191167139422277,0.0307826479728558,1.61024787345166,0,48.1380064857533,0,1.06108395789002,1
M25131_20260322_cell#122,1,0,1,0,0.0234535696210438,0.0238165457380314,1.01547636981715,0.876104650310366,0,0,0.731593285940948,0
M25131_20260322_cell#123,1,0,0,0,0.00591985874292869,0.00318672974573977,0.538311788190274,1,0,0,0.869949666234288,0
M25131_20260322_cell#124,1,1,1,1,0.0379550379651456,0.0408126898758082,1.0752904505928,0,28.4202889240331,0,0.937810380223271,0
M25131_20260322_cell#125,1,1,1,1,0.0165631605816226,0.021651289550008,1.30719553453046,0,69.0225754808211,0,0.857118499077751,0
M25131_20260322_cell#126,1,1,1,1,0.0231224282363259,0.0272580031260386,1.17885556168429,0,54.5336745998793,0,0.925916019499779,0
M25131_20260322_cell#127,1,1,1,1,0.0149156085019239,0.0178522261964998,1.19688219184602,0,16.1849787511416,0,1.00350717406395,0
M25131_20260322_cell#128,1,1,1,1,0.0165170881171315,0.026194586869622,1.58590828382474,0,39.1834718948208,0,1.03161400723917,1
M25131_20260322_cell#129,1,0,0,0,0.0282814571293573,0.0280650850831413,0.992349331746724,1,0,0,0.864099903295323,0
M25131_20260322_cell#130,1,1,1,1,0.0215975616701949,0.0250125202470629,1.15811778334129,0,34.4876197723852,0,0.970661295002797,0
M25131_20260322_cell#131,1,1,1,1,0.0707159627875615,0.0737922821960039,1.04350247507319,0,42.6809830348048,0,0.943651789577334,0
M25131_20260322_cell#132,1,0,0,0,0.0261406318466041,0.0264996491476198,1.01373407127733,0.596185695618868,0,0,0.969325745636884,0
M25131_20260322_cell#133,1,1,1,1,0.00558576713668151,0.00659382203977782,1.18046847969663,0.000813537769792982,30.5841579768948,0,0.920047314357997,0
M25131_20260322_cell#134,0,1,1,0,0.030827622907099,0.0323166627463974,1.0483021296772,0.00494941535105575,23.0891333946352,1,NaN,0
M25131_20260322_cell#135,1,1,1,1,0.0144062068098671,0.0207777922083979,1.44228057271583,0,55.8415269355148,0,0.950041771064474,0
M25131_20260322_cell#136,1,1,1,1,0.0264137038878513,0.0294274584263296,1.11409814205816,0,66.4547628556014,0,0.969276238548776,0
M25131_20260322_cell#137,1,1,1,1,0.0130089856503033,0.0137757648246988,1.05894227228836,0.00110113841048409,16.0274647868906,0,0.984000861841737,0
M25131_20260322_cell#138,1,0,0,0,0.012343931243286,0.0116757681258611,0.945871124501904,0.254344473176926,0,0.0118382172345747,0.987125836573492,0
M25131_20260322_cell#139,0,0,0,0,0.017218743782054,0.0158665182554377,0.921467817645,1,0,0.145440820610553,0.980958392138577,0
M25131_20260322_cell#140,1,0,0,0,0.0296596847599511,0.0279439852559584,0.942153818630286,1,0,0,0.948769146488725,0
M25131_20260322_cell#141,1,0,0,0,0.0302968770079823,0.0291329868284888,0.961583823336417,1,0,0,0.971901072249848,0
M25131_20260322_cell#142,0,0,0,0,0.000698033039977873,7.11626416401952e-06,0.0101947382952605,0.999999963631645,NaN,1,0.422046471694161,0
M25131_20260322_cell#143,0,0,0,0,-2.97981844205824e-07,-2.97981844205824e-07,1,1,NaN,4.82562878545423e-11,1,0
M25131_20260322_cell#144,1,1,1,1,0.0334822144885052,0.041669784021717,1.24453488690309,0,34.4784284407423,0,0.975629051782103,0
M25131_20260322_cell#145,1,1,1,1,0.0338143725511392,0.0378936039706045,1.12063602284194,0,25.9935996275937,0,0.96696229820923,0
M25131_20260322_cell#146,1,1,1,1,0.031926590329049,0.0412409640089951,1.29174345221172,0,62.837246323903,0,0.978558087614196,0
M25131_20260322_cell#147,1,1,1,1,0.0112591321983523,0.0141118506724477,1.25336930269927,0,22.7943946965513,0,1.00999264529449,0
M25131_20260322_cell#148,1,1,1,1,0.0305399897133038,0.0360659724600278,1.18094252154632,0,115.696806497562,0,0.929635240649189,0
M25131_20260322_cell#149,0,0,0,0,0.0364851059436508,0.0352364550550667,0.965776421465991,1,0,0.377516456559533,0.936817205887645,0
M25131_20260322_cell#150,1,1,1,1,0.0148617454116009,0.0185703354577507,1.2495393336004,0,30.3411159063441,0,0.874549691580303,0
M25131_20260322_cell#151,0,0,0,0,0.0362841910089244,0.0356069961341605,0.98133636562002,1,0,0.901057191535523,0.943173627682369,0
M25131_20260322_cell#152,0,0,0,0,0.0238836707788921,0.023058651791635,0.965456776100505,1,0,1,0.857208525104977,0
M25131_20260322_cell#153,1,0,0,0,0.00993257924498571,0.00926225680113209,0.932512751489799,1,0,0,0.886314460022877,0
M25131_20260322_cell#154,1,0,0,0,0.0269508811941988,0.0260853376590431,0.967884406861547,1,0,0,0.939358814282956,0
M25131_20260322_cell#155,1,1,1,1,0.0975354450012095,0.153573954444264,1.57454507376636,0,412.816554462557,0,1.03883187865494,1
M25131_20260322_cell#156,1,1,1,1,0.0193013843477203,0.0220353978098755,1.14164856846023,0,29.3771088310602,0,0.955206267281904,0
M25131_20260322_cell#157,1,0,0,0,0.00929830589952233,0.00836947186781566,0.900107176323982,1,0,0,0.964979507472933,0
M25131_20260322_cell#158,1,1,1,1,0.00711828063535398,0.010902946410221,1.53168257459111,0,20.2928432104149,0,0.884346079547279,0
M25131_20260322_cell#159,0,0,0,0,0.0571111290565391,0.0539875880649291,0.94530766519223,1,0,1,0.957928349924297,0
M25131_20260322_cell#160,1,1,1,1,0.0130352974129347,0.0153632737390142,1.1785901964745,0,24.9320548944358,0,0.974339435372915,0
M25131_20260322_cell#161,0,0,0,0,-2.45394405020034e-07,-2.45394405020034e-07,1,1,NaN,1,1,0
M25131_20260322_cell#162,1,1,1,1,0.0536478604571589,0.057531328131985,1.07238811840273,0,101.594884029668,0,1.04948106535518,1
M25131_20260322_cell#163,1,1,1,1,0.0247940818810878,0.0256398229953136,1.03411060422733,0,40.5240784501018,0,1.02900374270706,1
M25131_20260322_cell#164,1,1,1,1,0.0567364456878512,0.0646377279375573,1.1392629050677,0,96.8864211318421,0,1.01477957787698,0
M25131_20260322_cell#165,0,0,0,0,0.0117813425685487,0.0109790513415137,0.931901544975289,1,0,0.999999999998851,1.02043059037133,0
M25131_20260322_cell#166,1,1,1,1,0.00452471091804045,0.00728735432191481,1.61056793548057,0,22.0174242223452,0,0.91435117269092,0
M25131_20260322_cell#167,1,1,1,1,0.00674047416742114,0.0112182818757697,1.66431642598546,0,29.1547911963096,0,0.992732182011007,0
M25131_20260322_cell#168,1,0,1,0,0.0161643358396018,0.0164963802953536,1.02054179392501,1,0,0,0.867586778808464,0
M25131_20260322_cell#169,1,0,0,0,0.0120144263965673,0.00941799298691398,0.783890356147579,1,0,3.21964677141295e-14,0.949815599556798,0
M25131_20260322_cell#170,1,1,1,1,0.0715970962526612,0.0774385856982824,1.08158835694966,0,172.725058212149,0,0.984313444965465,0
M25131_20260322_cell#171,0,0,1,0,0.00139375991284022,0.00148177797442446,1.06315152328128,1,NaN,1.41997524849558e-13,0.821996591782807,0
M25131_20260322_cell#172,1,1,1,1,0.0646830928215423,0.0693658517484995,1.07239540848606,0,47.020651636788,0,0.984232082291784,0
M25131_20260322_cell#173,0,0,0,0,0.0271583278854809,0.0248908288694261,0.916508150810453,1,0,1,0.881452106756323,0
M25131_20260322_cell#174,1,0,0,0,0.0242366532623425,0.0237762737282923,0.981004822362768,1,0,0,1,0
M25131_20260322_cell#175,0,0,0,0,0.0122617502134002,0.00977498316043005,0.797193140482303,1,0,1,0.955009480681566,0
M25131_20260322_cell#176,1,1,1,1,0.0294160177646603,0.0336127123414999,1.14266698539601,0,44.3220092765301,0,1.07165026477361,1
M25131_20260322_cell#177,1,1,1,1,0.0207203445270795,0.0273708315293904,1.32096411300591,0,56.9454641138422,0,0.942434083928093,0
M25131_20260322_cell#178,0,1,1,0,0.050052257742145,0.0520741396311209,1.04039541831244,1.57651669496772e-13,25.6227772157457,0.996698637823835,NaN,0
M25131_20260322_cell#179,1,0,0,0,0.0243581155808521,0.0238245867135204,0.978096463761296,1,0,0,0.965109579284394,0
M25131_20260322_cell#180,1,0,0,0,0.0272761711065509,0.0271440634912141,0.995156665691066,1,0,0,0.960069087028669,0
M25131_20260322_cell#181,1,0,0,0,0.00357993764599659,0.00338475680313404,0.945479261885801,1,0,5.54001289287953e-14,0.985772579635306,0
M25131_20260322_cell#182,1,1,1,1,0.0524869505093758,0.0635772208836595,1.2112957652646,0,189.234971445132,0,0.998952100084254,0
M25131_20260322_cell#183,0,0,0,0,0.0107036605950735,0.00588313187875713,0.549637371859952,1,0,1,0.612424924418247,0
M25131_20260322_cell#184,1,0,0,0,0.0745053416775349,0.0739940248475996,0.993137178913315,1,0,0,0.996366271718463,0
M25131_20260322_cell#185,1,0,0,0,0.0108953325487129,0.010348078306079,0.949771680654342,1,0,0,1.0216883392804,0
M25131_20260322_cell#186,1,1,1,1,0.0511587217830918,0.053194458926907,1.03979257246587,0,20.1353796190647,0,0.977928855669802,0
M25131_20260322_cell#187,0,0,0,0,0.0166285370118109,0.0137656913876608,0.827835387916771,1,0,1,0.845116935565993,0
M25131_20260322_cell#188,0,0,0,0,8.37095993285416e-08,8.37095993285416e-08,1,1,NaN,1,1,0
M25131_20260322_cell#189,1,1,1,1,0.0037244076843036,0.00474531609851541,1.27411295989813,0.00769380871565184,17.0730442369927,3.14903168208147e-07,0.918837110989846,0
M25131_20260322_cell#190,1,1,1,1,0.0327669489338617,0.0342538704797887,1.04537870001044,0,15.8644446567003,0,0.97307459733008,0
M25131_20260322_cell#191,1,0,0,0,0.029832014774626,0.0289452276385222,0.97027397771142,1,0,1.11022302462516e-16,0.984083522319493,0
M25131_20260322_cell#192,1,1,1,1,0.0199684554609858,0.0220992579025657,1.10670842548353,8.97028664570421e-07,56.4320342055975,0,0.998798811250966,0
M25131_20260322_cell#193,1,0,0,0,0.0769864991406846,0.0744697086284194,0.967308676971191,1,0,0,0.990554648665378,0
M25131_20260322_cell#194,0,0,0,0,0.00740611096344273,0.00722116152111979,0.975027454593124,1,0,1,0.964322547161104,0
M25131_20260322_cell#195,1,0,0,0,0.0135700487982083,0.0134147281717736,0.988554158592623,1,0,0,0.980441325251438,0
M25131_20260322_cell#196,1,0,0,0,0.0411874932507184,0.0413143328198167,1.0030795651565,1,0,0,0.983119016230788,0
M25131_20260322_cell#197,1,1,1,1,0.0869088706974393,0.0937593862285604,1.07882412320107,0,132.566306371023,0,0.987118025547908,0
M25131_20260322_cell#198,1,1,1,1,0.0447881999078429,0.0469873789833896,1.0491017518023,0,63.1195870726391,0,1.02706526286911,1
M25131_20260322_cell#199,1,0,0,0,0.0135519929482397,0.0129844410714269,0.958120412327511,1,0,0,0.953566136835602,0
M25131_20260322_cell#200,1,0,0,0,0.0105436882268532,0.0098957491871424,0.938547211775423,1,0,0,0.948619440901157,0
M25131_20260322_cell#201,1,1,1,1,0.0153089860670726,0.0215987380605913,1.410853597094,0,23.0059169039262,0,0.941039185593906,0
M25131_20260322_cell#202,1,1,1,1,0.0102406036663166,0.013422116380257,1.31067628604797,0,34.1367785536066,0,0.849341644754223,0
M25131_20260322_cell#203,0,0,0,0,0.00585494457731218,0.00526985983002734,0.900069976827444,1,0,1,0.831497356186014,0
M25131_20260322_cell#204,0,0,0,0,0.0239275599369175,0.0225286853454465,0.941537098009203,1,0,1,0.899953024968222,0
M25131_20260322_cell#205,1,1,1,1,0.0185024471929912,0.0260803038777219,1.40955969800585,0,45.9583251433541,0,0.792543279939367,0
M25131_20260322_cell#206,1,1,1,1,0.0589998826483443,0.0611156000528806,1.03585968835136,0,52.2459728071405,0,1.01519845764395,1
M25131_20260322_cell#207,1,1,1,1,0.0164689537394187,0.0258923941746366,1.57219423797777,0,111.264567631162,0,0.998281903120776,0
M25131_20260322_cell#208,1,0,0,0,0.0211962266879859,0.0205311555566768,0.968623135565631,1,0,0,0.998021176343739,0
M25131_20260322_cell#209,1,1,1,1,0.153495495073859,0.174937624722368,1.13969224072792,0,251.025001441489,0,1.02064386199762,1
M25131_20260322_cell#210,1,0,0,0,0.0302236560181948,0.0293943951635766,0.97256252340488,1,0,0,0.938235445507703,0
M25131_20260322_cell#211,1,1,1,1,0.0349097127364893,0.0475629047482064,1.36245477318097,0,72.8699594505702,0,0.974169423053565,0
M25131_20260322_cell#212,1,0,0,0,0.0264320277639378,0.0266624197530773,1.00871639479184,0.999840539916586,0,0,0.993913490742109,0
M25131_20260322_cell#213,0,0,0,0,6.58459794473352e-08,6.58459794473352e-08,1,1,NaN,1,1,0
M25131_20260322_cell#214,0,0,0,0,0.0114532051314982,0.0110061873675751,0.960970072674794,1,0,1,1.10544357327498,1
M25131_20260322_cell#215,1,1,1,1,0.00841910947332638,0.0109108677739588,1.29596459204229,0,40.5419397849838,0,0.897536420691379,0
M25131_20260322_cell#216,0,0,0,0,0.0327706757901957,0.0302875312028285,0.92422662860953,1,0,1,0.911902022838291,0
M25131_20260322_cell#217,0,0,0,0,0.0121252556454902,0.0109711498490411,0.904818023620122,1,0,1,1.0004646749841,0
M25131_20260322_cell#218,1,1,1,1,0.0282571156974879,0.0341290308730922,1.20780306236727,0,87.0439258491798,0,0.936547840850413,0
M25131_20260322_cell#219,0,0,0,0,0.0133257727312478,0.0127906616739949,0.95984390038424,1,0,1,0.98736884364009,0
M25131_20260322_cell#220,0,0,0,0,0.0101008691127719,0.00891641636092617,0.882737540837144,1,0,1,0.821979528788616,0
M25131_20260322_cell#221,1,1,1,1,0.012383943659308,0.0182826068473819,1.47631540891584,0,55.1681071111518,0,0.912755501015214,0
M25131_20260322_cell#222,1,1,1,1,0.0362146796403365,0.0380647193803551,1.05108535429257,4.44320396075781e-06,34.9996684046336,0,0.955595798107845,0
M25131_20260322_cell#223,0,0,0,0,0.0110413029619478,0.0108575902058472,0.983361315531898,1,0,0.942382282343549,0.888221259758829,0
M25131_20260322_cell#224,0,0,0,0,0.0222316284323931,0.0192437868580536,0.865604016213855,1,0,1,0.840164741512784,0
M25131_20260322_cell#225,0,0,0,0,0.032607871497739,0.0313460442625082,0.961302986755257,1,0,1,0.958502610491882,0
M25131_20260322_cell#226,1,0,0,0,0.0217089124399061,0.0204027401827833,0.939832441595658,0.423731299238624,0,0,0.978848557363187,0
M25131_20260322_cell#227,1,1,1,1,0.0536368193909386,0.0566643828423312,1.05644561862115,0,68.2257206661309,0,0.994219734034919,0
M25131_20260322_cell#228,1,0,0,0,0.00938178000582502,0.00810298845175708,0.863694144045804,1,0,0,0.750394430501431,0
M25131_20260322_cell#229,1,1,1,1,0.0154274382752409,0.019829163321677,1.28531794896242,0,38.8070004346548,0,0.80005942396389,0
M25131_20260322_cell#230,1,0,0,0,0.0676010149496196,0.0670355970945492,0.991635956124449,1,0,0,0.990281946635107,0
M25131_20260322_cell#231,0,0,0,0,0.0306514145451849,0.027241358919597,0.888747202170361,1,0,1,0.885548439368479,0
M25131_20260322_cell#232,1,1,1,1,0.0258390939953172,0.0341464200625709,1.32150221941835,0,79.8922662924324,0,0.93079143585088,0
M25131_20260322_cell#233,1,0,0,0,0.0184946619577468,0.0173976868884266,0.940686935947985,1,0,1.11022302462516e-16,0.835660886391607,0
M25131_20260322_cell#234,1,0,0,0,0.0491261908462203,0.0447847335285411,0.911626420797222,1,0,0,0.969883256508574,0
M25131_20260322_cell#235,1,1,1,1,0.0132940453018144,0.0247140070583307,1.85902834669577,0,125.703669256629,0,0.896209316297006,0
M25131_20260322_cell#236,1,1,1,1,0.0508654074189998,0.0543748900228319,1.06899546827421,0,34.750121520217,0,1.05475602355397,1
M25131_20260322_cell#237,1,1,1,1,0.0904743113554241,0.0956683748080838,1.05740926208606,0,141.120105498536,0,0.971375106722784,0
M25131_20260322_cell#238,1,0,0,0,0.0138015210194244,0.0115928863488188,0.8399716475092,1,0,1.97064586870965e-12,0.786241788668847,0
M25131_20260322_cell#239,1,1,1,1,0.124946221503942,0.183133714465785,1.46570030098915,0,172.140550496622,0,0.970006218233699,0
M25131_20260322_cell#240,1,0,0,0,0.0638316915766352,0.0622996870688975,0.97599931209878,1,0,0,0.991071498073953,0
M25131_20260322_cell#241,0,0,0,0,0.0548158402526415,0.0525927357786895,0.959444123017983,1,0,1,0.97972237973589,0
M25131_20260322_cell#242,0,0,0,0,0.027279712152416,0.0241109157256931,0.883840547546162,1,0,1,0.928807151965063,0
M25131_20260322_cell#243,0,0,0,0,0.00542695940760481,0.00211318029769173,0.389385683395849,1,0,1,0.813295664595722,0
M25131_20260322_cell#244,1,0,0,0,0.0219237078568932,0.0220577809050083,1.00611543672221,0.0529228150834027,0,5.88895598951922e-12,0.843950930377511,0
M25131_20260322_cell#245,1,1,1,1,0.00955770976250004,0.0111946238069035,1.17126634780499,8.23332513277819e-11,28.6993820032013,0,0.797251219404555,0
M25131_20260322_cell#246,1,1,1,1,0.00421052632586741,0.00662093515928227,1.57247209656581,0,60.624682706297,0,1.06659029774169,1
M25131_20260322_cell#247,1,0,0,0,0.028331366666589,0.0280536297497507,0.990196840127526,1,0,0,0.852600341309442,0
M25131_20260322_cell#248,1,0,0,0,0.0518310673395868,0.0512752982139443,0.989277297301227,1,0,0,0.975556736169981,0
M25131_20260322_cell#249,1,0,0,0,0.0201203851690043,0.019999870850125,0.994010337383353,0.999835508676148,0,0,0.981648590140779,0
M25131_20260322_cell#250,0,0,0,0,0.038166372483222,0.0352905068243733,0.924649227271653,1,0,1,0.986275621474416,0
M25131_20260322_cell#251,1,1,1,1,0.0145220351356045,0.0155623414470646,1.07163639956424,0,31.0747507525015,0,1.00833541489077,0
M25131_20260322_cell#252,0,0,0,0,0.0290115577856271,0.0257537088055658,0.887705134480046,1,0,1,0.962739876217608,0
M25131_20260322_cell#253,1,1,1,1,0.0407422862672967,0.048731691851966,1.19609615258833,0,72.0005653977165,0,0.989287912128806,0
M25131_20260322_cell#254,0,0,0,0,1.29724513404207e-07,1.29724513404207e-07,1,1,NaN,0.00091120556977875,6.17793259800634e-05,0
M25131_20260322_cell#255,0,0,0,0,0.0188572777282559,0.0174867602441977,0.927321562326857,1,0,0.166786361681508,0.916570043215439,0
M25131_20260322_cell#256,1,1,1,1,0.020546031252311,0.0226817294366251,1.10394699385429,3.88578058618805e-15,21.9023129092485,0,0.967930478686377,0
M25131_20260322_cell#257,1,1,1,1,0.0154926312696448,0.019282186811906,1.24460373943619,0,29.584185680143,0,0.908656238844645,0
M25131_20260322_cell#258,1,1,1,1,0.0179964354066051,0.022014727857349,1.22328268681858,0,49.6166960146842,0,0.966699318091385,0
M25131_20260322_cell#259,1,0,0,0,0.0491994921590934,0.0441393340318646,0.897150195964096,1,0,0,0.957816541007847,0
M25131_20260322_cell#260,1,0,1,0,0.00727145040724325,0.00849401757830557,1.1681325048775,1,0,0,0.827532276339028,0
M25131_20260322_cell#261,1,1,1,1,0.0187304247026705,0.021047283760677,1.1236949559225,0,35.4949468568914,0,0.861270551022616,0
M25131_20260322_cell#262,0,0,0,0,0.0378804490541183,0.0343488991569017,0.906771171266446,1,0,1,0.965105513597227,0
M25131_20260322_cell#263,1,1,1,1,0.0273541369563161,0.032066540663959,1.17227389462766,0,26.9511719069467,0,1.02683444794557,1
M25131_20260322_cell#264,1,1,1,1,0.0205173758627575,0.0208556160685514,1.01648554903202,7.02698650156819e-06,16.0552501380353,1.11022302462516e-16,0.885424246838675,0
M25131_20260322_cell#265,1,0,0,0,0.0190259539403611,0.018768007144574,0.986442372529876,1,0,0,0.938832812034054,0
M25131_20260322_cell#266,1,0,0,0,0.00539084688208465,0.00522740700535669,0.969681966432563,1,0,0.000492359724147962,0.748113078824234,0
M25131_20260322_cell#267,0,0,0,0,0.0114611053605179,0.0105475773892499,0.920293205364382,1,0,0.999990884863663,0.959314897959855,0
M25131_20260322_cell#268,1,0,0,0,0.0462931967406433,0.0463743653947025,1.00175336031586,0.063300911252377,0,0,1.00134749497441,0
M25131_20260322_cell#269,1,1,1,1,0.0239847223770548,0.0252348560060946,1.05212208043883,0,90.4764830414588,0,0.846208185954059,0
M25131_20260322_cell#270,1,0,0,0,0.00715663623366857,0.00726191778522878,1.01471103855536,1,0,0,0.712266299911296,0
M25131_20260322_cell#271,1,0,0,0,0.0138256508407674,0.0127273928328513,0.920563739055405,1,0,0,0.792292256592815,0
M25131_20260322_cell#272,1,0,0,0,0.00997029041352094,0.00842052947964095,0.844562107059759,1,0,0,0.879354980867207,0
M25131_20260322_cell#273,1,1,1,1,0.0177434907423928,0.0230625351518132,1.29977440666238,0,30.559943444488,0,0.895236508263177,0
M25131_20260322_cell#274,1,0,0,0,0.017768872302056,0.0172091791718791,0.968501482780528,0.996171290177246,0,0,0.802467577203167,0
M25131_20260322_cell#275,1,0,0,0,0.0182369500843764,0.0178948359311353,0.981240604834788,0.999999985342084,0,0,1.0020491887716,0
M25131_20260322_cell#276,1,1,1,1,0.0579298678984712,0.0610462270239402,1.05379537773038,0,36.0413929974746,0,0.955622037129023,0
M25131_20260322_cell#277,1,1,1,1,0.0212796911078439,0.0323460803217555,1.52004463588442,0,70.5933845703209,0,0.922333314414797,0
M25131_20260322_cell#278,0,0,0,0,0.0149823122819517,0.01374145701657,0.917178654267109,1,0,1,0.842728860928125,0
M25131_20260322_cell#279,1,0,0,0,0.029233144840001,0.0275278196724204,0.941664669438947,1,0,6.66133814775094e-16,0.904808996312073,0
M25131_20260322_cell#280,1,1,1,1,0.0295121913123801,0.0317754740768758,1.07668975646503,0.000463954573231007,41.6157079782627,0,0.933354676537033,0
M25131_20260322_cell#281,1,1,1,1,0.0195970691816532,0.0216686321178932,1.10570779319284,2.1538326677728e-14,35.0146105330524,0,0.879154129512077,0
M25131_20260322_cell#282,1,1,1,1,0.0135214153039684,0.0145505428860803,1.07611093653856,1.78439818476761e-10,23.1619069020745,0,0.98573268162558,0
M25131_20260322_cell#283,1,1,1,1,0.0119914914085064,0.0187883659261828,1.5668081046912,0,44.7842653439836,0,0.966574312253291,0
M25131_20260322_cell#284,1,1,1,1,0.0211929850201882,0.0240519106244012,1.13489961897721,0,81.0995951816592,0,0.987611407142339,0
M25131_20260322_cell#285,1,1,1,1,0.0103874006140759,0.012137852259019,1.16851681281754,0,30.8707927298875,0,0.981074860340896,0
M25131_20260322_cell#286,1,1,1,1,0.00613062103322542,0.00754066559554992,1.23000028132267,0,18.0697713507125,0,0.9681650368389,0
M25131_20260322_cell#287,1,0,0,0,0.0194365384226665,0.019564675439222,1.00659258422302,1,0,0,0.994453197256913,0
M25131_20260322_cell#288,1,1,1,1,0.0321760629780872,0.0344980213917573,1.07216415554791,0,27.9933745162153,0,0.941662662765018,0
M25131_20260322_cell#289,0,0,0,0,0.00352120134683654,0.000582138533154135,0.165323841443242,1,0,1,0.714929470812569,0
M25131_20260322_cell#290,1,1,1,1,0.0216697028153598,0.0331233877394974,1.52855754514635,0,40.2076993290533,0,0.943169962439707,0
M25131_20260322_cell#291,1,1,1,1,0.0300145184891226,0.0364992525733232,1.21605324391763,0,43.7402881056033,0,0.948732306027774,0
M25131_20260322_cell#292,1,1,1,1,0.0270097654811124,0.0329634180018468,1.22042592427904,0,112.009029121313,0,0.945166159982734,0
M25131_20260322_cell#293,1,1,1,1,0.00774022177723646,0.0103982556078263,1.34340538386212,0,19.7406359770688,0,0.978549414163108,0
M25131_20260322_cell#294,1,1,1,1,0.0310463822294303,0.0385291909039693,1.24102031016824,0,48.8858903558338,0,0.966450262627021,0
M25131_20260322_cell#295,1,1,1,1,0.0204126000351789,0.0257531434964756,1.26162975084472,0,33.2044204356826,0,0.932358081342613,0
M25131_20260322_cell#296,0,0,0,0,0.011182255068613,0.0100932132569319,0.902609821990387,1,0,1,0.704970372693688,0
M25131_20260322_cell#297,0,0,0,0,0.020854437527237,0.0184879821581228,0.886525092512158,1,0,1,0.885968419408025,0
M25131_20260322_cell#298,1,0,0,0,0.0103960382399332,0.00963245596127199,0.92655064736794,1,0,0,0.956406404341609,0
M25131_20260322_cell#299,1,0,0,0,0.0212015971111552,0.0208678698762159,0.984259335125102,1,0,3.35224625835906e-10,0.846285304366492,0
M25131_20260322_cell#300,1,0,0,0,0.00669717159388133,0.00677918699521108,1.01224627444288,0.338281633600546,0,0,0.627248854019164,0
M25131_20260322_cell#301,0,1,1,0,0.0112559191695194,0.0126300958741094,1.12208480568262,0.0288428127575177,11.3085696483552,0.356606272593137,NaN,0
M25131_20260322_cell#302,1,1,1,1,0.00878876652537613,0.0100650049218994,1.14521245874929,0,19.1671535216665,0,0.953218851796306,0
M25131_20260322_cell#303,1,0,0,0,0.0138775288195114,0.0134239421877472,0.967315028657947,1,0,0,0.978383475405806,0
M25131_20260322_cell#304,0,0,1,0,0.000808585269415718,0.00107020625928348,1.32355398962043,1,NaN,1,0.993013922745239,0
M25131_20260322_cell#305,1,0,0,0,0.0281638326139849,0.0266669053868532,0.946849306781197,1,0,0,0.973284658708387,0
M25131_20260322_cell#306,1,1,1,1,0.028363567788474,0.0355164745176192,1.25218642388324,0,75.829337196129,0,1.05309315080805,1
M25131_20260322_cell#307,1,1,1,1,0.031402700263215,0.0393112607816846,1.25184332723558,0,44.3187315495475,0,0.8557007493057,0
M25131_20260322_cell#308,1,0,0,0,0.0170485018060338,0.0151517765576014,0.888745341378849,1,0,0,0.831785522539377,0
M25131_20260322_cell#309,1,1,1,1,0.023749603661082,0.0251269835052138,1.05799590863863,8.26450019530967e-13,29.7219495710999,0,0.968284154989503,0
M25131_20260322_cell#310,1,0,0,0,0.0275871795684759,0.0259177937402904,0.939486897381378,1,0,0,1.02497695132607,1
M25131_20260322_cell#311,1,1,1,1,0.016433253935288,0.0197156451099297,1.19974079312395,0,24.8576894092705,0,0.941966133980696,0
M25131_20260322_cell#312,1,1,1,1,0.0378946571162365,0.0403305291808736,1.06428009249867,0,53.3692513669479,0,0.99005589786883,0
M25131_20260322_cell#313,1,0,0,0,0.0346501234602207,0.0345090959414897,0.995929956241196,1,0,0.00103648134445555,0.959541554282899,0
M25131_20260322_cell#314,1,1,1,1,0.0199399633353234,0.0348255886204811,1.74652219940586,0,95.0481087950655,0,0.95400872341594,0
M25131_20260322_cell#315,1,0,1,0,0.0119680270529436,0.0124361538378813,1.03911478331949,1,0,0,0.905191828064719,0
M25131_20260322_cell#316,1,1,1,1,0.0255898915739807,0.0288698151947515,1.12817262672991,0.0117519741639203,42.3449365162125,0,0.977373928640894,0
M25131_20260322_cell#317,1,1,1,1,0.0773071311813133,0.0833712652235155,1.0784421042346,0,208.101587412519,0,0.980079609167903,0
M25131_20260322_cell#318,0,0,0,0,0.0411783546254193,0.0397444156990443,0.965177362247257,1,0,0.999918610263705,0.968833193665999,0
M25131_20260322_cell#319,0,0,0,0,0.0175005552948151,0.0137390725411208,0.785064948492877,1,0,1,0.954904023819454,0
M25131_20260322_cell#320,0,0,0,0,0.0118050992447625,0.0108841967598228,0.921991127236961,1,0,0.504760694178915,0.958807234254522,0
M25131_20260322_cell#321,0,0,1,0,0.011185178314516,0.0114536746711895,1.02400465590477,1,0,0.978212073212376,0.927237932879868,0
M25131_20260322_cell#322,1,1,1,1,0.021464644368714,0.0318880593446298,1.48560855688383,0,73.3119739273068,0,0.922809790264267,0
M25131_20260322_cell#323,1,1,1,1,0.0116566772769821,0.0267175883169316,2.2920415211022,0,78.1312474185729,0,1.02798886473775,1
M25131_20260322_cell#324,1,1,1,1,0.0712784676916822,0.0777817666530093,1.09123791759185,0,52.4208968092808,0,1.0145286558803,0
M25131_20260322_cell#325,1,0,0,0,0.0173552079902824,0.0160488197328367,0.924726441873981,1,0,0,1.01937812179086,1
M25131_20260322_cell#326,1,0,0,0,0.0240488587092706,0.022512272377045,0.936105644313458,1,0,4.76533176252403e-08,0.883355197676528,0
M25131_20260322_cell#327,1,1,1,1,0.0307812239608335,0.0324368183283019,1.05378585236165,0.0137363821914043,22.3731622831418,0,0.952445452443379,0
M25131_20260322_cell#328,0,0,0,0,0.0144694577056518,0.0130098398331519,0.899124217217224,1,0,1,0.80740147669712,0
M25131_20260322_cell#329,1,1,1,1,0.0739209481757159,0.0789924038922911,1.06860647545429,0,67.118374301513,0,0.975828056059853,0
M25131_20260322_cell#330,1,1,1,1,0.0240981637419142,0.0332914306760504,1.3814924254227,0,62.7360431668246,0,0.979172895465895,0
M25131_20260322_cell#331,0,0,0,0,0.0130589777752588,0.0129355868410642,0.990551256283749,1,0,1,0.981295955525044,0
M25131_20260322_cell#332,1,0,0,0,0.0262255994425935,0.0256704702303843,0.978832544383806,1,0,0,0.954298591512367,0
M25131_20260322_cell#333,1,0,1,0,0.0110593836449425,0.0112399506145836,1.01632703733211,1,0,0,1.03593332344353,1
M25131_20260322_cell#334,1,1,1,1,0.016189857749487,0.0191473421763077,1.18267513356715,0,33.3152470369534,0,1.02060787260958,1
M25131_20260322_cell#335,0,0,0,0,0.0366190676523274,0.0320467161356943,0.875137413108263,1,0,1,0.937680584025595,0
M25131_20260322_cell#336,1,0,0,0,0.0531600987154876,0.0514547089906573,0.967919741196163,1,0,0,0.988146178110571,0
M25131_20260322_cell#337,1,0,0,0,0.0388270710586246,0.0366251542194751,0.943289133609258,1,0,0,0.991081951041524,0
M25131_20260322_cell#338,1,0,1,0,0.00409342237586509,0.00487067218055966,1.18987774368882,1,0,0.00091358880480974,0.824048213034087,0
M25131_20260322_cell#339,1,0,0,0,0.00541511564191115,0.00482568392333351,0.89115066832264,1,0,0,0.893104160917511,0
M25131_20260322_cell#340,0,0,0,0,0.00866348250391138,0.00845956030323814,0.976461867317078,1,0,1,0.991701201260671,0
M25131_20260322_cell#341,0,0,0,0,0.0068031081708346,0.00257822737711864,0.378977860174513,1,0,0,1,0
M25131_20260322_cell#342,1,0,0,0,0.0335926826406468,0.0326071664168901,0.970662770987983,1,0,0,0.946979315769649,0
M25131_20260322_cell#343,1,1,1,1,0.105842254447044,0.114531345827724,1.08209473074883,0,132.883332568903,0,1.01211343370512,0
M25131_20260322_cell#344,1,1,1,1,0.0650495437091625,0.0712692928346448,1.09561556885458,0,265.893472779562,0,1.01331930913718,0
M25131_20260322_cell#345,1,1,1,1,0.0125762744285695,0.02634793628837,2.09505099765598,0,91.8289810628598,0,0.986075076244715,0
M25131_20260322_cell#346,1,1,1,1,0.0392568640730119,0.0526437843959421,1.3410083978698,0,78.1299177882854,0,1.10612059879938,1
M25131_20260322_cell#347,1,1,1,1,0.0184270278210006,0.025624318458322,1.39058337064639,0,71.0292556309388,0,0.921559554846831,0
M25131_20260322_cell#348,1,1,1,1,0.0776168977022363,0.091615901719787,1.18036026215909,0,199.098677726874,0,0.999432032031739,0
M25131_20260322_cell#349,0,0,0,0,0.0570365575429492,0.052158687460885,0.914478182201107,1,0,1,0.983134022335249,0
M25131_20260322_cell#350,1,1,1,1,0.0363203103312594,0.0393341484351365,1.08297941499919,0,48.9552665695515,0,1.00526326560905,0
M25131_20260322_cell#351,1,1,1,1,0.074339589107588,0.105028303308085,1.41281791531135,0,212.626119991582,0,0.986155440361905,0
M25131_20260322_cell#352,1,0,0,0,0.0639648483988041,0.0625002850800542,0.977103622451838,1,0,0,0.980474701515932,0
M25131_20260322_cell#353,1,1,1,1,0.134282495927654,0.144100169090592,1.07311208430492,0,212.812720782744,0,1.01813096034818,1
M25131_20260322_cell#354,1,1,1,1,0.0581438976656214,0.0601943953849322,1.03526591442326,0,36.4078577369139,0,0.992943160002236,0
M25131_20260322_cell#355,1,0,0,0,0.016792191662286,0.0157759549342507,0.939481590701604,1,0,0,0.934362669491918,0
M25131_20260322_cell#356,0,0,0,0,4.24257941860893e-07,4.24257941860893e-07,1,1,NaN,1,0.000147843236623278,0
M25131_20260322_cell#357,0,0,0,0,0.0119835509258037,0.0102979787944048,0.859342849057417,1,0,1,1.07233538313236,1
M25131_20260322_cell#358,1,0,0,0,0.0171444192246096,0.0165210430566023,0.963639703401996,1,0,0,0.981497481009009,0
M25131_20260322_cell#359,1,1,1,1,0.0273570160900126,0.0320227315276095,1.17054913526553,0,46.3827295464712,0,1.10645211231225,1
M25131_20260322_cell#360,0,0,0,0,0.0256663798998986,0.0225460013856567,0.878425452813694,1,0,1,0.915537392208827,0
M25131_20260322_cell#361,0,0,0,0,0.0199916653377244,0.0176637656490797,0.883556489701139,1,0,1,0.826057901920265,0
M25131_20260322_cell#362,0,0,0,0,0.00696877768826838,0.00565693219813664,0.811753861464089,1,0,1,0.969719265566024,0
M25131_20260322_cell#363,1,1,1,1,0.00964740387529743,0.0117521753214429,1.2181697245551,5.39527458309763e-06,30.0271668857176,0,1.04044706539399,1
M25131_20260322_cell#364,0,0,0,0,0.0539036376816157,0.049534768745651,0.918950387694248,1,0,0.98896337709736,0.953255733519284,0
M25131_20260322_cell#365,1,0,0,0,0.036488394174892,0.0365150908232075,1.00073164766275,1,0,0,0.994746946043719,0
M25131_20260322_cell#366,0,0,0,0,0.000244175403287516,0.000244175403287516,1,1,NaN,1,1,0
M25131_20260322_cell#367,1,0,0,0,0.0136815916252141,0.0124518186936998,0.910114775736478,1,0,0,1.08019268620224,1
M25131_20260322_cell#368,1,0,0,0,0.0238322868751601,0.0231570257758727,0.971666122398382,1,0,0,0.936811265334687,0
M25131_20260322_cell#369,1,1,1,1,0.0257079300987804,0.0270266231299019,1.05129518502869,0,47.6233506745397,0,0.944928568227734,0
M25131_20260322_cell#370,1,1,1,1,0.0292238569065629,0.032743774955207,1.12044673158298,0,151.894991197702,0,0.919724584145916,0
M25131_20260322_cell#371,1,0,1,0,0.021793077251647,0.0222011653631472,1.01872558458762,0.618001129568014,0,0,0.950481040685181,0
M25131_20260322_cell#372,0,0,0,0,0.0106279684992216,0.0105412726688349,0.991842671495203,0.986641087309847,0,1,0.857769473332881,0
M25131_20260322_cell#373,1,1,1,1,0.00996844625417414,0.015191796421922,1.52398839644249,0,52.5792799360866,0,0.78490729203401,0
M25131_20260322_cell#374,1,1,1,1,0.150526183245251,0.181977951108581,1.20894549496473,0,49.1584416063591,0,0.983519164558593,0
M25131_20260322_cell#375,1,1,1,1,0.00724634022903204,0.0112305858219472,1.54982866757381,0,42.8666608153252,0,1.0575599427759,1
M25131_20260322_cell#376,1,0,0,0,0.00496685672704889,0.0047057413170492,0.947428439282798,1,0,0,0.780112551585619,0
M25131_20260322_cell#377,1,1,1,1,0.0227685016698989,0.0246219262137701,1.08140300889107,0,25.1628816552577,0,0.978026367005825,0
M25131_20260322_cell#378,1,1,1,1,0.0254106013185982,0.0266390154805746,1.04834258530817,0,63.6935802176737,0,0.957274697464409,0
M25131_20260322_cell#379,1,0,0,0,0.0125161792367145,0.0121191493400905,0.968278666427262,1,0,5.44753131492826e-12,0.940027590306922,0
M25131_20260322_cell#380,1,1,1,1,0.0587172484860054,0.065516876211114,1.11580290119911,0,94.5605768622434,0,0.988086060724524,0
M25131_20260322_cell#381,1,1,1,1,0.0666998640902573,0.0760311740679447,1.13989998487944,0,73.9026881001083,0,1.00313661850162,0
M25131_20260322_cell#382,1,1,1,1,0.121108719625746,0.13358874163298,1.10304808807987,0,93.1803208283459,0,0.985201092789874,0
M25131_20260322_cell#383,1,1,1,1,0.0136081599088502,0.0150273072719943,1.1042864996186,1.0368221836643e-09,35.4895337157653,0,0.907418759933093,0
M25131_20260322_cell#384,1,1,1,1,0.0147843575478514,0.0164182293648302,1.11051354864022,0,21.1067824164294,0,0.963673736751572,0
M25131_20260322_cell#385,0,0,0,0,0.0193201658097255,0.018184400981667,0.941213505140481,1,0,1,0.923743916861738,0
M25131_20260322_cell#386,1,1,1,1,0.0458147746808101,0.0589533837228569,1.2867766813999,0,133.480992634395,0,0.986793942805804,0
M25131_20260322_cell#387,1,1,1,1,0.0200578461932543,0.0209346386547544,1.04371319099032,0,27.1832296514249,0,0.940189543679618,0
M25131_20260322_cell#388,1,0,0,0,0.00370265400080931,0.00326745958776753,0.882464196506977,1,0,0,0.868983913766662,0
M25131_20260322_cell#389,1,0,0,0,0.0149812067001556,0.0123381710973917,0.823576587943579,1,0,0,0.879509695380822,0
M25131_20260322_cell#390,1,1,1,1,0.0381362751728093,0.039715186656457,1.04140182743315,0,27.2197611726219,0,0.956305671087219,0
M25131_20260322_cell#391,1,1,1,1,0.178054110012974,0.187586499946391,1.05353647794326,0,97.4099563834647,0,0.99555105317236,0
M25131_20260322_cell#392,1,1,1,1,0.0183960412162854,0.0228832215540868,1.24392097653212,0,28.7611696929417,0,0.977933649060538,0
M25131_20260322_cell#393,1,1,1,1,0.0351303084943956,0.0362225439147231,1.03109097150404,0.0142531496250617,19.2733328954015,0,0.85560470527476,0
M25131_20260322_cell#394,1,1,1,1,0.0113334084210191,0.0152641001804346,1.34682344563932,0,23.6848636588894,0,0.703990688408959,0
M25131_20260322_cell#395,1,0,0,0,0.0326532775575538,0.0319967973771027,0.979895427670499,1,0,0,0.967025019301959,0
M25131_20260322_cell#396,1,0,0,0,0.0116474028421977,0.0108948683852313,0.935390364086998,1,0,0,0.936439520707494,0
M25131_20260322_cell#397,0,0,0,0,0.0239157095810473,0.0214364859798182,0.896334934456894,1,0,1,0.933611003933954,0
M25131_20260322_cell#398,1,1,1,1,0.0153600060915929,0.0192431557102517,1.25280911970368,0,43.208844444697,0,1.05143494238673,1
M25131_20260322_cell#399,1,1,1,1,0.0315365342156906,0.0377016050546661,1.19548980229756,0,34.0693897184885,0,0.961007231750316,0
M25131_20260322_cell#400,1,1,1,1,0.0881968956842976,0.105521561907365,1.19643170078323,0,33.268866714241,0,1.03050849788686,1
M25131_20260322_cell#401,0,0,0,0,-4.00672619791504e-08,-4.00672619791504e-08,1,1,NaN,1,-4.83238427052404e-06,0
M25131_20260322_cell#402,1,1,1,1,0.0149116835631576,0.0180031299411095,1.20731705879207,0,32.0292728454772,0,0.876793892866015,0
M25131_20260322_cell#403,0,0,0,0,0.0159988106204931,0.0105843650675464,0.661571995482514,1,0,1,0.889455900881319,0
M25131_20260322_cell#404,1,1,1,1,0.0328293825741046,0.0335898789723443,1.02316511425468,0,52.4350737846654,0,0.969869714286661,0
M25131_20260322_cell#405,1,1,1,1,0.0130101144168596,0.0144916510093369,1.1138757542791,3.03090885722668e-14,16.0914433994816,0,0.946232688922008,0
M25131_20260322_cell#406,1,1,1,1,0.0391009507238778,0.0592647459897041,1.51568554964862,0,111.415994599795,0,1.02967687935255,1
M25131_20260322_cell#407,1,1,1,1,0.0371755953443163,0.0419733776445928,1.12905730912551,0,30.3219750776083,0,0.967203232921208,0
M25131_20260322_cell#408,1,1,1,1,0.0333619726360663,0.0454285122530381,1.36168543594833,0,115.591881415757,0,0.920758368115939,0
M25131_20260322_cell#409,1,1,1,1,0.0261372351082981,0.0303824579615646,1.1624205022328,0,44.9766657926331,0,0.975147345012375,0
M25131_20260322_cell#410,1,0,0,0,0.0163543796108854,0.0163639365930184,1.00058436836862,0.252032188390281,0,0,0.929316367543414,0
M25131_20260322_cell#411,1,1,1,1,0.0646183193285971,0.0845058498919801,1.30776923278136,0,103.119649773367,0,0.998457323763302,0
M25131_20260322_cell#412,1,1,1,1,0.0208170443895698,0.0274480741577193,1.31853848433315,0,158.277002252202,0,0.890201473425738,0
M25131_20260322_cell#413,1,0,1,0,0.0154775539090284,0.0170905791785061,1.10421706678966,1,0,0,0.93232367735786,0
M25131_20260322_cell#414,1,1,1,1,0.0085440050626288,0.0110442297693475,1.29262912280502,0,65.4472835886833,0,0.988607191258736,0
M25131_20260322_cell#415,1,1,1,1,0.0269674043470872,0.0289555660905427,1.07372462391511,0,24.3683359276719,0,1.13725376352269,1
M25131_20260322_cell#416,1,1,1,1,0.0265598228585091,0.0292922253518547,1.10287728603846,0.0402423393444401,38.9223516683714,0,0.976015893098886,0
M25131_20260322_cell#417,1,0,0,0,0.0110935241378806,0.0112459542180429,1.01374045598746,0.0578528901661441,0,0,0.978115090255532,0
M25131_20260322_cell#418,1,0,1,0,0.0170283865398067,0.0177040522845823,1.0396787883101,1,0,0,0.972970183644469,0
M25131_20260322_cell#419,1,1,1,1,0.00681753934185855,0.010745343577019,1.57613224335126,0,17.4953165016439,0,0.823454963269711,0
M25131_20260322_cell#420,1,1,1,1,0.0093647451164533,0.0116717768003194,1.24635285372719,0,16.4621800764111,0,0.959263845157359,0
M25131_20260322_cell#421,0,0,0,0,0.0147185937639545,0.0135227805117225,0.918754925136903,1,0,1,0.921648197531268,0
M25131_20260322_cell#422,0,1,1,0,0.00147998374769361,0.0060289755876894,4.07367688806374,0,28.5918230766538,0,NaN,0
M25131_20260322_cell#423,1,1,1,1,0.0285383412999186,0.0336226209140889,1.1781561009709,0,53.8754837260593,0,0.935318677032769,0
M25131_20260322_cell#424,1,0,0,0,0.0156285653924562,0.0149052506239831,0.953718415586491,1,0,0,0.97939588182687,0
M25131_20260322_cell#425,1,1,1,1,0.114674683329646,0.119482134053291,1.04192251143895,0,75.4759296343144,0,0.981407712803201,0
M25131_20260322_cell#426,0,0,0,0,0.00672279224629815,0.00575067424122271,0.855399665873844,1,0,1,0.832544274368206,0
M25131_20260322_cell#427,1,0,0,0,0.0136896262684932,0.012766790858048,0.932588706780907,1,0,0,0.955410935622321,0
M25131_20260322_cell#428,1,1,1,1,0.0617247650519826,0.0675112530283313,1.09374661809528,0,95.8899786530031,0,0.896117738752948,0
M25131_20260322_cell#429,1,0,0,0,0.0142417041714847,0.0137454017778474,0.965151474313659,1,0,0,0.91626591317839,0
M25131_20260322_cell#430,1,1,1,1,0.0340593026055367,0.0374094797076546,1.09836305637019,0,52.8888657272524,0,0.965349032348627,0
M25131_20260322_cell#431,0,0,0,0,0.00177862432527085,0.00152492722213608,0.857363300653087,1,0,1,0.889901790015508,0
M25131_20260322_cell#432,0,0,0,0,0.00176557498588513,0.00143176868335462,0.810936207638232,0.999999999982463,NaN,1,0.901294866449132,0
M25131_20260322_cell#433,1,1,1,1,0.0133280389374846,0.0149221037586462,1.11960235325231,0,39.5975680999637,1.07025499573865e-13,1.00230799660971,0
M25131_20260322_cell#434,1,0,0,0,0.0260927495275139,0.0260319662865741,0.997670493066448,1,0,0,0.913553466943963,0
M25131_20260322_cell#435,1,1,1,1,0.023290254641646,0.0255003093370515,1.09489182189763,0,23.160719374847,0,0.908874123878237,0
M25131_20260322_cell#436,1,1,1,1,0.141606362722286,0.148550627081421,1.04903921141421,0,386.351753233076,0,1.0031420598241,0
M25131_20260322_cell#437,1,1,1,1,0.0139869388211229,0.0148272690756191,1.06007964038758,4.50874993598305e-05,29.8327084636506,0,0.974889056666745,0
M25131_20260322_cell#438,1,1,1,1,0.036296542793404,0.0511411300133878,1.40898074795932,0,150.866772185914,0,0.998091349197324,0
M25131_20260322_cell#439,1,0,0,0,0.0255173371716118,0.0224913872390546,0.88141592078332,1,0,0,1.00407494025573,0
M25131_20260322_cell#440,1,0,0,0,0.00908333201321871,0.00890289005815627,0.980134827748248,1,0,0.0499560547709188,0.97763000498639,0
M25131_20260322_cell#441,1,0,0,0,0.0281832449622515,0.0282665888501708,1.00295721404795,0.999995187494089,0,0,1.00653692711439,0
M25131_20260322_cell#442,1,1,1,1,0.0133159470628645,0.0170026459837933,1.27686344076947,0,82.499104663346,0,0.943540389363207,0
M25131_20260322_cell#443,1,0,0,0,0.0138945972790587,0.0139495831021418,1.0039573527738,1,0,0,0.973887718393125,0
M25131_20260322_cell#444,0,0,0,0,0.0116981790256865,0.0112122291247008,0.958459355091193,1,0,0.866477550202877,0.959322056139682,0
M25131_20260322_cell#445,1,1,1,1,0.0211489465069541,0.0252566549477982,1.1942275677653,0,24.7397527791101,0,0.945151054356289,0
M25131_20260322_cell#446,1,1,1,1,0.0226609793118398,0.0417506505994102,1.84240274989336,0,80.5970003160389,0,0.969150532720987,0
M25131_20260322_cell#447,1,0,0,0,0.0177412504921608,0.0160633397472938,0.905423197445499,1,0,0,0.991922157263628,0
M25131_20260322_cell#448,0,0,0,0,0.00630981992230562,0.00423101145347749,0.67054393082132,1,0,1,0.989450270232395,0
M25131_20260322_cell#449,1,1,1,1,0.0128134916735349,0.0154461300507076,1.20545831255427,0,31.527451539582,0,0.958127452225125,0
M25131_20260322_cell#450,1,1,1,1,0.027786281670643,0.0318438489213151,1.14602771607829,0,47.1421323306962,0,0.938123545322682,0
M25131_20260322_cell#451,1,1,1,1,0.0802047730292296,0.0898203628947022,1.11988800045564,0,134.224209513546,0,0.981070534886942,0
M25131_20260322_cell#452,0,0,0,0,0.0445913211272785,0.0413485436320122,0.92727783314582,1,0,1,0.976330940422647,0
M25131_20260322_cell#453,1,0,0,0,0.0213134200656602,0.0214766333139316,1.00765776903794,0.844446970074297,0,0,0.992507671539922,0
M25131_20260322_cell#454,1,1,1,1,0.0174390635023949,0.0192436705768169,1.10348073302068,0,28.6800601368169,0,1.05844742335669,1
M25131_20260322_cell#455,1,0,0,0,0.0244994973117329,0.0238396298424417,0.973066081279342,1,0,0.00102664481957027,0.953762209864302,0
M25131_20260322_cell#456,1,0,0,0,0.00725055637185065,0.00691818025590286,0.954158536407193,1,0,0,0.870614710501734,0
M25131_20260322_cell#457,1,1,1,1,0.0181660511928045,0.0205138001866273,1.12923826806966,0,22.5506645156485,0,0.972088186202187,0
M25131_20260322_cell#458,1,1,1,1,0.00290084172499411,0.00519964904906949,1.79246216857283,0,24.2380419263951,0,0.948256917342876,0
M25131_20260322_cell#459,1,1,1,1,0.0186550330799404,0.0219442324850137,1.17631699665063,0.000242513224365748,35.142172309282,0,0.914395574772179,0
M25131_20260322_cell#460,1,1,1,1,0.00875982101375896,0.0131511596839754,1.50130461151192,0,109.89528820379,0,1.04395465402922,1
M25131_20260322_cell#461,1,0,1,0,0.00685509123751425,0.00742694397386862,1.08342014957072,1,0,1.13147269331648e-11,0.880848062647827,0
M25131_20260322_cell#462,1,1,1,1,0.0155804110096602,0.0173345508668968,1.11258623768968,1.11022302462516e-16,16.0695952626448,0,1.03542611352114,1
M25131_20260322_cell#463,1,0,0,0,0.0155105625290174,0.0152616423692932,0.983951571114298,1,0,0,0.935492615825733,0
M25131_20260322_cell#464,1,1,1,1,0.0173221196836488,0.0244962198115892,1.41415832813535,0,59.2306736849177,0,0.991949421024212,0
M25131_20260322_cell#465,1,1,1,1,0.0588611405555249,0.0690541095722577,1.17316975037406,0,128.761430980291,0,1.02751891884036,1
M25131_20260322_cell#466,1,1,1,1,0.0233064312092292,0.0310204600728803,1.3309828430788,0,102.332865887869,0,0.956879705713669,0
M25131_20260322_cell#467,1,1,1,1,0.0293834548964747,0.0319098116453734,1.08597888702331,0,91.9993737435243,0,0.978927624348808,0
M25131_20260322_cell#468,1,1,1,1,0.0495214885921579,0.0570278214897262,1.15157728717301,0,51.5165966584902,0,0.976395999795659,0
M25131_20260322_cell#469,1,0,0,0,0.0192606763287632,0.0191535391501237,0.994437517311916,1,0,0,0.9637750365393,0
M25131_20260322_cell#470,1,0,0,0,0.0181329912841504,0.0177889432174052,0.981026403126002,1,0,0,0.993039767529701,0
M25131_20260322_cell#471,0,0,0,0,0.00237709830388098,0.00094914821645362,0.399288584281091,1,0,1,1.03225146429403,0
M25131_20260322_cell#472,1,1,1,1,0.0331255056875116,0.0354735389146356,1.07088293984925,0,40.0253479027345,0,0.97802682488269,0
M25131_20260322_cell#473,0,0,0,0,0.0109184238742363,0.0106492576578157,0.97534752089487,1,0,0.999999999999142,0.985038332224878,0
M25131_20260322_cell#474,1,1,1,1,0.0116955663515509,0.0141943714682368,1.21365404988315,0,88.869993778992,0,1.03766371846229,1
M25131_20260322_cell#475,1,0,1,0,0.0187308204049347,0.0190588658627374,1.01751367269083,0.94163163598459,0,0,0.867909207051817,0
M25131_20260322_cell#476,1,0,1,0,0.0188554420620871,0.0195497537796732,1.03682288197221,0.608809100626612,0,0,0.908333249697406,0
M25131_20260322_cell#477,1,1,1,1,0.0293061574637399,0.0304873734945063,1.04030606988405,0,29.0622368581112,0,0.87216818937517,0
M25131_20260322_cell#478,1,1,1,1,0.0235644697654407,0.02481807852482,1.05319910746381,0,25.1078164797474,0,0.998122071972747,0
M25131_20260322_cell#479,0,0,0,0,0.00111855577591654,0.00112440348803492,1.0052279128536,0.999999999999995,NaN,1,1,0
M25131_20260322_cell#480,0,0,0,0,0.0206946171321005,0.0190043245090644,0.918322111868683,1,0,1,0.901606445482094,0
M25131_20260322_cell#481,1,1,1,1,0.0458506716861988,0.0485224737648245,1.05827181980913,0,124.724586822787,0,0.997268777300896,0
M25131_20260322_cell#482,1,1,1,1,0.0147909849531616,0.0184496379137945,1.24735695237462,4.7819448401043e-10,67.9076226797478,0,0.982232364521831,0
M25131_20260322_cell#483,1,1,1,1,0.0300703414635678,0.0421571438180125,1.40195095120847,0,89.7550606942603,0,0.912624214350526,0
M25131_20260322_cell#484,1,1,1,1,0.0114617172378276,0.0156260332519587,1.36332391802403,0,82.669953290037,0,0.942403602683454,0
M25131_20260322_cell#485,1,1,1,1,0.0315432374626079,0.0382746963229402,1.21340418428235,0,30.1555278056745,0,0.975522449069987,0
M25131_20260322_cell#486,1,1,1,1,0.0271297212930855,0.0335820707168082,1.23783323661962,0,115.943887617396,0,0.995714613162438,0
M25131_20260322_cell#487,1,1,1,1,0.00784878385975591,0.00901276496748443,1.14830082322648,0.000403595532109668,17.4668228390632,0,1.01063826154634,0
M25131_20260322_cell#488,1,0,1,0,0.0300414166032628,0.03071964256048,1.02257636403017,0.999999954435081,0,0,0.967218238783613,0
M25131_20260322_cell#489,1,0,0,0,0.0301655587784418,0.0291204064892109,0.965352795321732,1,0,0,1.02518086814549,1
M25131_20260322_cell#490,1,1,1,1,0.0172167080792951,0.0200325792827059,1.16355456516087,0,29.53742862744,0,1.01496603344814,0
M25131_20260322_cell#491,0,0,0,0,0.00406262943574203,0.00389302034370693,0.958251399809463,1,0,0.658266681630502,1.13398743465155,1
M25131_20260322_cell#492,1,0,1,0,0.00418415903785233,0.00447557344234039,1.06964706691398,0.639283219415741,0,0,0.942020412997724,0
M25131_20260322_cell#493,0,0,0,0,0.0109726712237865,0.00860806247826212,0.78450017344925,1,0,1,0.803672228007805,0
M25131_20260322_cell#494,1,1,1,1,0.0352883857255031,0.0409026694790968,1.15909721111261,0,38.6939910274831,0,0.948956319549328,0
M25131_20260322_cell#495,1,0,0,0,0.0218211383799406,0.0216819308537341,0.993620519526403,1,0,0,0.9982540437929,0
M25131_20260322_cell#496,1,1,1,1,0.00698152079692046,0.00811949595331678,1.16299817611347,2.22044604925031e-16,24.9287800068758,0,1.03826859768346,0
M25131_20260322_cell#497,1,1,1,1,0.0382637563976448,0.0479937456840327,1.25428735185516,0,110.734526997695,0,0.983302293405484,0
M25131_20260322_cell#498,1,1,1,1,0.0785269106309423,0.0854839836842434,1.08859476321433,0,139.984423425939,0,0.971843880285878,0
M25131_20260322_cell#499,1,1,1,1,0.0436423726072133,0.0494450668509498,1.13296010040429,0,66.1743845074672,0,0.970817313426815,0
M25131_20260322_cell#500,1,1,1,1,0.0394842348082912,0.0499250900325611,1.26443098808838,0,61.7044938426294,0,0.984588713309418,0
M25131_20260322_cell#501,1,0,0,0,0.0126494366373714,0.0124464670731148,0.983954260567067,1,0,0,1.06430442752649,1
M25131_20260322_cell#502,1,0,0,0,0.0400928959305551,0.0404717277869415,1.00944885241122,0.331553691746799,0,0,0.990150526753854,0
M25131_20260322_cell#503,1,0,0,0,0.00984422326825771,0.00951520360084884,0.966577386712695,1,0,0,0.979685001356826,0
M25131_20260322_cell#504,0,0,0,0,0.00619343926583896,0.00614952382428767,0.992909361072851,1,0,0.999770149985918,0.893456688340045,0
M25131_20260322_cell#505,1,1,1,1,0.00844296716886841,0.0137289625674525,1.62608266653873,0,30.1244015702331,0,0.93021461410327,0
M25131_20260322_cell#506,1,1,1,1,0.0186774805972101,0.0221705136749171,1.18701842893247,0,100.517723191117,0,0.998217438047505,0
M25131_20260322_cell#507,1,0,0,0,0.0188687124913568,0.0175513695697802,0.930183740825981,1,0,0,0.960167078819724,0
M25131_20260322_cell#508,1,1,1,1,0.0413193275402755,0.0433099777415002,1.04817721680694,0,58.9918305388278,0,0.951031962909048,0
M25131_20260322_cell#509,1,1,1,1,0.0156749763846814,0.0290612141598037,1.85398774751612,0,22.5591190236092,0,0.954322206885377,0
M25131_20260322_cell#510,1,1,1,1,0.0448285309536045,0.0498339650380281,1.11165733023025,0,32.5139186265218,0,0.948915422288101,0
M25131_20260322_cell#511,1,1,1,1,0.0231274740590626,0.0292491975830316,1.26469486068109,0,61.1453622120268,0,1.02067209005753,1
M25131_20260322_cell#512,1,1,1,1,0.0434636451728603,0.0550707300075163,1.26705272391428,0,69.9592615757483,0,0.980490867188767,0
M25131_20260322_cell#513,1,1,1,1,0.0332808316575972,0.0473944681848128,1.4240770384713,0,57.6077060855038,0,0.948695956586126,0
M25131_20260322_cell#514,1,1,1,1,0.045303080884211,0.0520022331382483,1.14787409869893,0,27.0484890906563,0,0.995040780140688,0
M25131_20260322_cell#515,1,1,1,1,0.00775755064380716,0.00906289723646965,1.16826787894766,4.74652574911083e-07,36.1676449246253,0,0.995218465850843,0
M25131_20260322_cell#516,1,1,1,1,0.00580137590464413,0.00682616706544282,1.176646226282,0,19.4791904960021,0,1.0136452949644,0
M25131_20260322_cell#517,1,1,1,1,0.157408470072995,0.167297269340185,1.06282253593218,0,107.496949182812,0,0.98525481313511,0
M25131_20260322_cell#518,1,1,1,1,0.0638105146871313,0.0761179012932573,1.19287395919732,0,35.2710251664517,0,0.981182852273719,0
M25131_20260322_cell#519,1,0,0,0,0.0723785039974379,0.0707585118393449,0.977617772285673,1,0,0,1.00656114664191,0
M25131_20260322_cell#520,1,1,1,1,0.0640309964606343,0.076397351664457,1.19313076302702,0,201.374479533857,0,0.986923089844357,0
M25131_20260322_cell#521,1,1,1,1,0.0597352765321789,0.068079365427402,1.13968444409441,0,46.7907431202979,0,0.962741184965846,0
M25131_20260322_cell#522,1,1,1,1,0.0197351063300867,0.0243704134662376,1.23487621797529,0,43.502311841075,0,0.947663261297243,0
M25131_20260322_cell#523,1,0,1,0,0.0216851896253016,0.0220350827572919,1.01613511977695,0.999277114952537,0,0,0.982139998214682,0
M25131_20260322_cell#524,1,1,1,1,0.0301860775401286,0.0364083534739782,1.20613065495436,0,35.9486427932543,0,1.01554121017178,1
M25131_20260322_cell#525,0,0,0,0,0.00913324918829287,0.00839198681715448,0.918839138639889,1,0,0.99999999846437,0.910887184586708,0
M25131_20260322_cell#526,1,1,1,1,0.00883673984404115,0.011264450954565,1.27472927271485,0,22.0979953293648,0,1.02580228237958,0
M25131_20260322_cell#527,1,0,0,0,0.0356642918441907,0.0324070920735251,0.908670560882142,1,0,0,1.00358697913678,0
M25131_20260322_cell#528,1,1,1,1,0.040598230326902,0.0559028151178806,1.37697664818747,0,200.883646534543,0,0.940812962326451,0
M25131_20260322_cell#529,1,1,1,1,0.181407260438147,0.195336878476578,1.07678644175976,0,120.905241366771,0,0.998959069862336,0
M25131_20260322_cell#530,1,1,1,1,0.0533595373318013,0.0645264942624196,1.20927761912889,0,70.1276455583497,0,1.05621821099528,1
M25131_20260322_cell#531,1,0,0,0,0.0131096081983024,0.0131996642245392,1.006869467407,1,0,0,1.05112105786891,1
M25131_20260322_cell#532,1,0,0,0,0.0269781119220621,0.0272496340017573,1.01006453233197,0.999999999732855,0,0,0.977751399066219,0
M25131_20260322_cell#533,1,0,0,0,0.0163209124790003,0.0148026552085818,0.906974731200108,1,0,0.000517166120545864,0.935364428780964,0
M25131_20260322_cell#534,1,1,1,1,0.0867644594566999,0.0930589100999437,1.07254641684692,0,35.1168578145298,0,0.988868581106375,0
M25131_20260322_cell#535,1,1,1,1,0.0354838708829554,0.0526570102486081,1.48397029237027,0,102.326234161349,0,1.01695808815557,1
M25131_20260322_cell#536,0,0,0,0,0.0206231229065983,0.0199216327291963,0.965985259333465,1,0,1,0.974250204040831,0
M25131_20260322_cell#537,1,0,0,0,0.00872114465266829,0.00825426402949038,0.946465671448866,1,0,0,0.958044158067527,0
M25131_20260322_cell#538,1,1,1,1,0.0335158433465207,0.0396773171130156,1.18383764665538,0,46.5249258314061,0,0.97701987210497,0
M25131_20260322_cell#539,1,1,1,1,0.0412725178871762,0.0474337433195596,1.14928154975245,0,45.0441828300181,0,0.990013060557247,0
M25131_20260322_cell#540,1,1,1,1,0.0397380173884537,0.0453746919002064,1.14184589172258,0,71.9385567093258,0,0.993863862001834,0
M25131_20260322_cell#541,1,1,1,1,0.00400997282480764,0.0110793372385409,2.76294571623995,0,37.2857845480406,0,0.792146632946342,0
M25131_20260322_cell#542,1,0,0,0,0.0457508066697409,0.0456157928396569,0.997048930064586,1,0,0,0.967606992192464,0
M25131_20260322_cell#543,1,1,1,1,0.0418190253090713,0.0495735795838959,1.1854312532995,0,106.980353691945,0,0.933354981188659,0
M25131_20260322_cell#544,1,1,1,1,0.0353556480739658,0.0448417730394337,1.26830578654993,0,54.1593306191381,0,0.997674405088636,0
M25131_20260322_cell#545,1,1,1,1,0.069968309397996,0.0748545711378003,1.0698353552036,0,66.8448591247326,0,0.959136930925614,0
M25131_20260322_cell#546,1,1,1,1,0.0283129898160373,0.0317341955976861,1.12083519981033,0,29.5323570905754,0,0.953544182168959,0
M25131_20260322_cell#547,1,1,1,1,0.0355125239561599,0.0448566662066623,1.26312244835196,0,59.6173553258278,0,0.969489569224087,0
M25131_20260322_cell#548,1,1,1,1,0.0239247038164979,0.0260901487706409,1.09051083644554,0,37.7346796714466,0,0.961145029206298,0
M25131_20260322_cell#549,1,1,1,1,0.0166836611929815,0.0270544810159453,1.62161534587663,0,78.0667114448467,0,0.99827673352289,0
M25131_20260322_cell#550,1,0,0,0,0.0302260003481063,0.0298385820811657,0.987182615546922,0.951808345968435,0,0,0.963644196608457,0
M25131_20260322_cell#551,1,1,1,1,0.0338022053116613,0.055018719524928,1.62766656842793,0,99.9967231786158,0,0.986600576589571,0
M25131_20260322_cell#552,1,1,1,1,0.0420153220948849,0.063020128077494,1.49993204705591,0,89.1791359045671,0,0.995655184869131,0
M25131_20260322_cell#553,1,0,0,0,0.0341643304913254,0.0335989593499229,0.983451420435531,1,0,0,0.940534723848799,0
M25131_20260322_cell#554,1,1,1,1,0.0210500080843699,0.0257669730111943,1.22408375844411,0,43.9017371050686,0,0.94262512889195,0
M25131_20260322_cell#555,1,1,1,1,0.063850870872681,0.0710097734097976,1.1121191056484,0,59.8132366361558,0,1.01181115984616,0
M25131_20260322_cell#556,1,0,0,0,0.0430515047515339,0.0433313771935449,1.00650087479233,0.964716376328754,0,0,0.886013771615983,0
M25131_20260322_cell#557,1,1,1,1,0.0146943962216677,0.0171134464896637,1.16462399893838,0,47.9883425511944,0,0.98030230612163,0
M25131_20260322_cell#558,1,0,0,0,0.0313644855483697,0.0317910453545711,1.01360008936042,0.988498186324626,0,0,0.943955517305027,0
M25131_20260322_cell#559,1,1,1,1,0.0416217537889751,0.0490570143730312,1.17863881041037,0,64.8797746669566,0,1.01182586771343,0
M25131_20260322_cell#560,1,1,1,1,0.100856596913134,0.108045265181566,1.07127613352474,0,54.5555727124176,0,1.00185515306566,0
M25131_20260322_cell#561,1,0,0,0,0.041264929546478,0.0402472123673555,0.975336994626969,0.99999271824702,0,0,1.01239002384167,0
M25131_20260322_cell#562,1,1,1,1,0.0543143586361361,0.0568660266105723,1.04697962083158,0,53.5078148309015,0,1.00628735335096,0
M25131_20260322_cell#563,1,1,1,1,0.0495222360621667,0.0563048348183541,1.13696067252846,0,121.217977080891,0,0.955151061685097,0
M25131_20260322_cell#564,1,1,1,1,0.0201753260117457,0.0227505986282138,1.12764465937099,0.00834519664485189,32.8715342638425,0,0.890837818767337,0
M25131_20260322_cell#565,1,1,1,1,0.0663781119375731,0.0868657001877897,1.308649758967,0,149.925104408703,0,0.987634740533358,0
M25131_20260322_cell#566,1,1,1,1,0.0205705354952651,0.0277756593717147,1.35026428349948,0,84.9354335053494,0,0.929547134711736,0
M25131_20260322_cell#567,1,1,1,1,0.0837953261543461,0.0920494429102788,1.0985033072218,0,111.540491862106,0,0.981630642686824,0
M25131_20260322_cell#568,1,1,1,1,0.141859209129623,0.157098569253574,1.10742594870966,0,129.418164764846,0,0.98030778835483,0
M25131_20260322_cell#569,1,1,1,1,0.0463444148768372,0.0506801573499448,1.09355480017668,0,88.142487566639,0,0.973663112100885,0
M25131_20260322_cell#570,1,1,1,1,0.0563388103991959,0.0608593642336385,1.08023871648002,0,38.7002275965299,0,0.953610613514159,0
M25131_20260322_cell#571,1,1,1,1,0.0228954076199211,0.0262899652226381,1.14826368934194,6.66133814775094e-16,31.0148093603621,0,0.940376388585243,0
M25131_20260322_cell#572,1,0,0,0,0.0204414577604204,0.0200295505452247,0.979849420720216,1,0,0,0.885171173969217,0
M25131_20260322_cell#573,1,1,1,1,0.0128461038448496,0.01791326647267,1.39445132072881,0,45.7039621287795,0,0.985074906311535,0
M25131_20260322_cell#574,1,1,1,1,0.0357750734805559,0.0519526125350406,1.45220142072601,0,92.9208505202782,0,0.99908638090542,0
M25131_20260322_cell#575,1,1,1,1,0.0612500948076798,0.0638219271392725,1.0419890342973,0,45.0867653256528,0,0.970898910649569,0
M25131_20260322_cell#576,1,0,0,0,0.0177551024064735,0.0172210007832866,0.969918414945771,1,0,0,0.955747230321449,0
M25131_20260322_cell#577,1,1,1,1,0.0780048463954885,0.117278049509089,1.50347132169819,0,316.793675044221,0,0.96148104225765,0
M25131_20260322_cell#578,1,0,0,0,0.0275678765088639,0.0210900916217843,0.765024161908268,1,0,0,1.02095046160011,1
M25131_20260322_cell#579,1,1,1,1,0.0339875332361217,0.0356313481508984,1.04836523154995,2.99760216648792e-15,61.0655710372726,0,0.98619831433639,0
M25131_20260322_cell#580,1,1,1,1,0.0188639119211587,0.0201359270349838,1.06743114149077,0,32.3434723668702,0,0.900869000455571,0
M25131_20260322_cell#581,1,1,1,1,0.0304464119383794,0.0327445649195231,1.07548189868136,0,17.83057904844,0,0.923377300226443,0
M25131_20260322_cell#582,1,0,0,0,0.0167068956876145,0.0163237033653859,0.977063822663792,1,0,0,1.01533530614301,0
M25131_20260322_cell#583,1,1,1,1,0.069972912824022,0.0872109058470616,1.24635237161546,0,90.45024278768,0,0.975813578765846,0
M25131_20260322_cell#584,1,0,0,0,0.0181641512499094,0.0182674783811613,1.00568851964676,0.952027344518459,0,0,0.985862244023669,0
M25131_20260322_cell#585,1,1,1,1,0.0431466560756265,0.0459715764802307,1.06547252235846,0,21.2920629003416,0,0.961812905324252,0
M25131_20260322_cell#586,1,1,1,1,0.0732582312899134,0.0812486224438604,1.10907158162645,0,44.4106178584753,0,0.942581481723769,0
M25131_20260322_cell#587,0,0,0,0,0.00672436076343258,0.00653909084303372,0.972447950531392,1,0,0.485835249409116,0.881345988171287,0
M25131_20260322_cell#588,1,1,1,1,0.0324605221741102,0.0408194760938522,1.25751138182272,0,50.4048687933927,0,0.969491973392792,0
M25131_20260322_cell#589,1,1,1,1,0.0257577951691485,0.030933048927831,1.20091990501117,0,37.8253373705137,0,0.958146199349233,0
M25131_20260322_cell#590,1,0,0,0,0.0453711396104151,0.0436065799669772,0.961108324397634,1,0,0,0.995443597149738,0
M25131_20260322_cell#591,1,1,1,1,0.00820692016109753,0.00971851479490802,1.18418537089903,7.41389737490827e-07,39.352616749661,0,0.944714098130988,0
M25131_20260322_cell#592,1,0,0,0,0.0214444165333608,0.0205215114309782,0.956962918485245,1,0,0,0.966403530004454,0
M25131_20260322_cell#593,1,0,1,0,0.00964907573630204,0.00994191551659643,1.03034899800741,1,0,0,0.950053809860852,0
M25131_20260322_cell#594,1,1,1,1,0.0258199818836221,0.0298480788851011,1.15600696466926,0,27.8872888990244,0,0.964158609048888,0
M25131_20260322_cell#595,1,1,1,1,0.033955394080342,0.0380549088706612,1.12073235788751,0,34.9823060252576,0,0.921926446495903,0
M25131_20260322_cell#596,1,1,1,1,0.0482738060358542,0.0730415809093103,1.5130686164472,0,116.564554225419,0,1.01399076771992,0
M25131_20260322_cell#597,1,1,1,1,0.0192536612782981,0.0213830174984713,1.1105948728086,0,69.7550557875698,0,0.950527469938214,0
M25131_20260322_cell#598,1,0,0,0,0.0147033021690185,0.0137558654899781,0.935563000192104,1,0,0,0.965759106311671,0
M25131_20260322_cell#599,1,0,1,0,0.0167490752703872,0.0171812705651921,1.02580412875504,0.908197025298855,0,0,0.947088918013574,0
M25131_20260322_cell#600,1,1,1,1,0.0478726423481191,0.0571783185754952,1.19438401080323,0,59.6671466811219,0,1.04991587796109,1
M25131_20260322_cell#601,0,0,0,0,0.0278298313444741,0.0256236135575765,0.920724715878106,1,0,1,0.952582990328825,0
M25131_20260322_cell#602,1,0,0,0,0.0163046010178939,0.0162194438681617,0.994777109256542,1,0,0,0.89645318699475,0
M25131_20260322_cell#603,1,1,1,1,0.0154545028885061,0.0196964371308477,1.27447885402361,0,33.8247173646474,0,0.996131383549117,0
M25131_20260322_cell#604,1,1,1,1,0.0435874194235325,0.0506671309134723,1.162425571038,0,100.852593409541,0,0.808098565871059,0
M25131_20260322_cell#605,1,1,1,1,0.0270432997831327,0.0330491410774282,1.22208241384957,0,35.0336089539054,0,0.96500922671715,0
M25131_20260322_cell#606,1,1,1,1,0.0450692685385635,0.0527930957982326,1.17137680530715,0,50.852826923454,0,0.935505120970421,0
M25131_20260322_cell#607,1,0,0,0,0.0382275089929989,0.0384830392276229,1.00668445947317,0.999992693489681,0,0,0.967196243653169,0
M25131_20260322_cell#608,1,0,0,0,0.0251215444511893,0.0248916774640687,0.990849806723975,1,0,0,0.970020188629413,0
